date,Open,High,Low,Close,Volume,next_day_close,target,ticker,daily_return,3_day_return,7_day_return,5_day_moving_average,10_day_moving_average,volume_change_percent,volatility,average_sentiment,weighted_sentiment,positive_ratio,negative_ratio,sentiment_momentum,post_count,avg_score,avg_num_comments
2020-01-02,74.05999755859375,75.1500015258789,73.79750061035156,75.0875015258789,135480400,74.35749816894531,0,AAPL,-0.00972203551987938,-0.006525691410848911,0.055302097599551514,74.95800018310547,76.50249938964843,0.08002928836938783,0.012432274138105036,0.0,0.0,0.0,0.0,0.0,0.0,0.0,0.0
2020-01-03,74.2874984741211,75.1449966430664,74.125,74.35749816894531,146322800,74.94999694824219,1,AAPL,-0.00972203551987938,-0.006525691410848911,0.055302097599551514,74.95800018310547,76.50249938964843,0.08002928836938783,0.012432274138105036,0.0,0.0,0.0,0.0,0.0,0.0,0.0,0.0
2020-01-06,73.44750213623047,74.98999786376953,73.1875,74.94999694824219,118387200,74.59750366210938,0,AAPL,0.007968245219206693,-0.006525691410848911,0.055302097599551514,74.95800018310547,76.50249938964843,-0.19091761502650306,0.012432274138105036,0.0,0.0,0.0,0.0,0.0,0.0,0.0,0.0
2020-01-07,74.95999908447266,75.2249984741211,74.37000274658203,74.59750366210938,108872000,75.79750061035156,1,AAPL,-0.0047030460371630944,-0.006525691410848911,0.055302097599551514,74.95800018310547,76.50249938964843,-0.08037355389771872,0.012432274138105036,0.0,0.0,0.0,0.0,0.0,0.0,0.0,0.0
2020-01-08,74.29000091552734,76.11000061035156,74.29000091552734,75.79750061035156,132079200,77.40750122070312,1,AAPL,0.016086288271489613,0.01936593453069735,0.055302097599551514,74.95800018310547,76.50249938964843,0.21316040855316332,0.012432274138105036,0.0,0.0,0.0,0.0,0.0,0.0,0.0,0.0
2020-01-09,76.80999755859375,77.60749816894531,76.55000305175781,77.40750122070312,170108400,77.5824966430664,1,AAPL,0.021240813976545425,0.03278858402299867,0.055302097599551514,75.42200012207032,76.50249938964843,0.2879272436538076,0.012432274138105036,0.0,0.0,0.0,0.0,0.0,0.0,0.0,0.0
2020-01-10,77.6500015258789,78.1675033569336,77.0625,77.5824966430664,140644800,79.23999786376953,1,AAPL,0.0022607036734636488,0.04001464974588975,0.055302097599551514,76.06699981689454,76.50249938964843,-0.17320485055411727,0.012432274138105036,0.0,0.0,0.0,0.0,0.0,0.0,0.0,0.0
2020-01-13,77.91000366210938,79.26750183105469,77.7874984741211,79.23999786376953,121532000,78.16999816894531,0,AAPL,0.02136437073337283,0.045417028605133636,0.055302097599551514,76.925,76.50249938964843,-0.1358941105536785,0.012432274138105036,0.0,0.0,0.0,0.0,0.0,0.0,0.0,0.0
2020-01-14,79.17500305175781,79.39250183105469,78.0425033569336,78.16999816894531,161954400,77.83499908447266,0,AAPL,-0.013503277683875936,0.009850427106129711,0.05127256959799453,77.63949890136719,76.50249938964843,0.3326070499950631,0.013366755661136211,0.0,0.0,0.0,0.0,0.0,0.0,0.0,0.0
2020-01-15,77.9625015258789,78.875,77.38749694824219,77.83499908447266,121923600,78.80999755859375,1,AAPL,-0.004285519922216707,0.0032546315513399815,0.038492358288189754,78.0469985961914,76.50249938964843,-0.2471732784042916,0.014041586508190219,0.0,0.0,0.0,0.0,0.0,0.0,0.0,0.0
2020-01-16,78.39749908447266,78.92500305175781,78.02249908447266,78.80999755859375,108829200,79.68250274658203,1,AAPL,0.012526478905240834,-0.0054265562439191894,0.056469636243659416,78.32749786376954,76.87474899291992,-0.10739840359044517,0.013453954568744595,0.0,0.0,0.0,0.0,0.0,0.0,0.0,0.0
2020-01-17,79.06749725341797,79.68499755859375,78.75,79.68250274658203,137816400,79.14250183105469,0,AAPL,0.011070996257037002,0.019348914072734313,0.051255016391660524,78.74749908447265,77.4072494506836,0.26635498561047943,0.013077070252885419,0.0,0.0,0.0,0.0,0.0,0.0,0.0,0.0
2020-01-21,79.29750061035156,79.75499725341797,79.0,79.14250183105469,110843200,79.42500305175781,1,AAPL,-0.006776907061324833,0.01679839098042546,0.02241385631871462,78.72799987792969,77.82649993896484,-0.19571836153026778,0.0123445276458256,0.0,0.0,0.0,0.0,0.0,0.0,0.0,0.0
2020-01-22,79.6449966430664,79.99749755859375,79.32749938964844,79.42500305175781,101832400,79.80750274658203,1,AAPL,0.003569526034268966,0.007803648169216304,0.023748996080497742,78.97900085449218,78.30924987792969,-0.08129321419807445,0.012337190963150875,0.0,0.0,0.0,0.0,0.0,0.0,0.0,0.0
2020-01-23,79.4800033569336,79.88999938964844,78.9124984741211,79.80750274658203,104472000,79.57749938964844,0,AAPL,0.004815859995308536,0.0015687258267671478,0.007161848789902336,79.37350158691406,78.71025009155274,0.025921023171407098,0.009610629020630075,0.0,0.0,0.0,0.0,0.0,0.0,0.0,0.0
2020-01-24,80.0625,80.8324966430664,79.37999725341797,79.57749938964844,146537600,77.23750305175781,0,AAPL,-0.002881976618964499,0.005496383719614251,0.018005644795604958,79.527001953125,78.92724990844727,0.40264951374530966,0.007544621567566975,0.0,0.0,0.0,0.0,0.0,0.0,0.0,0.0
2020-01-27,77.51499938964844,77.94249725341797,76.22000122070312,77.23750305175781,161940000,79.42250061035156,1,AAPL,-0.029405250929448234,-0.027541704953722213,-0.007676444269837934,79.03800201416016,78.8927505493164,0.10510885943266435,0.014301230750093895,0.0,0.0,0.0,0.0,0.0,0.0,0.0,0.0
2020-01-28,78.1500015258789,79.5999984741211,78.04750061035156,79.42250061035156,162234000,81.08499908447266,1,AAPL,0.02828933448469395,-0.004824134611165487,0.007771895327143286,79.09400177001953,78.9110008239746,0.001815487217488032,0.017639545269883265,0.0,0.0,0.0,0.0,0.0,0.0,0.0,0.0
2020-01-29,81.11250305175781,81.9625015258789,80.34500122070312,81.08499908447266,216229200,80.96749877929688,0,AAPL,0.020932336067801982,0.018943793237869988,0.017601057817561827,79.4260009765625,79.20250091552734,0.3328229594289729,0.018903986394451473,0.0,0.0,0.0,0.0,0.0,0.0,0.0,0.0
2020-01-30,80.13500213623047,81.02249908447266,79.6875,80.96749877929688,126743200,77.37750244140625,0,AAPL,-0.0014491004070108504,0.0482925467572346,0.02305963175308756,79.65800018310547,79.51575088500977,-0.41384789843369907,0.01856545159062083,0.0,0.0,0.0,0.0,0.0,0.0,0.0,0.0
2020-01-31,80.23249816894531,80.66999816894531,77.07250213623047,77.37750244140625,199588400,77.16500091552734,0,AAPL,-0.04433873334381144,-0.025748347801061056,-0.02577904352131144,79.21800079345704,79.37250137329102,0.5747464163757898,0.0258846676467097,0.0,0.0,0.0,0.0,0.0,0.0,0.0,0.0
2020-02-03,76.07499694824219,78.37249755859375,75.55500030517578,77.16500091552734,173788400,79.7125015258789,1,AAPL,-0.0027462960056099384,-0.04834430798798606,-0.03311094496272604,79.20350036621093,79.12075119018554,-0.1292660294886877,0.025639619140974523,0.0,0.0,0.0,0.0,0.0,0.0,0.0,0.0
2020-02-04,78.82749938964844,79.91000366210938,78.40750122070312,79.7125015258789,136616400,80.36250305175781,1,AAPL,0.03301367951955725,-0.015500012626533888,0.0016964862840114225,79.26150054931641,79.17775115966796,-0.21389229660897968,0.02934265889384861,0.0,0.0,0.0,0.0,0.0,0.0,0.0,0.0
2020-02-05,80.87999725341797,81.19000244140625,79.73750305175781,80.36250305175781,118826800,81.30249786376953,1,AAPL,0.008154323518098083,0.0385771124185863,0.04045961969933054,79.11700134277343,79.27150115966796,-0.13021569884728335,0.026204773634733457,0.0,0.0,0.0,0.0,0.0,0.0,0.0,0.0
2020-02-06,80.64250183105469,81.30500030517578,80.06500244140625,81.30249786376953,105425600,80.00749969482422,0,AAPL,0.011696932976394514,0.05361882847343602,0.023670839358751472,79.18400115966797,79.42100067138672,-0.11277927201607718,0.024548479503944107,0.0,0.0,0.0,0.0,0.0,0.0,0.0,0.0
2020-02-07,80.59249877929688,80.8499984741211,79.5,80.00749969482422,117684000,80.38749694824219,1,AAPL,-0.015928147387491265,0.0037007767075223352,-0.013288517010722534,79.71000061035156,79.4640007019043,0.11627536385849346,0.024163579377808362,0.0,0.0,0.0,0.0,0.0,0.0,0.0,0.0
2020-02-10,78.54499816894531,80.38749694824219,78.4625015258789,80.38749694824219,109348800,79.90249633789062,0,AAPL,0.0047495204183034545,0.00031101441014436126,-0.007163390740717701,80.35449981689453,79.77900009155273,-0.07082696033445501,0.024285728896017888,0.0,0.0,0.0,0.0,0.0,0.0,0.0,0.0
2020-02-11,80.9000015258789,80.9749984741211,79.67749786376953,79.90249633789062,94323200,81.80000305175781,1,AAPL,-0.006033284139495332,-0.017219661912783457,0.032632145220717224,80.39249877929687,79.82699966430664,-0.137409829828951,0.015592345841501501,0.0,0.0,0.0,0.0,0.0,0.0,0.0,0.0
2020-02-12,80.36750030517578,81.80500030517578,80.36750030517578,81.80000305175781,113730400,81.21749877929688,0,AAPL,0.023747777614394394,0.022404191654167516,0.06006611911149218,80.67999877929688,79.89850006103515,0.20575213733206676,0.016662185243208713,0.0,0.0,0.0,0.0,0.0,0.0,0.0,0.0
2020-02-13,81.04750061035156,81.55500030517578,80.8375015258789,81.21749877929688,94747600,81.23750305175781,1,AAPL,-0.007121078859769314,0.01032501150756171,0.018880316444834788,80.66299896240234,79.92350006103516,-0.16691051820797254,0.013401595055598093,0.0,0.0,0.0,0.0,0.0,0.0,0.0,0.0
2020-02-14,81.18499755859375,81.49500274658203,80.7125015258789,81.23750305175781,80113600,79.75,0,AAPL,0.0002463049559713326,0.016707947499183584,0.010888162597877837,80.90899963378907,80.30950012207032,-0.1544524610649769,0.013202150737371842,0.0,0.0,0.0,0.0,0.0,0.0,0.0,0.0
2020-02-18,78.83999633789062,79.9375,78.65249633789062,79.75,152531200,80.90499877929688,1,AAPL,-0.018310546187148335,-0.02506116106695866,-0.019095327998051137,80.78150024414063,80.56800003051758,0.9039364102973777,0.014218425823898649,0.0,0.0,0.0,0.0,0.0,0.0,0.0,0.0
2020-02-19,80.0,81.14250183105469,80.0,80.90499877929688,93984000,80.07499694824219,0,AAPL,0.014482743314067292,-0.0038476929811541716,0.011217686940549587,80.98200073242188,80.68724975585937,-0.3838375361893174,0.014135948029520637,0.0,0.0,0.0,0.0,0.0,0.0,0.0,0.0
2020-02-20,80.65750122070312,81.1624984741211,79.55249786376953,80.07499694824219,100566000,78.26249694824219,0,AAPL,-0.010258968463974338,-0.01430996842400456,-0.0038874204554621983,80.63699951171876,80.65849914550782,0.07003319713993861,0.014719001815903503,0.0,0.0,0.0,0.0,0.0,0.0,0.0,0.0
2020-02-21,79.65499877929688,80.11250305175781,77.625,78.26249694824219,129554000,74.54499816894531,0,AAPL,-0.02263503052234317,-0.018652075884110553,-0.020525008163865488,80.0459991455078,80.35449905395508,0.2882485134140764,0.01693646094270014,0.0,0.0,0.0,0.0,0.0,0.0,0.0,0.0
2020-02-24,74.31500244140625,76.04499816894531,72.30750274658203,74.54499816894531,222195200,72.0199966430664,0,AAPL,-0.047500385551912494,-0.07861072500231037,-0.0886919879235456,78.7074981689453,79.8082489013672,0.7150778825817805,0.01951132883241607,0.0,0.0,0.0,0.0,0.0,0.0,0.0,0.0
2020-02-25,75.23750305175781,75.63249969482422,71.53250122070312,72.0199966430664,230673600,73.1624984741211,1,AAPL,-0.033872179058296537,-0.10059320152559315,-0.11324532612391902,77.1614974975586,78.97149887084962,0.038157439944697336,0.020745542278727984,0.0,0.0,0.0,0.0,0.0,0.0,0.0,0.0
2020-02-26,71.63249969482422,74.47000122070312,71.625,73.1624984741211,198054800,68.37999725341797,0,AAPL,0.015863675150069367,-0.06516529210017297,-0.09939996029287101,75.61299743652344,78.29749908447266,-0.14140673228319145,0.02354027756199231,0.0,0.0,0.0,0.0,0.0,0.0,0.0,0.0
2020-02-27,70.2750015258789,71.5,68.23999786376953,68.37999725341797,320605600,68.33999633789062,0,AAPL,-0.06536820530254006,-0.08270173810394732,-0.14257056735526052,73.2739974975586,76.95549850463867,0.618772178205224,0.030473353643145358,0.0,0.0,0.0,0.0,0.0,0.0,0.0,0.0
2020-02-28,64.31500244140625,69.60250091552734,64.09249877929688,68.33999633789062,426510000,74.70249938964844,1,AAPL,-0.0005849797767482068,-0.0510969241419712,-0.15530563785907336,71.28949737548828,75.66774826049804,0.330326107840911,0.027949998278293215,0.0,0.0,0.0,0.0,0.0,0.0,0.0,0.0
2020-03-02,70.56999969482422,75.36000061035156,69.43000030517578,74.70249938964844,341397200,72.33000183105469,0,AAPL,0.09310072274952952,0.021049047635682827,-0.06709332205240481,71.32099761962891,75.01424789428711,-0.19955639961548377,0.05256296636850477,0.0,0.0,0.0,0.0,0.0,0.0,0.0,0.0
2020-03-03,75.9175033569336,76.0,71.44999694824219,72.33000183105469,319475600,75.68499755859375,1,AAPL,-0.0317592795151177,0.05776549775218487,-0.07580252801173559,71.38299865722657,74.27224807739258,-0.06421142294078563,0.053076349886551924,0.0,0.0,0.0,0.0,0.0,0.0,0.0,0.0
2020-03-04,74.11000061035156,75.8499984741211,73.28250122070312,75.68499755859375,219178400,73.2300033569336,0,AAPL,0.04638456577639127,0.10747734290747601,0.015292768363409204,71.88749847412109,73.75024795532227,-0.3139432244590823,0.053881926415207164,0.0,0.0,0.0,0.0,0.0,0.0,0.0,0.0
2020-03-05,73.87999725341797,74.88749694824219,72.85250091552734,73.2300033569336,187572800,72.25749969482422,0,AAPL,-0.03243699915243503,-0.019711469425330752,0.016800982647416918,72.85749969482421,73.06574859619141,-0.14420034090950573,0.053718971700941226,0.0,0.0,0.0,0.0,0.0,0.0,0.0,0.0
2020-03-06,70.5,72.70500183105469,70.30750274658203,72.25749969482422,226176800,66.5425033569336,0,AAPL,-0.013280125870939186,-0.0010023798478508983,-0.012369708500550858,73.64100036621093,72.4652488708496,0.20580809157830982,0.05373944388662085,0.0,0.0,0.0,0.0,0.0,0.0,0.0,0.0
2020-03-09,65.9375,69.52249908447266,65.75,66.5425033569336,286744800,71.33499908447266,1,AAPL,-0.07909208541712087,-0.12079665054599797,-0.026871804186750392,72.00900115966797,71.66499938964844,0.2677905072491962,0.056668260136613094,0.0,0.0,0.0,0.0,0.0,0.0,0.0,0.0
2020-03-10,69.28500366210938,71.61000061035156,67.34249877929688,71.33499908447266,285290000,68.85749816894531,0,AAPL,0.07202157246522778,-0.0258774298182729,0.0438250352220384,71.81000061035157,71.59649963378907,-0.005073500896964789,0.06333500209553415,0.0,0.0,0.0,0.0,0.0,0.0,0.0,0.0
2020-03-11,69.34750366210938,70.30500030517578,67.96499633789062,68.85749816894531,255598800,62.057498931884766,0,AAPL,-0.03473051023093954,-0.04705396035343923,-0.07824371699018506,70.44450073242187,71.16599960327149,-0.10407374951803428,0.05208729994166998,0.0,0.0,0.0,0.0,0.0,0.0,0.0,0.0
2020-03-12,63.98500061035156,67.5,62.0,62.057498931884766,418474000,69.49250030517578,1,AAPL,-0.09875466605505201,-0.06740059659299702,-0.14202271034312974,68.2099998474121,70.53374977111817,0.6372299087476154,0.06189490307571762,0.0,0.0,0.0,0.0,0.0,0.0,0.0,0.0
2020-03-13,66.22250366210938,69.9800033569336,63.23749923706055,69.49250030517578,370732000,60.5525016784668,0,AAPL,0.11980826654731591,-0.025828818994096392,-0.08181934931852075,67.65699996948243,70.64900016784668,-0.11408594082308576,0.07890164984402862,0.0,0.0,0.0,0.0,0.0,0.0,0.0,0.0
2020-03-16,60.48749923706055,64.7699966430664,60.0,60.5525016784668,322423600,63.21500015258789,1,AAPL,-0.12864695596573805,-0.12061135985658078,-0.1731189553095447,66.45899963378906,69.23400039672852,-0.1303054497588555,0.09101405684954199,0.0,0.0,0.0,0.0,0.0,0.0,0.0,0.0
2020-03-17,61.87749862670898,64.40249633789062,59.59999847412109,63.21500015258789,324056000,61.66749954223633,0,AAPL,0.04397008216537346,0.018652076551999297,-0.12514271294228074,64.8349998474121,68.32250022888184,0.005062904824584713,0.09456129476830391,0.0,0.0,0.0,0.0,0.0,0.0,0.0,0.0
2020-03-18,59.942501068115234,62.5,59.27999877929688,61.66749954223633,300233600,61.19499969482422,0,AAPL,-0.024479958975183402,-0.11260208984532172,-0.07326150308093726,63.39700012207031,66.92075042724609,-0.07351321993729476,0.09056641791195764,0.0,0.0,0.0,0.0,0.0,0.0,0.0,0.0
2020-03-19,61.84749984741211,63.209999084472656,60.65250015258789,61.19499969482422,271857200,57.310001373291016,0,AAPL,-0.007662056203340817,0.010610594088565906,-0.14214620480531537,63.224500274658205,65.71725006103516,-0.09451440478347528,0.08368727485042268,0.0,0.0,0.0,0.0,0.0,0.0,0.0,0.0
2020-03-20,61.79499816894531,62.95750045776367,57.0,57.310001373291016,401693200,56.09249877929688,0,AAPL,-0.06348555177559367,-0.09341135434696568,-0.16770137026067855,60.78800048828125,64.22250022888184,0.4775889695031068,0.08529881520719518,0.0,0.0,0.0,0.0,0.0,0.0,0.0,0.0
2020-03-23,57.02000045776367,57.125,53.15250015258789,56.09249877929688,336752800,61.720001220703125,1,AAPL,-0.02124415572883831,-0.09040419677014966,-0.09612053748951688,59.895999908447266,63.177499771118164,-0.1616666650070253,0.0785521437315657,0.0,0.0,0.0,0.0,0.0,0.0,0.0,0.0
2020-03-24,59.09000015258789,61.92250061035156,58.57500076293945,61.720001220703125,287531200,61.380001068115234,0,AAPL,0.100325401147636,0.008579157259531955,-0.11184658848566087,59.59700012207031,62.21599998474121,-0.1461653770956025,0.07328547473558485,0.0,0.0,0.0,0.0,0.0,0.0,0.0,0.0
2020-03-25,62.6875,64.5625,61.07500076293945,61.380001068115234,303602000,64.61000061035156,1,AAPL,-0.0055087515531973,0.07101726744541681,0.013665816716251555,59.5395004272461,61.4682502746582,0.05589236924549401,0.05338538479444482,0.0,0.0,0.0,0.0,0.0,0.0,0.0,0.0
2020-03-26,61.630001068115234,64.66999816894531,61.59000015258789,64.61000061035156,252087200,61.935001373291016,0,AAPL,0.052622995862315225,0.15184743087605845,0.022067554447464,60.22250061035156,61.723500442504886,-0.16967872411907692,0.05457553125643792,0.0,0.0,0.0,0.0,0.0,0.0,0.0,0.0
2020-03-27,63.1875,63.96749877929688,61.76250076293945,61.935001373291016,204216800,63.70249938964844,1,AAPL,-0.04140224751262378,0.0034834761557938076,0.004337808943777111,61.147500610351564,60.967750549316406,-0.1898961946501052,0.05641024481071972,0.0,0.0,0.0,0.0,0.0,0.0,0.0,0.0
2020-03-30,62.685001373291016,63.880001068115234,62.34999847412109,63.70249938964844,167976400,63.5724983215332,0,AAPL,0.028537950709074167,0.037838029995402866,0.04097556511690437,62.669500732421874,61.28275032043457,-0.17746042441170362,0.057038088421659694,0.0,0.0,0.0,0.0,0.0,0.0,0.0,0.0
2020-03-31,63.900001525878906,65.62249755859375,63.0,63.5724983215332,197002000,60.227500915527344,0,AAPL,-0.002040753021636643,-0.01605792104964221,0.10927406732118472,63.04000015258789,61.3185001373291,0.1727957022534119,0.04844134891111012,0.0,0.0,0.0,0.0,0.0,0.0,0.0,0.0
2020-04-01,61.625,62.18000030517578,59.782501220703125,60.227500915527344,176218400,61.23249816894531,1,AAPL,-0.05261705130869221,-0.02756923258098154,0.07371755985591144,62.80950012207031,61.1745002746582,-0.10549943655394356,0.053624605141281166,0.0,0.0,0.0,0.0,0.0,0.0,0.0,0.0
2020-04-02,60.084999084472656,61.28749847412109,59.22499847412109,61.23249816894531,165934000,60.352500915527344,0,AAPL,0.016686683626928822,-0.038774007996058235,-0.007898623495073531,62.13399963378906,61.17825012207031,-0.05836166938299292,0.03736592203538821,0.0,0.0,0.0,0.0,0.0,0.0,0.0,0.0
2020-04-03,60.70000076293945,61.42499923706055,59.74250030517578,60.352500915527344,129880000,65.61750030517578,1,AAPL,-0.014371408643005013,-0.05065079226114333,-0.016739982644308538,61.81749954223633,61.482500076293945,-0.21727915918377183,0.03771122767177527,0.0,0.0,0.0,0.0,0.0,0.0,0.0,0.0
2020-04-06,62.72499847412109,65.77749633789062,62.345001220703125,65.61750030517578,201820400,64.85749816894531,0,AAPL,0.08723746836966395,0.08949399041491413,0.015593556497549343,62.2004997253418,62.43500022888183,0.5538989836772406,0.04712978989975172,0.0,0.0,0.0,0.0,0.0,0.0,0.0,0.0
2020-04-07,67.69999694824219,67.92500305175781,64.75,64.85749816894531,202887200,66.51750183105469,1,AAPL,-0.011582308571582711,0.05920058969337383,0.047186513778210815,62.45749969482422,62.74874992370606,0.005285887848800241,0.04365121796995444,0.0,0.0,0.0,0.0,0.0,0.0,0.0,0.0
2020-04-08,65.68499755859375,66.84249877929688,65.30750274658203,66.51750183105469,168895200,66.99749755859375,1,AAPL,0.02559462990362782,0.10214988313667761,0.04418982721836007,63.71549987792969,63.2625,-0.1675413727430809,0.04342735221767523,0.0,0.0,0.0,0.0,0.0,0.0,0.0,0.0
2020-04-09,67.17500305175781,67.51750183105469,66.17500305175781,66.99749755859375,161834800,68.3125,1,AAPL,0.0072160816976889475,0.021030933013294284,0.05387548590174629,64.86849975585938,63.50124969482422,-0.04180343787153218,0.04324720606489391,0.0,0.0,0.0,0.0,0.0,0.0,0.0,0.0
2020-04-13,67.07749938964844,68.42500305175781,66.4574966430664,68.3125,131022800,71.76249694824219,1,AAPL,0.01962763520019828,0.0532706615055496,0.1342409856223712,66.4604995727539,64.13899955749511,-0.1903916833709437,0.03389300968428535,0.0,0.0,0.0,0.0,0.0,0.0,0.0,0.0
2020-04-14,70.0,72.0625,69.51249694824219,71.76249694824219,194994800,71.10749816894531,0,AAPL,0.050503157522300945,0.07885135449778424,0.17196748612548474,67.68949890136719,64.94499931335449,0.4882508998433861,0.035919319901250406,0.0,0.0,0.0,0.0,0.0,0.0,0.0,0.0
2020-04-15,70.5999984741211,71.5824966430664,70.15750122070312,71.10749816894531,131154400,71.67250061035156,1,AAPL,-0.009127313111321755,0.06134558394150602,0.17820300882760853,68.93949890136719,65.6984992980957,-0.3273953972105923,0.0350427506204473,0.0,0.0,0.0,0.0,0.0,0.0,0.0,0.0
2020-04-16,71.84500122070312,72.05000305175781,70.5875015258789,71.67250061035156,157125200,70.69999694824219,0,AAPL,0.007945750532016405,0.04918573629059919,0.0922772168554884,69.97049865722656,66.84299926757812,0.19801699371122883,0.021454787699133327,0.0,0.0,0.0,0.0,0.0,0.0,0.0,0.0
2020-04-17,71.17250061035156,71.73750305175781,69.21499633789062,70.69999694824219,215250000,69.23249816894531,0,AAPL,-0.01356871399529369,-0.014805783594268096,0.09008208679400376,70.71099853515625,67.78974914550781,0.36992665721348317,0.02184194643191388,0.0,0.0,0.0,0.0,0.0,0.0,0.0,0.0
2020-04-20,69.48750305175781,70.41999816894531,69.2125015258789,69.23249816894531,130015200,67.09249877929688,0,AAPL,-0.02075670215900005,-0.026368527205740788,0.04081627035222013,70.8949981689453,68.67774887084961,-0.39598048780487805,0.0241495199688065,0.0,0.0,0.0,0.0,0.0,0.0,0.0,0.0
2020-04-21,69.06999969482422,69.3125,66.35749816894531,67.09249877929688,180991600,69.0250015258789,1,AAPL,-0.03091033035419699,-0.06390180044022631,0.001417981628642817,69.96099853515625,68.82524871826172,0.3920803106098363,0.027840872207500405,0.0,0.0,0.0,0.0,0.0,0.0,0.0,0.0
2020-04-22,68.40249633789062,69.4749984741211,68.05000305175781,69.0250015258789,116862400,68.75749969482422,0,AAPL,0.028803558993071077,-0.023691591155081793,0.010430031485876068,69.54449920654297,69.24199905395508,-0.354321416021517,0.02907840579413883,0.0,0.0,0.0,0.0,0.0,0.0,0.0,0.0
2020-04-23,68.96749877929688,70.4375,68.71749877929688,68.75749969482422,124814400,70.74250030517578,1,AAPL,-0.0038754339028068685,-0.006860917729156202,-0.04187420144515441,68.9614990234375,69.46599884033203,0.06804583852462387,0.019645179719416487,0.0,0.0,0.0,0.0,0.0,0.0,0.0,0.0
2020-04-24,69.30000305175781,70.75250244140625,69.25,70.74250030517578,126161200,70.7925033569336,1,AAPL,0.028869586869241237,0.0544025277383946,-0.005133043253783609,68.96999969482422,69.84049911499024,0.010790421618018353,0.023487262186864206,0.0,0.0,0.0,0.0,0.0,0.0,0.0,0.0
2020-04-27,70.44999694824219,71.13500213623047,69.98750305175781,70.7925033569336,117087600,69.6449966430664,0,AAPL,0.0007068318414262809,0.02560669021342954,-0.012278031963780411,69.28200073242188,70.0884994506836,-0.07192068559905895,0.02321122077055601,0.0,0.0,0.0,0.0,0.0,0.0,0.0,0.0
2020-04-28,71.2699966430664,71.4574966430664,69.55000305175781,69.6449966430664,112004800,71.93250274658203,1,AAPL,-0.016209438280229915,0.012907638471167271,-0.014922211466969704,69.79250030517578,69.87674942016602,-0.04341023302211333,0.023459566956421322,0.0,0.0,0.0,0.0,0.0,0.0,0.0,0.0
2020-04-29,71.18250274658203,72.4175033569336,70.97250366210938,71.93250274658203,137280800,73.44999694824219,1,AAPL,0.0328452324470514,0.016821605629892877,0.03899909217558495,70.3740005493164,69.9592498779297,0.22566889990428973,0.024981368783111267,0.0,0.0,0.0,0.0,0.0,0.0,0.0,0.0
2020-04-30,72.48999786376953,73.63249969482422,72.0875015258789,73.44999694824219,183064000,72.26750183105469,0,AAPL,0.021096085131450115,0.03753919504597247,0.09475721257392022,71.3125,70.13699951171876,0.33350038752687916,0.019364276625119317,0.0,0.0,0.0,0.0,0.0,0.0,0.0,0.0
2020-05-01,71.5625,74.75,71.4625015258789,72.26750183105469,240616800,73.29000091552734,1,AAPL,-0.01609932152918625,0.03765532794019255,0.04697573681269818,71.61750030517578,70.29375,0.31438622558231,0.020715105071670837,0.0,0.0,0.0,0.0,0.0,0.0,0.0,0.0
2020-05-04,72.2925033569336,73.42250061035156,71.58000183105469,73.29000091552734,133568000,74.38999938964844,1,AAPL,0.014148809057535017,0.01887183285875338,0.06592009949198774,72.11699981689453,70.6995002746582,-0.4448932909090304,0.02028831887277434,0.0,0.0,0.0,0.0,0.0,0.0,0.0,0.0
2020-05-05,73.76499938964844,75.25,73.61499786376953,74.38999938964844,147751200,75.15750122070312,1,AAPL,0.015008847869833364,0.012797855418137605,0.05156022290331452,73.06600036621094,71.42925033569335,0.10618711068519415,0.018676601531104235,0.0,0.0,0.0,0.0,0.0,0.0,0.0,0.0
2020-05-06,75.11499786376953,75.80999755859375,74.71749877929688,75.15750122070312,142333600,75.93499755859375,1,AAPL,0.010317271640702286,0.03999030430586359,0.061659040954680666,73.71100006103515,72.04250030517578,-0.036667045682200916,0.018458250816911027,0.0,0.0,0.0,0.0,0.0,0.0,0.0,0.0
2020-05-07,75.80500030517578,76.2925033569336,75.49250030517578,75.93499755859375,115215200,77.53250122070312,1,AAPL,0.010344893394040211,0.03608946118195555,0.09031518728852661,74.20800018310547,72.76025009155273,-0.19052704350905192,0.014855752480846541,0.0,0.0,0.0,0.0,0.0,0.0,0.0,0.0
2020-05-08,76.41000366210938,77.5875015258789,76.07250213623047,77.53250122070312,133838400,78.75250244140625,1,AAPL,0.02103777854047717,0.04224360608735234,0.07785073868276027,75.26100006103516,73.43925018310547,0.16163839493400167,0.012673823452174868,0.0,0.0,0.0,0.0,0.0,0.0,0.0,0.0
2020-05-11,77.0250015258789,79.26249694824219,76.80999755859375,78.75250244140625,145946400,77.85250091552734,0,AAPL,0.015735352290909388,0.04783289974138771,0.07219204511200417,76.35350036621094,74.23525009155273,0.09046730983036255,0.012099499861281098,0.0,0.0,0.0,0.0,0.0,0.0,0.0,0.0
2020-05-12,79.4574966430664,79.92250061035156,77.72750091552734,77.85250091552734,162301200,76.9124984741211,0,AAPL,-0.011428227649636025,0.025251905163412802,0.07728230453474283,77.04600067138672,75.05600051879883,0.11206031803456606,0.01042917319346584,0.0,0.0,0.0,0.0,0.0,0.0,0.0,0.0
2020-05-13,78.0374984741211,78.98750305175781,75.80249786376953,76.9124984741211,200622400,77.38500213623047,1,AAPL,-0.012074145728808161,-0.007996681866577982,0.049426900168400456,77.39700012207031,75.55400009155274,0.2361116245597692,0.013311160595291062,0.0,0.0,0.0,0.0,0.0,0.0,0.0,0.0
2020-05-14,76.12750244140625,77.44750213623047,75.38249969482422,77.38500213623047,158929200,76.92749786376953,0,AAPL,0.006143392445746132,-0.017364531447025877,0.04026082499200556,77.68700103759765,75.94750061035157,-0.2078192664428299,0.012834449558897827,0.0,0.0,0.0,0.0,0.0,0.0,0.0,0.0
2020-05-15,75.0875015258789,76.9749984741211,75.05249786376953,76.92749786376953,166348400,78.73999786376953,1,AAPL,-0.005912053496561764,-0.011881481530843452,0.023550498810075426,77.56600036621094,76.41350021362305,0.04668242210997109,0.01332322183572703,0.0,0.0,0.0,0.0,0.0,0.0,0.0,0.0
2020-05-18,78.2925033569336,79.125,77.58000183105469,78.73999786376953,135178400,78.28500366210938,0,AAPL,0.023561145888427948,0.02376075964120883,0.03693949292631982,77.5634994506836,76.95849990844727,-0.18737781667872966,0.015265208271838871,0.0,0.0,0.0,0.0,0.0,0.0,0.0,0.0
2020-05-19,78.75749969482422,79.62999725341797,78.25250244140625,78.28500366210938,101729600,79.80750274658203,1,AAPL,-0.005778438074729886,0.011630180280857605,0.009705638661961613,77.65,77.34800033569336,-0.24744189900161562,0.01396544583454904,0.0,0.0,0.0,0.0,0.0,0.0,0.0,0.0
2020-05-20,79.16999816894531,79.87999725341797,79.12999725341797,79.80750274658203,111504800,79.2125015258789,0,AAPL,0.01944815754296969,0.03743791183631995,0.013396403574105209,78.22900085449218,77.81300048828125,0.09609002689482704,0.014651463233747402,0.0,0.0,0.0,0.0,0.0,0.0,0.0,0.0
2020-05-21,79.66500091552734,80.22250366210938,78.96749877929688,79.2125015258789,102688800,79.72250366210938,1,AAPL,-0.007455454690675767,0.006000808673209068,0.017468939267952566,78.59450073242188,78.14075088500977,-0.07906386092796003,0.014111883091902424,0.0,0.0,0.0,0.0,0.0,0.0,0.0,0.0
2020-05-22,78.94249725341797,79.80750274658203,78.8375015258789,79.72250366210938,81803200,79.18250274658203,0,AAPL,0.006438404625611405,0.018362392958483964,0.036535091743687964,79.15350189208985,78.3597511291504,-0.20338732169428408,0.012561378538039547,0.0,0.0,0.0,0.0,0.0,0.0,0.0,0.0
2020-05-26,80.875,81.05999755859375,79.125,79.18250274658203,125522000,79.52749633789062,1,AAPL,-0.006773506735514134,-0.007831343902397259,0.023228023011321985,79.24200286865235,78.40275115966797,0.5344387505623251,0.013326263036140084,0.0,0.0,0.0,0.0,0.0,0.0,0.0,0.0
2020-05-27,79.03500366210938,79.67749786376953,78.27249908447266,79.52749633789062,112945200,79.5625,1,AAPL,0.0043569422453433315,0.003976579529038293,0.03379803771501089,79.4905014038086,78.5702507019043,-0.10019598158091814,0.012685094967496598,0.0,0.0,0.0,0.0,0.0,0.0,0.0,0.0
2020-05-28,79.19249725341797,80.86000061035156,78.90750122070312,79.5625,133560800,79.48500061035156,0,AAPL,0.0004401454053155618,-0.0020070074917306613,0.01044579830511938,79.44150085449219,78.83525085449219,0.18252745579272078,0.009638740544251706,0.0,0.0,0.0,0.0,0.0,0.0,0.0,0.0
2020-05-29,79.8125,80.2874984741211,79.11750030517578,79.48500061035156,153532400,80.4625015258789,1,AAPL,-0.0009740693121563782,0.0038202614627838027,0.015328567313116048,79.49600067138672,79.0452507019043,0.14953189858102078,0.009192731878728912,0.0,0.0,0.0,0.0,0.0,0.0,0.0,0.0
2020-06-01,79.4375,80.5875015258789,79.30249786376953,80.4625015258789,80791200,80.83499908447266,1,AAPL,0.012297929269941221,0.011757005200009107,0.00820723311411875,79.64400024414063,79.39875106811523,-0.47378403516130796,0.007122361162561446,0.0,0.0,0.0,0.0,0.0,0.0,0.0,0.0
2020-06-02,80.1875,80.86000061035156,79.73249816894531,80.83499908447266,87642800,81.27999877929688,1,AAPL,0.004629455355348977,0.015993704125343733,0.02048284711806092,79.97449951171875,79.60825119018554,0.08480626602897345,0.006063404014115662,0.0,0.0,0.0,0.0,0.0,0.0,0.0,0.0
2020-06-03,81.16500091552734,81.55000305175781,80.57499694824219,81.27999877929688,104491200,80.58000183105469,0,AAPL,0.005505037420229231,0.02258285406255056,0.019536455149335108,80.325,79.90775070190429,0.1922394081430534,0.005982772721596515,0.0,0.0,0.0,0.0,0.0,0.0,0.0,0.0
2020-06-04,81.09750366210938,81.40499877929688,80.19499969482422,80.58000183105469,87560400,82.875,1,AAPL,-0.008612167307518348,0.001460311361783706,0.017649089584163002,80.52850036621093,79.98500061035156,-0.16203086958518997,0.006491044739259631,0.0,0.0,0.0,0.0,0.0,0.0,0.0,0.0
2020-06-05,80.8375015258789,82.9375,80.80750274658203,82.875,137250400,83.36499786376953,1,AAPL,0.02848098928760323,0.02523660467164146,0.04209240597600039,81.20650024414063,80.35125045776367,0.5674939812974815,0.011833846219279097,0.0,0.0,0.0,0.0,0.0,0.0,0.0,0.0
2020-06-08,82.5625,83.4000015258789,81.83000183105469,83.36499786376953,95654400,85.99749755859375,1,AAPL,0.005912493077158798,0.025652056050519123,0.04779258901831307,81.78699951171875,80.71549987792969,-0.3030665120101653,0.011586061235636646,0.0,0.0,0.0,0.0,0.0,0.0,0.0,0.0
2020-06-09,83.03500366210938,86.40249633789062,83.00250244140625,85.99749755859375,147712400,88.20999908447266,1,AAPL,0.03157799750833212,0.06723126835982796,0.08193365915875761,82.81949920654297,81.39699935913086,0.5442300615549311,0.014206269020390403,0.0,0.0,0.0,0.0,0.0,0.0,0.0,0.0
2020-06-10,86.9749984741211,88.69249725341797,86.52249908447266,88.20999908447266,166651600,83.9749984741211,0,AAPL,0.025727510551937005,0.06437404626814658,0.09628705809130156,84.20549926757812,82.26524963378907,0.1282167238498595,0.015218665433054515,0.0,0.0,0.0,0.0,0.0,0.0,0.0,0.0
2020-06-11,87.32749938964844,87.76499938964844,83.87000274658203,83.9749984741211,201662400,84.69999694824219,1,AAPL,-0.0480104370741008,0.007317226965547263,0.03884455279534471,84.8844985961914,82.70649948120118,0.21008379157475843,0.027926723821233828,0.0,0.0,0.0,0.0,0.0,0.0,0.0,0.0
2020-06-12,86.18000030517578,86.94999694824219,83.55500030517578,84.69999694824219,200146000,85.74749755859375,1,AAPL,0.008633503867755632,-0.015087655422386215,0.04207674975773301,85.24949798583984,83.22799911499024,-0.007519497933179409,0.02794629247955445,0.0,0.0,0.0,0.0,0.0,0.0,0.0,0.0
2020-06-15,83.3125,86.41999816894531,83.1449966430664,85.74749755859375,138808800,88.0199966430664,1,AAPL,0.012367185927901092,-0.02791635360432032,0.06412876160481251,85.72599792480469,83.75649871826172,-0.3064622825337504,0.02720254819658835,0.0,0.0,0.0,0.0,0.0,0.0,0.0,0.0
2020-06-16,87.86499786376953,88.30000305175781,86.18000030517578,88.0199966430664,165428800,87.89749908447266,0,AAPL,0.026502220463282766,0.048169077016320117,0.062081407457814874,86.13049774169922,84.4749984741211,0.1917745848966348,0.026978652739238475,0.0,0.0,0.0,0.0,0.0,0.0,0.0,0.0
2020-06-17,88.7874984741211,88.8499984741211,87.77249908447266,87.89749908447266,114406400,87.93250274658203,1,AAPL,-0.0013917014685934648,0.0377509120594699,0.05436935568702217,86.06799774169922,85.13674850463867,-0.30842513516388925,0.02725593256234387,0.0,0.0,0.0,0.0,0.0,0.0,0.0,0.0
2020-06-18,87.85250091552734,88.36250305175781,87.30500030517578,87.93250274658203,96820400,87.43000030517578,0,AAPL,0.0003982327423870391,0.025481853700689117,0.022500715054759368,86.8594985961914,85.8719985961914,-0.15371517677332736,0.02521576347544837,0.0,0.0,0.0,0.0,0.0,0.0,0.0,0.0
2020-06-19,88.66000366210938,89.13999938964844,86.2874984741211,87.43000030517578,264476000,89.71749877929688,1,AAPL,-0.005714638224894375,-0.006702980690662219,-0.008842521113166857,87.40549926757812,86.32749862670899,1.7316144118388275,0.023317264835967952,0.0,0.0,0.0,0.0,0.0,0.0,0.0,0.0
2020-06-22,87.83499908447266,89.86499786376953,87.7874984741211,89.71749877929688,135445200,91.63249969482422,1,AAPL,0.0261637706294926,0.020705932634956348,0.06838345233129672,88.19949951171876,86.96274871826172,-0.48787337981518175,0.012965690789781402,0.0,0.0,0.0,0.0,0.0,0.0,0.0,0.0
2020-06-23,91.0,93.09500122070312,90.56749725341795,91.63249969482422,212155600,90.01499938964844,0,AAPL,0.021344787155047618,0.04207769405705908,0.08184773313295746,88.92200012207032,87.52624893188477,0.5663574641257128,0.013683659095978988,0.0,0.0,0.0,0.0,0.0,0.0,0.0,0.0
2020-06-24,91.25,92.19750213623048,89.62999725341797,90.01499938964844,192623200,91.20999908447266,1,AAPL,-0.017652037329143666,0.02956649977638892,0.0497682375877917,89.34550018310547,87.70674896240234,-0.0920663890088218,0.017496133408336886,0.0,0.0,0.0,0.0,0.0,0.0,0.0,0.0
2020-06-25,90.1750030517578,91.25,89.39250183105469,91.20999908447266,137522400,88.40750122070312,0,AAPL,0.013275561883319131,0.01663555410575257,0.03624179235477776,90.0009994506836,88.4302490234375,-0.2860548469758575,0.0156695079885655,0.0,0.0,0.0,0.0,0.0,0.0,0.0,0.0
2020-06-26,91.10250091552734,91.33000183105467,88.25499725341797,88.40750122070312,205256800,90.44499969482422,1,AAPL,-0.030725774497311842,-0.03519491975949285,0.005802237168776925,90.19649963378906,88.80099945068359,0.4925335799840609,0.020807393461224573,0.0,0.0,0.0,0.0,0.0,0.0,0.0,0.0
2020-06-29,88.3125,90.5425033569336,87.81999969482422,90.44499969482422,130646000,91.1999969482422,1,AAPL,0.02304666963762081,0.0047769850368430955,0.028573017596043027,90.34199981689453,89.27074966430663,-0.3634997719929376,0.02239612572238113,0.0,0.0,0.0,0.0,0.0,0.0,0.0,0.0
2020-06-30,90.0199966430664,91.49500274658205,90.0,91.1999969482422,140223200,91.02749633789062,0,AAPL,0.0083475842331302,-0.00010966052330718679,0.04312017190789419,90.25549926757813,89.58874969482422,0.07330649235338238,0.021980340735888226,0.0,0.0,0.0,0.0,0.0,0.0,0.0,0.0
2020-07-01,91.27999877929688,91.83999633789062,90.97750091552734,91.02749633789062,110737200,91.02749633789062,0,AAPL,-0.0018914541241649152,0.029635439086179716,0.014601360675650543,90.45799865722657,89.90174942016601,-0.21027904084345528,0.02023404863730281,0.0,0.0,0.0,0.0,0.0,0.0,0.0,0.0
2020-07-02,91.9625015258789,92.61750030517578,90.91000366210938,91.02749633789062,114041600,93.4625015258789,1,AAPL,0.0,0.006440341036340724,-0.006602497573988675,90.42149810791015,90.21124877929688,0.02984001762731947,0.018402163848797705,0.0,0.0,0.0,0.0,0.0,0.0,0.0,0.0
2020-07-06,92.5,93.94499969482422,92.46749877929688,93.4625015258789,118655600,93.17250061035156,0,AAPL,0.026750215989129744,0.024808165058609832,0.03829919635179069,91.43249816894532,90.81449890136719,0.04045892025366182,0.019257910179929397,0.0,0.0,0.0,0.0,0.0,0.0,0.0,0.0
2020-07-07,93.85250091552734,94.65499877929688,93.05750274658205,93.17250061035156,112424400,95.34249877929688,1,AAPL,-0.003102858481131565,0.023564355373444146,0.021516298054792937,91.97799835205078,91.15999908447266,-0.05251500982675916,0.01915658116992497,0.0,0.0,0.0,0.0,0.0,0.0,0.0,0.0
2020-07-08,94.18000030517578,95.375,94.08999633789062,95.34249877929688,117092000,95.75250244140624,1,AAPL,0.023290114086561564,0.04740328598502952,0.07844354226550321,92.80649871826172,91.53099899291992,0.0415176776571633,0.013148569104035628,0.0,0.0,0.0,0.0,0.0,0.0,0.0,0.0
2020-07-09,96.2624969482422,96.31749725341795,94.67250061035156,95.75250244140624,125642800,95.91999816894533,1,AAPL,0.004300324276778733,0.02450181493262571,0.058682102542875425,93.75149993896484,92.1047492980957,0.07302633826392912,0.012137208785675388,0.0,0.0,0.0,0.0,0.0,0.0,0.0,0.0
2020-07-10,95.33499908447266,95.9800033569336,94.70500183105467,95.91999816894533,90257200,95.47750091552734,0,AAPL,0.0017492569203774178,0.029488288288878506,0.05175440108163398,94.73000030517578,92.57574920654297,-0.2816365123986412,0.012381409077276676,0.0,0.0,0.0,0.0,0.0,0.0,0.0,0.0
2020-07-13,97.26499938964844,99.95500183105467,95.25749969482422,95.47750091552734,191649200,97.05750274658205,1,AAPL,-0.004613190803429812,0.0014159701912468403,0.04888637781619809,95.13300018310547,93.28274917602539,1.1233674432621443,0.012755229931437647,0.0,0.0,0.0,0.0,0.0,0.0,0.0,0.0
2020-07-14,94.83999633789062,97.25499725341795,93.87750244140624,97.05750274658205,170989200,97.7249984741211,1,AAPL,0.016548420475024805,0.013628889813865452,0.06624379062682628,95.91000061035156,93.94399948120117,-0.10780112831151922,0.01279444327889182,0.0,0.0,0.0,0.0,0.0,0.0,0.0,0.0
2020-07-15,98.98999786376952,99.24749755859376,96.48999786376952,97.7249984741211,153198000,96.52249908447266,0,AAPL,0.0068773222950304636,0.018817768344788766,0.04560649328503086,96.38650054931641,94.59649963378907,-0.10404867675853213,0.010215332299403041,0.0,0.0,0.0,0.0,0.0,0.0,0.0,0.0
2020-07-16,96.5625,97.40499877929688,95.90499877929688,96.52249908447266,110577600,96.32749938964844,0,AAPL,-0.012304931270650021,0.010944967756014723,0.03595479838123938,96.54049987792969,95.14599990844727,-0.2782046763012572,0.012070950146791397,0.0,0.0,0.0,0.0,0.0,0.0,0.0,0.0
2020-07-17,96.9875030517578,97.14749908447266,95.83999633789062,96.32749938964844,92186800,98.35749816894533,1,AAPL,-0.0020202512022980956,-0.007521349058811633,0.010331180983956356,96.62200012207032,95.67600021362304,-0.1663157818581702,0.009161638332275747,0.0,0.0,0.0,0.0,0.0,0.0,0.0,0.0
2020-07-20,96.4175033569336,98.5,96.0625,98.35749816894533,90318000,97.0,0,AAPL,0.021073927924625924,0.006472240518803574,0.027205510677208222,97.19799957275391,96.16549987792969,-0.020271882742431635,0.011821872794692065,0.0,0.0,0.0,0.0,0.0,0.0,0.0,0.0
2020-07-21,99.17250061035156,99.25,96.74250030517578,97.0,103433200,97.27249908447266,1,AAPL,-0.013801674444927414,0.004947042607231333,0.011259402123344975,97.1864990234375,96.54824981689453,0.14521136429061765,0.013618389420790883,0.0,0.0,0.0,0.0,0.0,0.0,0.0,0.0
2020-07-22,96.69249725341795,97.9749984741211,96.60250091552734,97.27249908447266,89001600,92.84500122070312,0,AAPL,0.0028092689120893244,0.009810279523624565,0.018800221536311668,97.09599914550782,96.7412498474121,-0.13952580022661965,0.013332695178804406,0.0,0.0,0.0,0.0,0.0,0.0,0.0,0.0
2020-07-23,96.99749755859376,97.07749938964844,92.01000213623048,92.84500122070312,197004400,92.61499786376952,0,AAPL,-0.04551643995416055,-0.05604551814416403,-0.04340212149160483,96.36049957275391,96.4504997253418,1.2134927911408333,0.021032992349569603,0.0,0.0,0.0,0.0,0.0,0.0,0.0,0.0
2020-07-24,90.9875030517578,92.97000122070312,89.1449966430664,92.61499786376952,185438800,94.80999755859376,1,AAPL,-0.0024772831483610425,-0.04520620759000493,-0.05228959519200993,95.61799926757813,96.11999969482422,-0.058707318212182114,0.020355359792127638,0.0,0.0,0.0,0.0,0.0,0.0,0.0,0.0
2020-07-27,93.70999908447266,94.90499877929688,93.4800033569336,94.80999755859376,121214000,93.25250244140624,0,AAPL,0.023700261787544807,-0.02531549563397595,-0.017741993236003784,94.90849914550782,96.05324935913086,-0.34633960098965266,0.023268416140759085,0.0,0.0,0.0,0.0,0.0,0.0,0.0,0.0
2020-07-28,94.36750030517578,94.5500030517578,93.24749755859376,93.25250244140624,103625600,95.04000091552734,1,AAPL,-0.016427540948147135,0.004389048579303001,-0.03192231676028168,94.15899963378907,95.67274932861328,-0.14510205091821082,0.02386708784061232,0.0,0.0,0.0,0.0,0.0,0.0,0.0,0.0
2020-07-29,93.75,95.2300033569336,93.7125015258789,95.04000091552734,90329200,96.19000244140624,1,AAPL,0.01916837004180394,0.02618369710837598,-0.03372897150880794,93.7125,95.40424957275391,-0.12831192292252103,0.023537002828990464,0.0,0.0,0.0,0.0,0.0,0.0,0.0,0.0
2020-07-30,94.1875,96.29750061035156,93.76750183105467,96.19000244140624,158130000,106.26000213623048,1,AAPL,0.012100184288729388,0.014555478518598397,-0.008350490294781077,94.38150024414061,95.37099990844726,0.7505967062699548,0.023891693337555486,0.0,0.0,0.0,0.0,0.0,0.0,0.0,0.0
2020-07-31,102.88500213623048,106.41500091552734,100.8249969482422,106.26000213623048,374336800,108.9375,1,AAPL,0.1046886312427151,0.13948687010300143,0.0923951079323353,97.11050109863281,96.36425018310547,1.3672724973123378,0.046703489799272455,0.0,0.0,0.0,0.0,0.0,0.0,0.0,0.0
2020-08-03,108.1999969482422,111.6374969482422,107.89250183105467,108.9375,308151200,109.66500091552734,1,AAPL,0.02519760784812375,0.14622789299870598,0.17332649650187593,99.93600158691406,97.42225036621093,-0.17680762350909662,0.03875556293325267,0.0,0.0,0.0,0.0,0.0,0.0,0.0,0.0
2020-08-04,109.13249969482422,110.79000091552734,108.3874969482422,109.66500091552734,173071600,110.0625,1,AAPL,0.006678149540124689,0.14008730774624256,0.18409548609866877,103.21850128173828,98.68875045776367,-0.4383549374462926,0.03786896096911369,0.0,0.0,0.0,0.0,0.0,0.0,0.0,0.0
2020-08-05,109.37750244140624,110.39250183105467,108.89749908447266,110.0625,121776800,113.90249633789062,1,AAPL,0.0036246667683779155,0.03578484648338831,0.16087441023273952,106.2230010986328,99.9677505493164,-0.2963790708585349,0.03873541706437369,0.0,0.0,0.0,0.0,0.0,0.0,0.0,0.0
2020-08-06,110.40499877929688,114.4124984741211,109.79750061035156,113.90249633789062,202428800,111.1125030517578,0,AAPL,0.03488923418867129,0.045576558466006833,0.22144171315359062,109.76549987792968,102.07350006103516,0.6622936388540346,0.03488253439089591,0.0,0.0,0.0,0.0,0.0,0.0,0.0,0.0
2020-08-07,113.20500183105467,113.6750030517578,110.2925033569336,111.1125030517578,198045600,112.72750091552734,1,AAPL,-0.024494575411730612,0.013199308112398,0.1691130258985991,110.73600006103516,103.92325057983399,-0.021653045416462513,0.04048694807604115,0.0,0.0,0.0,0.0,0.0,0.0,0.0,0.0
2020-08-10,112.5999984741211,113.7750015258789,110.0,112.72750091552734,212403600,109.375,0,AAPL,0.014534798689732176,0.024213523366517498,0.17192533583929226,111.49400024414062,105.71500091552734,0.07249845490129547,0.040385627284876685,0.0,0.0,0.0,0.0,0.0,0.0,0.0,0.0
2020-08-11,111.97000122070312,112.48249816894533,109.10749816894533,109.375,187902400,113.01000213623048,1,AAPL,-0.029739867275506704,-0.039748877184042186,0.0293148673173933,111.43600006103516,107.32725067138672,-0.11535209384398382,0.024052250216066037,0.0,0.0,0.0,0.0,0.0,0.0,0.0,0.0
2020-08-12,110.49749755859376,113.2750015258789,110.29750061035156,113.01000213623048,165598000,115.01000213623048,1,AAPL,0.033234305245535944,0.017077277825239934,0.03738384060796762,112.02550048828125,109.12425079345704,-0.11870204957467279,0.025367192490842613,0.0,0.0,0.0,0.0,0.0,0.0,0.0,0.0
2020-08-13,114.43000030517578,116.0425033569336,113.92749786376952,115.01000213623048,210082000,114.90750122070312,0,AAPL,0.017697548554941767,0.020247953712852595,0.04873935326750489,112.24700164794922,111.00625076293946,0.2686264326863852,0.025788558083133815,0.0,0.0,0.0,0.0,0.0,0.0,0.0,0.0
2020-08-14,114.83000183105467,115.0,113.04499816894533,114.90750122070312,165565200,114.60749816894533,0,AAPL,-0.0008912347937003462,0.05058286830357139,0.044020454021152844,113.00600128173828,111.87100067138672,-0.21190201921154594,0.02594618281856727,0.0,0.0,0.0,0.0,0.0,0.0,0.0,0.0
2020-08-17,116.0625,116.0875015258789,113.9625015258789,114.60749816894533,119561600,115.5625,1,AAPL,-0.00261082217062214,0.014135881802648909,0.006189520455840869,113.38200073242187,112.43800048828125,-0.2778579073380155,0.022776086870732862,0.0,0.0,0.0,0.0,0.0,0.0,0.0,0.0
2020-08-18,114.35250091552734,116.0,114.00749969482422,115.5625,105633600,115.7074966430664,1,AAPL,0.00833280410367987,0.004803911429503982,0.04004947081580301,114.61950073242187,113.02775039672852,-0.11649225169285127,0.01981372012717497,0.0,0.0,0.0,0.0,0.0,0.0,0.0,0.0
2020-08-19,115.98249816894533,117.1624984741211,115.61000061035156,115.7074966430664,145538000,118.2750015258789,1,AAPL,0.0012547032390819446,0.006962081795049535,0.026435392458244333,115.15899963378907,113.59225006103516,0.37776237863710027,0.01947009883261643,0.0,0.0,0.0,0.0,0.0,0.0,0.0,0.0
2020-08-20,115.75,118.39250183105467,115.73249816894533,118.2750015258789,126907200,124.37000274658205,1,AAPL,0.02218961568871136,0.032000553327909076,0.08137144252232154,115.81199951171875,114.02950057983398,-0.12801330236776653,0.013493664492409586,0.0,0.0,0.0,0.0,0.0,0.0,0.0,0.0
2020-08-21,119.2624969482422,124.86750030517578,119.25,124.37000274658205,338054800,125.85749816894533,1,AAPL,0.05153245522782379,0.07621419358859538,0.10052208119293193,117.70449981689453,115.35525054931641,1.6637952771789148,0.01906838508236638,0.0,0.0,0.0,0.0,0.0,0.0,0.0,0.0
2020-08-24,128.69749450683594,128.78500366210938,123.9375,125.85749816894533,345937600,124.8249969482422,0,AAPL,0.011960242739515126,0.08772120925915083,0.09431784915424912,119.95449981689453,116.6682502746582,0.02331811292133712,0.019002609098149954,0.0,0.0,0.0,0.0,0.0,0.0,0.0,0.0
2020-08-25,124.69750213623048,125.18000030517578,123.05249786376952,124.8249969482422,211495600,126.52249908447266,1,AAPL,-0.00820373228234006,0.05537937296859918,0.08630851443275689,121.80699920654297,118.21324996948242,-0.3886307819676149,0.020071505117381313,0.0,0.0,0.0,0.0,0.0,0.0,0.0,0.0
2020-08-26,126.18000030517578,126.99250030517578,125.0824966430664,126.52249908447266,163022400,125.01000213623048,0,AAPL,0.01359905610039247,0.01730719860380292,0.10396353734171204,123.96999969482422,119.56449966430664,-0.22919247492619232,0.01900275014537182,0.0,0.0,0.0,0.0,0.0,0.0,0.0,0.0
2020-08-27,127.14250183105467,127.48500061035156,123.8324966430664,125.01000213623048,155552400,124.80750274658205,0,AAPL,-0.011954371429482746,-0.006733774666148218,0.08175231702525032,125.31699981689454,120.56449966430664,-0.045821923858316405,0.021466220744854603,0.0,0.0,0.0,0.0,0.0,0.0,0.0,0.0
2020-08-28,126.0124969482422,126.44249725341795,124.57749938964844,124.80750274658205,187630000,129.0399932861328,1,AAPL,-0.0016198655002642726,-0.00014014982645993435,0.07864664233111252,125.40449981689456,121.55449981689455,0.20621732612290145,0.021720481461813365,0.0,0.0,0.0,0.0,0.0,0.0,0.0,0.0
2020-08-31,127.58000183105467,131.0,126.0,129.0399932861328,225702700,134.17999267578125,1,AAPL,0.03391214827961675,0.019897600979090324,0.09101662753222195,126.04099884033204,122.99774932861328,0.20291371315887652,0.023126888326993653,0.0,0.0,0.0,0.0,0.0,0.0,0.0,0.0
2020-09-01,132.75999450683594,134.8000030517578,130.52999877929688,134.17999267578125,151948100,131.39999389648438,0,AAPL,0.039832607385921204,0.07335405473841772,0.07887746009934693,127.91199798583985,124.8594985961914,-0.32677765928365055,0.020078474853959683,0.0,0.0,0.0,0.0,0.0,0.0,0.0,0.0
2020-09-02,137.58999633789062,137.97999572753906,127.0,131.39999389648438,200119000,120.87999725341795,0,AAPL,-0.02071842995262474,0.052821272798704966,0.044037866699837336,128.8874969482422,126.4287483215332,0.3170220621383222,0.023367937649923978,0.0,0.0,0.0,0.0,0.0,0.0,0.0,0.0
2020-09-03,126.91000366210938,128.83999633789062,120.5,120.87999725341795,257599600,120.95999908447266,1,AAPL,-0.08006086097198739,-0.0632361783731723,-0.03160424427216302,128.06149597167968,126.6892478942871,0.2872320969023432,0.04041846252106602,0.0,0.0,0.0,0.0,0.0,0.0,0.0,0.0
2020-09-04,120.06999969482422,123.6999969482422,110.88999938964844,120.95999908447266,332607200,112.81999969482422,0,AAPL,0.0006618285313737537,-0.09852432786497478,-0.04396451255903666,127.29199523925782,126.34824752807617,0.2911790235699123,0.039777859663354447,0.0,0.0,0.0,0.0,0.0,0.0,0.0,0.0
2020-09-08,113.9499969482422,118.98999786376952,112.68000030517578,112.81999969482422,231366600,117.31999969482422,1,AAPL,-0.0672949690084228,-0.14140026685463392,-0.0975122168874305,124.0479965209961,125.04449768066407,-0.30438487200517605,0.046206489136727265,0.0,0.0,0.0,0.0,0.0,0.0,0.0,0.0
2020-09-09,117.26000213623048,119.13999938964844,115.26000213623048,117.31999969482422,176940500,113.48999786376952,0,AAPL,0.039886545046732946,-0.029450675376261004,-0.05999241140944056,120.67599792480469,124.29399795532227,-0.2352374975471827,0.05046855642677653,0.0,0.0,0.0,0.0,0.0,0.0,0.0,0.0
2020-09-10,120.36000061035156,120.5,112.5,113.48999786376952,182274400,112.0,0,AAPL,-0.03264577089172693,-0.06175596294016539,-0.12050524047907218,117.09399871826172,122.99074783325196,0.0301451617916757,0.047508913669360255,0.0,0.0,0.0,0.0,0.0,0.0,0.0,0.0
2020-09-11,114.56999969482422,115.2300033569336,110.0,112.0,180860300,115.36000061035156,1,AAPL,-0.013128891460180259,-0.0072682121702030145,-0.16530029726096873,115.31799926757813,121.6897476196289,-0.007758083417089834,0.04063384522777316,0.0,0.0,0.0,0.0,0.0,0.0,0.0,0.0
2020-09-14,114.72000122070312,115.93000030517578,112.8000030517578,115.36000061035156,140150100,115.54000091552734,1,AAPL,0.03000000544956749,-0.016706436153861692,-0.12206996979595719,114.1979995727539,120.74499740600584,-0.2250919632445595,0.04568226926712112,0.0,0.0,0.0,0.0,0.0,0.0,0.0,0.0
2020-09-15,118.33000183105467,118.83000183105467,113.61000061035156,115.54000091552734,184642000,112.12999725341795,0,AAPL,0.0015603355081781345,0.018063292716056,-0.04417601306439156,114.74199981689453,119.3949981689453,0.31745892439605816,0.03656239239232802,0.0,0.0,0.0,0.0,0.0,0.0,0.0,0.0
2020-09-16,115.2300033569336,116.0,112.04000091552734,112.12999725341795,154679000,110.33999633789062,0,AAPL,-0.02951361982939993,0.0011606897626603718,-0.07299935431454696,113.70399932861328,117.18999862670898,-0.16227618851615555,0.037434922261128226,0.0,0.0,0.0,0.0,0.0,0.0,0.0,0.0
2020-09-17,109.72000122070312,112.1999969482422,108.70999908447266,110.33999633789062,178011000,106.83999633789062,0,AAPL,-0.01596362221860992,-0.043515986875007684,-0.02198194791386232,113.0739990234375,115.08399887084961,0.1508414199729764,0.028288226290087003,0.0,0.0,0.0,0.0,0.0,0.0,0.0,0.0
2020-09-18,110.4000015258789,110.87999725341795,106.08999633789062,106.83999633789062,287104900,110.08000183105467,1,AAPL,-0.03172013880879665,-0.07529863691101568,-0.08932836161093116,112.04199829101563,113.67999877929688,0.6128492059479471,0.02265273657181141,0.0,0.0,0.0,0.0,0.0,0.0,0.0,0.0
2020-09-21,104.54000091552734,110.19000244140624,103.0999984741211,110.08000183105467,195713800,111.80999755859376,1,AAPL,0.030325773158183633,-0.018282310466219087,-0.03004666575822934,110.98599853515626,112.59199905395508,-0.31831954104579896,0.02585525264385726,0.0,0.0,0.0,0.0,0.0,0.0,0.0,0.0
2020-09-22,112.68000030517578,112.86000061035156,109.16000366210938,111.80999755859376,183055400,107.12000274658205,0,AAPL,0.015715803949514884,0.013322469362801126,-0.0016964503696985656,110.23999786376953,112.49099884033203,-0.0646781167194137,0.02646100527976234,0.0,0.0,0.0,0.0,0.0,0.0,0.0,0.0
2020-09-23,111.62000274658205,112.11000061035156,106.7699966430664,107.12000274658205,150718700,108.22000122070312,1,AAPL,-0.0419461131778841,0.0026208013692350374,-0.07142855253270619,109.23799896240234,111.47099914550782,-0.1766498010984653,0.026862108195732717,0.0,0.0,0.0,0.0,0.0,0.0,0.0,0.0
2020-09-24,105.16999816894533,110.25,105.0,108.22000122070312,167743300,112.27999877929688,1,AAPL,0.010268842848365045,-0.01689680758914036,-0.06335467921777116,108.81399993896484,110.94399948120117,0.11295612289649526,0.02768761286627213,0.0,0.0,0.0,0.0,0.0,0.0,0.0,0.0
2020-09-25,108.43000030517578,112.44000244140624,107.66999816894533,112.27999877929688,149981400,114.95999908447266,1,AAPL,0.03751614778042578,0.004203570619494945,0.0013377466293869045,109.9020004272461,110.97199935913086,-0.10588738864681924,0.03081534873638137,0.0,0.0,0.0,0.0,0.0,0.0,0.0,0.0
2020-09-28,115.01000213623048,115.31999969482422,112.77999877929688,114.95999908447266,137672400,114.08999633789062,0,AAPL,0.023868902158110217,0.07318891091179291,0.04187060811960097,110.87799987792968,110.93199920654297,-0.08207017670191108,0.030924582279027377,0.0,0.0,0.0,0.0,0.0,0.0,0.0,0.0
2020-09-29,114.5500030517578,115.30999755859376,113.56999969482422,114.08999633789062,99382200,115.80999755859376,1,AAPL,-0.007567873638749334,0.05424131446105118,0.06785848229600511,111.33399963378906,110.7869987487793,-0.2781254630557759,0.027086038872614668,0.0,0.0,0.0,0.0,0.0,0.0,0.0,0.0
2020-09-30,113.79000091552734,117.26000213623048,113.62000274658205,115.80999755859376,142675200,116.79000091552734,1,AAPL,0.015075828520575651,0.03143924846521973,0.05205301264741258,113.0719985961914,111.15499877929688,0.4356212681949081,0.025733899527110016,0.0,0.0,0.0,0.0,0.0,0.0,0.0,0.0
2020-10-01,117.63999938964844,117.72000122070312,115.83000183105467,116.79000091552734,116120400,113.0199966430664,0,AAPL,0.00846216542261602,0.01591859643031146,0.044539875374953075,114.78599853515625,111.79999923706055,-0.18612064325124478,0.025495769973514156,0.0,0.0,0.0,0.0,0.0,0.0,0.0,0.0
2020-10-02,112.88999938964844,115.37000274658205,112.22000122070312,113.0199966430664,144712000,116.5,1,AAPL,-0.032280197302059555,-0.009378558411513027,0.05507835833837871,114.93399810791016,112.41799926757812,0.24622374707631045,0.022521268106403102,0.0,0.0,0.0,0.0,0.0,0.0,0.0,0.0
2020-10-05,113.91000366210938,116.6500015258789,113.5500030517578,116.5,106243800,113.16000366210938,0,AAPL,0.03079104105730912,0.005958055918765748,0.07651079916743586,115.24199829101562,113.05999908447265,-0.26582591630272545,0.024156471634522593,0.0,0.0,0.0,0.0,0.0,0.0,0.0,0.0
2020-10-06,115.6999969482422,116.12000274658205,112.25,113.16000366210938,161498200,115.08000183105467,1,AAPL,-0.028669496462580435,-0.03108140444354901,0.007837592557711659,115.05599975585938,113.19499969482422,0.5200717594814945,0.024914983262212802,0.0,0.0,0.0,0.0,0.0,0.0,0.0,0.0
2020-10-07,114.62000274658205,115.5500030517578,114.12999725341795,115.08000183105467,96849000,114.97000122070312,0,AAPL,0.016967109462795005,0.01822690894686585,0.001043865236062036,114.91000061035156,113.99099960327149,-0.4003091056123226,0.023996460890499602,0.0,0.0,0.0,0.0,0.0,0.0,0.0,0.0
2020-10-08,116.25,116.4000015258789,114.58999633789062,114.97000122070312,83477200,116.97000122070312,1,AAPL,-0.0009558620837791798,-0.01313303673216204,0.00771325191567418,114.54600067138672,114.66599960327149,-0.13806853968548982,0.023759654550775337,0.0,0.0,0.0,0.0,0.0,0.0,0.0,0.0
2020-10-09,115.27999877929688,117.0,114.91999816894533,116.97000122070312,100506900,124.4000015258789,1,AAPL,0.017395842208966172,0.033669118374812346,0.010016438015400642,115.33600158691407,115.1349998474121,0.20400420713679912,0.023998153567813055,0.0,0.0,0.0,0.0,0.0,0.0,0.0,0.0
2020-10-12,120.05999755859376,125.18000030517578,119.27999877929688,124.4000015258789,240226800,121.0999984741211,0,AAPL,0.0635205627736688,0.08098713544084424,0.06515969304474778,116.91600189208984,116.07900009155273,1.390152317900562,0.033668585113000145,0.0,0.0,0.0,0.0,0.0,0.0,0.0,0.0
2020-10-13,125.2699966430664,125.38999938964844,119.6500015258789,121.0999984741211,262330500,121.19000244140624,1,AAPL,-0.026527355396143704,0.053318232480927596,0.07149178969251357,118.50400085449219,116.78000030517578,0.09201179885008659,0.03252859552404134,0.0,0.0,0.0,0.0,0.0,0.0,0.0,0.0
2020-10-14,121.0,123.02999877929688,119.62000274658205,121.19000244140624,150712000,120.70999908447266,0,AAPL,0.000743220218160312,0.03607763680142795,0.04025753168589041,119.7260009765625,117.31800079345703,-0.4254880770630941,0.03134418164264219,0.0,0.0,0.0,0.0,0.0,0.0,0.0,0.0
2020-10-15,118.72000122070312,121.1999969482422,118.1500015258789,120.70999908447266,112559200,119.0199966430664,0,AAPL,-0.003960750451883599,-0.02966239868283782,0.06671964632404248,120.8740005493164,117.71000061035156,-0.2531503795318223,0.02799233537405038,0.0,0.0,0.0,0.0,0.0,0.0,0.0,0.0
2020-10-16,121.27999877929688,121.5500030517578,118.80999755859376,119.0199966430664,115393800,115.9800033569336,0,AAPL,-0.014000517390639566,-0.017175903032725315,0.0342370068588973,121.28399963378907,118.31000061035157,0.025183192488930306,0.029060234998160833,0.0,0.0,0.0,0.0,0.0,0.0,0.0,0.0
2020-10-19,119.95999908447266,120.41999816894533,115.66000366210938,115.9800033569336,120639300,117.51000213623048,1,AAPL,-0.025541870037600223,-0.04299033731756552,0.008784918896292071,119.6,118.25800094604492,0.045457381592425294,0.03132224930277633,0.0,0.0,0.0,0.0,0.0,0.0,0.0,0.0
2020-10-20,116.1999969482422,118.9800033569336,115.62999725341795,117.51000213623048,124423700,116.87000274658205,0,AAPL,0.013191918736096708,-0.02650979183590929,0.00461657612970745,118.88200073242187,118.69300079345703,0.03136954541347636,0.03100901612488913,0.0,0.0,0.0,0.0,0.0,0.0,0.0,0.0
2020-10-21,116.66999816894533,118.70999908447266,116.4499969482422,116.87000274658205,89946000,115.75,0,AAPL,-0.005446339698866431,-0.01806414012035351,-0.06053053606860603,118.01800079345703,118.87200088500977,-0.2770991378652138,0.014323507209036112,0.0,0.0,0.0,0.0,0.0,0.0,0.0,0.0
2020-10-22,117.4499969482422,118.04000091552734,114.58999633789062,115.75,101988000,115.04000091552734,0,AAPL,-0.009583320957137542,-0.00198312942124812,-0.04417835294411154,117.0260009765625,118.95000076293945,0.13388032819691809,0.01208328747917589,0.0,0.0,0.0,0.0,0.0,0.0,0.0,0.0
2020-10-23,116.38999938964844,116.5500030517578,114.27999877929688,115.04000091552734,82572600,115.0500030517578,1,AAPL,-0.006133901377733508,-0.021019497709136692,-0.050746772852425126,116.2300018310547,118.75700073242187,-0.19036945523002702,0.01168133417078433,0.0,0.0,0.0,0.0,0.0,0.0,0.0,0.0
2020-10-26,114.01000213623048,116.5500030517578,112.87999725341795,115.0500030517578,111850700,116.5999984741211,1,AAPL,8.694485527516171e-05,-0.015572855754702797,-0.04688920616057668,116.04400177001953,117.82200088500977,0.3545740354548603,0.011973795382677555,0.0,0.0,0.0,0.0,0.0,0.0,0.0,0.0
2020-10-27,115.48999786376952,117.27999877929688,114.54000091552734,116.5999984741211,92276800,111.1999969482422,0,AAPL,0.013472363157313483,0.007343399344458712,-0.02033270237943907,115.86200103759765,117.37200088500977,-0.17500024586345908,0.013602523683352921,0.0,0.0,0.0,0.0,0.0,0.0,0.0,0.0
2020-10-28,115.0500030517578,115.43000030517578,111.0999984741211,111.1999969482422,143937800,115.31999969482422,1,AAPL,-0.04631219208015169,-0.033379728239960826,-0.04121405647817333,114.72799987792969,116.37300033569336,0.559848195862882,0.020093774548859897,0.0,0.0,0.0,0.0,0.0,0.0,0.0,0.0
2020-10-29,112.37000274658205,116.93000030517578,112.1999969482422,115.31999969482422,146129200,108.86000061035156,0,AAPL,0.037050385428514465,0.0023467764963460702,-0.018636732206568918,114.64199981689453,115.83400039672851,0.015224631750659023,0.025224168345245622,0.0,0.0,0.0,0.0,0.0,0.0,0.0,0.0
2020-10-30,111.05999755859376,111.98999786376952,107.72000122070312,108.86000061035156,190272600,108.7699966430664,0,AAPL,-0.05601802897648289,-0.06638077156997046,-0.06853770812001403,113.40599975585937,114.81800079345703,0.30208473049876416,0.03244701785772414,0.0,0.0,0.0,0.0,0.0,0.0,0.0,0.0
2020-11-02,109.11000061035156,110.68000030517578,107.31999969482422,108.7699966430664,122866900,110.44000244140624,1,AAPL,-0.0008267863933540953,-0.021852521329715824,-0.06030240481152138,112.14999847412109,114.09700012207031,-0.35425857427711605,0.0326176429308949,0.0,0.0,0.0,0.0,0.0,0.0,0.0,0.0
2020-11-03,109.66000366210938,111.48999786376952,108.7300033569336,110.44000244140624,107624400,114.9499969482422,1,AAPL,0.015353551989341518,-0.04231700716555764,-0.03998607821203726,110.91799926757812,113.39000015258789,-0.12405700803064124,0.03385230640997987,0.0,0.0,0.0,0.0,0.0,0.0,0.0,0.0
2020-11-04,114.13999938964844,115.58999633789062,112.3499984741211,114.9499969482422,138235500,119.02999877929688,1,AAPL,0.04083660274481371,0.0559433796044968,-0.0008692403377912328,111.66799926757812,113.1979995727539,0.28442527902594583,0.0381647989013543,0.0,0.0,0.0,0.0,0.0,0.0,0.0,0.0
2020-11-05,117.9499969482422,119.62000274658205,116.87000274658205,119.02999877929688,126387100,118.69000244140624,0,AAPL,0.03549370978140831,0.09432750255476363,0.02084048316445819,112.40999908447266,113.5259994506836,-0.08571170213150747,0.04026156144940621,0.0,0.0,0.0,0.0,0.0,0.0,0.0,0.0
2020-11-06,118.31999969482422,119.1999969482422,116.12999725341795,118.69000244140624,114457900,116.31999969482422,0,AAPL,-0.00285639201358856,0.07470119356776572,0.06735616635538433,114.3759994506836,113.89099960327148,-0.09438621504884592,0.034161288702184066,0.0,0.0,0.0,0.0,0.0,0.0,0.0,0.0
2020-11-09,120.5,121.98999786376952,116.0500030517578,116.31999969482422,154515300,115.97000122070312,0,AAPL,-0.019968006553475415,0.011918249525477487,0.00867152274233729,115.88600006103516,114.01799926757812,0.349974968962387,0.03338693565326018,0.0,0.0,0.0,0.0,0.0,0.0,0.0,0.0
2020-11-10,115.5500030517578,117.58999633789062,114.12999725341795,115.97000122070312,138023400,119.48999786376952,1,AAPL,-0.003008927742772949,-0.0257077845078999,0.06531325161204782,116.99199981689453,113.95499954223632,-0.10673311963281307,0.022270189286650238,0.0,0.0,0.0,0.0,0.0,0.0,0.0,0.0
2020-11-11,117.19000244140624,119.62999725341795,116.44000244140624,119.48999786376952,112295000,119.20999908447266,0,AAPL,0.03035264815051142,0.006740208997452868,0.09855660155880375,117.9,114.78399963378907,-0.18640607317309965,0.023015320388705067,0.0,0.0,0.0,0.0,0.0,0.0,0.0,0.0
2020-11-12,119.62000274658205,120.52999877929688,118.56999969482422,119.20999908447266,103162300,119.26000213623048,1,AAPL,-0.0023432821516666813,0.02484524928843368,0.07940960203907399,117.93600006103516,115.17299957275391,-0.08132775279398019,0.023768591952907748,0.0,0.0,0.0,0.0,0.0,0.0,0.0,0.0
2020-11-13,119.44000244140624,119.66999816894533,117.87000274658205,119.26000213623048,81581900,120.3000030517578,1,AAPL,0.00041945350341277,0.02836941347673294,0.037494608981406996,118.05,116.2129997253418,-0.20918882188551435,0.019980958281328325,0.0,0.0,0.0,0.0,0.0,0.0,0.0,0.0
2020-11-16,118.91999816894533,120.98999786376952,118.1500015258789,120.3000030517578,91183000,119.38999938964844,0,AAPL,0.008720450250699452,0.006778853481207436,0.010669615101111862,118.84600067138672,117.36600036621094,0.11768664372857218,0.015278729127962994,0.0,0.0,0.0,0.0,0.0,0.0,0.0,0.0
2020-11-17,119.5500030517578,120.66999816894533,118.95999908447266,119.38999938964844,74271000,118.02999877929688,0,AAPL,-0.0075644525272192675,0.0015099430128191482,0.005897690907772812,119.53000030517578,118.26100006103516,-0.1854731693407763,0.015608515612490272,0.0,0.0,0.0,0.0,0.0,0.0,0.0,0.0
2020-11-18,118.61000061035156,119.81999969482422,118.0,118.02999877929688,76322100,118.63999938964844,1,AAPL,-0.011391243967704412,-0.01031362849992723,0.014700817477295347,119.23800048828124,118.56900024414062,0.027616431716282364,0.013940901312953535,0.0,0.0,0.0,0.0,0.0,0.0,0.0,0.0
2020-11-19,117.58999633789062,119.05999755859376,116.80999755859376,118.63999938964844,74113000,117.33999633789062,0,AAPL,0.005168182806577715,-0.013798866334152615,0.02302317962266831,119.1240005493164,118.53000030517578,-0.028944434180925294,0.013776311380032692,0.0,0.0,0.0,0.0,0.0,0.0,0.0,0.0
2020-11-20,118.63999938964844,118.7699966430664,117.29000091552734,117.33999633789062,73604300,113.8499984741211,0,AAPL,-0.010957544322705348,-0.017170642953663995,-0.017993150592655494,118.73999938964843,118.39499969482422,-0.0068638430504769365,0.007846990159745134,0.0,0.0,0.0,0.0,0.0,0.0,0.0,0.0
2020-11-23,117.18000030517578,117.62000274658205,113.75,113.8499984741211,127959300,115.16999816894533,1,AAPL,-0.02974261098253128,-0.03541472802174572,-0.044962676382150124,117.44999847412109,118.1479995727539,0.7384758770887028,0.012915301746775023,0.0,0.0,0.0,0.0,0.0,0.0,0.0,0.0
2020-11-24,113.91000366210938,115.8499984741211,112.58999633789062,115.16999816894533,113874200,116.02999877929688,1,AAPL,0.01159420037343506,-0.029248156090313282,-0.03429485069615501,116.60599822998047,118.06799926757813,-0.11007484411058832,0.014503022855656213,0.0,0.0,0.0,0.0,0.0,0.0,0.0,0.0
2020-11-25,115.5500030517578,116.75,115.16999816894533,116.02999877929688,76499200,116.58999633789062,1,AAPL,0.007467227785225683,-0.011164117943395002,-0.035494631455859516,116.20599822998047,117.72199935913086,-0.3282130631872716,0.014313622827078504,0.0,0.0,0.0,0.0,0.0,0.0,0.0,0.0
2020-11-27,116.56999969482422,117.48999786376952,116.22000122070312,116.58999633789062,46691300,119.0500030517578,1,AAPL,0.0048263170256421795,0.024066736060539773,-0.02345257614600993,115.7959976196289,117.45999908447266,-0.3896498264034134,0.014713003557577124,0.0,0.0,0.0,0.0,0.0,0.0,0.0,0.0
2020-11-30,116.97000122070312,120.97000122070312,116.80999755859376,119.0500030517578,169410200,122.72000122070312,1,AAPL,0.021099637971836005,0.03368937175045206,0.008641906998306581,116.13799896240235,117.43899917602539,2.628303345591149,0.016719757364056103,0.0,0.0,0.0,0.0,0.0,0.0,0.0,0.0
2020-12-01,121.01000213623048,123.47000122070312,120.01000213623048,122.72000122070312,127728200,123.08000183105467,1,AAPL,0.030827367281542672,0.05765752401783142,0.03438976611635658,117.91199951171875,117.68099899291992,-0.24604185580325155,0.020155819934917687,0.0,0.0,0.0,0.0,0.0,0.0,0.0,0.0
2020-12-02,122.0199966430664,123.37000274658205,120.88999938964844,123.08000183105467,89004200,122.94000244140624,0,AAPL,0.0029335121151450316,0.05566520024887289,0.04891772347286594,119.49400024414062,118.04999923706055,-0.30317502321335466,0.018969927429233722,0.0,0.0,0.0,0.0,0.0,0.0,0.0,0.0
2020-12-03,123.5199966430664,123.77999877929688,122.20999908447266,122.94000244140624,78967600,122.25,0,AAPL,-0.0011374665873064016,0.03267534052861154,0.07984193314988364,120.8760009765625,118.54099960327149,-0.11276546500052809,0.011242835656157572,0.0,0.0,0.0,0.0,0.0,0.0,0.0,0.0
2020-12-04,122.5999984741211,122.86000061035156,121.5199966430664,122.25,78260400,123.75,1,AAPL,-0.005612513646525263,-0.0038298664930572768,0.06147435915270982,122.00800170898438,118.90199966430664,-0.008955571652171312,0.012875931011631788,0.0,0.0,0.0,0.0,0.0,0.0,0.0,0.0
2020-12-07,122.30999755859376,124.56999969482422,122.25,123.75,86712000,124.37999725341795,1,AAPL,0.012269938650306678,0.005443598951720752,0.06653452815583938,122.94800109863282,119.54300003051758,0.10799331462655437,0.012931535639963939,0.0,0.0,0.0,0.0,0.0,0.0,0.0,0.0
2020-12-08,124.37000274658205,124.9800033569336,123.08999633789062,124.37999725341795,82225500,121.77999877929688,0,AAPL,0.005090886896306657,0.011712988314751538,0.06681534574330938,123.28000030517578,120.59599990844727,-0.051740243564904476,0.012916606917653506,0.0,0.0,0.0,0.0,0.0,0.0,0.0,0.0
2020-12-09,124.52999877929688,125.9499969482422,121.0,121.77999877929688,115089200,123.23999786376952,1,AAPL,-0.020903670457748214,-0.003844590762397737,0.02293150489338669,123.01999969482422,121.25699996948242,0.39967771555052867,0.01595033781741656,0.0,0.0,0.0,0.0,0.0,0.0,0.0,0.0
2020-12-10,120.5,123.87000274658205,120.1500015258789,123.23999786376952,81312200,122.41000366210938,0,AAPL,0.011988824922872787,-0.004121229383680647,0.004237260739031523,123.07999877929687,121.97799987792969,-0.2934854008890495,0.011514496297320976,0.0,0.0,0.0,0.0,0.0,0.0,0.0,0.0
2020-12-11,122.43000030517578,122.76000213623048,120.5500030517578,122.41000366210938,86939800,121.77999877929688,0,AAPL,-0.006734779422648329,-0.01583850807855236,-0.005443598951720641,123.11199951171875,122.56000061035157,0.06920978647730602,0.011773474679344106,0.0,0.0,0.0,0.0,0.0,0.0,0.0,0.0
2020-12-14,122.5999984741211,123.3499984741211,121.54000091552734,121.77999877929688,79184500,127.87999725341795,1,AAPL,-0.005146678081568545,0.0,-0.009435526590803711,122.71799926757812,122.83300018310547,-0.08920310375685248,0.011894078223436765,0.0,0.0,0.0,0.0,0.0,0.0,0.0,0.0
2020-12-15,124.33999633789062,127.9000015258789,124.12999725341795,127.87999725341795,157243700,127.80999755859376,0,AAPL,0.050090314791152,0.03765010929955981,0.04605314726722254,123.41799926757812,123.34899978637695,0.9857888854510668,0.022461432368764002,0.0,0.0,0.0,0.0,0.0,0.0,0.0,0.0
2020-12-16,127.41000366210938,128.3699951171875,126.55999755859376,127.80999755859376,98208600,128.6999969482422,1,AAPL,-0.0005473858017487343,0.04411399178934827,0.03280806107954559,124.6239990234375,123.82199935913086,-0.3754369809410488,0.02245079480787972,0.0,0.0,0.0,0.0,0.0,0.0,0.0,0.0
2020-12-17,128.89999389648438,129.5800018310547,128.0399932861328,128.6999969482422,94359800,126.66000366210938,0,AAPL,0.006963456745552321,0.056823766121779196,0.03473227038285298,125.71599884033203,124.39799880981445,-0.039190050565836354,0.022465518206440792,0.0,0.0,0.0,0.0,0.0,0.0,0.0,0.0
2020-12-18,128.9600067138672,129.10000610351562,126.12000274658205,126.66000366210938,192541500,128.22999572753906,1,AAPL,-0.015850764059871847,-0.009540144021828012,0.04007230195211764,126.56599884033203,124.8389991760254,1.0405034771163142,0.02155333973289287,0.0,0.0,0.0,0.0,0.0,0.0,0.0,0.0
2020-12-21,125.0199966430664,128.30999755859375,123.4499969482422,128.22999572753906,121251600,131.8800048828125,1,AAPL,0.012395326227985448,0.0032861135824115983,0.040490083984629166,127.85599822998047,125.2869987487793,-0.37025732114894716,0.02157325875441427,0.0,0.0,0.0,0.0,0.0,0.0,0.0,0.0
2020-12-22,131.61000061035156,134.41000366210938,129.64999389648438,131.8800048828125,168904800,130.9600067138672,0,AAPL,0.028464550236973585,0.024708686946194547,0.0773629682002408,128.65599975585937,126.03699951171875,0.39301089635105857,0.02223461187770637,0.0,0.0,0.0,0.0,0.0,0.0,0.0,0.0
2020-12-23,132.16000366210938,132.42999267578125,130.77999877929688,130.9600067138672,88223700,131.97000122070312,1,AAPL,-0.006976024680639181,0.03394917833121913,0.07538190200845163,129.28600158691407,126.95500030517579,-0.47767203773960243,0.022464349796002033,0.0,0.0,0.0,0.0,0.0,0.0,0.0,0.0
2020-12-24,131.32000732421875,133.4600067138672,131.10000610351562,131.97000122070312,54930100,136.69000244140625,1,AAPL,0.007712236217600754,0.029166385539860507,0.03198314087526977,129.94000244140625,127.82800064086913,-0.37737705401156374,0.014284544542963998,0.0,0.0,0.0,0.0,0.0,0.0,0.0,0.0
2020-12-28,133.99000549316406,137.33999633789062,133.50999450683594,136.69000244140625,124486200,134.8699951171875,0,AAPL,0.035765713245766495,0.03647253094104652,0.06947817113243815,131.9460021972656,129.25600051879883,1.2662656721906567,0.01817103282733444,0.0,0.0,0.0,0.0,0.0,0.0,0.0,0.0
2020-12-29,138.0500030517578,138.7899932861328,134.33999633789062,134.8699951171875,121047300,133.72000122070312,0,AAPL,-0.013314853257091142,0.029856354634000493,0.047940934850422945,133.2740020751953,130.56500015258788,-0.02762474876733323,0.02019858759461509,0.0,0.0,0.0,0.0,0.0,0.0,0.0,0.0
2020-12-30,135.5800018310547,135.99000549316406,133.39999389648438,133.72000122070312,96452100,132.69000244140625,0,AAPL,-0.008526684497060733,0.013260589405264422,0.05573975489079963,133.64200134277343,131.1490005493164,-0.2031866881789185,0.018977341998662047,0.0,0.0,0.0,0.0,0.0,0.0,0.0,0.0
2020-12-31,134.0800018310547,134.74000549316406,131.72000122070312,132.69000244140625,99116600,129.41000366210938,0,AAPL,-0.007702653080273847,-0.02926329598768307,0.03478130595390283,133.98800048828124,131.63700103759766,0.02762511132468859,0.019696161155318033,0.0,0.0,0.0,0.0,0.0,0.0,0.0,0.0
2021-01-04,133.52000427246094,133.61000061035156,126.76000213623048,129.41000366210938,143301900,131.00999450683594,1,AAPL,-0.024719260825586842,-0.04048336659561658,-0.01872915627276439,133.4760009765625,131.70800170898437,0.4457911187429755,0.01941916893398807,0.0,0.0,0.0,0.0,0.0,0.0,0.0,0.0
2021-01-05,128.88999938964844,131.74000549316406,128.42999267578125,131.00999450683594,97664900,126.5999984741211,0,AAPL,0.01236373386484213,-0.020266277962369683,0.00038170273675963706,132.33999938964843,132.14300079345702,-0.31846751508528504,0.02004799782938111,0.0,0.0,0.0,0.0,0.0,0.0,0.0,0.0
2021-01-06,127.72000122070312,131.0500030517578,126.37999725341795,126.5999984741211,155088000,130.9199981689453,1,AAPL,-0.0336615236823381,-0.04589647942748665,-0.040691086587181124,130.68600006103514,131.98000106811523,0.5879604648138685,0.02330689504792387,0.0,0.0,0.0,0.0,0.0,0.0,0.0,0.0
2021-01-07,128.36000061035156,131.6300048828125,127.86000061035156,130.9199981689453,109578200,132.0500030517578,1,AAPL,0.03412322074954277,0.011668298153970635,-0.042212335718805116,130.1259994506836,131.8840003967285,-0.2934450118642319,0.022823289662277244,0.0,0.0,0.0,0.0,0.0,0.0,0.0,0.0
2021-01-08,132.42999267578125,132.6300048828125,130.22999572753906,132.0500030517578,105158200,128.97999572753906,0,AAPL,0.008631262592551314,0.007938390874961954,-0.020908965429852766,129.9979995727539,131.99300003051758,-0.040336490287301685,0.023143226914769006,0.0,0.0,0.0,0.0,0.0,0.0,0.0,0.0
2021-01-11,129.19000244140625,130.1699981689453,128.5,128.97999572753906,100384500,128.8000030517578,0,AAPL,-0.023248824333729434,0.018799346620090862,-0.035447243866986944,129.91199798583983,131.69399948120116,-0.04539541376706713,0.024387513333056332,0.0,0.0,0.0,0.0,0.0,0.0,0.0,0.0
2021-01-12,128.5,129.69000244140625,126.86000061035156,128.8000030517578,91951100,130.88999938964844,1,AAPL,-0.0013955084644402538,-0.016193057950182332,-0.02931644674108891,129.46999969482422,130.90499954223634,-0.0840109777903959,0.02438269083276963,0.0,0.0,0.0,0.0,0.0,0.0,0.0,0.0
2021-01-13,128.75999450683594,131.4499969482422,128.49000549316406,130.88999938964844,88636800,128.91000366210938,0,AAPL,0.016226679257536736,-0.008784578836054324,0.011436486250346878,130.3279998779297,130.50699996948242,-0.03604415825368046,0.02347454399959566,0.0,0.0,0.0,0.0,0.0,0.0,0.0,0.0
2021-01-14,130.8000030517578,131.0,128.75999450683594,128.91000366210938,90221800,127.13999938964844,0,AAPL,-0.015127173479807188,-0.0005426583016605591,-0.016029241529484928,129.9260009765625,130.02600021362304,0.017881963247770694,0.023723217180182974,0.0,0.0,0.0,0.0,0.0,0.0,0.0,0.0
2021-01-15,128.77999877929688,130.22000122070312,127.0,127.13999938964844,111598500,127.83000183105467,1,AAPL,-0.013730542410815172,-0.012888226884919418,0.004265410126665481,128.94400024414062,129.47099990844725,0.23693497580407397,0.02023908671875758,0.0,0.0,0.0,0.0,0.0,0.0,0.0,0.0
2021-01-19,127.77999877929688,128.7100067138672,126.94000244140624,127.83000183105467,90757300,132.02999877929688,1,AAPL,0.005427107477730786,-0.02337839080802817,-0.023602172174667757,128.71400146484376,129.31299972534177,-0.18675161404499163,0.014434147054059149,0.0,0.0,0.0,0.0,0.0,0.0,0.0,0.0
2021-01-20,128.66000366210938,132.49000549316406,128.5500030517578,132.02999877929688,104319500,136.8699951171875,1,AAPL,0.0328561127128284,0.024202893713085594,-0.00015149013251514187,129.36000061035156,129.41500015258788,0.14943370946469314,0.019714428295186767,0.0,0.0,0.0,0.0,0.0,0.0,0.0,0.0
2021-01-21,133.8000030517578,139.6699981689453,133.58999633789062,136.8699951171875,120150900,139.07000732421875,1,AAPL,0.03665830782882318,0.07652977642165437,0.06117227206547193,130.55599975585938,130.44199981689454,0.1517587795186901,0.020837986835426155,0.0,0.0,0.0,0.0,0.0,0.0,0.0,0.0
2021-01-22,136.27999877929688,139.85000610351562,135.02000427246094,139.07000732421875,114459400,142.9199981689453,1,AAPL,0.016073736286376095,0.08792932278933496,0.07973605612675305,132.58800048828124,131.2570007324219,-0.04736959939542695,0.02046994433290792,0.0,0.0,0.0,0.0,0.0,0.0,0.0,0.0
2021-01-25,143.07000732421875,145.08999633789062,136.5399932861328,142.9199981689453,157611700,143.16000366210938,1,AAPL,0.027683832904034755,0.0824812504001633,0.09190922786610001,135.74400024414064,132.34400024414063,0.3770096645622816,0.021377013591541677,0.0,0.0,0.0,0.0,0.0,0.0,0.0,0.0
2021-01-26,143.60000610351562,144.3000030517578,141.3699951171875,143.16000366210938,98390600,142.05999755859375,0,AAPL,0.0016792995818566414,0.045956080728551285,0.11054223563092269,138.81000061035155,133.76200103759766,-0.37574050657406777,0.01845757778592592,0.0,0.0,0.0,0.0,0.0,0.0,0.0,0.0
2021-01-27,143.42999267578125,144.3000030517578,140.41000366210938,142.05999755859375,140843800,137.08999633789062,0,AAPL,-0.007683752971338942,0.02149989269364405,0.11735093786826045,140.81600036621094,135.08800048828124,0.4314761776023319,0.01695647047199569,0.0,0.0,0.0,0.0,0.0,0.0,0.0,0.0
2021-01-28,139.52000427246094,141.99000549316406,136.6999969482422,137.08999633789062,142621100,131.9600067138672,0,AAPL,-0.03498522670784365,-0.04079206483170439,0.07243991531091698,140.86000061035156,135.70800018310547,0.012618943822873208,0.02577967916128407,0.0,0.0,0.0,0.0,0.0,0.0,0.0,0.0
2021-01-29,135.8300018310547,136.74000549316406,130.2100067138672,131.9600067138672,177523800,134.13999938964844,1,AAPL,-0.037420597863168426,-0.07823412029715204,-0.0005301224424509865,139.43800048828126,136.01300048828125,0.2447232562362791,0.02902339240988655,0.0,0.0,0.0,0.0,0.0,0.0,0.0,0.0
2021-02-01,133.75,135.3800048828125,130.92999267578125,134.13999938964844,106239800,134.99000549316406,1,AAPL,0.01652010127968695,-0.05575107915709099,-0.01994590359414894,137.68200073242187,136.71300048828124,-0.4015461588812317,0.025615198873677962,0.0,0.0,0.0,0.0,0.0,0.0,0.0,0.0
2021-02-02,135.72999572753906,136.30999755859375,134.61000061035156,134.99000549316406,83305400,133.94000244140625,0,AAPL,0.0063367087176327,-0.01531833759445611,-0.029337755203699967,136.04800109863282,137.4290008544922,-0.2158739003650233,0.02468005287215882,0.0,0.0,0.0,0.0,0.0,0.0,0.0,0.0
2021-02-03,135.75999450683594,135.77000427246094,133.61000061035156,133.94000244140625,89880900,137.38999938964844,1,AAPL,-0.007778376242906226,0.015004513692033594,-0.06283232467526223,134.42400207519532,137.62000122070313,0.0789324581599753,0.02035808263919335,0.0,0.0,0.0,0.0,0.0,0.0,0.0,0.0
2021-02-04,136.3000030517578,137.39999389648438,134.58999633789062,137.38999938964844,84183100,136.75999450683594,0,AAPL,0.025757778746879012,0.024228418180914257,-0.040304583157733664,134.48400268554687,137.67200164794923,-0.06339277866599025,0.02415306441317196,0.0,0.0,0.0,0.0,0.0,0.0,0.0,0.0
2021-02-05,137.35000610351562,137.4199981689453,135.86000061035156,136.75999450683594,75693800,136.91000366210938,1,AAPL,-0.004585522131241526,0.013112000456667161,-0.037308201765748894,135.44400024414062,137.44100036621094,-0.10084328089604688,0.02413706075300808,0.0,0.0,0.0,0.0,0.0,0.0,0.0,0.0
2021-02-08,136.02999877929688,136.9600067138672,134.9199981689453,136.91000366210938,71297200,136.00999450683594,0,AAPL,0.0010968789214593766,0.022174116519091402,-0.0013129526631368016,135.9980010986328,136.84000091552736,-0.058084017449249514,0.020246664193360717,0.0,0.0,0.0,0.0,0.0,0.0,0.0,0.0
2021-02-09,136.6199951171875,137.8800048828125,135.85000610351562,136.00999450683594,76774200,135.38999938964844,0,AAPL,-0.006573728224378961,-0.010044434740105856,0.03069102445372307,136.20199890136718,136.125,0.07681928603086807,0.012696378005942203,0.0,0.0,0.0,0.0,0.0,0.0,0.0,0.0
2021-02-10,136.47999572753906,136.99000549316406,134.39999389648438,135.38999938964844,73046600,135.1300048828125,0,AAPL,-0.004558452630158305,-0.010017513689787538,0.009318622377274766,136.49199829101562,135.45800018310547,-0.048552769029179044,0.01181041461040421,0.0,0.0,0.0,0.0,0.0,0.0,0.0,0.0
2021-02-11,135.89999389648438,136.38999938964844,133.77000427246094,135.1300048828125,64280000,135.3699951171875,1,AAPL,-0.0019203376025409558,-0.0130012324277623,0.0010371092966250384,136.03999938964844,135.26200103759766,-0.12001379941023949,0.011644612802689204,0.0,0.0,0.0,0.0,0.0,0.0,0.0,0.0
2021-02-12,134.35000610351562,135.52999877929688,133.69000244140625,135.3699951171875,60145100,133.19000244140625,0,AAPL,0.0017759951580194056,-0.004705532060118367,0.01067636740119382,135.76199951171876,135.60299987792968,-0.06432638456751716,0.0111000455525627,0.0,0.0,0.0,0.0,0.0,0.0,0.0,0.0
2021-02-16,135.49000549316406,136.00999450683594,132.7899932861328,133.19000244140625,80576300,130.83999633789062,0,AAPL,-0.016103957704172722,-0.016249331251643295,-0.030569888397267375,135.01799926757812,135.50800018310548,0.3396984958043132,0.006003802727054583,0.0,0.0,0.0,0.0,0.0,0.0,0.0,0.0
2021-02-17,131.25,132.22000122070312,129.47000122070312,130.83999633789062,97918500,129.7100067138672,0,AAPL,-0.017644012767020212,-0.03174726848150611,-0.04328749931800713,133.98399963378907,135.09299926757814,0.2152270580803537,0.00782117680572247,0.0,0.0,0.0,0.0,0.0,0.0,0.0,0.0
2021-02-18,129.1999969482422,130.0,127.41000366210938,129.7100067138672,96856700,129.8699951171875,1,AAPL,-0.008636423537534132,-0.041811247746744495,-0.05258926853885426,132.8480010986328,134.6699996948242,-0.010843711862416172,0.007126422757459803,0.0,0.0,0.0,0.0,0.0,0.0,0.0,0.0
2021-02-19,130.24000549316406,130.7100067138672,128.8000030517578,129.8699951171875,87668800,126.0,0,AAPL,0.0012334314627955312,-0.02492685083986923,-0.04514373676663763,131.7959991455078,133.91799926757812,-0.0948607582129063,0.007895277320408971,0.0,0.0,0.0,0.0,0.0,0.0,0.0,0.0
2021-02-22,128.00999450683594,129.72000122070312,125.5999984741211,126.0,103916400,125.86000061035156,0,AAPL,-0.029798993321709433,-0.03699171868968465,-0.06935519190471595,129.9220001220703,132.84199981689454,0.1853293303889183,0.01168704858079185,0.0,0.0,0.0,0.0,0.0,0.0,0.0,0.0
2021-02-23,123.76000213623048,126.70999908447266,118.38999938964844,125.86000061035156,158273000,125.3499984741211,0,AAPL,-0.0011111062670511318,-0.029681642928355734,-0.06860063596164356,128.45599975585938,131.73699951171875,0.5230800913041638,0.011785680402643942,0.0,0.0,0.0,0.0,0.0,0.0,0.0,0.0
2021-02-24,124.94000244140624,125.55999755859376,122.2300033569336,125.3499984741211,111039900,120.98999786376952,0,AAPL,-0.004052138358153767,-0.03480401026417079,-0.07401933223379575,127.35800018310547,130.67099990844727,-0.298428032576624,0.010990825224871874,0.0,0.0,0.0,0.0,0.0,0.0,0.0,0.0
2021-02-25,124.68000030517578,126.45999908447266,120.54000091552734,120.98999786376952,148199500,121.26000213623048,1,AAPL,-0.03478261398823801,-0.03976192171611492,-0.09159850104367884,125.61399841308594,129.2309997558594,0.3346508777475483,0.01425507319556894,0.0,0.0,0.0,0.0,0.0,0.0,0.0,0.0
2021-02-26,122.58999633789062,124.8499984741211,121.1999969482422,121.26000213623048,164560400,127.79000091552734,1,AAPL,0.00223162473946803,-0.03654853370263489,-0.07321915675478985,123.89199981689453,127.84399948120117,0.11039780835967727,0.015246730824210249,0.0,0.0,0.0,0.0,0.0,0.0,0.0,0.0
2021-03-01,123.75,127.93000030517578,122.79000091552734,127.79000091552734,116307900,125.12000274658205,0,AAPL,0.05385121774911972,0.019465516323161403,-0.01480229511185871,124.25,127.08600006103515,-0.29322060471413536,0.028867088231512204,0.0,0.0,0.0,0.0,0.0,0.0,0.0,0.0
2021-03-02,128.41000366210938,128.72000122070312,125.01000213623048,125.12000274658205,102260900,122.05999755859376,0,AAPL,-0.0208936391722091,0.03413509344353205,-0.03657497920377473,124.1020004272461,126.27900009155276,-0.12077425523115803,0.029682648938634853,0.0,0.0,0.0,0.0,0.0,0.0,0.0,0.0
2021-03-03,124.80999755859376,125.70999908447266,121.83999633789062,122.05999755859376,112966300,120.12999725341795,0,AAPL,-0.024456562666370862,0.0065973561625416455,-0.03126986064608128,123.44400024414062,125.40100021362305,0.1046871287070621,0.02899761490419801,0.0,0.0,0.0,0.0,0.0,0.0,0.0,0.0
2021-03-04,121.75,123.5999984741211,118.62000274658205,120.12999725341795,178155000,121.41999816894533,1,AAPL,-0.015811898605432417,-0.05994212072330185,-0.045526802233801456,123.27200012207031,124.44299926757813,0.577063248066016,0.029269939484191064,0.0,0.0,0.0,0.0,0.0,0.0,0.0,0.0
2021-03-05,120.9800033569336,121.94000244140624,117.56999969482422,121.41999816894533,153766600,116.36000061035156,0,AAPL,0.010738374635987702,-0.029571647190023698,-0.03135221661759435,123.30399932861329,123.5979995727539,-0.13689427745502514,0.029982195219809007,0.0,0.0,0.0,0.0,0.0,0.0,0.0,0.0
2021-03-08,120.93000030517578,121.0,116.20999908447266,116.36000061035156,154376600,121.08999633789062,1,AAPL,-0.041673510417560844,-0.04669832100812532,-0.038267603398350114,121.01799926757812,122.63399963378906,0.003967051362259388,0.031241854347976744,0.0,0.0,0.0,0.0,0.0,0.0,0.0,0.0
2021-03-09,119.02999877929688,122.05999755859376,118.79000091552734,121.08999633789062,129525800,119.9800033569336,0,AAPL,0.04064967087253768,0.007991335273632938,-0.0014019940239557993,120.21199798583984,122.15699920654296,-0.1609751736986046,0.03579618681909772,0.0,0.0,0.0,0.0,0.0,0.0,0.0,0.0
2021-03-10,121.69000244140624,122.16999816894533,119.4499969482422,119.9800033569336,111943300,121.95999908447266,1,AAPL,-0.009166677797724065,-0.011859618133152172,-0.06111587371970029,119.7959991455078,121.61999969482422,-0.1357451565634028,0.02692035209326934,0.0,0.0,0.0,0.0,0.0,0.0,0.0,0.0
2021-03-11,122.54000091552734,123.20999908447266,121.26000213623048,121.95999908447266,103026500,121.02999877929688,0,AAPL,0.016502714386902317,0.0481264905873755,-0.025255783190076042,120.16199951171875,121.71699981689456,-0.07965461086103409,0.027784549077408027,0.0,0.0,0.0,0.0,0.0,0.0,0.0,0.0
2021-03-12,120.4000015258789,121.16999816894533,119.16000366210938,121.02999877929688,88105100,123.98999786376952,1,AAPL,-0.007625453527034254,-0.0004954790685296473,-0.008438463050127853,120.08399963378906,121.69399948120117,-0.14483069889785638,0.02634101321996419,0.0,0.0,0.0,0.0,0.0,0.0,0.0,0.0
2021-03-15,121.41000366210938,124.0,120.41999816894533,123.98999786376952,92403800,125.56999969482422,1,AAPL,0.0244567389434609,0.033422190320385514,0.032131862970151914,121.60999908447266,121.31399917602539,0.048790592145063094,0.026935230679131207,0.0,0.0,0.0,0.0,0.0,0.0,0.0,0.0
2021-03-16,125.6999969482422,127.22000122070312,124.72000122070312,125.56999969482422,115227900,124.76000213623048,0,AAPL,0.012742978129499427,0.02959987403616804,0.034178896297663686,122.50599975585938,121.3589988708496,0.24700391109456543,0.0270189162889931,0.0,0.0,0.0,0.0,0.0,0.0,0.0,0.0
2021-03-17,124.0500030517578,125.86000061035156,122.33999633789062,124.76000213623048,111932600,120.52999877929688,0,AAPL,-0.006450565903976191,0.030818833302109105,0.07218976866464244,123.46199951171874,121.62899932861328,-0.02859810861779133,0.0189150393938181,0.0,0.0,0.0,0.0,0.0,0.0,0.0,0.0
2021-03-18,122.87999725341795,123.18000030517578,120.31999969482422,120.52999877929688,121229700,119.98999786376952,0,AAPL,-0.033905124114335106,-0.02790546934498872,-0.004624639322237001,123.17599945068359,121.66899948120117,0.08305980563303272,0.019851541092999962,0.0,0.0,0.0,0.0,0.0,0.0,0.0,0.0
2021-03-19,119.9000015258789,121.43000030517578,119.68000030517578,119.98999786376952,185549500,123.38999938964844,1,AAPL,-0.004480220036475413,-0.0444373803027468,8.330143820867164e-05,122.96799926757812,121.5259994506836,0.5305614053321916,0.01958750568011697,0.0,0.0,0.0,0.0,0.0,0.0,0.0,0.0
2021-03-22,120.33000183105467,123.87000274658205,120.26000213623048,123.38999938964844,111912300,122.54000091552734,0,AAPL,0.028335707862409576,-0.01098110550756548,0.011725158379062739,122.8479995727539,122.22899932861328,-0.3968601370523769,0.021634834335802718,0.0,0.0,0.0,0.0,0.0,0.0,0.0,0.0
2021-03-23,123.33000183105467,124.23999786376952,122.13999938964844,122.54000091552734,95467100,120.08999633789062,0,AAPL,-0.006888714468965329,0.016676364030426827,0.01247626333520846,122.24199981689453,122.37399978637696,-0.14694720776894055,0.021582684403210727,0.0,0.0,0.0,0.0,0.0,0.0,0.0,0.0
2021-03-24,122.81999969482422,122.9000015258789,120.06999969482422,120.08999633789062,88530500,120.58999633789062,1,AAPL,-0.019993508726392273,0.0008333900816852591,-0.03145416237658061,121.30799865722656,122.38499908447265,-0.07265958639154224,0.020369991837823873,0.0,0.0,0.0,0.0,0.0,0.0,0.0,0.0
2021-03-25,119.54000091552734,121.66000366210938,119.0,120.58999633789062,98844700,121.20999908447266,1,AAPL,0.0041635441356262515,-0.02269230136646483,-0.03965918108653832,121.31999816894532,122.24799880981445,0.1165044815063736,0.019403394507032427,0.0,0.0,0.0,0.0,0.0,0.0,0.0,0.0
2021-03-26,120.3499984741211,121.4800033569336,118.91999816894533,121.20999908447266,94071200,121.38999938964844,1,AAPL,0.005141411107143501,-0.010853613686289454,-0.028454656868965422,121.56399841308594,122.26599884033203,-0.048292928199488716,0.019809387586490982,0.0,0.0,0.0,0.0,0.0,0.0,0.0,0.0
2021-03-29,121.6500015258789,122.58000183105467,120.7300033569336,121.38999938964844,80819200,119.9000015258789,0,AAPL,0.0014850285169158983,0.010825240164884953,0.00713515821008448,121.16399841308593,122.00599899291993,-0.14087202034203883,0.014762250785736859,0.0,0.0,0.0,0.0,0.0,0.0,0.0,0.0
2021-03-30,120.11000061035156,120.4000015258789,118.86000061035156,119.9000015258789,85671900,122.1500015258789,1,AAPL,-0.012274469653688724,-0.005721824636915729,-0.0007500319984402593,120.63599853515625,121.43899917602539,0.06004390045929675,0.015528168511406695,0.0,0.0,0.0,0.0,0.0,0.0,0.0,0.0
2021-03-31,121.6500015258789,123.5199966430664,121.1500015258789,122.1500015258789,118323800,123.0,1,AAPL,0.018765637792876655,0.007755155915405654,-0.010049419482155875,121.04799957275391,121.17799911499023,0.3811273007835707,0.012798518208860325,0.0,0.0,0.0,0.0,0.0,0.0,0.0,0.0
2021-04-01,123.66000366210938,124.18000030517578,122.48999786376952,123.0,75089100,125.9000015258789,1,AAPL,0.006958644809685222,0.013263041588653657,0.0037538687859954845,121.53000030517578,121.42499923706055,-0.36539309927504016,0.012873574754831524,0.0,0.0,0.0,0.0,0.0,0.0,0.0,0.0
2021-04-05,123.87000274658205,126.16000366210938,123.06999969482422,125.9000015258789,88651200,126.20999908447266,1,AAPL,0.02357724817787732,0.05004170078100434,0.04838042605681325,122.46800079345704,122.01599960327148,0.18061343124368245,0.011736390087249995,0.0,0.0,0.0,0.0,0.0,0.0,0.0,0.0
2021-04-06,126.5,127.12999725341795,125.6500015258789,126.20999908447266,80171300,127.9000015258789,1,AAPL,0.002462252222689809,0.03323780194741621,0.04660422022764554,123.43200073242187,122.29799957275391,-0.09565465554893782,0.01181816600951449,0.0,0.0,0.0,0.0,0.0,0.0,0.0,0.0
2021-04-07,125.83000183105467,127.91999816894533,125.13999938964844,127.9000015258789,83466700,130.36000061035156,1,AAPL,0.013390400551981152,0.0398374107795032,0.05519348644449629,125.03200073242188,122.83399963378906,0.04110448502144792,0.012058704122002674,0.0,0.0,0.0,0.0,0.0,0.0,0.0,0.0
2021-04-08,128.9499969482422,130.38999938964844,128.52000427246094,130.36000061035156,88844600,133.0,1,AAPL,0.019233769000189582,0.035424932727708525,0.07389407089385025,126.6740005493164,123.86100006103516,0.06443168353367268,0.012379531126296459,0.0,0.0,0.0,0.0,0.0,0.0,0.0,0.0
2021-04-09,129.8000030517578,133.0399932861328,129.47000122070312,133.0,106686700,131.24000549316406,0,AAPL,0.020251606146730827,0.05379923116062124,0.10925770064559703,128.67400054931642,125.1020004272461,0.20082368540125128,0.007721011857938147,0.0,0.0,0.0,0.0,0.0,0.0,0.0,0.0
2021-04-12,132.52000427246094,132.85000610351562,130.6300048828125,131.24000549316406,91420000,134.42999267578125,1,AAPL,-0.013233041404781432,0.026114182388100593,0.0744167323269278,129.74200134277345,126.10500106811523,-0.1430984368248338,0.012851976357331547,0.0,0.0,0.0,0.0,0.0,0.0,0.0,0.0
2021-04-13,132.44000244140625,134.66000366210938,131.92999267578125,134.42999267578125,91266500,132.02999877929688,0,AAPL,0.024306515156183428,0.03122117249442935,0.09292676972179881,131.38600006103516,127.40900039672852,-0.0016790636622183719,0.013725791077691478,0.0,0.0,0.0,0.0,0.0,0.0,0.0,0.0
2021-04-14,134.94000244140625,135.0,131.66000366210938,132.02999877929688,87222800,134.5,1,AAPL,-0.017853113347054084,-0.0072932422609257586,0.04868941365467694,132.21199951171874,128.62200012207032,-0.04430650896002364,0.01689792570001456,0.0,0.0,0.0,0.0,0.0,0.0,0.0,0.0
2021-04-15,133.82000732421875,135.0,133.63999938964844,134.5,89347100,134.16000366210938,0,AAPL,0.018707878842231906,0.024839944913029877,0.06568418489551542,133.03999938964844,129.85699996948242,0.024354870515507443,0.017291951431908235,0.0,0.0,0.0,0.0,0.0,0.0,0.0,0.0
2021-04-16,134.3000030517578,134.6699981689453,133.27999877929688,134.16000366210938,84922400,134.83999633789062,1,AAPL,-0.002527853813313219,-0.002008398634098185,0.048944503999586164,133.27200012207032,130.97300033569337,-0.04952259222739186,0.017699771207056122,0.0,0.0,0.0,0.0,0.0,0.0,0.0,0.0
2021-04-19,133.50999450683594,135.47000122070312,133.33999633789062,134.83999633789062,94264200,133.11000061035156,0,AAPL,0.005068520104500429,0.021283023438415594,0.03436633711693404,133.99199829101562,131.86699981689452,0.11000395655327688,0.016855412915651798,0.0,0.0,0.0,0.0,0.0,0.0,0.0,0.0
2021-04-20,135.02000427246094,135.52999877929688,131.80999755859375,133.11000061035156,94812300,133.5,1,AAPL,-0.012829989428388311,-0.010334567952776541,0.0008270722582823797,133.72799987792968,132.55699996948243,0.005814508583322109,0.01648708231536394,0.0,0.0,0.0,0.0,0.0,0.0,0.0,0.0
2021-04-21,132.36000061035156,133.75,131.3000030517578,133.5,68847100,131.94000244140625,0,AAPL,0.002929902996470446,-0.004919526267840868,0.01722031706981042,134.02200012207032,133.11699981689452,-0.27385898243160434,0.01538140461502036,0.0,0.0,0.0,0.0,0.0,0.0,0.0,0.0
2021-04-22,133.0399932861328,134.14999389648438,131.41000366210938,131.94000244140625,84566500,134.32000732421875,1,AAPL,-0.011685374970739737,-0.021506926544386573,-0.018522579558420182,133.51000061035157,133.275,0.22832334259540343,0.012670642631767221,0.0,0.0,0.0,0.0,0.0,0.0,0.0,0.0
2021-04-23,132.16000366210938,135.1199951171875,132.16000366210938,134.32000732421875,78657500,134.72000122070312,1,AAPL,0.01803853902359487,0.00909027652557226,0.017344607786824895,133.54200134277343,133.40700073242186,-0.06987400448168013,0.012730740939278772,0.0,0.0,0.0,0.0,0.0,0.0,0.0,0.0
2021-04-26,134.8300018310547,135.05999755859375,133.55999755859375,134.72000122070312,66905100,134.38999938964844,0,AAPL,0.002977917470767144,0.009138585922869868,0.0016356968082016365,133.51800231933595,133.75500030517577,-0.1494123255887868,0.010610705460575302,0.0,0.0,0.0,0.0,0.0,0.0,0.0,0.0
2021-04-27,135.00999450683594,135.41000366210938,134.11000061035156,134.38999938964844,66015800,133.5800018310547,0,AAPL,-0.002449538509980198,0.01856902306281394,0.0017143390076099774,133.7740020751953,133.7510009765625,-0.013291961300409105,0.01060729012323145,0.0,0.0,0.0,0.0,0.0,0.0,0.0,0.0
2021-04-28,134.30999755859375,135.02000427246094,133.0800018310547,133.5800018310547,107760100,133.47999572753906,0,AAPL,-0.0060272160300057775,-0.0055092722812161155,-0.00934436770287772,133.79000244140624,133.90600128173827,0.6323380160507031,0.010603741542526248,0.0,0.0,0.0,0.0,0.0,0.0,0.0,0.0
2021-04-29,136.47000122070312,137.07000732421875,132.4499969482422,133.47999572753906,151101000,131.4600067138672,0,AAPL,-0.0007486607437100501,-0.009204316225715048,0.0027796192283897625,134.0980010986328,133.8040008544922,0.4021980306254356,0.009318090686903216,0.0,0.0,0.0,0.0,0.0,0.0,0.0,0.0
2021-04-30,131.77999877929688,133.55999755859375,131.07000732421875,131.4600067138672,109839500,132.5399932861328,1,AAPL,-0.015133271488823707,-0.021802163026179322,-0.015280848585264462,133.5260009765625,133.53400115966798,-0.27307231586819414,0.010881540695189897,0.0,0.0,0.0,0.0,0.0,0.0,0.0,0.0
2021-05-03,132.0399932861328,134.07000732421875,131.8300018310547,132.5399932861328,75135100,127.8499984741211,0,AAPL,0.008215324183090233,-0.007785660508054404,0.004547452126909102,133.08999938964843,133.3040008544922,-0.3159555533300862,0.010569294914696502,0.0,0.0,0.0,0.0,0.0,0.0,0.0,0.0
2021-05-04,131.19000244140625,131.49000549316406,126.6999969482422,127.8499984741211,137564700,128.10000610351562,1,AAPL,-0.035385506636376296,-0.04217858430944199,-0.048168615971561746,131.78199920654296,132.77800064086915,0.8308979425062322,0.014512382435665048,0.0,0.0,0.0,0.0,0.0,0.0,0.0,0.0
2021-05-05,129.1999969482422,130.4499969482422,127.97000122070312,128.10000610351562,84000900,129.74000549316406,1,AAPL,0.0019554762016296134,-0.02555910876883538,-0.04913891817995453,130.68600006103514,132.2380012512207,-0.38937169201110455,0.014400688748124996,0.0,0.0,0.0,0.0,0.0,0.0,0.0,0.0
2021-05-06,127.88999938964844,129.75,127.12999725341795,129.74000549316406,78128300,130.2100067138672,1,AAPL,0.01280249267375666,-0.02112560687191245,-0.034600743489865304,129.93800201416016,132.01800155639648,-0.0699111557138078,0.016253090259460253,0.0,0.0,0.0,0.0,0.0,0.0,0.0,0.0
2021-05-07,130.85000610351562,131.25999450683594,129.47999572753906,130.2100067138672,78973300,126.8499984741211,0,AAPL,0.003622639130594907,0.018459196463923355,-0.025228290694663258,129.68800201416016,131.60700149536132,0.010815543151457385,0.016548406275132117,0.0,0.0,0.0,0.0,0.0,0.0,0.0,0.0
2021-05-10,129.41000366210938,129.5399932861328,126.80999755859376,126.8499984741211,88071200,125.91000366210938,0,AAPL,-0.025804531652698692,-0.009758060654457834,-0.049670343614268586,128.5500030517578,130.82000122070312,0.11520222657531098,0.01844861215369934,0.0,0.0,0.0,0.0,0.0,0.0,0.0,0.0
2021-05-11,123.5,126.2699966430664,122.7699966430664,125.91000366210938,126142800,122.7699966430664,0,AAPL,-0.007410286348592199,-0.029520592484146957,-0.042218186279556646,128.16200408935546,129.9720016479492,0.4322820626947288,0.018116338559881276,0.0,0.0,0.0,0.0,0.0,0.0,0.0,0.0
2021-05-12,123.4000015258789,124.63999938964844,122.25,122.7699966430664,112172300,124.97000122070312,1,AAPL,-0.02493850311901713,-0.05713854302419319,-0.07371357430186776,127.09600219726562,128.8910011291504,-0.11075146579907846,0.018114151960125988,0.0,0.0,0.0,0.0,0.0,0.0,0.0,0.0
2021-05-13,124.58000183105467,126.1500015258789,124.26000213623048,124.97000122070312,105861300,127.4499969482422,1,AAPL,0.017919724996269926,-0.014820632842195147,-0.022526376908803214,126.14200134277344,128.0400016784668,-0.056261661747151526,0.01720688345543858,0.0,0.0,0.0,0.0,0.0,0.0,0.0,0.0
2021-05-14,126.25,127.88999938964844,125.8499984741211,127.4499969482422,81918000,126.2699966430664,0,AAPL,0.019844728361323227,0.01223090494275203,-0.005074232039834259,125.58999938964844,127.6390007019043,-0.22617613802211012,0.019289149793229553,0.0,0.0,0.0,0.0,0.0,0.0,0.0,0.0
2021-05-17,126.81999969482422,126.93000030517578,125.16999816894533,126.2699966430664,74244600,124.8499984741211,0,AAPL,-0.009258535374112253,0.02850859408407147,-0.026745866372577698,125.4739990234375,127.01200103759766,-0.09367172050098882,0.01852805727022657,0.0,0.0,0.0,0.0,0.0,0.0,0.0,0.0
2021-05-18,126.55999755859376,126.98999786376952,124.77999877929688,124.8499984741211,63342900,124.69000244140624,0,AAPL,-0.011245729046459818,-0.0009602524238605525,-0.04116433425523558,125.26199798583984,126.71200103759766,-0.14683492132761167,0.018398094165792092,0.0,0.0,0.0,0.0,0.0,0.0,0.0,0.0
2021-05-19,123.16000366210938,124.91999816894533,122.86000061035156,124.69000244140624,92612000,127.30999755859376,1,AAPL,-0.0012815060846638193,-0.021655508614541685,-0.01702795473943597,125.64599914550782,126.37100067138672,0.46207388673395133,0.016162287963162,0.0,0.0,0.0,0.0,0.0,0.0,0.0,0.0
2021-05-20,125.2300033569336,127.72000122070312,125.0999984741211,127.30999755859376,76857100,125.43000030517578,0,AAPL,0.021012070461853716,0.008236326468489485,0.011119004493411078,126.11399841308594,126.12799987792968,-0.17011726342158684,0.018126610389991346,0.0,0.0,0.0,0.0,0.0,0.0,0.0,0.0
2021-05-21,127.81999969482422,128.0,125.20999908447266,125.43000030517578,79295400,127.0999984741211,1,AAPL,-0.014767082628783568,0.004645589412441309,0.021666561332919887,125.70999908447266,125.64999923706054,0.031725110627385034,0.015904804541060823,0.0,0.0,0.0,0.0,0.0,0.0,0.0,0.0
2021-05-24,126.01000213623048,127.94000244140624,125.94000244140624,127.0999984741211,63092900,126.9000015258789,0,AAPL,0.01331418452429367,0.01932790107889648,0.017044068437322757,125.8759994506836,125.67499923706055,-0.20433089435200524,0.01527602206096976,0.0,0.0,0.0,0.0,0.0,0.0,0.0,0.0
2021-05-25,127.81999969482422,128.32000732421875,126.31999969482422,126.9000015258789,72009500,126.8499984741211,0,AAPL,-0.0015735401309459052,-0.0032204543286253884,-0.0043153819971188945,126.28600006103515,125.7739990234375,0.14132493513533229,0.01323558034351669,0.0,0.0,0.0,0.0,0.0,0.0,0.0,0.0
2021-05-26,126.95999908447266,127.38999938964844,126.41999816894533,126.8499984741211,56575900,125.27999877929688,0,AAPL,-0.0003940350760958111,0.011321040943079064,0.004593346372647966,126.71799926757812,126.18199920654297,-0.21432727626215986,0.012674892173952897,0.0,0.0,0.0,0.0,0.0,0.0,0.0,0.0
2021-05-27,126.44000244140624,127.63999938964844,125.08000183105467,125.27999877929688,94625600,124.61000061035156,0,AAPL,-0.012376820762394547,-0.014319431287757145,0.003444135445984209,126.31199951171875,126.21299896240234,0.6725425490358969,0.01285878751621896,0.0,0.0,0.0,0.0,0.0,0.0,0.0,0.0
2021-05-28,125.56999969482422,125.8000030517578,124.5500030517578,124.61000061035156,71311100,124.27999877929688,0,AAPL,-0.005348005870638883,-0.01804571227731888,-0.0006416058183355,126.1479995727539,125.92899932861329,-0.24638681287093556,0.013046436035945071,0.0,0.0,0.0,0.0,0.0,0.0,0.0,0.0
2021-06-01,125.08000183105467,125.3499984741211,123.94000244140624,124.27999877929688,67637100,125.05999755859376,1,AAPL,-0.002648277260559384,-0.020260147621117497,-0.023800163674516983,125.58399963378906,125.72999954223633,-0.051520730994193076,0.00918231481013696,0.0,0.0,0.0,0.0,0.0,0.0,0.0,0.0
2021-06-02,124.27999877929688,125.23999786376952,124.0500030517578,125.05999755859376,59278900,123.54000091552734,0,AAPL,0.006276140867059743,-0.0017560761721484575,-0.0029498743975268082,125.21599884033203,125.7509994506836,-0.1235741922702186,0.008236183807499324,0.0,0.0,0.0,0.0,0.0,0.0,0.0,0.0
2021-06-03,124.68000030517578,124.8499984741211,123.12999725341795,123.54000091552734,76229200,125.88999938964844,1,AAPL,-0.012154139395007313,-0.008586788296150116,-0.028009422512452642,124.55399932861329,125.6359992980957,0.2859415407505874,0.006643145838422318,0.0,0.0,0.0,0.0,0.0,0.0,0.0,0.0
2021-06-04,124.06999969482422,126.16000366210938,123.8499984741211,125.88999938964844,75169300,125.9000015258789,1,AAPL,0.019022166559055975,0.012954623641497465,-0.007959039590905714,124.67599945068359,125.49399948120117,-0.013904120730638625,0.011027314425094619,0.0,0.0,0.0,0.0,0.0,0.0,0.0,0.0
2021-06-07,126.16999816894533,126.31999969482422,124.83000183105467,125.9000015258789,71057600,126.73999786376952,1,AAPL,7.945139629006448e-05,0.006716807801723901,-0.007489136457782486,124.93399963378906,125.54099960327149,-0.05469919235645404,0.01103373804901102,0.0,0.0,0.0,0.0,0.0,0.0,0.0,0.0
2021-06-08,126.5999984741211,128.4600067138672,126.20999908447266,126.73999786376952,74403800,127.12999725341795,1,AAPL,0.0066719327061957046,0.025902516792356334,0.011653888080288777,125.42599945068359,125.50499954223633,0.047091373758753496,0.010073594958553823,0.0,0.0,0.0,0.0,0.0,0.0,0.0,0.0
2021-06-09,127.20999908447266,127.75,126.5199966430664,127.12999725341795,56877900,126.11000061035156,0,AAPL,0.003077161087438496,0.009849852011926119,0.02022306902113158,125.83999938964844,125.52799911499024,-0.23555114120515352,0.009582513124707004,0.0,0.0,0.0,0.0,0.0,0.0,0.0,0.0
2021-06-10,127.0199966430664,128.19000244140625,125.94000244140624,126.11000061035156,71186400,127.3499984741211,1,AAPL,-0.00802325702118245,0.0016679831765489261,0.014724829811951556,126.35399932861328,125.45399932861328,0.25156519491753393,0.010290706450912613,0.0,0.0,0.0,0.0,0.0,0.0,0.0,0.0
2021-06-11,126.52999877929688,127.44000244140624,126.0999984741211,127.3499984741211,53522400,130.47999572753906,1,AAPL,0.009832668763525065,0.0048130078951653665,0.018311218297077048,126.64599914550782,125.6609992980957,-0.24813728464987694,0.010611985203151661,0.0,0.0,0.0,0.0,0.0,0.0,0.0,0.0
2021-06-14,127.81999969482422,130.5399932861328,127.06999969482422,130.47999572753906,96906500,129.63999938964844,0,AAPL,0.024577913552578545,0.026350967879306353,0.05617609487276165,127.56199798583984,126.24799880981445,0.8105783746618238,0.011143526286425924,0.0,0.0,0.0,0.0,0.0,0.0,0.0,0.0
2021-06-15,129.94000244140625,130.60000610351562,129.38999938964844,129.63999938964844,62746300,130.14999389648438,1,AAPL,-0.006437740384699686,0.027991426232751193,0.029787910224649217,128.14199829101562,126.78399887084962,-0.3525067977896219,0.011059577780698734,0.0,0.0,0.0,0.0,0.0,0.0,0.0,0.0
2021-06-16,130.3699951171875,130.88999938964844,128.4600067138672,130.14999389648438,91815000,131.7899932861328,1,AAPL,0.003933928642679829,0.021986615280032984,0.033756888952315656,128.7459976196289,127.29299850463867,0.46327353166640894,0.010912062000692165,0.0,0.0,0.0,0.0,0.0,0.0,0.0,0.0
2021-06-17,129.8000030517578,132.5500030517578,129.64999389648438,131.7899932861328,96721700,130.4600067138672,0,AAPL,0.012600841079968284,0.010039834468796416,0.039845317243822675,129.88199615478516,128.1179977416992,0.05344115885203937,0.011304207390483118,0.0,0.0,0.0,0.0,0.0,0.0,0.0,0.0
2021-06-18,130.7100067138672,131.50999450683594,130.24000549316406,130.4600067138672,108953300,132.3000030517578,1,AAPL,-0.010091711359132227,0.006325264795428831,0.026193735014492736,130.50399780273438,128.5749984741211,0.12646179709413707,0.012800792693307646,0.0,0.0,0.0,0.0,0.0,0.0,0.0,0.0
2021-06-21,130.3000030517578,132.41000366210938,129.2100067138672,132.3000030517578,79663300,133.97999572753906,1,AAPL,0.014103911108376721,0.016519471810221287,0.04908415202162919,130.8679992675781,129.214998626709,-0.26883077428586377,0.012116857047571773,0.0,0.0,0.0,0.0,0.0,0.0,0.0,0.0
2021-06-22,132.1300048828125,134.0800018310547,131.6199951171875,133.97999572753906,74783600,133.6999969482422,0,AAPL,0.012698357044814257,0.016617365148896113,0.05206122758427245,131.73599853515626,129.93899841308593,-0.06125405299554498,0.012278549079615142,0.0,0.0,0.0,0.0,0.0,0.0,0.0,0.0
2021-06-23,133.77000427246094,134.32000732421875,133.22999572753906,133.6999969482422,60214200,133.41000366210938,0,AAPL,-0.002089855114387973,0.024835122394874176,0.024678121751528392,132.4459991455078,130.59599838256835,-0.19482078958488225,0.009956566635242131,0.0,0.0,0.0,0.0,0.0,0.0,0.0,0.0
2021-06-24,134.4499969482422,134.63999938964844,132.92999267578125,133.41000366210938,68711000,133.11000061035156,0,AAPL,-0.0021689849869261923,0.008390027095594998,0.02908056379366175,132.77000122070314,131.32599868774415,0.14110957216071962,0.009356898396171164,0.0,0.0,0.0,0.0,0.0,0.0,0.0,0.0
2021-06-25,133.4600067138672,133.88999938964844,132.80999755859375,133.11000061035156,70783700,134.77999877929688,1,AAPL,-0.00224872980678148,-0.0064934702562367,0.02274304151117712,133.3,131.9019989013672,0.030165475688026744,0.00966637983412807,0.0,0.0,0.0,0.0,0.0,0.0,0.0,0.0
2021-06-28,133.41000366210938,135.25,133.35000610351562,134.77999877929688,62111300,136.3300018310547,1,AAPL,0.012546000760933262,0.008077799967884713,0.022687651912026263,133.7959991455078,132.33199920654297,-0.12251973265031357,0.009657563612744887,0.0,0.0,0.0,0.0,0.0,0.0,0.0,0.0
2021-06-29,134.8000030517578,136.49000549316406,134.35000610351562,136.3300018310547,64556100,136.9600067138672,1,AAPL,0.011500245331623304,0.021887400410698366,0.04499459462747013,134.26600036621093,133.0009994506836,0.039361597648092994,0.007990420742783024,0.0,0.0,0.0,0.0,0.0,0.0,0.0,0.0
2021-06-30,136.1699981689453,137.41000366210938,135.8699951171875,136.9600067138672,63261400,137.27000427246094,1,AAPL,0.0046211756352296796,0.028923492493893255,0.03522300494797648,134.91800231933593,133.68200073242187,-0.02005542466165089,0.007220400830723485,0.0,0.0,0.0,0.0,0.0,0.0,0.0,0.0
2021-07-01,136.60000610351562,137.3300018310547,135.75999450683594,137.27000427246094,52485800,139.9600067138672,1,AAPL,0.002263416642797056,0.018474592044190885,0.024555968426901664,135.69000244140625,134.2300018310547,-0.17033451678274592,0.00639076355123059,0.0,0.0,0.0,0.0,0.0,0.0,0.0,0.0
2021-07-02,137.89999389648438,140.0,137.75,139.9600067138672,78852600,142.02000427246094,1,AAPL,0.01959643299833358,0.026626603345248467,0.046821315695679155,137.06000366210938,135.18000183105468,0.5023606384965076,0.008227902217869617,0.0,0.0,0.0,0.0,0.0,0.0,0.0,0.0
2021-07-06,140.07000732421875,143.14999389648438,140.07000732421875,142.02000427246094,108181800,144.57000732421875,1,AAPL,0.01471847284778427,0.036945073821184504,0.06453789351627859,138.50800476074218,136.152001953125,0.37194968840596254,0.0076909064404280586,0.0,0.0,0.0,0.0,0.0,0.0,0.0,0.0
2021-07-07,143.5399932861328,144.88999938964844,142.66000366210938,144.57000732421875,104911600,143.24000549316406,0,AAPL,0.01795523852305836,0.05317988507721161,0.08609425784178071,140.156005859375,137.21100311279298,-0.03022874457625957,0.006458399269466466,0.0,0.0,0.0,0.0,0.0,0.0,0.0,0.0
2021-07-08,141.5800018310547,144.05999755859375,140.6699981689453,143.24000549316406,105575500,145.11000061035156,1,AAPL,-0.009199707848613237,0.02343525737321861,0.06276900720054535,141.41200561523436,138.16500396728514,0.006328184871835063,0.010221521324064837,0.0,0.0,0.0,0.0,0.0,0.0,0.0,0.0
2021-07-09,142.75,145.64999389648438,142.64999389648438,145.11000061035156,99890800,144.5,0,AAPL,0.013054977977341231,0.021757472503398656,0.06440254281062341,142.9800048828125,139.3350036621094,-0.05384487878342992,0.010307032203116361,0.0,0.0,0.0,0.0,0.0,0.0,0.0,0.0
2021-07-12,146.2100067138672,146.32000732421875,144.0,144.5,76299700,145.63999938964844,1,AAPL,-0.004203711720665804,-0.0004842451454107888,0.05505251837410574,143.88800354003905,140.47400360107423,-0.2361688964349069,0.011412515709378835,0.0,0.0,0.0,0.0,0.0,0.0,0.0,0.0
2021-07-13,144.02999877929688,147.4600067138672,143.6300048828125,145.63999938964844,100827100,149.14999389648438,1,AAPL,0.007889269132515198,0.01675505308884473,0.060974683883408876,144.61200256347655,141.56000366210938,0.3214612901492404,0.011157753033637448,0.0,0.0,0.0,0.0,0.0,0.0,0.0,0.0
2021-07-14,148.10000610351562,149.57000732421875,147.67999267578125,149.14999389648438,127050800,148.47999572753906,0,AAPL,0.024100484218248397,0.027840901861622802,0.06566152287635352,145.5279998779297,142.84200286865234,0.260085830099249,0.011999435750222063,0.0,0.0,0.0,0.0,0.0,0.0,0.0,0.0
2021-07-15,149.24000549316406,150.0,147.08999633789062,148.47999572753906,106820300,146.38999938964844,0,AAPL,-0.004492109932034749,0.02754322302795198,0.04548648965454771,146.57599792480468,143.99400177001954,-0.15923158295736828,0.012700077025625091,0.0,0.0,0.0,0.0,0.0,0.0,0.0,0.0
2021-07-16,148.4600067138672,149.75999450683594,145.8800048828125,146.38999938964844,93251400,142.4499969482422,0,AAPL,-0.014075945568625792,0.005149684174286628,0.012589001682403511,146.83199768066407,144.90600128173827,-0.12702548111173628,0.013599679840318095,0.0,0.0,0.0,0.0,0.0,0.0,0.0,0.0
2021-07-19,143.75,144.07000732421875,141.6699981689453,142.4499969482422,121434600,146.14999389648438,1,AAPL,-0.026914423511397723,-0.04492120162533986,-0.005515278655581879,146.4219970703125,145.15500030517578,0.3022281703009284,0.017179432689805006,0.0,0.0,0.0,0.0,0.0,0.0,0.0,0.0
2021-07-20,143.4600067138672,147.10000610351562,142.9600067138672,146.14999389648438,96350000,145.39999389648438,0,AAPL,0.025974005107115117,-0.015692361921468834,0.0071669304786607935,146.52399597167968,145.56799926757813,-0.20656880329000138,0.01944352173543008,0.0,0.0,0.0,0.0,0.0,0.0,0.0,0.0
2021-07-21,145.52999877929688,146.1300048828125,144.6300048828125,145.39999389648438,74993500,146.8000030517578,1,AAPL,-0.005131714206784155,-0.0067627945712941395,0.006228331463559611,145.77399597167968,145.6509979248047,-0.22165542293720808,0.0194894768196334,0.0,0.0,0.0,0.0,0.0,0.0,0.0,0.0
2021-07-22,145.94000244140625,148.1999969482422,145.80999755859375,146.8000030517578,77338200,148.55999755859375,1,AAPL,0.009628674099327439,0.0305370740379598,0.007964870001172297,145.43799743652343,146.00699768066406,0.03126537633261539,0.019601973900597616,0.0,0.0,0.0,0.0,0.0,0.0,0.0,0.0
2021-07-23,147.5500030517578,148.72000122070312,146.9199981689453,148.55999755859375,71447400,148.99000549316406,1,AAPL,0.011989063148829748,0.016489933374997934,-0.003955724854404652,145.8719970703125,146.35199737548828,-0.07616934451538826,0.01769569105016142,0.0,0.0,0.0,0.0,0.0,0.0,0.0,0.0
2021-07-26,148.27000427246094,149.8300018310547,147.6999969482422,148.99000549316406,72434100,146.77000427246094,0,AAPL,0.002894506876931713,0.02469058973438165,0.003434871903962522,147.17999877929688,146.80099792480468,0.013810159641918451,0.017633340530393,0.0,0.0,0.0,0.0,0.0,0.0,0.0,0.0
2021-07-27,149.1199951171875,149.2100067138672,145.5500030517578,146.77000427246094,104818600,144.97999572753906,0,AAPL,-0.014900336524955593,-0.00020435135335994392,0.002595839090080432,147.3040008544922,146.91399841308595,0.44708914723866244,0.01775024329727384,0.0,0.0,0.0,0.0,0.0,0.0,0.0,0.0
2021-07-28,144.80999755859375,146.97000122070312,142.5399932861328,144.97999572753906,118931200,145.63999938964844,1,AAPL,-0.012196010716187922,-0.024098020260418296,0.017760609571765285,147.22000122070312,146.49699859619142,0.13463831800844517,0.014542754484293307,0.0,0.0,0.0,0.0,0.0,0.0,0.0,0.0
2021-07-29,144.69000244140625,146.5500030517578,144.5800018310547,145.63999938964844,56699500,145.86000061035156,1,AAPL,0.0045523774421245555,-0.02248477065576948,-0.0034895280748157287,146.98800048828124,146.21299896240234,-0.5232579844481515,0.010497768695325161,0.0,0.0,0.0,0.0,0.0,0.0,0.0,0.0
2021-07-30,144.3800048828125,146.3300018310547,144.11000061035156,145.86000061035156,70440600,145.52000427246094,0,AAPL,0.001510582406104799,-0.006200201918779458,0.0031637326903513063,146.4480010986328,146.15999908447264,0.242349579802291,0.010302644928132834,0.0,0.0,0.0,0.0,0.0,0.0,0.0,0.0
2021-08-02,146.36000061035156,146.9499969482422,145.25,145.52000427246094,62880000,147.36000061035156,1,AAPL,-0.002330977214232255,0.0037247107244831046,-0.008719337552367645,145.75400085449218,146.46699981689454,-0.10733298694218962,0.009495991487771036,0.0,0.0,0.0,0.0,0.0,0.0,0.0,0.0
2021-08-03,145.80999755859375,148.0399932861328,145.17999267578125,147.36000061035156,64786600,146.9499969482422,0,AAPL,0.012644284523559701,0.011809950754678278,-0.00807752401698103,145.87200012207032,146.58800048828124,0.030321246819338343,0.009649781929815943,0.0,0.0,0.0,0.0,0.0,0.0,0.0,0.0
2021-08-04,147.27000427246094,147.7899932861328,146.27999877929688,146.9499969482422,56368300,147.05999755859375,1,AAPL,-0.00278232668574363,0.007472894099338712,-0.013692250954480789,146.26600036621093,146.74300079345704,-0.12993890711968215,0.009493650815442931,0.0,0.0,0.0,0.0,0.0,0.0,0.0,0.0
2021-08-05,146.97999572753906,147.83999633789062,146.1699981689453,147.05999755859375,46397700,146.13999938964844,0,AAPL,0.0007485580989179397,0.010582691320221826,0.001975834827901757,146.55,146.7690002441406,-0.17688310628491544,0.007579616771600867,0.0,0.0,0.0,0.0,0.0,0.0,0.0,0.0
2021-08-06,146.35000610351562,147.11000061035156,145.6300048828125,146.13999938964844,54126800,146.08999633789062,0,AAPL,-0.006255937605185613,-0.008279052766354433,0.00800112909569517,146.6059997558594,146.5270004272461,0.16658368841558957,0.006142936873927498,0.0,0.0,0.0,0.0,0.0,0.0,0.0,0.0
2021-08-09,146.1999969482422,146.6999969482422,145.52000427246094,146.08999633789062,48908700,145.60000610351562,0,AAPL,-0.0003421585600564825,-0.005852334999737807,0.003089789550453581,146.71999816894532,146.23699951171875,-0.09640510800564606,0.0059678748191019215,0.0,0.0,0.0,0.0,0.0,0.0,0.0,0.0
2021-08-10,146.44000244140625,147.7100067138672,145.3000030517578,145.60000610351562,69023100,145.86000061035156,1,AAPL,-0.00335403002709167,-0.009927862636448181,-0.0017824935263128783,146.3679992675781,146.11999969482423,0.41126425359905294,0.006106236733695725,0.0,0.0,0.0,0.0,0.0,0.0,0.0,0.0
2021-08-11,146.0500030517578,146.72000122070312,145.52999877929688,145.86000061035156,48493500,148.88999938964844,1,AAPL,0.00178567648308392,-0.001915962641756419,0.0023364233638560883,146.15,146.20800018310547,-0.29743086010335673,0.006069297686749274,0.0,0.0,0.0,0.0,0.0,0.0,0.0,0.0
2021-08-12,146.19000244140625,149.0500030517578,145.83999633789062,148.88999938964844,72282600,149.10000610351562,1,AAPL,0.020773335846824503,0.01916628873945414,0.010382727829531424,146.51600036621093,146.53300018310546,0.490562652726654,0.008921463188588094,0.0,0.0,0.0,0.0,0.0,0.0,0.0,0.0
2021-08-13,148.97000122070312,149.44000244140625,148.27000427246094,149.10000610351562,59375000,151.1199951171875,1,AAPL,0.0014104823341263284,0.024038460530775296,0.014630889417647897,147.10800170898438,146.85700073242188,-0.17857132975294188,0.008723777422213844,0.0,0.0,0.0,0.0,0.0,0.0,0.0,0.0
2021-08-16,148.5399932861328,151.19000244140625,146.47000122070312,151.1199951171875,103296000,150.19000244140625,0,AAPL,0.013547880154139325,0.036061939427022294,0.027607762994665608,148.11400146484374,147.41699981689453,0.739722105263158,0.009679953467158126,0.0,0.0,0.0,0.0,0.0,0.0,0.0,0.0
2021-08-17,150.22999572753906,151.67999267578125,149.08999633789062,150.19000244140625,92229700,146.36000061035156,0,AAPL,-0.006154001494375949,0.008731298657310704,0.027713172770443384,149.03200073242186,147.7,-0.10713193153655509,0.00966212245904283,0.0,0.0,0.0,0.0,0.0,0.0,0.0,0.0
2021-08-18,149.8000030517578,150.72000122070312,146.14999389648438,146.36000061035156,86326000,146.6999969482422,1,AAPL,-0.025501043803157875,-0.01837696432595559,0.0018482050737851363,149.1320007324219,147.64100036621093,-0.064010833820342,0.014825542887565428,0.0,0.0,0.0,0.0,0.0,0.0,0.0,0.0
2021-08-19,145.02999877929688,148.0,144.5,146.6999969482422,86960300,148.19000244140625,1,AAPL,0.002323014050784167,-0.029248268341444672,0.007554881858621076,148.69400024414062,147.6050003051758,0.007347728378472196,0.014743668677672647,0.0,0.0,0.0,0.0,0.0,0.0,0.0,0.0
2021-08-20,147.44000244140625,148.5,146.77999877929688,148.19000244140625,60549600,149.7100067138672,1,AAPL,0.010156820205591055,-0.013316465593508853,0.015974234343238747,148.51199951171876,147.81000061035155,-0.3037098538068521,0.015136263021227545,0.0,0.0,0.0,0.0,0.0,0.0,0.0,0.0
2021-08-23,148.30999755859375,150.19000244140625,147.88999938964844,149.7100067138672,60131800,149.6199951171875,0,AAPL,0.010257131030562805,0.02288880902941659,0.00550747080113001,148.2300018310547,148.17200164794923,-0.006900128159393337,0.013430459596542413,0.0,0.0,0.0,0.0,0.0,0.0,0.0,0.0
2021-08-24,149.4499969482422,150.86000061035156,149.14999389648438,149.6199951171875,48606400,148.36000061035156,0,AAPL,-0.0006012396810035625,0.019904555076272645,0.0034875183929292675,148.11600036621093,148.5740005493164,-0.1916689671687859,0.013438310731340584,0.0,0.0,0.0,0.0,0.0,0.0,0.0,0.0
2021-08-25,149.80999755859375,150.32000732421875,147.8000030517578,148.36000061035156,58991300,147.5399932861328,0,AAPL,-0.008421297606974743,0.0011471635477739994,-0.018263595791514375,148.51600036621093,148.8240005493164,0.2136529345929754,0.012431411951424973,0.0,0.0,0.0,0.0,0.0,0.0,0.0,0.0
2021-08-26,148.35000610351562,149.1199951171875,147.50999450683594,147.5399932861328,48597200,148.60000610351562,1,AAPL,-0.005527145597501004,-0.014494778775087536,-0.017644377869341143,148.68399963378906,148.68899993896486,-0.1761971680569847,0.012403458402200161,0.0,0.0,0.0,0.0,0.0,0.0,0.0,0.0
2021-08-27,147.47999572753906,148.75,146.8300018310547,148.60000610351562,55802400,153.1199951171875,1,AAPL,0.007184579541948732,-0.006817197212665271,0.015304765535821163,148.76600036621093,148.63899993896484,0.14826368597367745,0.007454943398830951,0.0,0.0,0.0,0.0,0.0,0.0,0.0,0.0
2021-08-30,149.0,153.49000549316406,148.61000061035156,153.1199951171875,90956700,151.8300018310547,0,AAPL,0.03041715227469921,0.03208408255091233,0.04376276961485126,149.447998046875,148.83899993896483,0.6299782805040643,0.013019991845845095,0.0,0.0,0.0,0.0,0.0,0.0,0.0,0.0
2021-08-31,152.66000366210938,152.8000030517578,151.2899932861328,151.8300018310547,86453100,152.50999450683594,1,AAPL,-0.008424721311841354,0.029076919751528152,0.024563056411903927,149.88999938964844,149.00299987792968,-0.04951366969118276,0.01394257721758435,0.0,0.0,0.0,0.0,0.0,0.0,0.0,0.0
2021-09-01,152.8300018310547,154.97999572753906,152.33999633789062,152.50999450683594,80313700,153.64999389648438,1,AAPL,0.004478644981759983,0.026312168524384782,0.018702743085972973,150.71999816894532,149.6179992675781,-0.07101422621051179,0.013647565680539488,0.0,0.0,0.0,0.0,0.0,0.0,0.0,0.0
2021-09-02,153.8699951171875,154.72000122070312,152.39999389648438,153.64999389648438,71115500,154.3000030517578,1,AAPL,0.007474915944589711,0.0034613296512402414,0.02693489447142694,151.94199829101564,150.31299896240233,-0.11452840548997245,0.013660434967338653,0.0,0.0,0.0,0.0,0.0,0.0,0.0,0.0
2021-09-03,153.75999450683594,154.6300048828125,153.08999633789062,154.3000030517578,57808700,156.69000244140625,1,AAPL,0.0042304535053308,0.016268202535171916,0.040037762314432124,153.08199768066407,150.9239990234375,-0.1871153264759441,0.012553214199422817,0.0,0.0,0.0,0.0,0.0,0.0,0.0,0.0
2021-09-07,154.97000122070312,157.25999450683594,154.38999938964844,156.69000244140625,82278300,155.11000061035156,0,AAPL,0.01548930228372547,0.027408091830879666,0.06201714498880517,153.7959991455078,151.62199859619142,0.4232857684051017,0.011920424140332085,0.0,0.0,0.0,0.0,0.0,0.0,0.0,0.0
2021-09-08,156.97999572753906,157.0399932861328,153.97999572753906,155.11000061035156,74420200,154.07000732421875,0,AAPL,-0.010083616098260806,0.009502159270184052,0.04380884414164177,154.45199890136718,152.1709991455078,-0.09550634857550533,0.013906012346065729,0.0,0.0,0.0,0.0,0.0,0.0,0.0,0.0
2021-09-09,155.49000549316406,156.11000061035156,153.9499969482422,154.07000732421875,57305700,148.97000122070312,0,AAPL,-0.006704875778740793,-0.0014905750031768417,0.00620436414136627,154.76400146484374,152.74199981689452,-0.22997116374317728,0.009534119476311803,0.0,0.0,0.0,0.0,0.0,0.0,0.0,0.0
2021-09-10,155.0,155.47999572753906,148.6999969482422,148.97000122070312,140893200,149.5500030517578,1,AAPL,-0.03310187486902216,-0.049269264793010636,-0.01883686080392699,153.8280029296875,152.88500061035157,1.458624534732147,0.015961975349406115,0.0,0.0,0.0,0.0,0.0,0.0,0.0,0.0
2021-09-13,150.6300048828125,151.4199981689453,148.75,149.5500030517578,102404300,148.1199951171875,0,AAPL,0.003893413615506436,-0.035845513098545445,-0.019408508043356143,152.8780029296875,152.9800003051758,-0.2731778396686284,0.015920183044655627,0.0,0.0,0.0,0.0,0.0,0.0,0.0,0.0
2021-09-14,150.35000610351562,151.07000732421875,146.91000366210938,148.1199951171875,109296300,149.02999877929688,1,AAPL,-0.009562072252685905,-0.03861888702653382,-0.03599088186767185,151.16400146484375,152.4800003051758,0.06730186134761929,0.015401745514680982,0.0,0.0,0.0,0.0,0.0,0.0,0.0,0.0
2021-09-15,148.55999755859375,149.44000244140625,146.3699951171875,149.02999877929688,83281300,148.7899932861328,0,AAPL,0.006143692223250508,0.00040274926563821367,-0.03415427199112364,149.9480010986328,152.2,-0.2380226961022468,0.015610888538741069,0.0,0.0,0.0,0.0,0.0,0.0,0.0,0.0
2021-09-16,148.44000244140625,148.97000122070312,147.22000122070312,148.7899932861328,68034100,146.05999755859375,0,AAPL,-0.0016104508832446296,-0.005081977600240983,-0.05041808049130403,148.89199829101562,151.8279998779297,-0.1830807155988199,0.013021469197119776,0.0,0.0,0.0,0.0,0.0,0.0,0.0,0.0
2021-09-17,148.82000732421875,148.82000732421875,145.75999450683594,146.05999755859375,129868800,142.94000244140625,0,AAPL,-0.018347979371765355,-0.013907626427910325,-0.05834570960058294,148.30999755859375,151.06900024414062,0.9088780479200871,0.013675278376568359,0.0,0.0,0.0,0.0,0.0,0.0,0.0,0.0
2021-09-20,143.8000030517578,144.83999633789062,141.27000427246094,142.94000244140625,123478900,143.42999267578125,1,AAPL,-0.02136105141269684,-0.040864231280773766,-0.07223991921666473,146.98799743652344,149.93300018310546,-0.049202733835994494,0.014459461413160742,0.0,0.0,0.0,0.0,0.0,0.0,0.0,0.0
2021-09-21,143.92999267578125,144.60000610351562,142.77999877929688,143.42999267578125,75834000,145.85000610351562,1,AAPL,0.003427943374884501,-0.03602393206674814,-0.03718875276582834,146.04999694824218,148.60699920654298,-0.3858545873019601,0.01119244388828005,0.0,0.0,0.0,0.0,0.0,0.0,0.0,0.0
2021-09-22,144.4499969482422,146.42999267578125,143.6999969482422,145.85000610351562,76404300,146.8300018310547,1,AAPL,0.016872436389261614,-0.0014377068231422596,-0.02474086842353096,145.41399841308595,147.68099975585938,0.007520373447266415,0.013758824865223254,0.0,0.0,0.0,0.0,0.0,0.0,0.0,0.0
2021-09-23,146.64999389648438,147.0800018310547,145.63999938964844,146.8300018310547,64838200,146.9199981689453,1,AAPL,0.0067192025130498045,0.02721421102006083,-0.008709109699282735,145.02200012207032,146.95699920654297,-0.15138022336439183,0.013936496275717733,0.0,0.0,0.0,0.0,0.0,0.0,0.0,0.0
2021-09-24,145.66000366210938,147.47000122070312,145.55999755859375,146.9199981689453,53477900,145.3699951171875,0,AAPL,0.0006129288072487249,0.024332466508961703,-0.014158227388006095,145.19400024414062,146.7519989013672,-0.17520998423768708,0.013605928889151539,0.0,0.0,0.0,0.0,0.0,0.0,0.0,0.0
2021-09-27,145.47000122070312,145.9600067138672,143.82000732421875,145.3699951171875,74150700,141.91000366210938,0,AAPL,-0.010549980064493591,-0.0032911276396343503,-0.022985404417408817,145.67999877929688,146.33399810791016,0.3865671613881623,0.01398249671374041,0.0,0.0,0.0,0.0,0.0,0.0,0.0,0.0
2021-09-28,143.25,144.75,141.69000244140625,141.91000366210938,108972300,142.8300018310547,1,AAPL,-0.0238012765446467,-0.03350812577531914,-0.02841293965392233,145.3760009765625,145.71299896240234,0.4696058162633663,0.015074323348262135,0.0,0.0,0.0,0.0,0.0,0.0,0.0,0.0
2021-09-29,142.47000122070312,144.4499969482422,142.02999877929688,142.8300018310547,74602000,141.5,0,AAPL,0.006482969101571312,-0.02783825475676549,-0.0007695579157181998,144.77200012207032,145.09299926757814,-0.3154040063392256,0.013302738195637447,0.0,0.0,0.0,0.0,0.0,0.0,0.0,0.0
2021-09-30,143.66000366210938,144.3800048828125,141.27999877929688,141.5,89056700,142.64999389648438,1,AAPL,-0.009311781936598096,-0.02662169118233626,-0.013455990896854675,143.70599975585938,144.36399993896484,0.19375754001233214,0.013617951022106375,0.0,0.0,0.0,0.0,0.0,0.0,0.0,0.0
2021-10-01,141.89999389648438,142.9199981689453,139.11000061035156,142.64999389648438,94639600,139.13999938964844,0,AAPL,0.00812716534617941,0.00521450366625964,-0.021940432451953873,142.85199890136718,144.02299957275392,0.06268927548404557,0.011907395066058847,0.0,0.0,0.0,0.0,0.0,0.0,0.0,0.0
2021-10-04,141.75999450683594,142.2100067138672,138.27000427246094,139.13999938964844,98322000,141.11000061035156,1,AAPL,-0.02460564077824645,-0.025834925394532582,-0.05237350912965666,141.6059997558594,143.64299926757812,0.03890971644005248,0.013394204610919487,0.0,0.0,0.0,0.0,0.0,0.0,0.0,0.0
2021-10-05,139.49000549316406,142.24000549316406,139.36000061035156,141.11000061035156,80861100,142.0,1,AAPL,0.014158410445197056,-0.0027561794321444566,-0.03954531466786948,141.4459991455078,143.41100006103517,-0.1775889424543846,0.015575598449893003,0.0,0.0,0.0,0.0,0.0,0.0,0.0,0.0
2021-10-06,139.47000122070312,142.14999389648438,138.3699951171875,142.0,83221100,143.2899932861328,1,AAPL,0.00630713192402288,-0.004556564488576553,-0.023182191857892276,141.27999877929688,143.0259994506836,0.029185850798467916,0.015988141593660393,0.0,0.0,0.0,0.0,0.0,0.0,0.0,0.0
2021-10-07,143.05999755859375,144.22000122070312,142.72000122070312,143.2899932861328,61732700,142.89999389648438,0,AAPL,0.009084459761498742,0.029826030722213126,0.009724399890153057,141.63799743652345,142.6719985961914,-0.25820855528225417,0.013589253451988819,0.0,0.0,0.0,0.0,0.0,0.0,0.0,0.0
2021-10-08,144.02999877929688,144.17999267578125,142.55999755859375,142.89999389648438,58773200,142.80999755859375,0,AAPL,-0.00272174895611621,0.012685091619236477,0.0004900375588630101,141.68799743652343,142.2699981689453,-0.04794055662558094,0.013467365271645408,0.0,0.0,0.0,0.0,0.0,0.0,0.0,0.0
2021-10-11,142.27000427246094,144.80999755859375,141.80999755859375,142.80999755859375,64452200,141.50999450683594,0,AAPL,-0.0006297854565047167,0.0057042081591109906,0.009257933276280994,142.4219970703125,142.01399841308594,0.0966256729257553,0.012835912754914488,0.0,0.0,0.0,0.0,0.0,0.0,0.0,0.0
2021-10-12,143.22999572753906,143.25,141.0399932861328,141.50999450683594,73035900,140.91000366210938,0,AAPL,-0.009103025516294383,-0.012422352311388773,-0.007991583865581409,142.5019958496094,141.9739974975586,0.1331793173855973,0.01297958335311624,0.0,0.0,0.0,0.0,0.0,0.0,0.0,0.0
2021-10-13,141.24000549316406,141.39999389648438,139.1999969482422,140.91000366210938,78762700,143.75999450683594,1,AAPL,-0.004239918507647045,-0.013925754509244603,0.01272103119322443,142.28399658203125,141.78199768066406,0.0784107541633634,0.008244242692372462,0.0,0.0,0.0,0.0,0.0,0.0,0.0,0.0
2021-10-14,142.11000061035156,143.8800048828125,141.50999450683594,143.75999450683594,69907100,144.83999633789062,1,AAPL,0.02022561046524851,0.006652173968789699,0.018779632095685672,142.37799682617188,142.00799713134765,-0.11243393128981105,0.009906869575678103,0.0,0.0,0.0,0.0,0.0,0.0,0.0,0.0
2021-10-15,143.77000427246094,144.89999389648438,143.50999450683594,144.83999633789062,67940300,146.5500030517578,1,AAPL,0.007512533892058082,0.02353191972524482,0.019999974210497262,142.76599731445313,142.22699737548828,-0.028134481333083494,0.009990079027583138,0.0,0.0,0.0,0.0,0.0,0.0,0.0,0.0
2021-10-18,143.4499969482422,146.83999633789062,143.16000366210938,146.5500030517578,85589200,148.75999450683594,1,AAPL,0.01180617755525204,0.040025542850546714,0.022751133494124387,143.51399841308594,142.9679977416992,0.2597707104619791,0.010319544043091175,0.0,0.0,0.0,0.0,0.0,0.0,0.0,0.0
2021-10-19,147.00999450683594,149.1699981689453,146.5500030517578,148.75999450683594,76378900,149.25999450683594,1,AAPL,0.01508011879261173,0.03478019053320325,0.041007703713385135,144.96399841308593,143.73299713134764,-0.10761053964752565,0.010781679487643917,0.0,0.0,0.0,0.0,0.0,0.0,0.0,0.0
2021-10-20,148.6999969482422,149.75,148.1199951171875,149.25999450683594,58418800,149.47999572753906,1,AAPL,0.003361118704377386,0.03051642005454136,0.04516488382121708,146.63399658203124,144.45899658203126,-0.23514478475076228,0.010486017526434289,0.0,0.0,0.0,0.0,0.0,0.0,0.0,0.0
2021-10-21,148.80999755859375,149.63999938964844,147.8699951171875,149.47999572753906,61421000,148.69000244140625,0,AAPL,0.0014739463272126496,0.019993125996363492,0.05632111886145341,147.7779968261719,145.07799682617187,0.051390990571528405,0.008447439840407479,0.0,0.0,0.0,0.0,0.0,0.0,0.0,0.0
2021-10-22,149.69000244140625,150.17999267578125,148.63999938964844,148.69000244140625,58883400,148.63999938964844,0,AAPL,-0.005284943194491021,-0.0004705032805474296,0.05521253691790884,148.547998046875,145.65699768066406,-0.04131485973852589,0.008702878109645701,0.0,0.0,0.0,0.0,0.0,0.0,0.0,0.0
2021-10-25,148.67999267578125,149.3699951171875,147.6199951171875,148.63999938964844,50720600,149.32000732421875,1,AAPL,-0.0003362906109138919,-0.004153792978728199,0.03394549992543605,148.96599731445312,146.23999786376953,-0.138626505942252,0.007110388602046933,0.0,0.0,0.0,0.0,0.0,0.0,0.0,0.0
2021-10-26,149.3300018310547,150.83999633789062,149.00999450683594,149.32000732421875,60893400,148.85000610351562,0,AAPL,0.004574865025313457,-0.0010702997584501883,0.030930758765534083,149.0779998779297,147.0209991455078,0.20056545072416343,0.007009712151105197,0.0,0.0,0.0,0.0,0.0,0.0,0.0,0.0
2021-10-27,149.36000061035156,149.72999572753906,148.49000549316406,148.85000610351562,56094900,152.57000732421875,1,AAPL,-0.0031476104851951847,0.0010760889063299306,0.015694322783094794,148.99600219726562,147.81499938964845,-0.07880164352787,0.006638927351375011,0.0,0.0,0.0,0.0,0.0,0.0,0.0,0.0
2021-10-28,149.82000732421875,153.1699981689453,149.72000122070312,152.57000732421875,100077900,149.8000030517578,0,AAPL,0.02499160946030532,0.026439773618863516,0.02561181068884566,149.61400451660157,148.6960006713867,0.7840819753667445,0.0100255389361728,0.0,0.0,0.0,0.0,0.0,0.0,0.0,0.0
2021-10-29,147.22000122070312,149.94000244140625,146.41000366210938,149.8000030517578,124953200,148.9600067138672,0,AAPL,-0.0181556278395828,0.0032145439592488056,0.0036179054321026083,149.83600463867188,149.19200134277344,0.24855937224901803,0.012992563857200115,0.0,0.0,0.0,0.0,0.0,0.0,0.0,0.0
2021-11-01,148.99000549316406,149.6999969482422,147.8000030517578,148.9600067138672,74588300,150.02000427246094,1,AAPL,-0.005607452074619768,0.0007390030624188082,-0.003478652853453834,149.90000610351564,149.43300170898436,-0.4030701094489777,0.013186326073211602,0.0,0.0,0.0,0.0,0.0,0.0,0.0,0.0
2021-11-02,148.66000366210938,151.57000732421875,148.64999389648438,150.02000427246094,69122000,151.49000549316406,1,AAPL,0.007115987586049588,-0.016713658840816104,0.008944796618580941,150.04000549316407,149.5590026855469,-0.07328629289043997,0.013257197843192499,0.0,0.0,0.0,0.0,0.0,0.0,0.0,0.0
2021-11-03,150.38999938964844,151.97000122070312,149.82000732421875,151.49000549316406,54511500,150.9600067138672,0,AAPL,0.009798701365408391,0.011281725013198685,0.019173883982901208,150.56800537109376,149.7820037841797,-0.2113726454674344,0.013591816045049892,0.0,0.0,0.0,0.0,0.0,0.0,0.0,0.0
2021-11-04,151.5800018310547,152.42999267578125,150.63999938964844,150.9600067138672,60394600,151.27999877929688,1,AAPL,-0.003498572579567205,0.013426422595708809,0.010983118866901176,150.24600524902343,149.9300048828125,0.10792401603331414,0.013757222687202846,0.0,0.0,0.0,0.0,0.0,0.0,0.0,0.0
2021-11-05,151.88999938964844,152.1999969482422,150.05999755859375,151.27999877929688,65463900,150.44000244140625,0,AAPL,0.0021197141706292832,0.008398843293908831,0.016325109681831984,150.54200439453126,150.18900451660156,0.08393631218685105,0.013594648460484741,0.0,0.0,0.0,0.0,0.0,0.0,0.0,0.0
2021-11-08,151.41000366210938,151.57000732421875,150.16000366210938,150.44000244140625,55020900,150.80999755859375,1,AAPL,-0.005552593499925207,-0.006931170464609893,-0.013960836210003769,150.83800354003907,150.36900482177734,-0.1595230348329385,0.009382256000687669,0.0,0.0,0.0,0.0,0.0,0.0,0.0,0.0
2021-11-09,150.1999969482422,151.42999267578125,150.05999755859375,150.80999755859375,56787900,147.9199981689453,0,AAPL,0.0024594197765426262,-0.0009937013023441077,0.006742286290120969,150.99600219726562,150.51800384521485,0.03211506900105232,0.006124191047072667,0.0,0.0,0.0,0.0,0.0,0.0,0.0,0.0
2021-11-10,150.02000427246094,150.1300048828125,147.85000610351562,147.9199981689453,65187100,147.8699951171875,0,AAPL,-0.01916318172822462,-0.022210474864251428,-0.006981797113634669,150.28200073242186,150.4250030517578,0.14790474731412862,0.009669887902915964,0.0,0.0,0.0,0.0,0.0,0.0,0.0,0.0
2021-11-11,148.9600067138672,149.42999267578125,147.67999267578125,147.8699951171875,41000000,149.99000549316406,1,AAPL,-0.0003380411869712274,-0.017083270955274843,-0.014331483095872177,149.66399841308595,149.9550018310547,-0.37104120293739096,0.009020966552730134,0.0,0.0,0.0,0.0,0.0,0.0,0.0,0.0
2021-11-12,148.42999267578125,150.39999389648438,147.47999572753906,149.99000549316406,63804000,150.0,1,AAPL,0.014336988205730705,-0.005437252693483385,-0.009901643313807162,149.40599975585937,149.9740020751953,0.5561951219512196,0.01010972220296888,0.0,0.0,0.0,0.0,0.0,0.0,0.0,0.0
2021-11-15,150.3699951171875,151.8800048828125,149.42999267578125,150.0,59222800,151.0,1,AAPL,6.663448543164918e-05,0.014061667501368058,-0.006359344668596889,149.31799926757813,150.0780014038086,-0.07180114099429502,0.010074748217513575,0.0,0.0,0.0,0.0,0.0,0.0,0.0,0.0
2021-11-16,149.94000244140625,151.49000549316406,149.33999633789062,151.0,59256200,153.49000549316406,1,AAPL,0.006666666666666599,0.021167275215854042,-0.001850864499975069,149.3559997558594,150.1760009765625,0.0005639719837629009,0.010439413442413833,0.0,0.0,0.0,0.0,0.0,0.0,0.0,0.0
2021-11-17,151.0,155.0,150.99000549316406,153.49000549316406,88807000,157.8699951171875,1,AAPL,0.016490102603735624,0.023334888137993337,0.02027388329075408,150.47000122070312,150.3760009765625,0.4986954951549374,0.011798075476406218,0.0,0.0,0.0,0.0,0.0,0.0,0.0,0.0
2021-11-18,153.7100067138672,158.6699981689453,153.0500030517578,157.8699951171875,137827700,160.5500030517578,1,AAPL,0.02853599235957094,0.05246663411458341,0.046813856328395964,152.47000122070312,151.06699981689454,0.5519913970745549,0.015239246629273728,0.0,0.0,0.0,0.0,0.0,0.0,0.0,0.0
2021-11-19,157.64999389648438,161.02000427246094,156.52999877929688,160.5500030517578,117305600,161.02000427246094,1,AAPL,0.016976043690765552,0.06324505332289942,0.08538402541343504,154.58200073242188,151.99400024414064,-0.14889677474121676,0.010381639894785471,0.0,0.0,0.0,0.0,0.0,0.0,0.0,0.0
2021-11-22,161.67999267578125,165.6999969482422,161.0,161.02000427246094,117467900,161.41000366210938,1,AAPL,0.002927444483147079,0.04905856088220828,0.08892952992155045,156.78600158691407,153.0520004272461,0.0013835656609744174,0.009801463787238951,0.0,0.0,0.0,0.0,0.0,0.0,0.0,0.0
2021-11-23,161.1199951171875,161.8000030517578,159.05999755859375,161.41000366210938,96041900,161.94000244140625,1,AAPL,0.0024220555167078217,0.02242356783690358,0.07613839423097946,158.86800231933594,154.11200103759765,-0.18239876596074334,0.010402042722411608,0.0,0.0,0.0,0.0,0.0,0.0,0.0,0.0
2021-11-24,160.75,162.13999938964844,159.63999938964844,161.94000244140625,69463600,156.80999755859375,0,AAPL,0.003283555958565998,0.008657735055914939,0.07960001627604174,160.55800170898436,155.51400146484374,-0.2767365077117383,0.00991985304163593,0.0,0.0,0.0,0.0,0.0,0.0,0.0,0.0
2021-11-26,159.57000732421875,160.4499969482422,156.36000061035156,156.80999755859375,76959800,160.24000549316406,1,AAPL,-0.031678429081589354,-0.026145861397093628,0.038476805023799576,160.34600219726562,156.4080017089844,0.10791551258500864,0.019089041665975096,0.0,0.0,0.0,0.0,0.0,0.0,0.0,0.0
2021-11-29,159.3699951171875,161.19000244140625,158.7899932861328,160.24000549316406,88748200,165.3000030517578,1,AAPL,0.02187365594013646,-0.007248610014250145,0.04397680473273957,160.28400268554688,157.43300170898436,0.15317607374239528,0.01970118595534635,0.0,0.0,0.0,0.0,0.0,0.0,0.0,0.0
2021-11-30,159.99000549316406,165.52000427246094,159.9199981689453,165.3000030517578,174048100,164.77000427246094,0,AAPL,0.031577617231232535,0.020748428798914587,0.0470640917487517,161.14000244140624,158.96300201416017,0.9611451274504723,0.02029699673605774,0.0,0.0,0.0,0.0,0.0,0.0,0.0,0.0
2021-12-01,167.47999572753906,170.3000030517578,164.52999877929688,164.77000427246094,152052500,163.75999450683594,0,AAPL,-0.003206284147078464,0.05076211235124117,0.026284653631197363,161.81200256347657,160.34000244140626,-0.12637655912359858,0.020037196417181446,0.0,0.0,0.0,0.0,0.0,0.0,0.0,0.0
2021-12-02,158.74000549316406,164.1999969482422,157.8000030517578,163.75999450683594,136739200,161.83999633789062,0,AAPL,-0.006129815739731703,0.021966980111106205,0.017016458586963434,162.1760009765625,161.36700134277345,-0.10071060982226532,0.020398561512758075,0.0,0.0,0.0,0.0,0.0,0.0,0.0,0.0
2021-12-03,164.02000427246094,164.9600067138672,159.72000122070312,161.83999633789062,118023100,165.32000732421875,1,AAPL,-0.011724464053185835,-0.020931679673253267,0.0026639778577874917,163.18200073242187,161.76400146484374,-0.13687442957103746,0.0211066511686881,0.0,0.0,0.0,0.0,0.0,0.0,0.0,0.0
2021-12-06,164.2899932861328,167.8800048828125,164.27999877929688,165.32000732421875,107497000,171.17999267578125,1,AAPL,0.021502787105003085,0.0033380047186764017,0.02087195771184125,164.1980010986328,162.24100189208986,-0.08918677784264262,0.022569566886840132,0.0,0.0,0.0,0.0,0.0,0.0,0.0,0.0
2021-12-07,169.0800018310547,171.5800018310547,168.33999633789062,171.17999267578125,120405400,175.0800018310547,1,AAPL,0.035446316791349686,0.04531020040206202,0.09163953409168313,165.3739990234375,163.2570007324219,0.12008149064625062,0.019319692159449068,0.0,0.0,0.0,0.0,0.0,0.0,0.0,0.0
2021-12-08,172.1300048828125,175.9600067138672,170.6999969482422,175.0800018310547,116998900,174.55999755859375,0,AAPL,0.02278308985945654,0.08180923005906093,0.09261105734624864,167.43599853515624,164.6240005493164,-0.0282919204620391,0.019394085591047834,0.0,0.0,0.0,0.0,0.0,0.0,0.0,0.0
2021-12-09,174.91000366210938,176.75,173.9199981689453,174.55999755859375,108923700,179.4499969482422,1,AAPL,-0.0029700951966102895,0.0558915426144031,0.05601932447597413,169.59599914550782,165.88600006103516,-0.06901945231963724,0.018206146182440604,0.0,0.0,0.0,0.0,0.0,0.0,0.0,0.0
2021-12-10,175.2100067138672,179.6300048828125,174.69000244140625,179.4499969482422,115402700,175.74000549316406,0,AAPL,0.028013287454401015,0.04831174568469865,0.08909384168921086,173.1179992675781,168.15,0.059482004375539965,0.018828871090247987,0.0,0.0,0.0,0.0,0.0,0.0,0.0,0.0
2021-12-13,181.1199951171875,182.1300048828125,175.52999877929688,175.74000549316406,153237000,174.3300018310547,0,AAPL,-0.020674235264256824,0.0037697261549394234,0.07315590735335564,175.20199890136718,169.7,0.32784588228871603,0.02178681760848054,0.0,0.0,0.0,0.0,0.0,0.0,0.0,0.0
2021-12-14,175.25,177.74000549316406,172.2100067138672,174.3300018310547,139380400,179.3000030517578,1,AAPL,-0.008023236702153325,-0.0013175740762820798,0.0771750233303723,175.83200073242188,170.60299987792968,-0.09042594151543037,0.021199083742256604,0.0,0.0,0.0,0.0,0.0,0.0,0.0,0.0
2021-12-15,175.11000061035156,179.5,172.30999755859375,179.3000030517578,131063300,172.25999450683594,0,AAPL,0.02850915601733095,-0.0008358534356934788,0.08456324164153983,176.6760009765625,172.05599975585938,-0.05967194813617982,0.021937418652193313,0.0,0.0,0.0,0.0,0.0,0.0,0.0,0.0
2021-12-16,179.27999877929688,181.13999938964844,170.75,172.25999450683594,150185800,171.13999938964844,0,AAPL,-0.039263850669816525,-0.01980204209373082,0.0063091592315944744,176.21600036621095,172.90599975585937,0.1459027813278011,0.026295865414215826,0.0,0.0,0.0,0.0,0.0,0.0,0.0,0.0
2021-12-17,169.92999267578125,173.47000122070312,169.69000244140625,171.13999938964844,195432700,169.75,0,AAPL,-0.006501771466984829,-0.018298642849196578,-0.02250401188142659,174.5540008544922,173.83600006103515,0.30127282339608663,0.024561458411703707,0.0,0.0,0.0,0.0,0.0,0.0,0.0,0.0
2021-12-20,168.27999877929688,170.5800018310547,167.4600067138672,169.75,107499100,172.99000549316406,1,AAPL,-0.00812200183829448,-0.053262704345861334,-0.02755498181637639,173.3559997558594,174.27899932861328,-0.44994312620150057,0.02463792838144687,0.0,0.0,0.0,0.0,0.0,0.0,0.0,0.0
2021-12-21,171.55999755859375,173.1999969482422,169.1199951171875,172.99000549316406,91185900,175.63999938964844,1,AAPL,0.01908692484927288,0.0042378440125816486,-0.035998838478338624,173.08800048828124,174.46000061035156,-0.15175196815601244,0.02289060489759704,0.0,0.0,0.0,0.0,0.0,0.0,0.0,0.0
2021-12-22,173.0399932861328,175.86000061035156,172.14999389648438,175.63999938964844,92135300,176.27999877929688,1,AAPL,0.01531876878626437,0.026294262101488552,-0.0005690571320684512,172.3559997558594,174.51600036621093,0.010411697422518129,0.02282493372643401,0.0,0.0,0.0,0.0,0.0,0.0,0.0,0.0
2021-12-23,175.85000610351562,176.85000610351562,175.27000427246094,176.27999877929688,68356600,180.3300018310547,1,AAPL,0.0036438134358485197,0.03846832859674154,0.011185664703496911,173.16000061035157,174.68800048828126,-0.2580845777894032,0.02255355915833415,0.0,0.0,0.0,0.0,0.0,0.0,0.0,0.0
2021-12-27,177.08999633789062,180.4199981689453,177.07000732421875,180.3300018310547,74919600,179.2899932861328,0,AAPL,0.022974830268908786,0.04243017576053365,0.0057445552803452316,174.9980010986328,174.7760009765625,0.09601121179227756,0.02153566575959105,0.0,0.0,0.0,0.0,0.0,0.0,0.0,0.0
2021-12-28,180.16000366210935,181.3300018310547,178.52999877929688,179.2899932861328,79144300,179.3800048828125,1,AAPL,-0.00576725189575622,0.020781108569620566,0.040810397094363626,176.90599975585937,175.13099975585936,0.056389783180903263,0.013201831569424682,0.0,0.0,0.0,0.0,0.0,0.0,0.0,0.0
2021-12-29,179.3300018310547,180.6300048828125,178.13999938964844,179.3800048828125,62348900,178.1999969482422,0,AAPL,0.0005020447322792165,0.017585693924339285,0.04814774758999141,178.18399963378906,175.63600006103516,-0.21221237663356673,0.012351724538422575,0.0,0.0,0.0,0.0,0.0,0.0,0.0,0.0
2021-12-30,179.47000122070312,180.57000732421875,178.08999633789062,178.1999969482422,59773000,177.57000732421875,0,AAPL,-0.006578257901939555,-0.011811705546412754,0.04977906891453432,178.6959991455078,175.5259994506836,-0.04131428140672888,0.012050901864921039,0.0,0.0,0.0,0.0,0.0,0.0,0.0,0.0
2021-12-31,178.08999633789062,179.22999572753906,177.25999450683594,177.57000732421875,64062300,182.00999450683597,1,AAPL,-0.0035352953693170708,-0.009593318234828119,0.026475528560149453,178.9540008544922,176.05700073242187,0.07175982467000153,0.01128645141470281,0.0,0.0,0.0,0.0,0.0,0.0,0.0,0.0
2022-01-03,177.8300018310547,182.8800048828125,177.7100067138672,182.00999450683597,104487900,179.6999969482422,0,AAPL,0.025004150472947906,0.014661553977220798,0.036267337390818444,179.28999938964844,177.1440002441406,0.6310357261603159,0.013341360193241203,0.0,0.0,0.0,0.0,0.0,0.0,0.0,0.0
2022-01-04,182.6300048828125,182.94000244140625,179.1199951171875,179.6999969482422,99310400,174.9199981689453,0,AAPL,-0.012691597320536263,0.008417508561662235,0.019400942776424568,179.37200012207032,178.13899993896484,-0.049551192051902615,0.014982156873080459,0.0,0.0,0.0,0.0,0.0,0.0,0.0,0.0
2022-01-05,179.61000061035156,180.1699981689453,174.63999938964844,174.9199981689453,94537600,172.0,0,AAPL,-0.02659988236212174,-0.01492374300821464,-0.030000574542098812,178.47999877929686,178.33199920654297,-0.04805941774476796,0.015585237090415614,0.0,0.0,0.0,0.0,0.0,0.0,0.0,0.0
2022-01-06,172.6999969482422,175.3000030517578,171.63999938964844,172.0,96904000,172.1699981689453,1,AAPL,-0.016693335236175,-0.05499694966728874,-0.04066034669597285,177.23999938964843,177.96799926757814,0.0250313102934705,0.016294886674027162,0.0,0.0,0.0,0.0,0.0,0.0,0.0,0.0
2022-01-07,172.88999938964844,174.13999938964844,171.02999877929688,172.1699981689453,86709100,172.19000244140625,1,AAPL,0.0009883614473564784,-0.04190316587187082,-0.04019403789501186,176.15999755859374,177.55699920654297,-0.10520618343928012,0.016327232873460294,0.0,0.0,0.0,0.0,0.0,0.0,0.0,0.0
2022-01-10,169.0800018310547,172.5,168.1699981689453,172.19000244140625,106765600,175.0800018310547,1,AAPL,0.00011618907285648739,-0.015607110428290327,-0.033726120144556004,174.1959991455078,176.7429992675781,0.2313079019387816,0.01646470683943995,0.0,0.0,0.0,0.0,0.0,0.0,0.0,0.0
2022-01-11,172.32000732421875,175.17999267578125,170.82000732421875,175.0800018310547,76138300,175.52999877929688,1,AAPL,0.016783781570778755,0.017906987389852747,-0.01402266931609486,173.27200012207032,176.3220001220703,-0.2868648703327663,0.01839702885744042,0.0,0.0,0.0,0.0,0.0,0.0,0.0,0.0
2022-01-12,176.1199951171875,177.17999267578125,174.82000732421875,175.52999877929688,74805200,172.19000244140625,0,AAPL,0.0025702361408266317,0.019515598804005885,-0.03560241702713596,173.3940002441406,175.93699951171874,-0.017508927832641352,0.014470012625679589,0.0,0.0,0.0,0.0,0.0,0.0,0.0,0.0
2022-01-13,175.77999877929688,176.6199951171875,171.7899932861328,172.19000244140625,84505800,173.07000732421875,1,AAPL,-0.019028065636177538,0.0,-0.04179184548900683,173.43200073242187,175.33600006103515,0.129678150716795,0.015205399195912999,0.0,0.0,0.0,0.0,0.0,0.0,0.0,0.0
2022-01-14,171.33999633789062,173.77999877929688,171.08999633789062,173.07000732421875,80440800,169.8000030517578,0,AAPL,0.005110661887074208,-0.011480434577419651,-0.010576211205649333,173.61200256347655,174.88600006103516,-0.048103207117144664,0.012526116637611624,0.0,0.0,0.0,0.0,0.0,0.0,0.0,0.0
2022-01-18,171.50999450683594,172.5399932861328,169.41000366210938,169.8000030517578,90956700,166.22999572753906,0,AAPL,-0.018894112983626976,-0.03264396836659067,-0.012790679931640625,173.13400268554688,173.66500091552734,0.13072843631589937,0.01299144663675419,0.0,0.0,0.0,0.0,0.0,0.0,0.0,0.0
2022-01-19,170.0,171.0800018310547,165.94000244140625,166.22999572753906,94815000,164.50999450683594,0,AAPL,-0.021024777738847034,-0.034612966080276864,-0.0345007986558582,171.36400146484374,172.31800079345703,0.04241908512512005,0.014758114070156291,0.0,0.0,0.0,0.0,0.0,0.0,0.0,0.0
2022-01-20,166.97999572753906,169.67999267578125,164.17999267578125,164.50999450683594,91420500,162.41000366210938,0,AAPL,-0.010347117036099251,-0.04945982813386618,-0.04460193870537699,169.16000061035157,171.2770004272461,-0.035801297263091336,0.014694005783317587,0.0,0.0,0.0,0.0,0.0,0.0,0.0,0.0
2022-01-21,164.4199981689453,166.3300018310547,162.3000030517578,162.41000366210938,122848900,161.6199951171875,0,AAPL,-0.01276512622240289,-0.043521785964843906,-0.07236690676512192,167.2040008544922,170.31800079345703,0.3437784741934249,0.010595028614937435,0.0,0.0,0.0,0.0,0.0,0.0,0.0,0.0
2022-01-24,160.02000427246094,162.3000030517578,154.6999969482422,161.6199951171875,162294600,159.77999877929688,0,AAPL,-0.00486428500159064,-0.027732663952585446,-0.07924573439779459,164.91399841308595,169.26300048828125,0.32109119414174647,0.009351437862492188,0.0,0.0,0.0,0.0,0.0,0.0,0.0,0.0
2022-01-25,158.97999572753906,162.75999450683594,157.02000427246094,159.77999877929688,115798400,159.69000244140625,0,AAPL,-0.011384707297859231,-0.028752026536251085,-0.07207156911640278,162.90999755859374,168.02200012207032,-0.2864925881699083,0.008780271239687002,0.0,0.0,0.0,0.0,0.0,0.0,0.0,0.0
2022-01-26,163.5,164.38999938964844,157.82000732421875,159.69000244140625,108275300,159.22000122070312,0,AAPL,-0.0005632515870458432,-0.016747744346844784,-0.07730978399825927,161.60199890136718,166.48300018310547,-0.06496721889076185,0.0072101879291222755,0.0,0.0,0.0,0.0,0.0,0.0,0.0,0.0
2022-01-27,162.4499969482422,163.83999633789062,158.27999877929688,159.22000122070312,121954600,170.3300018310547,1,AAPL,-0.0029432100539642514,-0.014849610004901814,-0.06230860801474625,160.54400024414062,164.85200042724608,0.12633813990817844,0.006965711111909144,0.0,0.0,0.0,0.0,0.0,0.0,0.0,0.0
2022-01-28,165.7100067138672,170.35000610351562,162.8000030517578,170.3300018310547,179935700,174.77999877929688,1,AAPL,0.06977766942076213,0.06602830850143171,0.024664658659053318,162.12799987792968,164.66600036621094,0.47543184102936675,0.029432797691904915,0.0,0.0,0.0,0.0,0.0,0.0,0.0,0.0
2022-01-31,170.16000366210938,175.0,169.50999450683594,174.77999877929688,115541600,174.61000061035156,0,AAPL,0.026125737688043937,0.09449556081901545,0.06242784399360124,164.76000061035157,164.83699951171874,-0.35787284013122467,0.02972868006923225,0.0,0.0,0.0,0.0,0.0,0.0,0.0,0.0
2022-02-01,174.00999450683594,174.83999633789062,172.30999755859375,174.61000061035156,86213900,175.83999633789062,1,AAPL,-0.0009726408635577499,0.09665870664273868,0.0751185067000184,167.7260009765625,165.31799926757813,-0.25382805846552237,0.028598786119192032,0.0,0.0,0.0,0.0,0.0,0.0,0.0,0.0
2022-02-02,174.75,175.8800048828125,173.3300018310547,175.83999633789062,84914300,172.89999389648438,0,AAPL,0.007044245594408194,0.03234893704927644,0.08798417058726238,170.95599975585938,166.27899932861328,-0.015074135377242004,0.027860561224097666,0.0,0.0,0.0,0.0,0.0,0.0,0.0,0.0
2022-02-03,174.47999572753906,176.24000549316406,172.1199951171875,172.89999389648438,89418100,172.38999938964844,0,AAPL,-0.016719759455390393,-0.01075640746048101,0.08211287531244804,173.69199829101564,167.1179992675781,0.05303935850616437,0.028681817324126977,0.0,0.0,0.0,0.0,0.0,0.0,0.0,0.0
2022-02-04,171.67999267578125,174.10000610351562,170.67999267578125,172.38999938964844,82465400,171.66000366210938,0,AAPL,-0.0029496502304173777,-0.012714055397417545,0.07952906728085307,174.10399780273437,168.11599884033203,-0.07775495117878817,0.028865169688324442,0.0,0.0,0.0,0.0,0.0,0.0,0.0,0.0
2022-02-07,172.86000061035156,173.9499969482422,170.9499969482422,171.66000366210938,77251200,174.8300018310547,1,AAPL,-0.004234559603942367,-0.023771569397380232,0.07813090281391544,173.47999877929686,169.11999969482423,-0.06322894207752583,0.028975565054686573,0.0,0.0,0.0,0.0,0.0,0.0,0.0,0.0
2022-02-08,171.72999572753906,175.35000610351562,171.42999267578125,174.8300018310547,74829200,176.27999877929688,1,AAPL,0.018466725511581794,0.011162567973980408,0.026419303420564866,173.5239990234375,170.625,-0.03135226378360467,0.014594653264995152,0.0,0.0,0.0,0.0,0.0,0.0,0.0,0.0
2022-02-09,176.0500030517578,176.64999389648438,174.89999389648438,176.27999877929688,71285000,172.1199951171875,0,AAPL,0.008293753549481586,0.0225651105250948,0.008582217704979689,173.61199951171875,172.28399963378905,-0.047363863304699216,0.011218798915989682,0.0,0.0,0.0,0.0,0.0,0.0,0.0,0.0
2022-02-10,174.13999938964844,175.47999572753906,171.5500030517578,172.1199951171875,90865900,168.63999938964844,0,AAPL,-0.02359884099680365,0.002679665881771598,-0.01426038305057109,173.45599975585938,173.5739990234375,0.27468471627972235,0.01469529354892342,0.0,0.0,0.0,0.0,0.0,0.0,0.0,0.0
2022-02-11,172.3300018310547,173.0800018310547,168.0399932861328,168.63999938964844,98670700,168.8800048828125,1,AAPL,-0.020218427993619836,-0.0354058363929316,-0.04094629832911745,172.70599975585938,173.40499877929688,0.08589360805318602,0.015502662751667758,0.0,0.0,0.0,0.0,0.0,0.0,0.0,0.0
2022-02-14,167.3699951171875,169.5800018310547,166.55999755859375,168.8800048828125,86185500,172.7899932861328,1,AAPL,0.0014231824835904128,-0.04197863596396545,-0.023250371055991148,172.15,172.81499938964845,-0.1265340166837775,0.014887213957738793,0.0,0.0,0.0,0.0,0.0,0.0,0.0,0.0
2022-02-15,170.97000122070312,172.9499969482422,170.25,172.7899932861328,62527400,172.5500030517578,0,AAPL,0.023152465006342826,0.003892622518895328,0.002320284807126649,171.74199829101562,172.63299865722655,-0.2745020914190902,0.017934831383614708,0.0,0.0,0.0,0.0,0.0,0.0,0.0,0.0
2022-02-16,171.85000610351562,173.33999633789062,170.0500030517578,172.5500030517578,61177400,168.8800048828125,0,AAPL,-0.0013889128057177347,0.02318550567042621,0.005184663699531855,170.99599914550782,172.3039993286133,-0.021590534709583276,0.01784245665636108,0.0,0.0,0.0,0.0,0.0,0.0,0.0,0.0
2022-02-17,171.02999877929688,171.91000366210938,168.47000122070312,168.8800048828125,69589300,167.3000030517578,0,AAPL,-0.021269186346200564,0.0,-0.03403304287551234,170.3480010986328,171.9020004272461,0.13750012259429134,0.01763287004646562,0.0,0.0,0.0,0.0,0.0,0.0,0.0,0.0
2022-02-18,169.82000732421875,170.5399932861328,166.19000244140625,167.3000030517578,82772700,164.32000732421875,0,AAPL,-0.009355766137921773,-0.031772616746872706,-0.05094165980101939,170.0800018310547,171.39300079345702,0.18944579123514682,0.016684755401975677,0.0,0.0,0.0,0.0,0.0,0.0,0.0,0.0
2022-02-22,164.97999572753906,166.69000244140625,162.14999389648438,164.32000732421875,91162800,160.07000732421875,0,AAPL,-0.017812287347162448,-0.04769629430299349,-0.04531715090776145,169.16800231933593,170.65900115966798,0.1013631305974072,0.015867240640461598,0.0,0.0,0.0,0.0,0.0,0.0,0.0,0.0
2022-02-23,165.5399932861328,166.14999389648438,159.75,160.07000732421875,90009200,162.74000549316406,1,AAPL,-0.02586416632525068,-0.052167203362571524,-0.050818264329024476,166.62400512695314,169.18300170898436,-0.01265428442303218,0.016797262956020846,0.0,0.0,0.0,0.0,0.0,0.0,0.0,0.0
2022-02-24,152.5800018310547,162.85000610351562,152.0,162.74000549316406,141147500,164.85000610351562,1,AAPL,0.01668019020913314,-0.02725641049261085,-0.03635717202820454,164.66200561523436,167.8290023803711,0.5681452562626932,0.018967753630922013,0.0,0.0,0.0,0.0,0.0,0.0,0.0,0.0
2022-02-25,163.83999633789062,165.1199951171875,160.8699951171875,164.85000610351562,91974200,165.1199951171875,1,AAPL,0.012965469700934706,0.003225406254097507,-0.045951660924420046,163.856005859375,167.1020034790039,-0.3483823659646823,0.016690963673538013,0.0,0.0,0.0,0.0,0.0,0.0,0.0,0.0
2022-02-28,163.05999755859375,165.4199981689453,162.42999267578125,165.1199951171875,95056600,163.1999969482422,0,AAPL,0.0016377858882354879,0.03154861974073686,-0.043060027836346215,163.42000427246094,166.7500030517578,0.033513746246229825,0.016885853357346225,0.0,0.0,0.0,0.0,0.0,0.0,0.0,0.0
2022-03-01,164.6999969482422,166.60000610351562,161.97000122070312,163.1999969482422,83474400,166.55999755859375,1,AAPL,-0.011627896231359958,0.002826541966028495,-0.03363339513468,163.1960021972656,166.18200225830077,-0.12184530058933307,0.01580528574096944,0.0,0.0,0.0,0.0,0.0,0.0,0.0,0.0
2022-03-02,164.38999938964844,167.36000061035156,162.9499969482422,166.55999755859375,79724800,166.22999572753906,0,AAPL,0.02058823941900667,0.010373014205436792,-0.004423224624419908,164.49400024414064,165.5590026855469,-0.04491916084452241,0.01822382796216291,0.0,0.0,0.0,0.0,0.0,0.0,0.0,0.0
2022-03-03,168.47000122070312,168.91000366210938,165.5500030517578,166.22999572753906,76678400,163.1699981689453,0,AAPL,-0.001981279033932526,0.006722387616131975,0.01162359005712399,165.19199829101564,164.927001953125,-0.03821144737898374,0.016628383293146025,0.0,0.0,0.0,0.0,0.0,0.0,0.0,0.0
2022-03-04,164.49000549316406,165.5500030517578,162.10000610351562,163.1699981689453,83737200,159.3000030517578,0,AAPL,-0.01840821534766368,-0.00018381605305051174,0.019366469062799485,164.85599670410156,164.3560012817383,0.09205721559135305,0.0146888429138368,0.0,0.0,0.0,0.0,0.0,0.0,0.0,0.0
2022-03-07,163.36000061035156,165.02000427246094,159.0399932861328,159.3000030517578,96418800,157.44000244140625,0,AAPL,-0.02371756548762427,-0.04358786391241365,-0.02113802584055302,163.69199829101564,163.55600128173828,0.15144523580917446,0.01620128364219158,0.0,0.0,0.0,0.0,0.0,0.0,0.0,0.0
2022-03-08,158.82000732421875,162.8800048828125,155.8000030517578,157.44000244140625,131148300,162.9499969482422,1,AAPL,-0.011676086470301161,-0.052878502749528655,-0.044949975054634494,162.53999938964844,162.86800079345704,0.3601942774645608,0.014785907055378007,0.0,0.0,0.0,0.0,0.0,0.0,0.0,0.0
2022-03-09,161.47999572753906,163.41000366210938,159.41000366210938,162.9499969482422,91454900,158.52000427246094,0,AAPL,0.034997423916368176,-0.0013482945588767503,-0.013141946663729254,161.81799926757813,163.15599975585937,-0.30266042335279986,0.021623937106346382,0.0,0.0,0.0,0.0,0.0,0.0,0.0,0.0
2022-03-10,160.1999969482422,160.38999938964844,155.97999572753906,158.52000427246094,105342000,154.72999572753906,0,AAPL,-0.027186209013482565,-0.004896414088852552,-0.028676426245678677,160.2760009765625,162.73399963378907,0.1518464292235846,0.02353119635767084,0.0,0.0,0.0,0.0,0.0,0.0,0.0,0.0
2022-03-11,158.92999267578125,159.27999877929688,154.5,154.72999572753906,96970100,150.6199951171875,0,AAPL,-0.02390870831928371,-0.017212948881119017,-0.07102546832646917,158.58800048828124,161.7219985961914,-0.07947352433027666,0.021752623169472372,0.0,0.0,0.0,0.0,0.0,0.0,0.0,0.0
2022-03-14,151.4499969482422,154.1199951171875,150.10000610351562,150.6199951171875,108732100,155.08999633789062,1,AAPL,-0.026562403695717718,-0.07566739528673372,-0.09390603989389068,156.85199890136718,160.2719985961914,0.121295120867154,0.0221718520400251,0.0,0.0,0.0,0.0,0.0,0.0,0.0,0.0
2022-03-15,150.89999389648438,155.57000732421875,150.3800048828125,155.08999633789062,92964300,159.58999633789062,1,AAPL,0.029677342754030223,-0.021637697717159288,-0.049518918439213966,156.38199768066406,159.46099853515625,-0.14501513352542628,0.027344631919780316,0.0,0.0,0.0,0.0,0.0,0.0,0.0,0.0
2022-03-16,157.0500030517578,160.0,154.4600067138672,159.58999633789062,102300200,160.6199951171875,1,AAPL,0.02901541109199557,0.031409556934968386,0.0018204223513955675,155.70999755859376,158.76399841308594,0.1004245715828549,0.02914719934697269,0.0,0.0,0.0,0.0,0.0,0.0,0.0,0.0
2022-03-17,158.61000061035156,161.0,157.6300048828125,160.6199951171875,75615400,163.97999572753906,1,AAPL,0.006454030972694147,0.06639224753804873,0.020198123897798625,156.12999572753907,158.20299835205077,-0.2608479748817696,0.02867389455774861,0.0,0.0,0.0,0.0,0.0,0.0,0.0,0.0
2022-03-18,160.50999450683594,164.47999572753906,159.75999450683594,163.97999572753906,123511700,165.3800048828125,1,AAPL,0.020918943546848645,0.057321552644053364,0.006320949975985757,157.97999572753906,158.28399810791015,0.633419911816905,0.026482928038956983,0.0,0.0,0.0,0.0,0.0,0.0,0.0,0.0
2022-03-21,163.50999450683594,166.35000610351562,163.00999450683594,165.3800048828125,95811400,168.82000732421875,1,AAPL,0.008537682593916074,0.036280523076540616,0.043275299176504856,160.93199768066407,158.89199829101562,-0.22427268024000968,0.023358574445028327,0.0,0.0,0.0,0.0,0.0,0.0,0.0,0.0
2022-03-22,165.50999450683594,169.4199981689453,164.91000366210938,168.82000732421875,81532000,170.2100067138672,1,AAPL,0.0208005946295855,0.05105225038170724,0.09106192713590255,163.6779998779297,160.02999877929688,-0.1490365447117984,0.01951694282976159,0.0,0.0,0.0,0.0,0.0,0.0,0.0,0.0
2022-03-23,167.99000549316406,172.63999938964844,167.64999389648438,170.2100067138672,98062700,174.07000732421875,1,AAPL,0.008233617636201895,0.037992506090069655,0.13006248992000025,165.802001953125,160.75599975585936,0.20275106706569201,0.009928855190835638,0.0,0.0,0.0,0.0,0.0,0.0,0.0,0.0
2022-03-24,171.05999755859375,174.13999938964844,170.2100067138672,174.07000732421875,90131400,174.72000122070312,1,AAPL,0.02267787120671727,0.05254566564781493,0.12238062695531227,168.49200439453125,162.31100006103514,-0.08087988603209983,0.008806170162997621,0.0,0.0,0.0,0.0,0.0,0.0,0.0,0.0
2022-03-25,173.8800048828125,175.27999877929688,172.75,174.72000122070312,80546200,175.60000610351562,1,AAPL,0.003734094727035453,0.034948428151371,0.09480547170875675,170.64000549316407,164.31000061035155,-0.10634695566694852,0.008047145796967137,0.0,0.0,0.0,0.0,0.0,0.0,0.0,0.0
2022-03-28,172.1699981689453,175.72999572753906,172.0,175.60000610351562,90371900,178.9600067138672,1,AAPL,0.005036657947940837,0.0316667597499678,0.09326367477099473,172.6840057373047,166.80800170898436,0.12198837437396182,0.008255926679528037,0.0,0.0,0.0,0.0,0.0,0.0,0.0,0.0
2022-03-29,176.69000244140625,179.00999450683594,176.33999633789062,178.9600067138672,100589400,177.77000427246094,0,AAPL,0.019134399166084615,0.028092142149109156,0.09135267335424357,174.71200561523438,169.19500274658202,0.11306058631056781,0.007988402629414706,0.0,0.0,0.0,0.0,0.0,0.0,0.0,0.0
2022-03-30,178.5500030517578,179.61000061035156,176.6999969482422,177.77000427246094,92633200,174.61000061035156,0,AAPL,-0.006649544014093012,0.017456519176102248,0.07491836391242046,176.22400512695313,171.01300354003905,-0.07909580929998583,0.010830390084729283,0.0,0.0,0.0,0.0,0.0,0.0,0.0,0.0
2022-03-31,177.83999633789062,178.02999877929688,174.39999389648438,174.61000061035156,103049300,174.30999755859375,0,AAPL,-0.017775797863323284,-0.005637844298140071,0.03429684299807634,176.33200378417968,172.41200408935546,0.11244456631099875,0.014016326350585891,0.0,0.0,0.0,0.0,0.0,0.0,0.0,0.0
2022-04-01,174.02999877929688,174.8800048828125,171.94000244140625,174.30999755859375,78751300,178.44000244140625,1,AAPL,-0.0017181321270783867,-0.025983510174472535,0.024087836689994813,176.2500030517578,173.44500427246095,-0.23579005388682894,0.014127647236071714,0.0,0.0,0.0,0.0,0.0,0.0,0.0,0.0
2022-04-04,174.57000732421875,178.49000549316406,174.44000244140625,178.44000244140625,76468400,175.05999755859375,0,AAPL,0.023693448113463633,0.003768904499312775,0.025104813772128143,176.81800231933593,174.75100402832032,-0.02898872780512829,0.01436081067606171,0.0,0.0,0.0,0.0,0.0,0.0,0.0,0.0
2022-04-05,177.5,178.3000030517578,174.4199981689453,175.05999755859375,73401800,171.8300018310547,0,AAPL,-0.018941968373500706,0.002577154496702372,0.0019459497225000622,176.03800048828126,175.3750030517578,-0.04010283986587926,0.016701870626149674,0.0,0.0,0.0,0.0,0.0,0.0,0.0,0.0
2022-04-06,172.36000061035156,173.6300048828125,170.1300048828125,171.8300018310547,89058800,172.13999938964844,1,AAPL,-0.018450792714411857,-0.01422750136121953,-0.021469271875984686,174.85,175.53700256347656,0.2133053957804849,0.017928652862430172,0.0,0.0,0.0,0.0,0.0,0.0,0.0,0.0
2022-04-07,171.16000366210938,173.36000061035156,169.85000610351562,172.13999938964844,77594700,170.08999633789062,0,AAPL,0.0018040944846089424,-0.03530600182448729,-0.03810911415042029,174.3559997558594,175.34400177001953,-0.12872506703436382,0.015385629351497405,0.0,0.0,0.0,0.0,0.0,0.0,0.0,0.0
2022-04-08,171.77999877929688,171.77999877929688,169.1999969482422,170.08999633789062,76575500,165.75,0,AAPL,-0.01190892912179875,-0.02839027356343715,-0.04320193367830194,173.51199951171876,174.8810012817383,-0.013134917719895833,0.015582041331231406,0.0,0.0,0.0,0.0,0.0,0.0,0.0,0.0
2022-04-11,168.7100067138672,169.02999877929688,165.5,165.75,72246700,167.66000366210938,1,AAPL,-0.025515882364234077,-0.03538381985837735,-0.0507416561444437,170.9739990234375,173.89600067138673,-0.05652983003702228,0.016770863964770847,0.0,0.0,0.0,0.0,0.0,0.0,0.0,0.0
2022-04-12,168.02000427246094,169.8699951171875,166.63999938964844,167.66000366210938,79265200,170.39999389648438,1,AAPL,0.01152340067637625,-0.026025303493805274,-0.038150387181601575,169.49400024414064,172.76600036621093,0.09714630564440996,0.018190895931810752,0.0,0.0,0.0,0.0,0.0,0.0,0.0,0.0
2022-04-13,167.38999938964844,171.0399932861328,166.77000427246094,170.39999389648438,70618900,165.2899932861328,0,AAPL,0.016342539511671417,0.0018225502102893198,-0.045057209341621385,169.20799865722657,172.02899932861328,-0.10908065582374105,0.016350581749395538,0.0,0.0,0.0,0.0,0.0,0.0,0.0,0.0
2022-04-14,170.6199951171875,171.27000427246094,165.0399932861328,165.2899932861328,75329400,165.07000732421875,0,AAPL,-0.02998826756681583,-0.002775304457720562,-0.055809461948557626,167.83799743652344,171.0969985961914,0.06670310639219812,0.018187111488595354,0.0,0.0,0.0,0.0,0.0,0.0,0.0,0.0
2022-04-18,163.9199981689453,166.60000610351562,163.57000732421875,165.07000732421875,69023900,167.39999389648438,1,AAPL,-0.0013309091345490298,-0.0154479081553065,-0.039341176946983025,166.83399963378906,170.1729995727539,-0.08370569790812088,0.017696336368234554,0.0,0.0,0.0,0.0,0.0,0.0,0.0,0.0
2022-04-19,165.02000427246094,167.82000732421875,163.91000366210938,167.39999389648438,67723800,167.22999572753906,0,AAPL,0.014115141872437453,-0.017605634433428774,-0.027535758742712635,167.16399841308595,169.06899871826172,-0.018835504803408676,0.019108170458337556,0.0,0.0,0.0,0.0,0.0,0.0,0.0,0.0
2022-04-20,168.75999450683594,168.8800048828125,166.10000610351562,167.22999572753906,67929800,166.4199981689453,0,AAPL,-0.0010155207595194948,0.011736962430919373,-0.01681463150055018,167.07799682617187,168.28599853515624,0.003041766705353277,0.01878069202239128,0.0,0.0,0.0,0.0,0.0,0.0,0.0,0.0
2022-04-21,168.91000366210938,171.52999877929688,165.91000366210938,166.4199981689453,87227800,161.7899932861328,0,AAPL,-0.004843614060203949,0.008178292753540761,0.00404222123043918,166.28199768066406,167.7449981689453,0.28408739610598,0.01592361324162753,0.0,0.0,0.0,0.0,0.0,0.0,0.0,0.0
2022-04-22,166.4600067138672,167.8699951171875,161.5,161.7899932861328,84882400,162.8800048828125,1,AAPL,-0.02782120498590701,-0.033512549670823955,-0.03501139358082439,165.58199768066407,166.70999755859376,-0.02688821682995557,0.018236622155725666,0.0,0.0,0.0,0.0,0.0,0.0,0.0,0.0
2022-04-25,161.1199951171875,163.1699981689453,158.4600067138672,162.8800048828125,96046400,156.8000030517578,0,AAPL,0.006737200333224225,-0.026012025090366153,-0.04413139250603593,165.1439971923828,165.98899841308594,0.13152314260671227,0.016662238852788763,0.0,0.0,0.0,0.0,0.0,0.0,0.0,0.0
2022-04-26,162.25,162.33999633789062,156.72000122070312,156.8000030517578,95623200,156.57000732421875,0,AAPL,-0.03732810442527357,-0.05780552351299473,-0.05136421186537299,163.0239990234375,165.09399871826173,-0.004406203668226971,0.018527436251067973,0.0,0.0,0.0,0.0,0.0,0.0,0.0,0.0
2022-04-27,155.91000366210938,159.7899932861328,155.3800048828125,156.57000732421875,88063200,163.63999938964844,1,AAPL,-0.001466809458308127,-0.03226396055708025,-0.05149330358545934,160.89200134277343,163.98499908447266,-0.0790603117235148,0.01852014112986066,0.0,0.0,0.0,0.0,0.0,0.0,0.0,0.0
2022-04-28,159.25,164.52000427246094,158.92999267578125,163.63999938964844,130216800,157.64999389648438,0,AAPL,0.04515546870218534,0.004665977922721387,-0.02246113885261558,160.33600158691405,163.30899963378906,0.47867440656255966,0.02651394620365394,0.0,0.0,0.0,0.0,0.0,0.0,0.0,0.0
2022-04-29,161.83999633789062,166.1999969482422,157.25,157.64999389648438,131747600,157.9600067138672,1,AAPL,-0.036604775821961866,0.005420859873618733,-0.057286384475324525,159.50800170898438,162.5449996948242,0.011755779592187876,0.029344451875243264,0.0,0.0,0.0,0.0,0.0,0.0,0.0,0.0
2022-05-02,156.7100067138672,158.22999572753906,153.27000427246094,157.9600067138672,123055300,159.47999572753906,1,AAPL,0.0019664626031408172,0.008877813914705213,-0.05083518536329845,158.5240020751953,161.83399963378906,-0.06597691343144008,0.029579434827302183,0.0,0.0,0.0,0.0,0.0,0.0,0.0,0.0
2022-05-03,158.14999389648438,160.7100067138672,156.32000732421875,159.47999572753906,88966500,166.02000427246094,1,AAPL,0.009622619328101267,-0.025421679770383343,-0.014277752978878122,159.06000061035155,161.04199981689453,-0.27702016898093784,0.028565788060810664,0.0,0.0,0.0,0.0,0.0,0.0,0.0,0.0
2022-05-04,159.6699981689453,166.47999572753906,159.25999450683594,166.02000427246094,108256500,156.77000427246094,0,AAPL,0.0410083315784322,0.05309236092627101,0.019277991745564993,160.95,160.9210006713867,0.21682318625550057,0.032866470169406505,0.0,0.0,0.0,0.0,0.0,0.0,0.0,0.0
2022-05-05,163.85000610351562,164.0800018310547,154.9499969482422,156.77000427246094,130525300,157.27999877929688,1,AAPL,-0.05571617733980727,-0.007533567933824203,-0.00019131874179223463,159.5760009765625,159.95600128173828,0.20570404548456667,0.03710630882123135,0.0,0.0,0.0,0.0,0.0,0.0,0.0,0.0
2022-05-06,156.00999450683594,159.44000244140625,154.17999267578125,157.27999877929688,116124600,152.05999755859375,0,AAPL,0.0032531383104996703,-0.013794814441810854,0.004534658120108004,159.502001953125,159.5050018310547,-0.11032880215559737,0.03710608790783843,0.0,0.0,0.0,0.0,0.0,0.0,0.0,0.0
2022-05-09,154.92999267578125,155.8300018310547,151.49000549316406,152.05999755859375,131577900,154.50999450683594,1,AAPL,-0.03318922470255159,-0.0840862929442946,-0.07076510556249249,158.3220001220703,158.42300109863282,0.133075162368697,0.033269719818464126,0.0,0.0,0.0,0.0,0.0,0.0,0.0,0.0
2022-05-10,155.52000427246094,156.74000549316406,152.92999267578125,154.50999450683594,115366700,146.5,0,AAPL,0.01611204121779708,-0.014416085373686549,-0.019917535751445836,157.3279998779297,158.19400024414062,-0.1232061007205617,0.03217953406237638,0.0,0.0,0.0,0.0,0.0,0.0,0.0,0.0
2022-05-11,153.5,155.4499969482422,145.80999755859375,146.5,142689800,142.55999755859375,0,AAPL,-0.05184127106082803,-0.06854017588354577,-0.07255005208138621,153.4239990234375,157.18699951171874,0.23683697288732364,0.037019593809073735,0.0,0.0,0.0,0.0,0.0,0.0,0.0,0.0
2022-05-12,142.77000427246094,146.1999969482422,138.8000030517578,142.55999755859375,182602000,147.11000061035156,1,AAPL,-0.026894214617107504,-0.062475339685174824,-0.10609479948727862,150.58199768066407,155.0789993286133,0.2797130558736505,0.036342678153470434,0.0,0.0,0.0,0.0,0.0,0.0,0.0,0.0
2022-05-13,144.58999633789062,148.10000610351562,143.11000061035156,147.11000061035156,113990900,145.5399932861328,0,AAPL,0.03191640803646689,-0.04789330243718948,-0.11390195865237751,148.547998046875,154.025,-0.3757412295593695,0.034086308863013566,0.0,0.0,0.0,0.0,0.0,0.0,0.0,0.0
2022-05-16,145.5500030517578,147.52000427246094,144.17999267578125,145.5399932861328,86643800,149.24000549316406,1,AAPL,-0.010672335787539122,-0.0065529468523357615,-0.0716336714950313,147.2439971923828,152.78299865722656,-0.23990599249589217,0.029406691582787983,0.0,0.0,0.0,0.0,0.0,0.0,0.0,0.0
2022-05-17,148.86000061035156,149.77000427246094,146.67999267578125,149.24000549316406,78336300,140.82000732421875,0,AAPL,0.02542264929033622,0.046857519984347284,-0.05111898110715862,146.18999938964845,151.75899963378907,-0.09588106708154531,0.03216042939700656,0.0,0.0,0.0,0.0,0.0,0.0,0.0,0.0
2022-05-18,146.85000610351562,147.36000061035156,139.89999389648438,140.82000732421875,109742900,137.35000610351562,0,AAPL,-0.056419176219683176,-0.04275707470624679,-0.07391812715269752,145.0540008544922,149.23899993896484,0.4009201353650862,0.036249321915514186,0.0,0.0,0.0,0.0,0.0,0.0,0.0,0.0
2022-05-19,139.8800048828125,141.66000366210938,136.60000610351562,137.35000610351562,136095600,137.58999633789062,1,AAPL,-0.024641393553644142,-0.05627310402932073,-0.11106070165940696,144.01200256347656,147.2970001220703,0.24013125222679554,0.03452459015498089,0.0,0.0,0.0,0.0,0.0,0.0,0.0,0.0
2022-05-20,139.08999633789062,140.6999969482422,132.61000061035156,137.58999633789062,137426100,143.11000061035156,1,AAPL,0.0017472895792529641,-0.07806224019341157,-0.060819137625319986,142.10800170898438,145.3279998779297,0.009776216130426008,0.031062026895801256,0.0,0.0,0.0,0.0,0.0,0.0,0.0,0.0
2022-05-23,137.7899932861328,143.25999450683594,137.64999389648438,143.11000061035156,117726300,140.36000061035156,0,AAPL,0.04011922682885327,0.0162618460945001,0.0038580461642596653,141.62200317382812,144.43300018310546,-0.1433483159312532,0.034577971795730605,0.0,0.0,0.0,0.0,0.0,0.0,0.0,0.0
2022-05-24,140.80999755859375,141.97000122070312,137.3300018310547,140.36000061035156,104132700,140.52000427246094,1,AAPL,-0.019215987619813357,0.02191477519533147,-0.04588403216636949,139.84600219726562,143.01800079345702,-0.11546782664536304,0.03230087943696789,0.0,0.0,0.0,0.0,0.0,0.0,0.0,0.0
2022-05-25,138.42999267578125,141.7899932861328,138.33999633789062,140.52000427246094,92482700,143.77999877929688,1,AAPL,0.0011399519906925004,0.021295210498987638,-0.03449216191595206,139.78600158691407,142.4200012207031,-0.11187648068282108,0.03233908282876526,0.0,0.0,0.0,0.0,0.0,0.0,0.0,0.0
2022-05-26,137.38999938964844,144.33999633789062,137.13999938964844,143.77999877929688,90601500,149.63999938964844,1,AAPL,0.02319950475175747,0.004681700552636725,-0.03658540949408695,141.0720001220703,142.54200134277343,-0.02034110163306213,0.032004865648025196,0.0,0.0,0.0,0.0,0.0,0.0,0.0,0.0
2022-05-27,145.38999938964844,149.67999267578125,145.25999450683594,149.63999938964844,90978500,148.83999633789062,0,AAPL,0.04075671623385313,0.0661156934948921,0.0626330890973672,143.48200073242188,142.7950012207031,0.004161079010833069,0.026522905622834922,0.0,0.0,0.0,0.0,0.0,0.0,0.0,0.0
2022-05-31,149.07000732421875,150.66000366210938,146.83999633789062,148.83999633789062,103718400,148.7100067138672,0,AAPL,-0.005346184543042365,0.0592085953064565,0.0836548214327375,144.62799987792968,143.1250015258789,0.14003198557901042,0.023241807839284975,0.0,0.0,0.0,0.0,0.0,0.0,0.0,0.0
2022-06-01,149.89999389648438,151.74000549316406,147.67999267578125,148.7100067138672,74286600,151.2100067138672,1,AAPL,-0.0008733514325567349,0.03428855179041901,0.08081990458571031,146.29800109863282,143.0720016479492,-0.28376642910033323,0.023450359511966883,0.0,0.0,0.0,0.0,0.0,0.0,0.0,0.0
2022-06-02,147.8300018310547,151.27000427246094,146.86000061035156,151.2100067138672,72348100,145.3800048828125,0,AAPL,0.016811242600575316,0.010491896088094643,0.0565998607292979,148.43600158691407,144.11100158691406,-0.026094881176416784,0.020109122456753337,0.0,0.0,0.0,0.0,0.0,0.0,0.0,0.0
2022-06-03,146.89999389648438,147.97000122070312,144.4600067138672,145.3800048828125,88570300,146.13999938964844,1,AAPL,-0.03855566147871903,-0.023246382291110756,0.03576520554738938,148.7560028076172,144.91400146484375,0.22422427126628075,0.02517325336800556,0.0,0.0,0.0,0.0,0.0,0.0,0.0,0.0
2022-06-06,147.02999877929688,148.57000732421875,144.89999389648438,146.13999938964844,71598400,148.7100067138672,1,AAPL,0.005227641225136415,-0.01728200664507873,0.03999427089605412,148.05600280761718,145.76900177001954,-0.19162066742463335,0.025107869583675852,0.0,0.0,0.0,0.0,0.0,0.0,0.0,0.0
2022-06-07,144.35000610351562,149.0,144.10000610351562,148.7100067138672,67808200,147.9600067138672,0,AAPL,0.017585926747997416,-0.01653329732820341,0.03428855179041901,148.0300048828125,146.3290023803711,-0.05293693713826009,0.024546175871211568,0.0,0.0,0.0,0.0,0.0,0.0,0.0,0.0
2022-06-08,148.5800018310547,149.8699951171875,147.4600067138672,147.9600067138672,53950200,142.63999938964844,0,AAPL,-0.005043372780172639,0.01774660712891274,-0.011226895767399103,147.8800048828125,147.08900299072266,-0.2043705628522804,0.018910690655992844,0.0,0.0,0.0,0.0,0.0,0.0,0.0,0.0
2022-06-09,147.0800018310547,147.9499969482422,142.52999877929688,142.63999938964844,69473000,137.1300048828125,0,AAPL,-0.0359557115626985,-0.02394963743408851,-0.04165544948124833,146.16600341796874,147.3010025024414,0.28772460528413246,0.023046754937061795,0.0,0.0,0.0,0.0,0.0,0.0,0.0,0.0
2022-06-10,140.27999877929688,140.75999450683594,137.05999755859375,137.1300048828125,91437900,131.8800048828125,0,AAPL,-0.038628677302390724,-0.07786968803878658,-0.07786968803878658,144.51600341796876,146.63600311279296,0.31616455313575065,0.02593111695819006,0.0,0.0,0.0,0.0,0.0,0.0,0.0,0.0
2022-06-13,132.8699951171875,135.1999969482422,131.44000244140625,131.8800048828125,122207100,132.75999450683594,1,AAPL,-0.03828483784046022,-0.10867802853071662,-0.12783546705101734,141.66400451660155,144.86000366210936,0.33650379109756456,0.02431510107078258,0.0,0.0,0.0,0.0,0.0,0.0,0.0,0.0
2022-06-14,133.1300048828125,133.88999938964844,131.47999572753906,132.75999450683594,84784300,135.42999267578125,1,AAPL,0.006672653862921818,-0.069265317758614,-0.08680705703751534,138.4740020751953,143.25200347900392,-0.3062244337685781,0.024290730899435058,0.0,0.0,0.0,0.0,0.0,0.0,0.0,0.0
2022-06-15,134.2899932861328,137.33999633789062,132.16000366210938,135.42999267578125,91533000,130.05999755859375,0,AAPL,0.020111466401181888,-0.012397084128189406,-0.07328593648964943,135.96799926757814,141.92400207519532,0.07959846339475596,0.026651356034697322,0.0,0.0,0.0,0.0,0.0,0.0,0.0,0.0
2022-06-16,132.0800018310547,132.38999938964844,129.0399932861328,130.05999755859375,108123900,131.55999755859375,1,AAPL,-0.039651446559871295,-0.013800479654485831,-0.1254119313649007,133.45199890136718,139.80900115966796,0.18125594048048255,0.025344439371510145,0.0,0.0,0.0,0.0,0.0,0.0,0.0,0.0
2022-06-17,130.07000732421875,133.0800018310547,129.80999755859375,131.55999755859375,134520300,135.8699951171875,1,AAPL,0.011533138767930717,-0.009038844515622535,-0.11084082462221456,132.33799743652344,138.4270004272461,0.24413103855854246,0.02751290538183503,0.0,0.0,0.0,0.0,0.0,0.0,0.0,0.0
2022-06-21,133.4199981689453,137.05999755859375,133.32000732421875,135.8699951171875,81000500,135.35000610351562,0,AAPL,0.032760699593918474,0.003248929079244789,-0.04746217261237762,133.13599548339843,137.4,-0.3978566803672011,0.03133111282965395,0.0,0.0,0.0,0.0,0.0,0.0,0.0,0.0
2022-06-22,134.7899932861328,137.75999450683594,133.91000366210938,135.35000610351562,73409200,138.27000427246094,1,AAPL,-0.003827107031419197,0.0406736017547491,-0.012980374213637735,133.65399780273438,136.06399993896486,-0.0937191745729965,0.027962992443845678,0.0,0.0,0.0,0.0,0.0,0.0,0.0,0.0
2022-06-23,136.82000732421875,138.58999633789062,135.6300048828125,138.27000427246094,72433800,141.66000366210938,1,AAPL,0.021573683319320303,0.05100339646083296,0.048453132795426734,134.2220001220703,135.09499969482422,-0.013287162916909567,0.02367189745841623,0.0,0.0,0.0,0.0,0.0,0.0,0.0,0.0
2022-06-24,139.89999389648438,141.91000366210938,139.77000427246094,141.66000366210938,89116800,141.66000366210938,0,AAPL,0.024517243689154977,0.04261432805622767,0.06703833627241651,136.54200134277343,134.99700012207032,0.23032065140859648,0.02457141513804073,0.0,0.0,0.0,0.0,0.0,0.0,0.0,0.0
2022-06-27,142.6999969482422,143.49000549316406,140.97000122070312,141.66000366210938,70207900,137.44000244140625,0,AAPL,0.0,0.04661985425968784,0.046001708065086744,138.56200256347657,135.45,-0.2121810926783727,0.02430831989589832,0.0,0.0,0.0,0.0,0.0,0.0,0.0,0.0
2022-06-28,142.1300048828125,143.4199981689453,137.32000732421875,137.44000244140625,67083400,139.22999572753906,1,AAPL,-0.029789645006425114,-0.0060027613033060145,0.056743080280988956,138.87600402832032,136.00599975585936,-0.04450353877555091,0.021270061114240523,0.0,0.0,0.0,0.0,0.0,0.0,0.0,0.0
2022-06-29,137.4600067138672,140.6699981689453,136.6699981689453,139.22999572753906,66242400,136.72000122070312,0,AAPL,0.013023815878466127,-0.01715380397960753,0.05830038242079838,139.652001953125,136.6529998779297,-0.012536633503966721,0.02131745805264322,0.0,0.0,0.0,0.0,0.0,0.0,0.0,0.0
2022-06-30,137.25,138.3699951171875,133.77000427246094,136.72000122070312,98964500,138.92999267578125,1,AAPL,-0.01802768500939822,-0.03487224561414848,0.006256025127420406,139.34200134277344,136.78200073242186,0.49397515790490676,0.02022883150704813,0.0,0.0,0.0,0.0,0.0,0.0,0.0,0.0
2022-07-01,136.0399932861328,139.0399932861328,135.66000366210938,138.92999267578125,71051600,141.55999755859375,1,AAPL,0.016164360995803317,0.010841023049386278,0.026449844187872884,138.7959991455078,137.66900024414062,-0.28204962385501875,0.020825105834369202,0.0,0.0,0.0,0.0,0.0,0.0,0.0,0.0
2022-07-05,137.77000427246094,141.61000061035156,136.92999267578125,141.55999755859375,73353800,142.9199981689453,1,AAPL,0.018930432746441683,0.01673491275266792,0.023793976889231017,138.7759979248047,138.66900024414062,0.032401803759521286,0.020472701694364395,0.0,0.0,0.0,0.0,0.0,0.0,0.0,0.0
2022-07-06,141.35000610351562,144.1199951171875,141.0800018310547,142.9199981689453,74064300,146.35000610351562,1,AAPL,0.009607238159132114,0.045348134090737124,0.008894497206433094,139.8719970703125,139.3740005493164,0.009685933107759892,0.018618814408278925,0.0,0.0,0.0,0.0,0.0,0.0,0.0,0.0
2022-07-07,143.2899932861328,146.5500030517578,143.27999877929688,146.35000610351562,66253700,147.0399932861328,1,AAPL,0.02399949607133145,0.05340829064211028,0.033107456728526996,141.2959991455078,140.4740005493164,-0.10545701505313632,0.020435721818670594,0.0,0.0,0.0,0.0,0.0,0.0,0.0,0.0
2022-07-08,145.25999450683594,147.5500030517578,145.0,147.0399932861328,64547800,144.8699951171875,0,AAPL,0.004714637197412497,0.03871147091021121,0.06984859338036786,143.35999755859376,141.3509994506836,-0.02574799596098032,0.013760823995494694,0.0,0.0,0.0,0.0,0.0,0.0,0.0,0.0
2022-07-11,145.6699981689453,146.63999938964844,143.77999877929688,144.8699951171875,63141600,145.86000061035156,1,AAPL,-0.014757877230874183,0.013643975463371483,0.04050850795604011,144.547998046875,141.6719985961914,-0.021785405544418213,0.016417002012038398,0.0,0.0,0.0,0.0,0.0,0.0,0.0,0.0
2022-07-12,145.75999450683594,148.4499969482422,145.0500030517578,145.86000061035156,77588800,145.49000549316406,0,AAPL,0.006833751132270249,-0.0033481754200780367,0.0668519551495177,145.40799865722656,142.0919982910156,0.22880636537560028,0.012661633009413965,0.0,0.0,0.0,0.0,0.0,0.0,0.0,0.0
2022-07-13,142.99000549316406,146.4499969482422,142.1199951171875,145.49000549316406,71185600,148.47000122070312,1,AAPL,-0.0025366455206311533,-0.01054126675558631,0.04721811821218336,145.9220001220703,142.8969985961914,-0.0825273750850638,0.012955192379129375,0.0,0.0,0.0,0.0,0.0,0.0,0.0,0.0
2022-07-14,144.0800018310547,148.9499969482422,143.25,148.47000122070312,78140700,150.1699981689453,1,AAPL,0.0204824772494705,0.024849908365107032,0.048813250786114315,146.34599914550782,143.8209991455078,0.09770374907284629,0.013210472183125483,0.0,0.0,0.0,0.0,0.0,0.0,0.0,0.0
2022-07-15,149.77999877929688,150.86000061035156,148.1999969482422,150.1699981689453,76259900,147.07000732421875,0,AAPL,0.011450103955445545,0.029548865628400867,0.050727680470789016,146.9720001220703,145.16599884033204,-0.024069403012770607,0.013291387643629946,0.0,0.0,0.0,0.0,0.0,0.0,0.0,0.0
2022-07-18,150.74000549316406,151.57000732421875,146.6999969482422,147.07000732421875,81420900,151.0,1,AAPL,-0.020643210245224752,0.010859865086257914,0.004919721152548906,147.41200256347656,145.9800003051758,0.06767645905646358,0.014523238359234398,0.0,0.0,0.0,0.0,0.0,0.0,0.0,0.0
2022-07-19,147.9199981689453,151.22999572753906,146.91000366210938,151.0,82982400,153.0399932861328,1,AAPL,0.026721917998667744,0.017040471196171136,0.026931494115082,148.44000244140625,146.92400054931642,0.019178122570494782,0.017575249880683295,0.0,0.0,0.0,0.0,0.0,0.0,0.0,0.0
2022-07-20,151.1199951171875,153.72000122070312,150.3699951171875,153.0399932861328,64823400,155.35000610351562,1,AAPL,0.013509889312137924,0.019111641154571313,0.05639537823091989,149.95,147.93600006103514,-0.21882953493752888,0.015713021990900928,0.0,0.0,0.0,0.0,0.0,0.0,0.0,0.0
2022-07-21,154.5,155.57000732421875,151.94000244140625,155.35000610351562,65086600,154.08999633789062,0,AAPL,0.015094177461599134,0.056299710117260426,0.06506242598007073,151.3260009765625,148.83600006103515,0.0040602621892711355,0.01592190652300534,0.0,0.0,0.0,0.0,0.0,0.0,0.0,0.0
2022-07-22,155.38999938964844,156.27999877929688,153.41000366210938,154.08999633789062,66675400,152.9499969482422,0,AAPL,-0.008110780277571505,0.02046355190656035,0.059110526634289284,152.11000061035156,149.54100036621094,0.024410554553471853,0.016723269762088218,0.0,0.0,0.0,0.0,0.0,0.0,0.0,0.0
2022-07-25,154.00999450683594,155.0399932861328,152.27999877929688,152.9499969482422,53623900,151.60000610351562,0,AAPL,-0.0073982699509488326,-0.000588057644006601,0.030174416991345376,153.28599853515624,150.3490005493164,-0.1957468571617118,0.016674352792905522,0.0,0.0,0.0,0.0,0.0,0.0,0.0,0.0
2022-07-26,152.25999450683594,153.08999633789062,150.8000030517578,151.60000610351562,55138700,156.7899932861328,1,AAPL,-0.0088263541788981,-0.024139039927048578,0.009522594073428037,153.40599975585937,150.92300109863282,0.028248598106441314,0.016998443938352474,0.0,0.0,0.0,0.0,0.0,0.0,0.0,0.0
2022-07-27,152.5800018310547,157.3300018310547,152.16000366210938,156.7899932861328,78620700,157.35000610351562,1,AAPL,0.034234742570348864,0.01752220788117609,0.06609087834262595,154.15599975585937,152.0529998779297,0.425871484093749,0.017734571866062292,0.0,0.0,0.0,0.0,0.0,0.0,0.0,0.0
2022-07-28,156.97999572753906,157.63999938964844,154.41000366210938,157.35000610351562,81378700,162.50999450683594,1,AAPL,0.0035717382573059453,0.02876763153360762,0.042053020553083575,154.55599975585938,152.94100036621094,0.03507981994563769,0.016024186789580848,0.0,0.0,0.0,0.0,0.0,0.0,0.0,0.0
2022-07-29,161.24000549316406,163.6300048828125,159.5,162.50999450683594,101786900,161.50999450683594,0,AAPL,0.03279306134837845,0.07196561981581162,0.06187925794662985,156.23999938964843,154.175,0.25078060966813176,0.01892345532838053,0.0,0.0,0.0,0.0,0.0,0.0,0.0,0.0
2022-08-01,161.00999450683594,163.58999633789062,160.88999938964844,161.50999450683594,67829400,160.00999450683594,0,AAPL,-0.00615346768692393,0.030103969786448026,0.03965232160477461,157.95199890136718,155.6189987182617,-0.3336136575531822,0.019436266162676786,0.0,0.0,0.0,0.0,0.0,0.0,0.0,0.0
2022-08-02,160.10000610351562,162.41000366210938,159.6300048828125,160.00999450683594,59907000,166.1300048828125,1,AAPL,-0.009287350944318873,0.016904914522662295,0.038419094747486726,159.63399658203124,156.5199981689453,-0.11679891020707833,0.019580461137902513,0.0,0.0,0.0,0.0,0.0,0.0,0.0,0.0
2022-08-03,160.83999633789062,166.58999633789062,160.75,166.1300048828125,82507500,165.80999755859375,0,AAPL,0.038247675683253046,0.022275616874901205,0.0861720052144257,161.5019989013672,157.8289993286133,0.37725975261655575,0.021996590323831916,0.0,0.0,0.0,0.0,0.0,0.0,0.0,0.0
2022-08-04,166.00999450683594,167.19000244140625,164.42999267578125,165.80999755859375,55474100,165.35000610351562,0,AAPL,-0.0019262464022948844,0.026623758268877973,0.09373344909613812,163.19399719238282,158.8749984741211,-0.3276477895948853,0.021037102340976947,0.0,0.0,0.0,0.0,0.0,0.0,0.0,0.0
2022-08-05,163.2100067138672,165.85000610351562,163.0,165.35000610351562,56697000,164.8699951171875,0,AAPL,-0.0027742082012610636,0.03337298781328024,0.0545954026655342,163.76199951171876,160.0009994506836,0.022044521677683893,0.019419408112087328,0.0,0.0,0.0,0.0,0.0,0.0,0.0,0.0
2022-08-08,166.3699951171875,167.80999755859375,164.1999969482422,164.8699951171875,60276900,164.9199981689453,1,AAPL,-0.0029029995077690662,-0.0075844803984314035,0.04779147583079668,164.43399963378906,161.19299926757813,0.06314090692629248,0.019803742547039052,0.0,0.0,0.0,0.0,0.0,0.0,0.0,0.0
2022-08-09,164.02000427246094,165.82000732421875,163.25,164.9199981689453,63135500,169.24000549316406,1,AAPL,0.0003032877615012364,-0.0053675858075682426,0.014829879660158474,165.41600036621094,162.5249984741211,0.04742446940701983,0.016189398424297723,0.0,0.0,0.0,0.0,0.0,0.0,0.0,0.0
2022-08-10,167.67999267578125,169.33999633789062,166.89999389648438,169.24000549316406,70170500,168.49000549316406,0,AAPL,0.026194563256017656,0.0235258496888906,0.0478608832223133,166.03800048828126,163.7699996948242,0.11142701016068624,0.017926085692234788,0.0,0.0,0.0,0.0,0.0,0.0,0.0,0.0
2022-08-11,170.05999755859375,170.99000549316406,168.19000244140625,168.49000549316406,57149200,172.10000610351562,1,AAPL,-0.0044315763156265175,0.021956756736745797,0.052996758186663495,166.57400207519532,164.88399963378907,-0.18556658424836647,0.01728048504345202,0.0,0.0,0.0,0.0,0.0,0.0,0.0,0.0
2022-08-12,169.82000732421875,172.1699981689453,169.39999389648438,172.10000610351562,68039400,173.19000244140625,1,AAPL,0.021425606817361276,0.04353630859985258,0.03593571928752026,167.92400207519532,165.84300079345704,0.19055734813435699,0.012914976155442228,0.0,0.0,0.0,0.0,0.0,0.0,0.0,0.0
2022-08-15,171.52000427246094,173.38999938964844,171.35000610351562,173.19000244140625,54091700,173.02999877929688,0,AAPL,0.006333505515595528,0.023339617230169196,0.04450880520762657,169.58800354003907,167.01100158691406,-0.20499445909281977,0.012534899029397972,0.0,0.0,0.0,0.0,0.0,0.0,0.0,0.0
2022-08-16,172.77999877929688,173.7100067138672,171.66000366210938,173.02999877929688,56377100,174.5500030517578,1,AAPL,-0.0009238620004263787,0.026945178575099593,0.04644688474322334,171.2100036621094,168.31300201416016,0.04225047465692522,0.012329304570976774,0.0,0.0,0.0,0.0,0.0,0.0,0.0,0.0
2022-08-17,172.77000427246094,176.14999389648438,172.57000732421875,174.5500030517578,79542000,174.14999389648438,0,AAPL,0.00878462857992468,0.014235891117682753,0.05871297520018648,172.27200317382812,169.15500183105468,0.41089201111798945,0.011602402906282715,0.0,0.0,0.0,0.0,0.0,0.0,0.0,0.0
2022-08-18,173.75,174.89999389648438,173.1199951171875,174.14999389648438,62290100,171.52000427246094,0,AAPL,-0.0022916594000563784,0.005542995793899275,0.05596650394140679,173.40400085449218,169.98900146484374,-0.21689044781373368,0.01193497357724393,0.0,0.0,0.0,0.0,0.0,0.0,0.0,0.0
2022-08-19,173.02999877929688,173.74000549316406,171.30999755859375,171.52000427246094,70346300,167.57000732421875,0,AAPL,-0.015101864577650947,-0.008726778694380988,0.013471984786652458,173.28800048828126,170.6060012817383,0.12933355380710587,0.011568382874877834,0.0,0.0,0.0,0.0,0.0,0.0,0.0,0.0
2022-08-22,169.69000244140625,169.86000061035156,167.13999938964844,167.57000732421875,69026800,167.22999572753906,0,AAPL,-0.023029365962279114,-0.03998851678890747,-0.005460253658681524,172.16400146484375,170.8760025024414,-0.018757205425160905,0.014930769648434462,0.0,0.0,0.0,0.0,0.0,0.0,0.0,0.0
2022-08-23,167.0800018310547,168.7100067138672,166.64999389648438,167.22999572753906,54147100,167.52999877929688,1,AAPL,-0.0020290719210975805,-0.03973585076930064,-0.02829756073946521,171.00400085449218,171.10700225830078,-0.21556409974097013,0.011342048271780902,0.0,0.0,0.0,0.0,0.0,0.0,0.0,0.0
2022-08-24,167.32000732421875,168.11000061035156,166.25,167.52999877929688,53841500,170.02999877929688,1,AAPL,0.001793954789346408,-0.023262624730500225,-0.032680891404365364,169.6,170.93600158691407,-0.005643884898729579,0.010765398049252068,0.0,0.0,0.0,0.0,0.0,0.0,0.0,0.0
2022-08-25,168.77999877929688,170.13999938964844,168.35000610351562,170.02999877929688,51218200,163.6199951171875,0,AAPL,0.014922700520600518,0.014680380423439887,-0.017338033989276913,168.7760009765625,171.09000091552736,-0.048722639599565354,0.013100987954126656,0.0,0.0,0.0,0.0,0.0,0.0,0.0,0.0
2022-08-26,170.57000732421875,171.0500030517578,163.55999755859375,163.6199951171875,78961000,161.3800048828125,0,AAPL,-0.03769925135640162,-0.021587040020219717,-0.06261820534789297,167.1959991455078,170.24199981689452,0.5416590196453603,0.017512265434543116,0.0,0.0,0.0,0.0,0.0,0.0,0.0,0.0
2022-08-29,161.14999389648438,162.89999389648438,159.82000732421875,161.3800048828125,73314000,158.91000366210938,0,AAPL,-0.013690198638440787,-0.03670980684830272,-0.07332753064155961,165.95799865722657,169.06100006103514,-0.07151631818239379,0.017306533357203537,0.0,0.0,0.0,0.0,0.0,0.0,0.0,0.0
2022-08-30,162.1300048828125,162.55999755859375,157.72000122070312,158.91000366210938,77906200,157.22000122070312,0,AAPL,-0.015305497248539135,-0.06540019524214391,-0.07351912486149703,164.29400024414062,167.6490005493164,0.06263742259322913,0.01731535322056376,0.0,0.0,0.0,0.0,0.0,0.0,0.0,0.0
2022-08-31,160.30999755859375,160.5800018310547,157.13999938964844,157.22000122070312,87991100,157.9600067138672,1,AAPL,-0.010634965719336975,-0.03911498647766487,-0.06176526616418987,162.23200073242188,165.91600036621094,0.12944926077770447,0.016459333842165167,0.0,0.0,0.0,0.0,0.0,0.0,0.0,0.0
2022-09-01,156.63999938964844,158.4199981689453,154.6699981689453,157.9600067138672,74229900,155.80999755859375,0,AAPL,0.004706815210650195,-0.021192205139842324,-0.05543257340492369,159.81800231933593,164.29700164794923,-0.15639308975566846,0.017115153509905154,0.0,0.0,0.0,0.0,0.0,0.0,0.0,0.0
2022-09-02,159.75,160.36000061035156,154.97000122070312,155.80999755859375,76957800,154.52999877929688,0,AAPL,-0.013611098150736467,-0.01950793551114105,-0.06995762732704958,158.2560028076172,162.7260009765625,0.03674934224618376,0.016631512768370247,0.0,0.0,0.0,0.0,0.0,0.0,0.0,0.0
2022-09-06,156.47000122070312,157.08999633789062,153.69000244140625,154.52999877929688,73714800,155.9600067138672,1,AAPL,-0.008215126110989845,-0.0171097978661765,-0.09116038411621341,156.88600158691406,161.4220001220703,-0.04213997801392455,0.012626283245138611,0.0,0.0,0.0,0.0,0.0,0.0,0.0,0.0
2022-09-07,154.82000732421875,156.6699981689453,153.61000061035156,155.9600067138672,87449600,154.4600067138672,0,AAPL,0.00925391798269981,-0.012661432736090328,-0.04681572321178773,156.29600219726564,160.2950012207031,0.18632350627011118,0.009772857488961385,0.0,0.0,0.0,0.0,0.0,0.0,0.0,0.0
2022-09-08,154.63999938964844,156.36000061035156,152.67999267578125,154.4600067138672,84923800,157.3699951171875,1,AAPL,-0.009617850316921195,-0.008664340323982667,-0.042880145988162144,155.74400329589844,158.98800201416014,-0.028882922277517542,0.009407691259571117,0.0,0.0,0.0,0.0,0.0,0.0,0.0,0.0
2022-09-09,155.47000122070312,157.82000732421875,154.75,157.3699951171875,68028800,163.42999267578125,1,AAPL,0.01883975318420772,0.018378284865883998,-0.009691073623007362,155.6260009765625,157.7220016479492,-0.1989430524776329,0.012307060597239693,0.0,0.0,0.0,0.0,0.0,0.0,0.0,0.0
2022-09-12,159.58999633789062,164.25999450683594,159.3000030517578,163.42999267578125,104956000,153.83999633789062,0,AAPL,0.038507960517385253,0.04789680456746148,0.03949873684557881,157.15,157.7030014038086,0.5428171597911473,0.018546418070957273,0.0,0.0,0.0,0.0,0.0,0.0,0.0,0.0
2022-09-13,159.89999389648438,160.5399932861328,153.3699951171875,153.83999633789062,122656600,155.30999755859375,1,AAPL,-0.05867953721882391,-0.004014051204368485,-0.026082617123710627,157.01199951171876,156.9490005493164,0.1686478143221921,0.030640211153490023,0.0,0.0,0.0,0.0,0.0,0.0,0.0,0.0
2022-09-14,154.7899932861328,157.10000610351562,153.61000061035156,155.30999755859375,87965400,152.3699951171875,0,AAPL,0.009555390377639084,-0.013090154556208433,-0.0032090366974812934,156.88199768066406,156.58899993896483,-0.28283190631405075,0.030599567488873672,0.0,0.0,0.0,0.0,0.0,0.0,0.0,0.0
2022-09-15,154.64999389648438,155.24000549316406,151.3800048828125,152.3699951171875,90481100,150.6999969482422,0,AAPL,-0.018929898188280392,-0.067674221711158,-0.01397789218386225,156.46399536132813,156.10399932861327,0.028598744506362683,0.03133518984752211,0.0,0.0,0.0,0.0,0.0,0.0,0.0,0.0
2022-09-16,151.2100067138672,151.35000610351562,148.3699951171875,150.6999969482422,162278800,154.47999572753906,1,AAPL,-0.010960151095764759,-0.020410812951085933,-0.03372665772755001,155.12999572753907,155.37799835205078,0.7935104679319769,0.031100767031337843,0.0,0.0,0.0,0.0,0.0,0.0,0.0,0.0
2022-09-19,149.30999755859375,154.55999755859375,149.10000610351562,154.47999572753906,81474200,156.89999389648438,1,AAPL,0.025082938658552933,-0.005344162282544307,0.00012941222842810518,153.33999633789062,155.2449981689453,-0.4979368839306182,0.032859157051039235,0.0,0.0,0.0,0.0,0.0,0.0,0.0,0.0
2022-09-20,153.39999389648438,158.0800018310547,153.0800018310547,156.89999389648438,107689800,153.72000122070312,0,AAPL,0.01566544689199456,0.029730254803859824,-0.002986599957337077,153.95199584960938,155.48199768066405,0.32176566324063316,0.032584439577738704,0.0,0.0,0.0,0.0,0.0,0.0,0.0,0.0
2022-09-21,157.33999633789062,158.74000549316406,153.60000610351562,153.72000122070312,101696800,152.74000549316406,0,AAPL,-0.02026764053209118,0.020039842956985243,-0.05941376669055587,153.63399658203124,155.25799713134765,-0.055650581577828206,0.02831061253724789,0.0,0.0,0.0,0.0,0.0,0.0,0.0,0.0
2022-09-22,152.3800048828125,154.47000122070312,150.91000366210938,152.74000549316406,86652500,150.42999267578125,0,AAPL,-0.006375199842290069,-0.011263531088153811,-0.007150226669991433,153.70799865722657,155.08599700927735,-0.14793287497738372,0.017749219626129777,0.0,0.0,0.0,0.0,0.0,0.0,0.0,0.0
2022-09-23,151.19000244140625,151.47000122070312,148.55999755859375,150.42999267578125,96029900,150.77000427246094,1,AAPL,-0.015123823060790742,-0.0412364657258798,-0.03142106084298546,153.65399780273438,154.39199676513672,0.10821845878653247,0.01777967702085643,0.0,0.0,0.0,0.0,0.0,0.0,0.0,0.0
2022-09-26,149.66000366210938,153.77000427246094,149.63999938964844,150.77000427246094,93339400,151.75999450683594,1,AAPL,0.0022602646628622214,-0.01919071639875114,-0.010500694992449211,152.91199951171876,153.1259979248047,-0.028017315440295176,0.016665595195839315,0.0,0.0,0.0,0.0,0.0,0.0,0.0,0.0
2022-09-27,152.74000549316406,154.72000122070312,149.9499969482422,151.75999450683594,84442700,149.83999633789062,0,AAPL,0.0065662280713738586,-0.00641620368654483,0.007033826012337707,151.88399963378907,152.91799774169922,-0.09531559020092262,0.0163004339904205,0.0,0.0,0.0,0.0,0.0,0.0,0.0,0.0
2022-09-28,147.63999938964844,150.63999938964844,144.83999633789062,149.83999633789062,146691400,142.47999572753906,0,AAPL,-0.012651543479456517,-0.003922065855326062,-0.030036247527039928,151.10799865722657,152.3709976196289,0.7371708862933088,0.01294798675062429,0.0,0.0,0.0,0.0,0.0,0.0,0.0,0.0
2022-09-29,146.10000610351562,146.72000122070312,140.67999267578125,142.47999572753906,128138200,138.1999969482422,0,AAPL,-0.049119065604851575,-0.05498446846191474,-0.09190566430779457,149.05599670410157,151.38199768066406,-0.12647776215919948,0.018346985921414684,0.0,0.0,0.0,0.0,0.0,0.0,0.0,0.0
2022-09-30,141.27999877929688,143.10000610351562,138.0,138.1999969482422,124925300,142.4499969482422,1,AAPL,-0.030039296095161427,-0.08935159494871325,-0.10096281647941263,146.60999755859376,150.13199768066406,-0.025073709479296546,0.019292440162703043,0.0,0.0,0.0,0.0,0.0,0.0,0.0,0.0
2022-10-03,138.2100067138672,143.07000732421875,137.69000244140625,142.4499969482422,114311700,146.10000610351562,1,AAPL,0.030752533240588242,-0.04931927102416578,-0.06736943940585627,144.94599609375,148.9289978027344,-0.0849595718401317,0.025979742870974366,0.0,0.0,0.0,0.0,0.0,0.0,0.0,0.0
2022-10-04,145.02999877929688,146.22000122070312,144.25999450683594,146.10000610351562,87830100,146.39999389648438,1,AAPL,0.02562309044204225,0.02540714826310797,-0.02878406423643165,143.81399841308593,147.8489990234375,-0.23166132600599942,0.02893800694842611,0.0,0.0,0.0,0.0,0.0,0.0,0.0,0.0
2022-10-05,144.07000732421875,147.3800048828125,143.00999450683594,146.39999389648438,79471000,145.42999267578125,0,AAPL,0.0020533044519943644,0.05933427734671515,-0.028984613995761355,143.1259979248047,147.11699829101562,-0.09517352251676814,0.028930886789649,0.0,0.0,0.0,0.0,0.0,0.0,0.0,0.0
2022-10-06,145.80999755859375,147.5399932861328,145.22000122070312,145.42999267578125,68402200,140.08999633789062,0,AAPL,-0.0066256916744750205,0.020919591375083035,-0.04171060925262193,143.71599731445312,146.38599700927733,-0.13928099558329454,0.028568142901933647,0.0,0.0,0.0,0.0,0.0,0.0,0.0,0.0
2022-10-07,142.5399932861328,143.10000610351562,139.4499969482422,140.08999633789062,85925600,140.4199981689453,1,AAPL,-0.03671867294799025,-0.0411362732001993,-0.06506940895816404,144.0939971923828,145.35199737548828,0.25618181871343326,0.030895486954556264,0.0,0.0,0.0,0.0,0.0,0.0,0.0,0.0
2022-10-10,140.4199981689453,141.88999938964844,138.57000732421875,140.4199981689453,74899000,138.97999572753906,0,AAPL,0.0023556416566585803,-0.04084696705498059,-0.014458152866126062,143.68799743652343,144.3169967651367,-0.12832729710354074,0.025442318706465895,0.0,0.0,0.0,0.0,0.0,0.0,0.0,0.0
2022-10-11,139.89999389648438,141.35000610351562,138.22000122070312,138.97999572753906,77033700,138.33999633789062,0,AAPL,-0.01025496695758199,-0.044351215520045284,0.005643985503045901,142.2639953613281,143.03899688720702,0.028501048078078517,0.022737545578191666,0.0,0.0,0.0,0.0,0.0,0.0,0.0,0.0
2022-10-12,139.1300048828125,140.36000061035156,138.16000366210938,138.33999633789062,70433700,142.99000549316406,1,AAPL,-0.004604974883602009,-0.012491969774765965,-0.02885223375501289,140.65199584960936,141.88899688720704,-0.08567678821087399,0.018580708391279527,0.0,0.0,0.0,0.0,0.0,0.0,0.0,0.0
2022-10-13,134.99000549316406,143.58999633789062,134.3699951171875,142.99000549316406,113224000,138.3800048828125,0,AAPL,0.0336129050048255,0.018302288546725887,-0.021286793158297623,140.16399841308595,141.93999786376952,0.6075259428370225,0.02081639237478212,0.0,0.0,0.0,0.0,0.0,0.0,0.0,0.0
2022-10-14,144.30999755859375,144.52000427246094,138.19000244140625,138.3800048828125,88598000,142.41000366210938,1,AAPL,-0.03224001981433555,-0.004317102195792288,-0.054781348005674135,139.8220001220703,141.95799865722657,-0.21749805694905677,0.02334302828080048,0.0,0.0,0.0,0.0,0.0,0.0,0.0,0.0
2022-10-17,141.07000732421875,142.89999389648438,140.27000427246094,142.41000366210938,85250900,143.75,1,AAPL,0.02912269574429982,0.02942032262512062,-0.020765929765289792,140.22000122070312,141.9539993286133,-0.03777850515812997,0.02722577095782492,0.0,0.0,0.0,0.0,0.0,0.0,0.0,0.0
2022-10-18,145.49000549316406,146.6999969482422,140.61000061035156,143.75,99136600,143.86000061035156,1,AAPL,0.009409425626236034,0.0053150183763877035,0.026126088641487355,141.17400207519532,141.71899871826173,0.16288039187856085,0.022842129164315376,0.0,0.0,0.0,0.0,0.0,0.0,0.0,0.0
2022-10-19,141.69000244140625,144.9499969482422,141.5,143.86000061035156,61758300,143.38999938964844,0,AAPL,0.0007652216372282528,0.03960106615243886,0.024497952473033324,142.2780029296875,141.46499938964843,-0.37703834910618284,0.022868112423282322,0.0,0.0,0.0,0.0,0.0,0.0,0.0,0.0
2022-10-20,143.02000427246094,145.88999938964844,142.64999389648438,143.38999938964844,64522000,147.27000427246094,1,AAPL,-0.003267073673773546,0.006881509039661671,0.03173121166843962,142.35800170898438,141.26100006103516,0.0447502602889005,0.022303608516209994,0.0,0.0,0.0,0.0,0.0,0.0,0.0,0.0
2022-10-21,142.8699951171875,147.85000610351562,142.64999389648438,147.27000427246094,86548600,149.4499969482422,1,AAPL,0.027059103837980825,0.024486986243206443,0.06455116503515779,144.13600158691406,141.9790008544922,0.3413812343076781,0.023294288591781093,0.0,0.0,0.0,0.0,0.0,0.0,0.0,0.0
2022-10-24,147.19000244140625,150.22999572753906,146.0,149.4499969482422,75981900,152.33999633789062,1,AAPL,0.014802693097965003,0.038857196678535155,0.04517792297998735,145.54400024414062,142.8820007324219,-0.12208978539225357,0.0209798785631954,0.0,0.0,0.0,0.0,0.0,0.0,0.0,0.0
2022-10-25,150.08999633789062,152.49000549316406,149.36000061035156,152.33999633789062,74732300,149.35000610351562,0,AAPL,0.019337567404898115,0.062417162886802435,0.10088156498404643,147.26199951171876,144.21800079345704,-0.016446022013137385,0.01240073818820716,0.0,0.0,0.0,0.0,0.0,0.0,0.0,0.0
2022-10-26,150.9600067138672,151.99000549316406,148.0399932861328,149.35000610351562,88194300,144.8000030517578,0,AAPL,-0.019627086164182295,0.014123730364036025,0.04873254871808386,148.36000061035156,145.31900177001953,0.18013629983287016,0.015676515863626624,0.0,0.0,0.0,0.0,0.0,0.0,0.0,0.0
2022-10-27,148.07000732421875,149.0500030517578,144.1300048828125,144.8000030517578,109180200,155.74000549316406,1,AAPL,-0.03046536903791064,-0.031114044773749794,0.007304369055706417,148.64200134277343,145.5000015258789,0.23795075191934179,0.020973390876301186,0.0,0.0,0.0,0.0,0.0,0.0,0.0,0.0
2022-10-28,148.1999969482422,157.5,147.82000732421875,155.74000549316406,164762400,153.33999633789062,0,AAPL,0.07555250145606562,0.022318558730513693,0.08258031998060256,150.33600158691405,147.23600158691406,0.5090868124440147,0.035033324536411115,0.0,0.0,0.0,0.0,0.0,0.0,0.0,0.0
2022-10-31,153.16000366210938,154.24000549316406,151.9199981689453,153.33999633789062,97943200,150.64999389648438,0,AAPL,-0.015410357458724877,0.026715701850119178,0.06939114994487183,151.11400146484374,148.3290008544922,-0.40554883881273884,0.03619178823256045,0.0,0.0,0.0,0.0,0.0,0.0,0.0,0.0
2022-11-01,155.0800018310547,155.4499969482422,149.1300048828125,150.64999389648438,80379300,145.02999877929688,0,AAPL,-0.0175427318745901,0.040400488407693835,0.02295097118195355,150.7760009765625,149.0190002441406,-0.1793274060884268,0.03664785196521405,0.0,0.0,0.0,0.0,0.0,0.0,0.0,0.0
2022-11-02,148.9499969482422,152.1699981689453,145.0,145.02999877929688,93604600,138.8800048828125,0,AAPL,-0.03730498071609045,-0.06876850093816955,-0.029575097083983537,149.91199951171876,149.13600006103516,0.16453614301194452,0.039242337636557934,0.0,0.0,0.0,0.0,0.0,0.0,0.0,0.0
2022-11-03,142.05999755859375,142.8000030517578,138.75,138.8800048828125,97918500,138.3800048828125,0,AAPL,-0.04240497792352105,-0.0943001943420878,-0.08835494143785994,148.72799987792968,148.68500061035155,0.04608641028325522,0.04014613794546757,0.0,0.0,0.0,0.0,0.0,0.0,0.0,0.0
2022-11-04,142.08999633789062,142.6699981689453,134.3800048828125,138.3800048828125,140814800,138.9199981689453,1,AAPL,-0.003600230288167805,-0.08144699310179138,-0.07345162887438872,145.25599975585936,147.7960006713867,0.43808166996022213,0.04012611495584746,0.0,0.0,0.0,0.0,0.0,0.0,0.0,0.0
2022-11-07,137.11000061035156,139.14999389648438,135.6699981689453,138.9199981689453,83374600,139.5,1,AAPL,0.003902249364639898,-0.04212921920829371,-0.04060776767187446,142.37200012207032,146.74300079345704,-0.4079130886810193,0.03932320658037358,0.0,0.0,0.0,0.0,0.0,0.0,0.0,0.0
2022-11-08,140.41000366210938,141.42999267578125,137.49000549316406,139.5,89908500,134.8699951171875,0,AAPL,0.004175078021159573,0.00446425039882925,-0.10427638962602248,140.14200134277343,145.45900115966796,0.07836799217027735,0.018746831801585196,0.0,0.0,0.0,0.0,0.0,0.0,0.0,0.0
2022-11-09,138.5,138.5500030517578,134.58999633789062,134.8699951171875,74917800,146.8699951171875,1,AAPL,-0.03318999915994625,-0.025365006805697532,-0.12045129556416423,138.11000061035156,144.01100006103516,-0.16673284505914343,0.01990823199758775,0.0,0.0,0.0,0.0,0.0,0.0,0.0,0.0
2022-11-10,141.24000549316406,146.8699951171875,139.5,146.8699951171875,118854000,149.6999969482422,1,AAPL,0.08897457132383879,0.057227159897986324,-0.025091264071966823,139.70799865722657,144.21799926757814,0.5864587587996444,0.04509153819657917,0.0,0.0,0.0,0.0,0.0,0.0,0.0,0.0
2022-11-11,145.82000732421875,150.00999450683594,144.3699951171875,149.6999969482422,93979700,148.27999877929688,0,AAPL,0.019268754171310798,0.07311825769349234,0.032200222079929786,141.9719970703125,143.61399841308594,-0.2092845003113063,0.0428879122370672,0.0,0.0,0.0,0.0,0.0,0.0,0.0,0.0
2022-11-14,148.97000122070312,150.27999877929688,147.42999267578125,148.27999877929688,73374100,150.0399932861328,1,AAPL,-0.009485625904429806,0.09942911060727422,0.06768428546943195,143.8439971923828,143.10799865722657,-0.21925586057414526,0.03834935162439579,0.0,0.0,0.0,0.0,0.0,0.0,0.0,0.0
2022-11-15,152.22000122070312,153.58999633789062,148.55999755859375,150.0399932861328,89868300,148.7899932861328,0,AAPL,0.011869399253607638,0.021583701738506766,0.08426064454322435,145.95199584960938,143.0469985961914,0.22479594298260563,0.03787738979659518,0.0,0.0,0.0,0.0,0.0,0.0,0.0,0.0
2022-11-16,149.1300048828125,149.8699951171875,147.2899932861328,148.7899932861328,64218300,150.72000122070312,1,AAPL,-0.00833111207633952,-0.006078848902208112,0.07104805101699085,148.73599548339843,143.422998046875,-0.2854176611775231,0.038600247172104564,0.0,0.0,0.0,0.0,0.0,0.0,0.0,0.0
2022-11-17,146.42999267578125,151.47999572753906,146.14999389648438,150.72000122070312,80389400,151.2899932861328,1,AAPL,0.01297135574741759,0.016455371334592517,0.08043011627744168,149.50599670410156,144.60699768066405,0.2518145139313872,0.03850427288439872,0.0,0.0,0.0,0.0,0.0,0.0,0.0,0.0
2022-11-18,152.30999755859375,152.6999969482422,149.97000122070312,151.2899932861328,74829600,148.00999450683594,0,AAPL,0.003781794458686649,0.008331112076339409,0.12174685818501074,149.8239959716797,145.8979965209961,-0.06916085951630435,0.03353086496711777,0.0,0.0,0.0,0.0,0.0,0.0,0.0,0.0
2022-11-21,150.16000366210938,150.3699951171875,147.72000122070312,148.00999450683594,58724100,150.17999267578125,1,AAPL,-0.02168020969565021,-0.005242279820504403,0.007761962467138561,149.7699951171875,146.80699615478517,-0.21522900028865588,0.01479907162652816,0.0,0.0,0.0,0.0,0.0,0.0,0.0,0.0
2022-11-22,148.1300048828125,150.4199981689453,146.92999267578125,150.17999267578125,51804100,151.07000732421875,1,AAPL,0.014661159715434469,-0.003582859212767131,0.0032063843508629564,149.7979949951172,147.87499542236327,-0.11783918357199175,0.013938901157203806,0.0,0.0,0.0,0.0,0.0,0.0,0.0,0.0
2022-11-23,149.4499969482422,151.8300018310547,149.33999633789062,151.07000732421875,58301400,148.11000061035156,0,AAPL,0.0059263196953200925,-0.001454068158348143,0.018815811760793055,150.25399780273438,149.4949966430664,0.12542057481936753,0.013293448907955767,0.0,0.0,0.0,0.0,0.0,0.0,0.0,0.0
2022-11-25,148.30999755859375,148.8800048828125,147.1199951171875,148.11000061035156,35195900,144.22000122070312,0,AAPL,-0.01959360938875554,0.0006756712872588722,-0.012863188230758382,149.73199768066405,149.6189971923828,-0.39631123780904065,0.014913583147133041,0.0,0.0,0.0,0.0,0.0,0.0,0.0,0.0
2022-11-28,145.13999938964844,146.63999938964844,143.3800048828125,144.22000122070312,69246000,141.1699981689453,0,AAPL,-0.02626425881856731,-0.03968565551834169,-0.030714377791800085,148.31799926757813,149.0709976196289,0.9674450717271046,0.017540960679438077,0.0,0.0,0.0,0.0,0.0,0.0,0.0,0.0
2022-11-29,144.2899932861328,144.80999755859375,140.35000610351562,141.1699981689453,83763800,148.02999877929688,1,AAPL,-0.021148266717113118,-0.06553259201230155,-0.06336254627395799,146.95,148.35999755859376,0.20965543136065623,0.0166554258033035,0.0,0.0,0.0,0.0,0.0,0.0,0.0,0.0
2022-11-30,141.39999389648438,148.72000122070312,140.5500030517578,148.02999877929688,111380900,148.30999755859375,1,AAPL,0.04859389884061516,-0.0005401514463911905,-0.021547985005659687,146.52000122070314,148.15899810791015,0.32970209087935354,0.027532073023277093,0.0,0.0,0.0,0.0,0.0,0.0,0.0,0.0
2022-12-01,148.2100067138672,149.1300048828125,146.61000061035156,148.30999755859375,71250400,147.80999755859375,0,AAPL,0.0018915002472865705,0.028359425206435862,0.002026910768812673,145.96799926757814,148.11099853515626,-0.36029965640428474,0.026247612663863964,0.0,0.0,0.0,0.0,0.0,0.0,0.0,0.0
2022-12-02,145.9600067138672,148.0,145.64999389648438,147.80999755859375,65447400,146.6300048828125,0,AAPL,-0.0033713168918532155,0.047035485413140066,-0.01578103098129724,145.90799865722656,147.81999816894532,-0.08144515679911968,0.025509928543808014,0.0,0.0,0.0,0.0,0.0,0.0,0.0,0.0
2022-12-05,147.77000427246094,150.9199981689453,145.77000427246094,146.6300048828125,68826400,142.91000366210938,0,AAPL,-0.00798317228381984,-0.009457501236432964,-0.029390363580755974,146.38999938964844,147.35399932861327,0.051629247303941694,0.025331165179511776,0.0,0.0,0.0,0.0,0.0,0.0,0.0,0.0
2022-12-06,147.07000732421875,147.3000030517578,141.9199981689453,142.91000366210938,64727200,140.94000244140625,0,AAPL,-0.025369986338581674,-0.03641018127824436,-0.03510901982859593,146.73800048828124,146.84400024414063,-0.05955854148989337,0.026009493520098858,0.0,0.0,0.0,0.0,0.0,0.0,0.0,0.0
2022-12-07,142.19000244140625,143.3699951171875,140.0,140.94000244140625,69721100,142.64999389648438,1,AAPL,-0.013784907775671984,-0.0464785551089949,-0.022743022823009218,145.32000122070312,145.9200012207031,0.07715303612700697,0.024687759872783176,0.0,0.0,0.0,0.0,0.0,0.0,0.0,0.0
2022-12-08,142.36000061035156,143.52000427246094,141.10000610351562,142.64999389648438,62128300,142.16000366210938,0,AAPL,0.012132761639400691,-0.027143223445358022,0.010483783712796235,144.18800048828126,145.0779998779297,-0.10890246998397901,0.02380461901631402,0.0,0.0,0.0,0.0,0.0,0.0,0.0,0.0
2022-12-09,142.33999633789062,145.57000732421875,140.89999389648438,142.16000366210938,76097000,144.49000549316406,1,AAPL,-0.0034349124103753015,-0.005248058083976215,-0.03965409150573107,143.05800170898436,144.48300018310547,0.22483634672122044,0.011858039221990298,0.0,0.0,0.0,0.0,0.0,0.0,0.0,0.0
2022-12-12,142.6999969482422,144.5,141.05999755859375,144.49000549316406,70462700,145.47000122070312,1,AAPL,0.01638999557563814,0.025188044488885897,-0.025756807553856897,142.6300018310547,144.51000061035157,-0.07404102658449085,0.014399473956331597,0.0,0.0,0.0,0.0,0.0,0.0,0.0,0.0
2022-12-13,149.5,149.97000122070312,144.24000549316406,145.47000122070312,93886200,143.2100067138672,0,AAPL,0.006782446468835079,0.01976871675343439,-0.015831110050340325,143.14200134277343,144.94000091552735,0.3324241052358199,0.01493165699710436,0.0,0.0,0.0,0.0,0.0,0.0,0.0,0.0
2022-12-14,145.35000610351562,146.66000366210938,141.16000366210938,143.2100067138672,82291200,136.5,0,AAPL,-0.015535811424151502,0.0073860651709991565,-0.023323999557106956,143.59600219726562,144.45800170898437,-0.12350057835975892,0.015675147464039058,0.0,0.0,0.0,0.0,0.0,0.0,0.0,0.0
2022-12-15,141.11000061035156,141.8000030517578,136.02999877929688,136.5,98931900,134.50999450683594,0,AAPL,-0.04685431463789913,-0.05529798040973899,-0.044853428716333466,142.36600341796876,143.277001953125,0.20221724801679897,0.021679222916975983,0.0,0.0,0.0,0.0,0.0,0.0,0.0,0.0
2022-12-16,136.69000244140625,137.64999389648438,133.72999572753906,134.50999450683594,160156900,132.3699951171875,0,AAPL,-0.014578794821714758,-0.07534204043374526,-0.04562230611031448,140.83600158691405,141.9470016479492,0.6188600441313672,0.02172675140475698,0.0,0.0,0.0,0.0,0.0,0.0,0.0,0.0
2022-12-19,135.11000061035156,135.1999969482422,131.32000732421875,132.3699951171875,79592600,132.3000030517578,0,AAPL,-0.01590959391154889,-0.07569311562381231,-0.07206448804166565,138.41199951171876,140.52100067138673,-0.5030335876880734,0.020267164456077204,0.0,0.0,0.0,0.0,0.0,0.0,0.0,0.0
2022-12-20,131.38999938964844,133.25,129.88999938964844,132.3000030517578,77432800,135.4499969482422,1,AAPL,-0.0005287608069164396,-0.03076920841203068,-0.06935847183703747,135.7779998779297,139.46000061035156,-0.027135688493653887,0.02046359876899988,0.0,0.0,0.0,0.0,0.0,0.0,0.0,0.0
2022-12-21,132.97999572753906,136.80999755859375,132.75,135.4499969482422,85928000,132.22999572753906,0,AAPL,0.023809477126406797,0.006988346441115123,-0.06256494014286385,134.2259979248047,138.91100006103517,0.10971061359010648,0.02218045624711619,0.0,0.0,0.0,0.0,0.0,0.0,0.0,0.0
2022-12-22,134.35000610351562,134.55999755859375,130.3000030517578,132.22999572753906,77852100,131.86000061035156,0,AAPL,-0.02377261936693542,-0.001057636887608071,-0.09101536661896836,133.3719970703125,137.86900024414064,-0.09398449865003256,0.02156084156175066,0.0,0.0,0.0,0.0,0.0,0.0,0.0,0.0
2022-12-23,130.9199981689453,132.4199981689453,129.63999938964844,131.86000061035156,63814900,130.02999877929688,0,AAPL,-0.0027981178941416385,-0.0033257931311923006,-0.07925428092600317,132.8419982910156,136.83899993896483,-0.1803059904614005,0.02187965472641142,0.0,0.0,0.0,0.0,0.0,0.0,0.0,0.0
2022-12-27,131.3800048828125,131.41000366210938,128.72000122070312,130.02999877929688,69007800,126.04000091552734,0,AAPL,-0.01387836965405731,-0.04001475297940682,-0.04739927634214747,132.3739990234375,135.39299926757812,0.0813744125588225,0.01567349464354861,0.0,0.0,0.0,0.0,0.0,0.0,0.0,0.0
2022-12-28,129.6699981689453,131.02999877929688,125.87000274658205,126.04000091552734,85438400,129.61000061035156,1,AAPL,-0.03068521034551308,-0.04681233465942369,-0.06296925088996375,131.12199859619142,133.44999923706055,0.2380977222864662,0.01801214138731594,0.0,0.0,0.0,0.0,0.0,0.0,0.0,0.0
2022-12-29,127.98999786376952,130.47999572753906,127.7300033569336,129.61000061035156,75703700,129.92999267578125,1,AAPL,0.02832433885189234,-0.017063552173405383,-0.02085060518731985,129.9539993286133,132.089998626709,-0.1139382291803217,0.02244293709017946,0.0,0.0,0.0,0.0,0.0,0.0,0.0,0.0
2022-12-30,128.41000366210938,129.9499969482422,127.43000030517578,129.92999267578125,77034200,125.06999969482422,0,AAPL,0.00246888406699175,-0.0007691002419015769,-0.0179139102139656,129.4939987182617,131.4329978942871,0.017575098707196535,0.022521733510645806,0.0,0.0,0.0,0.0,0.0,0.0,0.0,0.0
2023-01-03,130.27999877929688,130.89999389648438,124.16999816894533,125.06999969482422,112117500,126.36000061035156,1,AAPL,-0.03740470449409117,-0.0076959791626248775,-0.0766334255244343,128.13599853515626,130.48899841308594,0.4554249930550327,0.022550486387723886,0.0,0.0,0.0,0.0,0.0,0.0,0.0,0.0
2023-01-04,126.88999938964844,128.66000366210938,125.08000183105467,126.36000061035156,89113600,125.0199966430664,0,AAPL,0.010314231379827232,-0.025075225558948366,-0.04439231117637388,127.4019989013672,129.88799896240235,-0.20517671193167886,0.023034680569628107,0.0,0.0,0.0,0.0,0.0,0.0,0.0,0.0
2023-01-05,127.12999725341795,127.7699966430664,124.76000213623048,125.0199966430664,80962700,129.6199951171875,1,AAPL,-0.010604653061194957,-0.037789550600275335,-0.05187322869425337,127.197998046875,129.1599983215332,-0.09146639794599254,0.023029414719074232,0.0,0.0,0.0,0.0,0.0,0.0,0.0,0.0
2023-01-06,126.01000213623048,130.2899932861328,124.88999938964844,129.6199951171875,87754700,130.14999389648438,1,AAPL,0.036794101724815675,0.03637959089682141,-0.003153146704286902,127.19999694824219,128.57699813842774,0.08389048290138534,0.028052378779556443,0.0,0.0,0.0,0.0,0.0,0.0,0.0,0.0
2023-01-09,130.47000122070312,133.41000366210938,129.88999938964844,130.14999389648438,70790800,130.72999572753906,1,AAPL,0.004088865910060413,0.029993615604828827,0.03260863972630057,127.2439971923828,128.36899795532227,-0.19331044377110285,0.024603127502984868,0.0,0.0,0.0,0.0,0.0,0.0,0.0,0.0
2023-01-10,130.25999450683594,131.25999450683594,128.1199951171875,130.72999572753906,63896200,133.49000549316406,1,AAPL,0.004456410743407302,0.045672686272538954,0.008641270827199232,128.3759963989258,128.25599746704103,-0.09739401165123152,0.02236001973723032,0.0,0.0,0.0,0.0,0.0,0.0,0.0,0.0
2023-01-11,131.25,133.50999450683594,130.4600067138672,133.49000549316406,69458900,133.41000366210938,0,AAPL,0.02111229140844828,0.029856584799881736,0.027399469083833727,129.80199737548827,128.60199813842775,0.08705838531868881,0.023579415566826214,0.0,0.0,0.0,0.0,0.0,0.0,0.0,0.0
2023-01-12,133.8800048828125,134.25999450683594,131.44000244140625,133.41000366210938,71379600,134.75999450683594,1,AAPL,-0.0005993095195339082,0.02504809772190897,0.06668268959490753,131.47999877929686,129.33899841308593,0.02765232389225858,0.015498719609538514,0.0,0.0,0.0,0.0,0.0,0.0,0.0,0.0
2023-01-13,132.02999877929688,134.9199981689453,131.66000366210938,134.75999450683594,57809700,135.94000244140625,1,AAPL,0.010119112567793076,0.03082688679724277,0.06647668451970734,132.50799865722655,129.85399780273437,-0.19010893868836476,0.015496905340596813,0.0,0.0,0.0,0.0,0.0,0.0,0.0,0.0
2023-01-17,134.8300018310547,137.2899932861328,134.1300048828125,135.94000244140625,63646600,135.2100067138672,0,AAPL,0.008756366745847899,0.01835341109763955,0.08734607336070077,133.66600036621094,130.4549987792969,0.1009674846954749,0.012845225653050902,0.0,0.0,0.0,0.0,0.0,0.0,0.0,0.0
2023-01-18,136.82000732421875,138.61000061035156,135.02999877929688,135.2100067138672,69672800,135.27000427246094,1,AAPL,-0.005369984658148752,0.01349226446553975,0.04312615188440527,134.56200256347657,131.46899948120117,0.09468219826353641,0.008482954807903183,0.0,0.0,0.0,0.0,0.0,0.0,0.0,0.0
2023-01-19,134.0800018310547,136.25,133.77000427246094,135.27000427246094,58280400,137.8699951171875,1,AAPL,0.00044373608175840573,0.003784578409129713,0.039339305540412095,134.91800231933593,132.3599998474121,-0.16351287733520115,0.008733763599536194,0.0,0.0,0.0,0.0,0.0,0.0,0.0,0.0
2023-01-20,135.27999877929688,138.02000427246094,134.22000122070312,137.8699951171875,80223600,141.11000061035156,1,AAPL,0.01922074933545259,0.014197385913782945,0.05461638203162855,135.81000061035155,133.6449996948242,0.3765107995140733,0.010098967905605681,0.0,0.0,0.0,0.0,0.0,0.0,0.0,0.0
2023-01-23,138.1199951171875,143.32000732421875,137.89999389648438,141.11000061035156,81760300,142.52999877929688,1,AAPL,0.02350043960188808,0.04363577844478628,0.05708288863301991,137.0800018310547,134.79400024414062,0.01915521118473862,0.010653892780144466,0.0,0.0,0.0,0.0,0.0,0.0,0.0,0.0
2023-01-24,140.30999755859375,143.16000366210938,140.3000030517578,142.52999877929688,66435100,141.86000061035156,0,AAPL,0.010063058343160014,0.05367039459992062,0.06836065412520287,138.39800109863282,136.03200073242186,-0.18744060381383143,0.009957268489558567,0.0,0.0,0.0,0.0,0.0,0.0,0.0,0.0
2023-01-25,140.88999938964844,142.42999267578125,138.80999755859375,141.86000061035156,65799300,143.9600067138672,1,AAPL,-0.00470075194473818,0.028940346953465923,0.05268630448894429,139.72799987792968,137.14500122070314,-0.009570242236408122,0.011297303145792227,0.0,0.0,0.0,0.0,0.0,0.0,0.0,0.0
2023-01-26,143.1699981689453,144.25,141.89999389648438,143.9600067138672,54105100,145.92999267578125,1,AAPL,0.014803370185255682,0.0201970525915125,0.05899664652365866,141.46600036621095,138.19200134277344,-0.17772529494994627,0.011642769341852006,0.0,0.0,0.0,0.0,0.0,0.0,0.0,0.0
2023-01-27,143.16000366210938,147.22999572753906,143.0800018310547,145.92999267578125,70555800,143.0,0,AAPL,0.013684258613779976,0.023854584477680074,0.07928396886038036,143.0779998779297,139.44400024414062,0.3040508196085028,0.010036090927348668,0.0,0.0,0.0,0.0,0.0,0.0,0.0,0.0
2023-01-30,144.9600067138672,145.5500030517578,142.85000610351562,143.0,64015300,144.2899932861328,1,AAPL,-0.020078070464177533,0.008036087584545326,0.057144935931023655,143.45599975585938,140.26800079345702,-0.09269967883575836,0.015268017264864276,0.0,0.0,0.0,0.0,0.0,0.0,0.0,0.0
2023-01-31,142.6999969482422,144.33999633789062,142.27999877929688,144.2899932861328,65874500,145.42999267578125,1,AAPL,0.009020932070858745,0.002292210036649367,0.04656559364848323,143.80799865722656,141.10299987792968,0.029043056894211272,0.014493594808093925,0.0,0.0,0.0,0.0,0.0,0.0,0.0,0.0
2023-02-01,143.97000122070312,146.61000061035156,141.32000732421875,145.42999267578125,77663600,150.82000732421875,1,AAPL,0.007900751560697472,-0.0034263004529224705,0.03061435792462741,144.5219970703125,142.1249984741211,0.17896302818237708,0.012530656237597734,0.0,0.0,0.0,0.0,0.0,0.0,0.0,0.0
2023-02-02,148.89999389648438,151.17999267578125,148.1699981689453,150.82000732421875,118339000,154.5,1,AAPL,0.03706260688917107,0.054685365903627714,0.058163254163488,145.8939971923828,143.67999877929688,0.5237382763611267,0.01767088727982743,0.0,0.0,0.0,0.0,0.0,0.0,0.0,0.0
2023-02-03,148.02999877929688,157.3800048828125,147.8300018310547,154.5,154357300,151.72999572753906,0,AAPL,0.024399897209064214,0.07076032427016843,0.08910192679588991,147.60799865722657,145.34299926757814,0.3043654247543075,0.01754115927425815,0.0,0.0,0.0,0.0,0.0,0.0,0.0,0.0
2023-02-06,152.57000732421875,153.10000610351562,150.77999877929688,151.72999572753906,69858300,154.64999389648438,1,AAPL,-0.01792883024246561,0.04331983338404566,0.0539732470915717,149.35399780273437,146.40499877929688,-0.5474247087763261,0.02084506406071136,0.0,0.0,0.0,0.0,0.0,0.0,0.0,0.0
2023-02-07,150.63999938964844,155.22999572753906,150.63999938964844,154.64999389648438,83322600,151.9199981689453,0,AAPL,0.019244699473851767,0.02539441974719092,0.05975468826395902,151.42599792480468,147.61699829101562,0.19273729821653252,0.02121279226036136,0.0,0.0,0.0,0.0,0.0,0.0,0.0,0.0
2023-02-08,153.8800048828125,154.5800018310547,151.1699981689453,151.9199981689453,64120100,150.8699951171875,0,AAPL,-0.017652737376545935,-0.016699040977700252,0.06237760957304417,152.7239990234375,148.622998046875,-0.23045968320719712,0.0206810301275101,0.0,0.0,0.0,0.0,0.0,0.0,0.0,0.0
2023-02-09,153.77999877929688,154.3300018310547,150.4199981689453,150.8699951171875,56007100,151.00999450683594,1,AAPL,-0.006911552556695955,-0.005667967010925534,0.045602620675200045,152.73399658203124,149.31399688720703,-0.12652818694917822,0.021520559697650928,0.0,0.0,0.0,0.0,0.0,0.0,0.0,0.0
2023-02-10,149.4600067138672,151.33999633789062,149.22000122070312,151.00999450683594,57450700,153.85000610351562,1,AAPL,0.0009279472007650558,-0.023537016057594506,0.03836898928747545,152.03599548339844,149.8219970703125,0.0257753034883077,0.021610845208753775,0.0,0.0,0.0,0.0,0.0,0.0,0.0,0.0
2023-02-13,150.9499969482422,154.25999450683594,150.9199981689453,153.85000610351562,62199000,153.1999969482422,0,AAPL,0.01880677902118011,0.012704107147394783,0.020090164647607267,152.45999755859376,150.90699768066406,0.08264999382078897,0.01797582658254351,0.0,0.0,0.0,0.0,0.0,0.0,0.0,0.0
2023-02-14,152.1199951171875,153.77000427246094,150.86000061035156,153.1999969482422,61707600,155.3300018310547,1,AAPL,-0.004224953717818392,0.015443772164537295,-0.008414259234678423,152.1699981689453,151.797998046875,-0.007900448560266282,0.015357089160979285,0.0,0.0,0.0,0.0,0.0,0.0,0.0,0.0
2023-02-15,153.11000061035156,155.5,152.8800048828125,155.3300018310547,65573800,153.7100067138672,0,AAPL,0.013903426404976438,0.028607426537077263,0.023726396921411208,152.85199890136718,152.78799896240236,0.06265354672682144,0.01421577658655832,0.0,0.0,0.0,0.0,0.0,0.0,0.0,0.0
2023-02-16,153.50999450683594,156.3300018310547,153.35000610351562,153.7100067138672,68167900,152.5500030517578,0,AAPL,-0.010429376798369527,-0.0009099732472824806,-0.006078158549727264,153.4200012207031,153.07699890136718,0.03956000719799668,0.013098494289357596,0.0,0.0,0.0,0.0,0.0,0.0,0.0,0.0
2023-02-17,152.35000610351562,153.0,150.85000610351562,152.5500030517578,59144100,148.47999572753906,0,AAPL,-0.007546702305912589,-0.004242780087678311,0.004146951621944339,153.7280029296875,152.88199920654296,-0.1323760890389758,0.011374532041752731,0.0,0.0,0.0,0.0,0.0,0.0,0.0,0.0
2023-02-21,150.1999969482422,151.3000030517578,148.41000366210938,148.47999572753906,58867200,148.91000366210938,1,AAPL,-0.026679824600448265,-0.04409969756496923,-0.01584144937362808,152.65400085449218,152.55699920654297,-0.004681785672619898,0.015330023614035937,0.0,0.0,0.0,0.0,0.0,0.0,0.0,0.0
2023-02-22,148.8699951171875,149.9499969482422,147.16000366210938,148.91000366210938,51011300,149.39999389648438,1,AAPL,0.0028960664530148783,-0.03122765494827584,-0.013906303695888855,151.79600219726564,151.98300018310547,-0.13345122580995872,0.015414288702584383,0.0,0.0,0.0,0.0,0.0,0.0,0.0,0.0
2023-02-23,150.08999633789062,150.33999633789062,147.24000549316406,149.39999389648438,48394200,146.7100067138672,0,AAPL,0.0032905125399556034,-0.02064902715344219,-0.028924355089314235,150.61000061035156,151.7309997558594,-0.051304318847000596,0.012841934332761934,0.0,0.0,0.0,0.0,0.0,0.0,0.0,0.0
2023-02-24,147.11000061035156,147.19000244140625,145.72000122070312,146.7100067138672,55469600,147.9199981689453,1,AAPL,-0.018005269695533066,-0.011920723764834995,-0.04236286138156786,149.21000061035156,151.31500091552735,0.14620347066383999,0.013876519210309751,0.0,0.0,0.0,0.0,0.0,0.0,0.0,0.0
2023-02-27,147.7100067138672,149.1699981689453,147.4499969482422,147.9199981689453,44998500,147.41000366210938,0,AAPL,0.008247504598905886,-0.006648347786025743,-0.04770490938491645,148.28399963378905,151.0060012817383,-0.18877186783391264,0.01262734335104718,0.0,0.0,0.0,0.0,0.0,0.0,0.0,0.0
2023-02-28,147.0500030517578,149.0800018310547,146.8300018310547,147.41000366210938,50547000,145.30999755859375,0,AAPL,-0.003447772533457294,-0.013319881631011388,-0.04098629091523842,148.07000122070312,150.36200103759765,0.12330411013700449,0.012576774099382543,0.0,0.0,0.0,0.0,0.0,0.0,0.0,0.0
2023-03-01,146.8300018310547,147.22999572753906,145.00999450683594,145.30999755859375,55479000,145.91000366210938,1,AAPL,-0.014246021649447993,-0.009542697097710051,-0.04745988428926906,147.35,149.5730010986328,0.09757255623479133,0.01297233415629715,0.0,0.0,0.0,0.0,0.0,0.0,0.0,0.0
2023-03-02,144.3800048828125,146.7100067138672,143.89999389648438,145.91000366210938,52238100,151.02999877929688,1,AAPL,0.0041291453691869595,-0.013588389208470941,-0.017308675507680005,146.652001953125,148.6310012817383,-0.05841669821013351,0.010011357988082607,0.0,0.0,0.0,0.0,0.0,0.0,0.0,0.0
2023-03-03,148.0399932861328,151.11000061035156,147.3300018310547,151.02999877929688,70732300,153.8300018310547,1,AAPL,0.035090089703815774,0.0245573232973062,0.014236754180719569,147.51600036621093,148.36300048828124,0.35403661312337165,0.017482592901998543,0.0,0.0,0.0,0.0,0.0,0.0,0.0,0.0
2023-03-06,153.7899932861328,156.3000030517578,153.4600067138672,153.8300018310547,87558000,151.60000610351562,0,AAPL,0.01853938339660255,0.058633297196398315,0.02965199541868624,148.6980010986328,148.49100036621093,0.2378785929483418,0.018564767154493195,0.0,0.0,0.0,0.0,0.0,0.0,0.0,0.0
2023-03-07,153.6999969482422,154.02999877929688,151.1300048828125,151.60000610351562,56182000,152.8699951171875,1,AAPL,-0.014496494188358522,0.03899665751899262,0.03333105559176719,149.53600158691407,148.8030014038086,-0.3583453253843166,0.017896555766078955,0.0,0.0,0.0,0.0,0.0,0.0,0.0,0.0
2023-03-08,152.80999755859375,153.47000122070312,151.8300018310547,152.8699951171875,47204800,150.58999633789062,0,AAPL,0.00837723590066819,0.012182985848920413,0.03346401439640778,151.04800109863282,149.1990005493164,-0.15978783240183692,0.017900750328764113,0.0,0.0,0.0,0.0,0.0,0.0,0.0,0.0
2023-03-09,153.55999755859375,154.5399932861328,150.22999572753906,150.58999633789062,53833600,148.5,0,AAPL,-0.014914625839747453,-0.0210622469908206,0.021572434684082653,151.98399963378907,149.31800079345703,0.1404263973155273,0.019259672674446896,0.0,0.0,0.0,0.0,0.0,0.0,0.0,0.0
2023-03-10,150.2100067138672,150.94000244140625,147.61000061035156,148.5,68572400,150.47000122070312,1,AAPL,-0.0138787196275717,-0.02044858825004847,0.021953083029403686,151.47799987792968,149.49700012207032,0.27378440230636625,0.01920460625534483,0.0,0.0,0.0,0.0,0.0,0.0,0.0,0.0
2023-03-13,147.80999755859375,153.13999938964844,147.6999969482422,150.47000122070312,84457100,152.58999633789062,1,AAPL,0.013266001486216261,-0.01569957462643068,0.03125212421455048,150.80599975585938,149.7520004272461,0.23164859331159482,0.019580058428783912,0.0,0.0,0.0,0.0,0.0,0.0,0.0,0.0
2023-03-14,151.27999877929688,153.39999389648438,150.10000610351562,152.58999633789062,73695900,152.99000549316406,1,AAPL,0.01408915464869298,0.013281094685150485,0.010329057612411097,151.00399780273438,150.2699996948242,-0.12741616749805518,0.015255393422075443,0.0,0.0,0.0,0.0,0.0,0.0,0.0,0.0
2023-03-15,151.19000244140625,153.25,149.9199981689453,152.99000549316406,77167900,155.85000610351562,1,AAPL,0.0026214638237991306,0.030235727226693987,-0.00546054948899477,151.0279998779297,151.03800048828126,0.047112525934278615,0.01337456498958934,0.0,0.0,0.0,0.0,0.0,0.0,0.0,0.0
2023-03-16,152.16000366210938,156.4600067138672,151.63999938964844,155.85000610351562,76161100,155.0,0,AAPL,0.018694035607962345,0.035754667635852,0.028034299662877293,152.0800018310547,152.03200073242186,-0.013046875708682015,0.013552536623427217,0.0,0.0,0.0,0.0,0.0,0.0,0.0,0.0
2023-03-17,156.0800018310547,156.74000549316406,154.27999877929688,155.0,98944600,157.39999389648438,1,AAPL,-0.00545400109224925,0.015793982043047716,0.013933439856393504,153.3800018310547,152.4290008544922,0.29914877805073714,0.013819806617795135,0.0,0.0,0.0,0.0,0.0,0.0,0.0,0.0
2023-03-20,155.07000732421875,157.82000732421875,154.14999389648438,157.39999389648438,73641400,159.27999877929688,1,AAPL,0.015483831590221708,0.02882533659048314,0.04522211119066388,154.76600036621093,152.78600006103517,-0.255730984813724,0.012287835875983429,0.0,0.0,0.0,0.0,0.0,0.0,0.0,0.0
2023-03-21,157.32000732421875,159.39999389648438,156.5399932861328,159.27999877929688,73938300,157.8300018310547,0,AAPL,0.011944122971497162,0.022008293496652565,0.0725925843723696,156.1040008544922,153.5539993286133,0.004031699560301583,0.008465969282828186,0.0,0.0,0.0,0.0,0.0,0.0,0.0,0.0
2023-03-22,159.3000030517578,162.13999938964844,157.80999755859375,157.8300018310547,75701800,158.92999267578125,1,AAPL,-0.009103446505241086,0.018258076329385142,0.04891340832486746,157.0720001220703,154.05,0.02385096763111938,0.010931193808782266,0.0,0.0,0.0,0.0,0.0,0.0,0.0,0.0
2023-03-23,158.8300018310547,161.5500030517578,157.67999267578125,158.92999267578125,67622100,160.25,1,AAPL,0.006969466083539766,0.009720450054801821,0.04154922662067273,157.68799743652343,154.88399963378907,-0.1067306193511911,0.010471985791894881,0.0,0.0,0.0,0.0,0.0,0.0,0.0,0.0
2023-03-24,158.86000061035156,160.33999633789062,157.85000610351562,160.25,59196500,158.27999877929688,0,AAPL,0.008305589788276002,0.00608991228112199,0.047454044356906255,158.73799743652344,156.05899963378906,-0.12459831918854936,0.010397372157191767,0.0,0.0,0.0,0.0,0.0,0.0,0.0,0.0
2023-03-27,159.94000244140625,160.77000427246094,157.8699951171875,158.27999877929688,52390300,157.64999389648438,0,AAPL,-0.012293299349161457,0.002851149610477055,0.015591867697247519,158.91399841308595,156.83999938964843,-0.11497639218534883,0.011013720903976258,0.0,0.0,0.0,0.0,0.0,0.0,0.0,0.0
2023-03-28,157.97000122070312,158.49000549316406,155.97999572753906,157.64999389648438,45992200,160.77000427246094,1,AAPL,-0.003980318976947728,-0.008053852880419377,0.017096734816028247,158.58799743652344,157.34599914550782,-0.12212375191590807,0.010854524586202988,0.0,0.0,0.0,0.0,0.0,0.0,0.0,0.0
2023-03-29,159.3699951171875,161.0500030517578,159.35000610351562,160.77000427246094,51305700,162.36000061035156,1,AAPL,0.019790742129842442,0.003244956458414494,0.021410486065157608,159.17599792480468,158.1239990234375,0.11553045951270002,0.011796032956233736,0.0,0.0,0.0,0.0,0.0,0.0,0.0,0.0
2023-03-30,161.52999877929688,162.47000122070312,161.27000427246094,162.36000061035156,49501700,164.89999389648438,1,AAPL,0.009889881791605992,0.025777115633819125,0.01933702821860539,159.86199951171875,158.7749984741211,-0.035161785142781454,0.011562295708642825,0.0,0.0,0.0,0.0,0.0,0.0,0.0,0.0
2023-03-31,162.44000244140625,165.0,161.91000366210938,164.89999389648438,68749800,166.1699981689453,1,AAPL,0.015644205941022005,0.04598794976649656,0.04479498183746822,160.79199829101563,159.76499786376954,0.38883715104733785,0.011090991535945175,0.0,0.0,0.0,0.0,0.0,0.0,0.0,0.0
2023-04-03,164.27000427246094,166.2899932861328,164.22000122070312,166.1699981689453,56976200,165.6300048828125,0,AAPL,0.00770166355044366,0.033588317179695126,0.04555468336259061,162.3699981689453,160.64199829101562,-0.17125286182650712,0.011101449701172428,0.0,0.0,0.0,0.0,0.0,0.0,0.0,0.0
2023-04-04,166.60000610351562,166.83999633789062,165.11000061035156,165.6300048828125,46278300,163.75999450683594,0,AAPL,-0.003249643690696802,0.020140454916039552,0.033572573371684955,163.96600036621095,161.2769989013672,-0.18776085453224334,0.011624084264246898,0.0,0.0,0.0,0.0,0.0,0.0,0.0,0.0
2023-04-05,164.74000549316406,165.0500030517578,161.8000030517578,163.75999450683594,51511700,164.66000366210938,1,AAPL,-0.011290287513422759,-0.006913277330768519,0.03462216180062194,164.56399841308593,161.8699981689453,0.11308539855612665,0.01138212408413225,0.0,0.0,0.0,0.0,0.0,0.0,0.0,0.0
2023-04-06,162.42999267578125,164.9600067138672,162.0,164.66000366210938,45390100,162.02999877929688,0,AAPL,0.005495903672834368,-0.009087046539536736,0.04446565199506369,165.0239990234375,162.44299926757813,-0.11883902103793897,0.010688192291254546,0.0,0.0,0.0,0.0,0.0,0.0,0.0,0.0
2023-04-10,161.4199981689453,162.02999877929688,160.0800018310547,162.02999877929688,47716900,160.8000030517578,0,AAPL,-0.01597233586979263,-0.02173522910937975,0.007837248699083199,164.45,162.62099914550782,0.051262279660102106,0.011658806531044615,0.0,0.0,0.0,0.0,0.0,0.0,0.0,0.0
2023-04-11,162.35000610351562,162.36000061035156,160.50999450683594,160.8000030517578,47644200,160.10000610351562,0,AAPL,-0.007591160506113748,-0.018075180473669183,-0.009608262827847547,163.3760009765625,162.8729995727539,-0.001523569217614762,0.01134885993337744,0.0,0.0,0.0,0.0,0.0,0.0,0.0,0.0
2023-04-12,161.22000122070312,162.05999755859375,159.77999877929688,160.10000610351562,50133100,165.55999755859375,1,AAPL,-0.004353214769634461,-0.027693413440893044,-0.029108477687281975,162.27000122070314,163.11800079345704,0.05223930719793812,0.008533697874665387,0.0,0.0,0.0,0.0,0.0,0.0,0.0,0.0
2023-04-13,161.6300048828125,165.8000030517578,161.4199981689453,165.55999755859375,68445600,165.2100067138672,0,AAPL,0.03410363052421039,0.021786081626187892,-0.0036709431129160475,162.6300018310547,163.5970001220703,0.3652776309464205,0.016642410210737826,0.0,0.0,0.0,0.0,0.0,0.0,0.0,0.0
2023-04-14,164.58999633789062,166.32000732421875,163.82000732421875,165.2100067138672,49386500,165.22999572753906,1,AAPL,-0.0021139819394035975,0.027425395388144924,-0.002535761375135337,162.74000244140626,163.8820007324219,-0.2784561754152203,0.016615607391913152,0.0,0.0,0.0,0.0,0.0,0.0,0.0,0.0
2023-04-17,165.08999633789062,165.38999938964844,164.02999877929688,165.22999572753906,41516200,166.47000122070312,1,AAPL,0.0001209915432451858,0.0320424074231862,0.008976558805647405,163.3800018310547,163.91500091552734,-0.1593613639354885,0.015895620860446713,0.0,0.0,0.0,0.0,0.0,0.0,0.0,0.0
2023-04-18,166.10000610351562,167.41000366210938,165.64999389648438,166.47000122070312,49923000,167.6300048828125,1,AAPL,0.0075047238711354325,0.00549651893892622,0.01099233279690659,164.51400146484374,163.94500122070312,0.2024944479504387,0.016000013294150548,0.0,0.0,0.0,0.0,0.0,0.0,0.0,0.0
2023-04-19,165.8000030517578,168.16000366210938,165.5399932861328,167.6300048828125,47720200,166.64999389648438,0,AAPL,0.006968244450070493,0.01464801204891053,0.03456153888603963,166.02000122070314,164.14500122070314,-0.04412395088436194,0.014009423949049457,0.0,0.0,0.0,0.0,0.0,0.0,0.0,0.0
2023-04-20,166.08999633789062,167.8699951171875,165.55999755859375,166.64999389648438,52456400,165.02000427246094,0,AAPL,-0.0058462742813449875,0.008594070118399522,0.03638053938869379,166.23800048828124,164.43400115966796,0.09924937447873217,0.013762467127765727,0.0,0.0,0.0,0.0,0.0,0.0,0.0,0.0
2023-04-21,165.0500030517578,166.4499969482422,164.49000549316406,165.02000427246094,58337300,165.3300018310547,1,AAPL,-0.00978091619394783,-0.008710259732141235,0.030730780645718436,166.2,164.47000122070312,0.11211024774860645,0.014522188516153629,0.0,0.0,0.0,0.0,0.0,0.0,0.0,0.0
2023-04-24,165.0,165.60000610351562,163.88999938964844,165.3300018310547,41949600,163.77000427246094,0,AAPL,0.001878545331279513,-0.01372071219210258,-0.0013891986647176502,166.22000122070312,164.8000015258789,-0.2809128979229413,0.00635747743328892,0.0,0.0,0.0,0.0,0.0,0.0,0.0,0.0
2023-04-25,165.19000244140625,166.30999755859375,163.72999572753906,163.77000427246094,48714100,163.75999450683594,0,AAPL,-0.0094356592349637,-0.017281666543668472,-0.00871619383140776,165.68000183105468,165.0970016479492,0.16125302744245484,0.007265853811727393,0.0,0.0,0.0,0.0,0.0,0.0,0.0,0.0
2023-04-26,163.05999755859375,165.27999877929688,162.8000030517578,163.75999450683594,45498800,168.41000366210938,1,AAPL,-6.112087295517821e-05,-0.007635497109457212,-0.008896697081122729,164.90599975585937,165.46300048828124,-0.06600347743261192,0.007260546063178165,0.0,0.0,0.0,0.0,0.0,0.0,0.0,0.0
2023-04-27,165.19000244140625,168.55999755859375,165.19000244140625,168.41000366210938,64902300,169.67999267578125,1,AAPL,0.02839526936524983,0.018629418719791957,0.0116537660069711,165.25800170898438,165.7480010986328,0.4264617967946407,0.013268251802405368,0.0,0.0,0.0,0.0,0.0,0.0,0.0,0.0
2023-04-28,168.49000549316406,169.85000610351562,167.8800048828125,169.67999267578125,55275900,169.58999633789062,0,AAPL,0.007541054486406518,0.03608712370482681,0.012229241384332568,166.18999938964845,166.19499969482422,-0.1483214000120181,0.013307641838776169,0.0,0.0,0.0,0.0,0.0,0.0,0.0,0.0
2023-05-01,169.27999877929688,170.4499969482422,168.63999938964844,169.58999633789062,52472900,168.5399932861328,0,AAPL,-0.0005303886243240852,0.03560089171113967,0.01764177947244594,167.04199829101563,166.63099975585936,-0.05070926027436917,0.012944433687721421,0.0,0.0,0.0,0.0,0.0,0.0,0.0,0.0
2023-05-02,170.08999633789062,170.35000610351562,167.5399932861328,168.5399932861328,48425700,167.4499969482422,0,AAPL,-0.006191420923589042,0.000771864029432745,0.02133068066014654,167.99599609375,166.83799896240234,-0.07712933723884141,0.01243455999652414,0.0,0.0,0.0,0.0,0.0,0.0,0.0,0.0
2023-05-03,169.5,170.9199981689453,167.16000366210938,167.4499969482422,65136000,165.7899932861328,0,AAPL,-0.006467285993302041,-0.013142361054906848,0.012822809494394516,168.73399658203124,166.81999816894532,0.34507090243403815,0.012958606955599743,0.0,0.0,0.0,0.0,0.0,0.0,0.0,0.0
2023-05-04,164.88999938964844,167.0399932861328,164.30999755859375,165.7899932861328,81235400,173.57000732421875,1,AAPL,-0.009913429037699317,-0.02240700002249363,0.012334303968822402,168.20999450683593,166.73399810791017,0.2471659297469908,0.013029284499890381,0.0,0.0,0.0,0.0,0.0,0.0,0.0,0.0
2023-05-05,170.97999572753906,174.3000030517578,170.75999450683594,173.57000732421875,113453200,173.5,0,AAPL,0.04692692172716728,0.0298446317696619,0.05990481892067545,168.98799743652344,167.58899841308593,0.39659803484687717,0.021345646350230688,0.0,0.0,0.0,0.0,0.0,0.0,0.0,0.0
2023-05-08,172.47999572753906,173.85000610351562,172.11000061035156,173.5,55962800,171.77000427246094,0,AAPL,-0.0004033376808469935,0.03613020699921443,0.03022383603828538,169.7699981689453,168.40599822998047,-0.5067322913765324,0.019582869547035545,0.0,0.0,0.0,0.0,0.0,0.0,0.0,0.0
2023-05-09,173.0500030517578,173.5399932861328,171.60000610351562,171.77000427246094,45326900,173.55999755859375,1,AAPL,-0.009971156931060876,0.036069794489993035,0.012317372034976515,170.41600036621094,169.20599822998048,-0.19005303523054595,0.020226206859001398,0.0,0.0,0.0,0.0,0.0,0.0,0.0,0.0
2023-05-10,173.02000427246094,174.02999877929688,171.89999389648438,173.55999755859375,53724500,173.75,1,AAPL,0.010420872338650744,-5.76699038002948e-05,0.023409406842566982,171.63800048828125,170.18599853515624,0.18526746810392947,0.02042748651268385,0.0,0.0,0.0,0.0,0.0,0.0,0.0,0.0
2023-05-11,173.85000610351562,174.58999633789062,172.1699981689453,173.75,49514700,172.57000732421875,0,AAPL,0.0010947363682816125,0.0014409221902016434,0.030912584083363948,173.2300018310547,170.71999816894532,-0.07835903544937595,0.02003404030722554,0.0,0.0,0.0,0.0,0.0,0.0,0.0,0.0
2023-05-12,173.6199951171875,174.05999755859375,171.0,172.57000732421875,45533100,172.07000732421875,0,AAPL,-0.006791324752697836,0.004657408347553238,0.030576353952153967,173.03000183105468,171.00899963378907,-0.08041248356548658,0.020064029261629843,0.0,0.0,0.0,0.0,0.0,0.0,0.0,0.0
2023-05-15,173.16000366210938,173.2100067138672,171.47000122070312,172.07000732421875,37266700,172.07000732421875,0,AAPL,-0.002897374855299284,-0.008584871256822724,0.03787933103566399,172.74400329589844,171.2570007324219,-0.18154705038752028,0.01938903365848522,0.0,0.0,0.0,0.0,0.0,0.0,0.0,0.0
2023-05-16,171.99000549316406,173.13999938964844,171.8000030517578,172.07000732421875,42110300,172.69000244140625,1,AAPL,0.0,-0.009669022594424481,-0.008642046071923537,172.80400390625,171.61000213623046,0.12997126120638525,0.006499477362580971,0.0,0.0,0.0,0.0,0.0,0.0,0.0,0.0
2023-05-17,171.7100067138672,172.92999267578125,170.4199981689453,172.69000244140625,57951600,175.0500030517578,1,AAPL,0.0036031562201266354,0.000695341670595484,-0.004668573824747835,172.6300048828125,172.13400268554688,0.3761858737648509,0.006754883120393506,0.0,0.0,0.0,0.0,0.0,0.0,0.0,0.0
2023-05-18,173.0,175.24000549316406,172.5800018310547,175.0500030517578,65496700,175.16000366210938,1,AAPL,0.013666110237923634,0.017318507588159004,0.019095294275560226,172.89000549316407,173.06000366210938,0.13019657783391647,0.007210644433770989,0.0,0.0,0.0,0.0,0.0,0.0,0.0,0.0
2023-05-19,176.38999938964844,176.38999938964844,174.94000244140625,175.16000366210938,55809500,174.1999969482422,0,AAPL,0.0006283953638037687,0.017957785821839156,0.00921874928567834,173.4080047607422,173.21900329589843,-0.14790363483961788,0.006370373632144151,0.0,0.0,0.0,0.0,0.0,0.0,0.0,0.0
2023-05-22,173.97999572753906,174.7100067138672,173.4499969482422,174.1999969482422,43570900,171.55999755859375,0,AAPL,-0.005480741572254533,0.008743960191605726,0.0025899104934801187,173.83400268554686,173.28900299072265,-0.2192924143738969,0.006875466930723017,0.0,0.0,0.0,0.0,0.0,0.0,0.0,0.0
2023-05-23,173.1300048828125,173.3800048828125,171.27999877929688,171.55999755859375,50747300,171.83999633789062,1,AAPL,-0.015154991021227304,-0.019937191844162094,-0.005852753797057186,173.73200073242188,173.26800231933595,0.16470626037102742,0.00879119212730086,0.0,0.0,0.0,0.0,0.0,0.0,0.0,0.0
2023-05-24,171.08999633789062,172.4199981689453,170.52000427246094,171.83999633789062,45143500,172.99000549316406,1,AAPL,0.00163207497832496,-0.018954140527555507,-0.0013367291017470917,173.56199951171874,173.09600219726562,-0.11042557929190322,0.008778205849474488,0.0,0.0,0.0,0.0,0.0,0.0,0.0,0.0
2023-05-25,172.41000366210938,173.89999389648438,171.69000244140625,172.99000549316406,56058300,175.42999267578125,1,AAPL,0.0066923253013353445,-0.006945990104911592,0.005346650373599493,173.15,173.02000274658204,0.24178010123273563,0.009154645435640285,0.0,0.0,0.0,0.0,0.0,0.0,0.0,0.0
2023-05-26,173.32000732421875,175.77000427246094,173.11000061035156,175.42999267578125,54835000,177.3000030517578,1,AAPL,0.014104787011603337,0.02255767761867533,0.015866524961713813,173.20399780273436,173.30600128173828,-0.021821924674847448,0.010458576990797327,0.0,0.0,0.0,0.0,0.0,0.0,0.0,0.0
2023-05-30,176.9600067138672,178.99000549316406,176.57000732421875,177.3000030517578,55964400,177.25,0,AAPL,0.010659581907596527,0.031773782764352054,0.012853470212935258,173.8239990234375,173.8290008544922,0.020596334457919196,0.009963964116402612,0.0,0.0,0.0,0.0,0.0,0.0,0.0,0.0
2023-05-31,177.3300018310547,179.35000610351562,176.75999450683594,177.25,99625300,180.08999633789062,1,AAPL,-0.0002820251037627397,0.024625668371368814,0.011931926776630464,174.96199951171874,174.3470001220703,0.7801548841763692,0.009988764332890983,0.0,0.0,0.0,0.0,0.0,0.0,0.0,0.0
2023-06-01,177.6999969482422,180.1199951171875,176.92999267578125,180.08999633789062,68901800,180.9499969482422,1,AAPL,0.016022546335066945,0.02656332358584601,0.03381170776597919,176.61199951171875,175.08699951171874,-0.30839053935094796,0.010681009696954012,0.0,0.0,0.0,0.0,0.0,0.0,0.0,0.0
2023-06-02,181.02999877929688,181.77999877929688,179.25999450683594,180.9499969482422,61996900,179.5800018310547,0,AAPL,0.004775393568990927,0.020586541645004175,0.05473303522542561,178.20399780273436,175.6769989013672,-0.100213637379575,0.006179723703910476,0.0,0.0,0.0,0.0,0.0,0.0,0.0,0.0
2023-06-05,182.6300048828125,184.9499969482422,178.0399932861328,179.5800018310547,121946500,179.2100067138672,0,AAPL,-0.0075711253953729685,0.01314528536561177,0.04504193236797338,179.03399963378905,176.1189987182617,0.966977381127121,0.008293020111617271,0.0,0.0,0.0,0.0,0.0,0.0,0.0,0.0
2023-06-06,179.97000122070312,180.1199951171875,177.42999267578125,179.2100067138672,64848400,177.82000732421875,0,AAPL,-0.002060335858196427,-0.00488638814991349,0.035955841512178566,179.41600036621094,176.61999969482423,-0.46822254021230625,0.00887126612844785,0.0,0.0,0.0,0.0,0.0,0.0,0.0,0.0
2023-06-07,178.44000244140625,181.2100067138672,177.32000732421875,177.82000732421875,61944600,180.57000732421875,1,AAPL,-0.007756259904993845,-0.01729753897104913,0.013623751628688563,179.53000183105468,177.24600067138672,-0.04477828288747299,0.009016665628579668,0.0,0.0,0.0,0.0,0.0,0.0,0.0,0.0
2023-06-08,177.89999389648438,180.83999633789065,177.4600067138672,180.57000732421875,50214900,180.9600067138672,1,AAPL,0.01546507640721173,0.0055128938805526495,0.01844334019275995,179.62600402832032,178.11900177001954,-0.1893579101326024,0.009925672889218591,0.0,0.0,0.0,0.0,0.0,0.0,0.0,0.0
2023-06-09,181.5,182.22999572753903,180.6300048828125,180.9600067138672,48900000,183.7899932861328,1,AAPL,0.002159823746078704,0.009765079707820812,0.020930926453411436,179.6280059814453,178.91600189208984,-0.026185454914776307,0.009847803506571818,0.0,0.0,0.0,0.0,0.0,0.0,0.0,0.0
2023-06-12,181.2700042724609,183.88999938964844,180.97000122070312,183.7899932861328,54274900,183.30999755859372,0,AAPL,0.015638740424785524,0.03357319601853925,0.020545266386146954,180.47000427246093,179.752001953125,0.10991615541922295,0.00976395801868631,0.0,0.0,0.0,0.0,0.0,0.0,0.0,0.0
2023-06-13,182.8000030517578,184.1499938964844,182.44000244140625,183.30999755859372,54929100,183.9499969482422,1,AAPL,-0.002611653218746346,0.015174115984030623,0.013042280465064504,181.29000244140624,180.3530014038086,0.012053453806455616,0.009931569688295854,0.0,0.0,0.0,0.0,0.0,0.0,0.0,0.0
2023-06-14,183.3699951171875,184.38999938964844,182.0200042724609,183.9499969482422,57462900,186.00999450683597,1,AAPL,0.003491350161869411,0.01652293392706805,0.02433453097577476,182.51600036621093,181.02300109863282,0.04612855480974565,0.009011815932129174,0.0,0.0,0.0,0.0,0.0,0.0,0.0,0.0
2023-06-15,183.9600067138672,186.5200042724609,183.77999877929688,186.00999450683597,65433200,184.9199981689453,0,AAPL,0.011198682211304378,0.012079010293269521,0.037944241606027385,183.60399780273437,181.61500091552733,0.1387034068938393,0.009047754558676761,0.0,0.0,0.0,0.0,0.0,0.0,0.0,0.0
2023-06-16,186.72999572753903,186.9900054931641,184.2700042724609,184.9199981689453,101256200,185.00999450683597,1,AAPL,-0.005859880490725944,0.008782939456627004,0.03992796396516374,184.39599609375,182.01200103759766,0.5474743708087026,0.008606889089473494,0.0,0.0,0.0,0.0,0.0,0.0,0.0,0.0
2023-06-20,184.41000366210935,186.1000061035156,184.41000366210935,185.00999450683597,49799100,183.9600067138672,0,AAPL,0.0004866771511020662,0.00576242226789514,0.024588730146336557,184.63999633789064,182.55500030517578,-0.5081871529842124,0.0075548511408522956,0.0,0.0,0.0,0.0,0.0,0.0,0.0,0.0
2023-06-21,184.8999938964844,185.41000366210935,182.58999633789065,183.9600067138672,49515700,187.0,1,AAPL,-0.0056753030870988486,-0.011020847553938506,0.01657824872179403,184.7699981689453,183.03000030517578,-0.005690865899182884,0.008327497160741135,0.0,0.0,0.0,0.0,0.0,0.0,0.0,0.0
2023-06-22,183.7400054931641,187.0500030517578,183.6699981689453,187.0,51245300,186.67999267578125,0,AAPL,0.016525294494369236,0.011248117302891103,0.017465622890957322,185.37999877929687,183.9479995727539,0.034930335227008724,0.008566056542575782,0.0,0.0,0.0,0.0,0.0,0.0,0.0,0.0
2023-06-23,185.5500030517578,187.55999755859372,185.00999450683597,186.67999267578125,53117000,185.2700042724609,0,AAPL,-0.0017112691134693048,0.00902652947694449,0.018384131591678843,185.51399841308594,184.55899810791016,0.03652432515762416,0.008482724916684663,0.0,0.0,0.0,0.0,0.0,0.0,0.0,0.0
2023-06-26,186.8300018310547,188.0500030517578,185.22999572753903,185.2700042724609,48088700,188.05999755859372,1,AAPL,-0.007552970101992407,0.007121099754205273,0.007175902941657153,185.58399963378906,184.98999786376953,-0.0946646083174878,0.009286272476453904,0.0,0.0,0.0,0.0,0.0,0.0,0.0,0.0
2023-06-27,185.88999938964844,188.38999938964844,185.6699981689453,188.05999755859372,50730800,189.25,1,AAPL,0.015059066345298966,0.005668436142212352,0.011020929586030404,186.19400024414062,185.41699829101563,0.054942221353457166,0.010070343046911722,0.0,0.0,0.0,0.0,0.0,0.0,0.0,0.0
2023-06-28,187.92999267578125,189.8999938964844,187.6000061035156,189.25,51216800,189.58999633789065,1,AAPL,0.006327780797910076,0.013766913568944883,0.02341554117418254,187.2519989013672,186.01099853515626,0.009579979026548058,0.009606453573110666,0.0,0.0,0.0,0.0,0.0,0.0,0.0,0.0
2023-06-29,189.0800018310547,190.07000732421875,188.94000244140625,189.58999633789065,46347300,193.97000122070312,1,AAPL,0.001796546039052327,0.023317277302356443,0.024755429258095818,187.7699981689453,186.5749984741211,-0.09507622498867563,0.009553967092304905,0.0,0.0,0.0,0.0,0.0,0.0,0.0,0.0
2023-06-30,191.6300048828125,194.47999572753903,191.25999450683597,193.97000122070312,85213200,192.4600067138672,0,AAPL,0.023102510509079632,0.031426160474494536,0.054413971197585065,189.22799987792968,187.37099914550782,0.838579593633286,0.01100923886569142,0.0,0.0,0.0,0.0,0.0,0.0,0.0,0.0
2023-07-03,193.77999877929688,193.8800048828125,191.75999450683597,192.4600067138672,31458200,191.3300018310547,0,AAPL,-0.007784680606965799,0.01696172636125337,0.029197896865599926,190.66600036621094,188.125,-0.6308294958996963,0.011563105473749133,0.0,0.0,0.0,0.0,0.0,0.0,0.0,0.0
2023-07-05,191.57000732421875,192.97999572753903,190.6199951171875,191.3300018310547,46920300,191.80999755859372,1,AAPL,-0.005871375056598072,0.009177728396929652,0.024908985095951852,191.32000122070312,188.7570007324219,0.4915125468081454,0.012014268090045186,0.0,0.0,0.0,0.0,0.0,0.0,0.0,0.0
2023-07-06,189.83999633789065,192.0200042724609,189.1999969482422,191.80999755859372,45094300,190.67999267578125,0,AAPL,0.002508732153585047,-0.01113576145030648,0.035299795624309516,191.83200073242188,189.54199981689453,-0.038917057222566775,0.011020808707685488,0.0,0.0,0.0,0.0,0.0,0.0,0.0,0.0
2023-07-07,191.41000366210935,192.6699981689453,190.2400054931641,190.67999267578125,46815000,188.6100006103516,0,AAPL,-0.0058912720775531335,-0.009248747667001345,0.013931698134640458,192.05,189.90999908447264,0.038157815954566354,0.010679508970186378,0.0,0.0,0.0,0.0,0.0,0.0,0.0,0.0
2023-07-10,189.25999450683597,189.9900054931641,187.0399932861328,188.6100006103516,59922200,188.0800018310547,0,AAPL,-0.010855843008916621,-0.014216281788910767,-0.0033817669202029776,190.97799987792968,190.10299987792968,0.2799786393250028,0.011471677142400287,0.0,0.0,0.0,0.0,0.0,0.0,0.0,0.0
2023-07-11,189.16000366210935,189.3000030517578,186.6000061035156,188.0800018310547,46638100,189.7700042724609,1,AAPL,-0.002810024800285249,-0.019446305067594816,-0.007964526272498218,190.10199890136718,190.38399963378907,-0.22168912356355408,0.011454918957084247,0.0,0.0,0.0,0.0,0.0,0.0,0.0,0.0
2023-07-12,189.67999267578125,191.6999969482422,188.47000122070312,189.7700042724609,60750200,190.5399932861328,1,AAPL,0.008985550962107514,-0.004772332904730225,-0.021652817042896122,189.78999938964844,190.55500030517578,0.30258736955407706,0.00677216737378263,0.0,0.0,0.0,0.0,0.0,0.0,0.0,0.0
2023-07-13,190.5,191.19000244140625,189.77999877929688,190.5399932861328,41342300,190.69000244140625,1,AAPL,0.004057485357730206,0.010232716555514942,-0.009976168350596004,189.53599853515624,190.68399963378906,-0.31947055318336404,0.006885818972731888,0.0,0.0,0.0,0.0,0.0,0.0,0.0,0.0
2023-07-14,190.22999572753903,191.17999267578125,189.6300048828125,190.69000244140625,41616200,193.9900054931641,1,AAPL,0.0007872843526774975,0.013877076695777646,-0.0033450027884992517,189.53800048828126,190.79400024414062,0.00662517566753662,0.006621808414586053,0.0,0.0,0.0,0.0,0.0,0.0,0.0,0.0
2023-07-17,191.8999938964844,194.32000732421875,191.80999755859372,193.9900054931641,50520200,193.72999572753903,0,AAPL,0.017305590274832694,0.022237451260444407,0.011365455202116959,190.61400146484374,190.7960006713867,0.21395514246855796,0.009474585968825913,0.0,0.0,0.0,0.0,0.0,0.0,0.0,0.0
2023-07-18,193.3500061035156,194.3300018310547,192.4199981689453,193.72999572753903,48288200,195.1000061035156,1,AAPL,-0.0013403255748359877,0.016741904869366886,0.01599540155711976,191.74400024414064,190.9229995727539,-0.04418034766291501,0.00901555874991533,0.0,0.0,0.0,0.0,0.0,0.0,0.0,0.0
2023-07-19,193.1000061035156,198.22999572753903,192.6499938964844,195.1000061035156,80507300,193.1300048828125,0,AAPL,0.007071751438550322,0.02312655936676289,0.03440965734670498,192.81000061035155,191.29999999999998,0.6672251191802552,0.006967889371229034,0.0,0.0,0.0,0.0,0.0,0.0,0.0,0.0
2023-07-20,195.08999633789065,196.47000122070312,192.5,193.1300048828125,59581200,191.94000244140625,0,AAPL,-0.010097391896840113,-0.004433221227894135,0.02685029244254289,193.3280029296875,191.43200073242187,-0.25992798168613285,0.008647681210035502,0.0,0.0,0.0,0.0,0.0,0.0,0.0,0.0
2023-07-21,194.1000061035156,194.97000122070312,191.22999572753903,191.94000244140625,71951700,192.75,1,AAPL,-0.006161665258219817,-0.009239628997102844,0.011434884966486925,193.5780029296875,191.55800170898436,0.20762421703490364,0.009027714563508241,0.0,0.0,0.0,0.0,0.0,0.0,0.0,0.0
2023-07-24,193.41000366210935,194.91000366210935,192.25,192.75,45377800,193.6199951171875,1,AAPL,0.004220055998181094,-0.012045135981537225,0.0115986501088432,193.3300018310547,191.97200164794918,-0.3693297031202877,0.009035115105041144,0.0,0.0,0.0,0.0,0.0,0.0,0.0,0.0
2023-07-25,193.3300018310547,194.44000244140625,192.9199981689453,193.6199951171875,37283200,194.5,1,AAPL,0.004513593344682265,0.0025371005125398582,0.015365213898308916,193.30800170898436,192.52600097656247,-0.1783823808117626,0.009083149041613288,0.0,0.0,0.0,0.0,0.0,0.0,0.0,0.0
2023-07-26,193.6699981689453,195.63999938964844,193.32000732421875,194.5,47471900,193.22000122070312,0,AAPL,0.00454501035536059,0.01333748841321003,0.0026289731037401065,193.18800048828126,192.9990005493164,0.2732785812376619,0.006448345191330015,0.0,0.0,0.0,0.0,0.0,0.0,0.0,0.0
2023-07-27,196.0200042724609,197.1999969482422,192.5500030517578,193.22000122070312,47460200,195.8300018310547,1,AAPL,-0.006580970587644619,0.002438398032182265,-0.0026325015128434437,193.20599975585938,193.26700134277343,-0.0002464615909621992,0.006966531238251069,0.0,0.0,0.0,0.0,0.0,0.0,0.0,0.0
2023-07-28,194.6699981689453,196.6300048828125,194.13999938964844,195.8300018310547,48291400,196.4499969482422,1,AAPL,0.013507921508448373,0.011414145075923532,0.0037416489221009375,193.98399963378907,193.78100128173827,0.01751362194006778,0.008389577216796878,0.0,0.0,0.0,0.0,0.0,0.0,0.0,0.0
2023-07-31,196.05999755859372,196.4900054931641,195.25999450683597,196.4499969482422,38824100,195.6100006103516,0,AAPL,0.003165986372825502,0.010025691250602486,0.017190451931299755,194.7239990234375,194.02700042724607,-0.19604525857606114,0.006955687646924915,0.0,0.0,0.0,0.0,0.0,0.0,0.0,0.0
2023-08-01,196.2400054931641,196.72999572753903,195.27999877929688,195.6100006103516,35175100,192.5800018310547,0,AAPL,-0.004275878599844907,0.012369316709187395,0.019120548724936404,195.12200012207032,194.21500091552736,-0.09398801260042089,0.00659325273731333,0.0,0.0,0.0,0.0,0.0,0.0,0.0,0.0
2023-08-02,195.0399932861328,195.17999267578125,191.8500061035156,192.5800018310547,50389300,191.1699981689453,0,AAPL,-0.015489999334607374,-0.016596027011243297,-0.0008819619659938827,194.73800048828124,193.96300048828124,0.43252755500339735,0.009442770890724926,0.0,0.0,0.0,0.0,0.0,0.0,0.0,0.0
2023-08-03,191.57000732421875,192.3699951171875,190.69000244140625,191.1699981689453,61235200,181.9900054931641,0,AAPL,-0.007321651514710981,-0.026877062159934684,-0.012653636039807403,194.3279998779297,193.76699981689453,0.21524212481618132,0.009540630461108222,0.0,0.0,0.0,0.0,0.0,0.0,0.0,0.0
2023-08-04,185.5200042724609,187.3800048828125,181.9199981689453,181.9900054931641,115956800,178.85000610351562,0,AAPL,-0.048020048981056385,-0.06962831693006366,-0.06431873782434916,191.56000061035155,192.77200012207032,0.8936298076923077,0.01936366065289293,0.0,0.0,0.0,0.0,0.0,0.0,0.0,0.0
2023-08-07,182.1300048828125,183.1300048828125,177.35000610351562,178.85000610351562,97576100,179.8000030517578,1,AAPL,-0.0172536913834338,-0.07129502335130322,-0.0743711573667446,188.04000244140624,191.3820007324219,-0.15851334290011454,0.019534431455502516,0.0,0.0,0.0,0.0,0.0,0.0,0.0,0.0
2023-08-08,179.69000244140625,180.2700042724609,177.5800018310547,179.8000030517578,67823000,178.19000244140625,0,AAPL,0.005311696482092065,-0.059475834210864664,-0.08185670545581769,184.8780029296875,190.00000152587893,-0.3049220044662576,0.01802070260750646,0.0,0.0,0.0,0.0,0.0,0.0,0.0,0.0
2023-08-09,180.8699951171875,180.92999267578125,177.00999450683594,178.19000244140625,60378500,177.97000122070312,0,AAPL,-0.00895439701348677,-0.020880284285175077,-0.09294983349705432,182.0000030517578,188.36900177001957,-0.10976364949943229,0.016867917191443416,0.0,0.0,0.0,0.0,0.0,0.0,0.0,0.0
2023-08-10,179.47999572753906,180.75,177.60000610351562,177.97000122070312,54686900,177.7899932861328,0,AAPL,-0.0012346440186814522,-0.004920351427347258,-0.09017943527737493,179.36000366210936,186.84400177001956,-0.09426534279586274,0.01718768870962952,0.0,0.0,0.0,0.0,0.0,0.0,0.0,0.0
2023-08-11,177.32000732421875,178.6199951171875,176.5500030517578,177.7899932861328,52036700,179.4600067138672,1,AAPL,-0.0010114509936260951,-0.011179141999493658,-0.07679929589935697,178.52000122070314,185.04000091552737,-0.04846133169003908,0.017739773885175364,0.0,0.0,0.0,0.0,0.0,0.0,0.0,0.0
2023-08-14,177.97000122070312,179.69000244140625,177.30999755859375,179.4600067138672,43675600,177.4499969482422,0,AAPL,0.009393180104611876,0.007127247629274525,-0.06125433680618386,178.64200134277343,183.34100189208988,-0.16067698374416517,0.01939813035599788,0.0,0.0,0.0,0.0,0.0,0.0,0.0,0.0
2023-08-15,178.8800048828125,179.47999572753906,177.0500030517578,177.4499969482422,43622600,176.57000732421875,0,AAPL,-0.01120032146677552,-0.002921864746272984,-0.02494647182750065,178.1720001220703,181.5250015258789,-0.0012134922015953897,0.009428550130013582,0.0,0.0,0.0,0.0,0.0,0.0,0.0,0.0
2023-08-16,177.1300048828125,178.5399932861328,176.5,176.57000732421875,46964900,174.0,0,AAPL,-0.004959085033290345,-0.00686194953588104,-0.012748105683470068,177.8480010986328,179.92400207519532,0.07661854176504845,0.007374909837798504,0.0,0.0,0.0,0.0,0.0,0.0,0.0,0.0
2023-08-17,177.13999938964844,177.50999450683594,173.47999572753906,174.0,66062900,174.49000549316406,1,AAPL,-0.014555174817995509,-0.030424643428062947,-0.03225808094167948,177.0540008544922,178.20700225830078,0.40664411081467233,0.007976601789467856,0.0,0.0,0.0,0.0,0.0,0.0,0.0,0.0
2023-08-18,172.3000030517578,175.10000610351562,171.9600067138672,174.49000549316406,61172200,175.83999633789062,1,AAPL,0.0028161235239314575,-0.016680707275196438,-0.020764335246355015,176.39400329589844,177.45700225830078,-0.07403096140193666,0.008155627254158035,0.0,0.0,0.0,0.0,0.0,0.0,0.0,0.0
2023-08-21,175.07000732421875,176.1300048828125,173.74000549316406,175.83999633789062,46311900,177.22999572753906,1,AAPL,0.007736780344014926,-0.00413439970576468,-0.011968336619670228,175.6700012207031,177.15600128173827,-0.24292570808308345,0.009120600705958576,0.0,0.0,0.0,0.0,0.0,0.0,0.0,0.0
2023-08-22,177.05999755859375,177.67999267578125,176.25,177.22999572753906,42038900,181.1199951171875,1,AAPL,0.007904910251348207,0.018563193836431457,-0.00314976983936599,175.6260009765625,176.8990005493164,-0.0922657027675392,0.009825385084648534,0.0,0.0,0.0,0.0,0.0,0.0,0.0,0.0
2023-08-23,178.52000427246094,181.5500030517578,178.3300018310547,181.1199951171875,52722800,176.3800048828125,0,AAPL,0.021948877071738204,0.03799638612701628,0.009249907172727445,176.53599853515624,177.19199981689454,0.25414318642971145,0.012652420067278741,0.0,0.0,0.0,0.0,0.0,0.0,0.0,0.0
2023-08-24,180.6699981689453,181.1000061035156,176.00999450683594,176.3800048828125,54945800,178.61000061035156,1,AAPL,-0.02617044148719283,0.0030710222712027058,-0.006029822957628883,177.01199951171876,177.03300018310546,0.04216392149127124,0.015965520929322293,0.0,0.0,0.0,0.0,0.0,0.0,0.0,0.0
2023-08-25,177.3800048828125,179.14999389648438,175.82000732421875,178.61000061035156,51449600,180.19000244140625,1,AAPL,0.01264313224744873,0.00778651986729173,0.011553453030032301,177.83599853515625,177.11500091552733,-0.06362997717750951,0.01656766446823171,0.0,0.0,0.0,0.0,0.0,0.0,0.0,0.0
2023-08-28,180.08999633789062,180.58999633789065,178.5500030517578,180.19000244140625,43820700,184.1199951171875,1,AAPL,0.008846099466185864,-0.005134677014426381,0.03557472667474859,178.70599975585938,177.18800048828126,-0.14827909254882443,0.015014955909562777,0.0,0.0,0.0,0.0,0.0,0.0,0.0,0.0
2023-08-29,179.6999969482422,184.8999938964844,179.5,184.1199951171875,53003900,187.6499938964844,1,AAPL,0.02181027039532446,0.043882469781750366,0.05518934793317265,180.08399963378906,177.8550003051758,0.20956306038013994,0.01620201893953869,0.0,0.0,0.0,0.0,0.0,0.0,0.0,0.0
2023-08-30,184.94000244140625,187.8500061035156,184.7400054931641,187.6499938964844,60813900,187.8699951171875,1,AAPL,0.019172272827023162,0.050613029814910115,0.06716331781479301,181.38999938964844,178.96299896240234,0.14734764800326006,0.016759498505600476,0.0,0.0,0.0,0.0,0.0,0.0,0.0,0.0
2023-08-31,187.83999633789065,189.1199951171875,187.47999572753903,187.8699951171875,60794500,189.4600067138672,1,AAPL,0.001172401960345626,0.04262163589391488,0.06003498079414071,183.68799743652343,180.3499984741211,-0.0003190060167165276,0.017053595319085835,0.0,0.0,0.0,0.0,0.0,0.0,0.0,0.0
2023-09-01,189.4900054931641,189.9199981689453,188.27999877929688,189.4600067138672,45766500,189.6999969482422,1,AAPL,0.008463361036912254,0.029002887998562654,0.046046885056967746,185.85799865722657,181.8469985961914,-0.24719341387790017,0.016009380977871548,0.0,0.0,0.0,0.0,0.0,0.0,0.0,0.0
2023-09-05,188.27999877929688,189.97999572753903,187.6100006103516,189.6999969482422,45280000,182.91000366210935,0,AAPL,0.0012667065653462206,0.010924610276772162,0.07551871922375519,187.75999755859374,183.23299865722657,-0.010630045994340809,0.008029760966830923,0.0,0.0,0.0,0.0,0.0,0.0,0.0,0.0
2023-09-06,188.3999938964844,188.8500061035156,181.47000122070312,182.91000366210935,81755800,177.55999755859375,0,AAPL,-0.0357933231173716,-0.026401190099484828,0.024074816847117653,187.51799926757812,183.8009994506836,0.8055609540636042,0.019098189459132952,0.0,0.0,0.0,0.0,0.0,0.0,0.0,0.0
2023-09-07,175.17999267578125,178.2100067138672,173.5399932861328,177.55999755859375,112488800,178.17999267578125,1,AAPL,-0.02924939039090879,-0.06281013793716095,-0.0145957314344769,185.5,183.44499969482422,0.37591216769941704,0.022471567793328043,0.0,0.0,0.0,0.0,0.0,0.0,0.0,0.0
2023-09-08,178.35000610351562,180.2400054931641,177.7899932861328,178.17999267578125,65551300,179.36000061035156,1,AAPL,0.0034917499758519988,-0.06072748791663951,-0.03226158265768797,183.56199951171874,183.6249984741211,-0.41726376314797564,0.020205315563530057,0.0,0.0,0.0,0.0,0.0,0.0,0.0,0.0
2023-09-11,180.07000732421875,180.3000030517578,177.33999633789062,179.36000061035156,58953100,176.3000030517578,0,AAPL,0.006622561359722834,-0.019408468540166424,-0.04417795659884727,181.54199829101563,183.6999984741211,-0.10065704265209086,0.018213774422139554,0.0,0.0,0.0,0.0,0.0,0.0,0.0,0.0
2023-09-12,179.49000549316406,180.1300048828125,174.82000732421875,176.3000030517578,90370200,174.2100067138672,0,AAPL,-0.017060646455066664,-0.0070961619968492595,-0.06158509802596568,178.86199951171875,183.31099853515624,0.5329168440675724,0.018272465785487187,0.0,0.0,0.0,0.0,0.0,0.0,0.0,0.0
2023-09-13,176.50999450683594,177.3000030517578,173.97999572753906,174.2100067138672,84267900,175.74000549316406,1,AAPL,-0.011854771989295187,-0.02228076173029092,-0.08049192156438256,177.12200012207032,182.31999969482422,-0.06752557812199156,0.01659219349745916,0.0,0.0,0.0,0.0,0.0,0.0,0.0,0.0
2023-09-14,174.0,176.10000610351562,173.5800018310547,175.74000549316406,60895800,175.00999450683594,0,AAPL,0.008782496529087691,-0.020182845143113637,-0.07358983489539528,176.75800170898438,181.12900085449218,-0.2773547222607897,0.017779140038924397,0.0,0.0,0.0,0.0,0.0,0.0,0.0,0.0
2023-09-15,176.47999572753906,176.5,173.82000732421875,175.00999450683594,109259500,177.97000122070312,1,AAPL,-0.004153926047057777,-0.007317121512148583,-0.04319068939426152,176.1240020751953,179.84300079345704,0.794204197990666,0.013953578601108334,0.0,0.0,0.0,0.0,0.0,0.0,0.0,0.0
2023-09-18,176.47999572753906,179.3800048828125,176.1699981689453,177.97000122070312,67257600,179.07000732421875,1,AAPL,0.016913358132535583,0.021583114413235682,0.0023090992776910735,175.84600219726562,178.69400024414062,-0.3844233224570861,0.012021007902443153,0.0,0.0,0.0,0.0,0.0,0.0,0.0,0.0
2023-09-19,177.52000427246094,179.6300048828125,177.1300048828125,179.07000732421875,51826900,175.49000549316406,0,AAPL,0.006180851244426799,0.018948456395628144,0.004995031344832146,176.4000030517578,177.6310012817383,-0.2294268603102103,0.01217852987089068,0.0,0.0,0.0,0.0,0.0,0.0,0.0,0.0
2023-09-20,179.25999450683594,179.6999969482422,175.39999389648438,175.49000549316406,58436200,173.92999267578125,0,AAPL,-0.01999219123598317,0.00274276327863876,-0.02157668991981565,176.6560028076172,176.88900146484374,0.12752643897281146,0.014058372830744466,0.0,0.0,0.0,0.0,0.0,0.0,0.0,0.0
2023-09-21,174.5500030517578,176.3000030517578,173.86000061035156,173.92999267578125,63149100,174.7899932861328,1,AAPL,-0.008889468166570769,-0.022700502990455118,-0.01344305351645847,176.29400024414062,176.5260009765625,0.08065035029656276,0.012998104582797113,0.0,0.0,0.0,0.0,0.0,0.0,0.0,0.0
2023-09-22,174.6699981689453,177.0800018310547,174.0500030517578,174.7899932861328,56725400,176.0800018310547,1,AAPL,0.0049445216268977354,-0.023901345077496305,0.003329237988138223,176.25,176.18700103759767,-0.10172274822602378,0.012381190728512898,0.0,0.0,0.0,0.0,0.0,0.0,0.0,0.0
2023-09-25,174.1999969482422,176.97000122070312,174.14999389648438,176.0800018310547,46172700,171.9600067138672,0,AAPL,0.00738033408360006,0.0033619939564797363,0.001934655327547885,175.87200012207032,175.85900115966797,-0.1860313016743822,0.01223612220130183,0.0,0.0,0.0,0.0,0.0,0.0,0.0,0.0
2023-09-26,174.82000732421875,175.1999969482422,171.66000366210938,171.9600067138672,64588900,170.42999267578125,0,AAPL,-0.023398427273646605,-0.011326315442249602,-0.017427506363641543,174.45,175.4250015258789,0.3988547345076203,0.015213839909418986,0.0,0.0,0.0,0.0,0.0,0.0,0.0,0.0
2023-09-27,172.6199951171875,173.0399932861328,169.0500030517578,170.42999267578125,66921800,170.69000244140625,1,AAPL,-0.008897499292564004,-0.02494422322686518,-0.042366738738015775,173.43799743652343,175.0470001220703,0.03611920933782731,0.0126646210478458,0.0,0.0,0.0,0.0,0.0,0.0,0.0,0.0
2023-09-28,169.33999633789062,172.02999877929688,167.6199951171875,170.69000244140625,56294400,171.2100067138672,1,AAPL,0.0015256103784480057,-0.03061108208540364,-0.04679736717517369,172.78999938964844,174.54199981689453,-0.1588032599242698,0.012018235391522024,0.0,0.0,0.0,0.0,0.0,0.0,0.0,0.0
2023-09-29,172.02000427246094,173.07000732421875,170.33999633789062,171.2100067138672,51861100,173.75,1,AAPL,0.003046483478957418,-0.004361479243531141,-0.024388846346372728,172.07400207519532,174.16200103759766,-0.07875206059572537,0.010892850873814594,0.0,0.0,0.0,0.0,0.0,0.0,0.0,0.0
2023-10-02,171.22000122070312,174.3000030517578,170.92999267578125,173.75,52164500,172.39999389648438,0,AAPL,0.014835542237771948,0.019480182285371406,-0.0010348570307638916,171.60800170898438,173.74000091552733,0.00585024228178721,0.012498173391218533,0.0,0.0,0.0,0.0,0.0,0.0,0.0,0.0
2023-10-03,172.25999450683594,173.6300048828125,170.82000732421875,172.39999389648438,49594600,173.66000366210938,1,AAPL,-0.007769819300809333,0.01001811137512365,-0.013673548151786896,171.6959991455078,173.0729995727539,-0.049265304948767796,0.0125698552074787,0.0,0.0,0.0,0.0,0.0,0.0,0.0,0.0
2023-10-04,171.08999633789062,174.2100067138672,170.97000122070312,173.66000366210938,53020300,174.91000366210938,1,AAPL,0.00730864159068112,0.014309893418418707,-0.013743742297704253,172.34200134277344,172.88999938964844,0.06907405241699704,0.0125610625866765,0.0,0.0,0.0,0.0,0.0,0.0,0.0,0.0
2023-10-05,173.7899932861328,175.4499969482422,172.67999267578125,174.91000366210938,48527900,177.49000549316406,1,AAPL,0.007197972898999483,0.006676280069694229,0.01715513394431789,173.18600158691407,172.98800048828124,-0.0847298110346415,0.008504613399701579,0.0,0.0,0.0,0.0,0.0,0.0,0.0,0.0
2023-10-06,173.8000030517578,177.99000549316406,173.17999267578125,177.49000549316406,57266700,178.99000549316406,1,AAPL,0.014750453244736894,0.029524430260339463,0.041424708800014365,174.44200134277344,173.25800170898438,0.1800778521221813,0.00791582589716298,0.0,0.0,0.0,0.0,0.0,0.0,0.0,0.0
2023-10-09,176.80999755859375,179.0500030517578,175.8000030517578,178.99000549316406,42390800,178.38999938964844,0,AAPL,0.008451180086631815,0.030692166985239133,0.04862618157502818,175.49000244140626,173.54900207519532,-0.2597652737105508,0.007716699619344172,0.0,0.0,0.0,0.0,0.0,0.0,0.0,0.0
2023-10-10,178.10000610351562,179.72000122070312,177.9499969482422,178.38999938964844,43698000,179.8000030517578,1,AAPL,-0.00335217657467779,0.019895921643576786,0.041936758333178004,176.68800354003906,174.19200134277344,0.030836879700312236,0.008571430980301765,0.0,0.0,0.0,0.0,0.0,0.0,0.0,0.0
2023-10-11,178.1999969482422,179.85000610351562,177.60000610351562,179.8000030517578,47551100,180.7100067138672,1,AAPL,0.007904051050695804,0.013014803578237144,0.034820161448965825,177.91600341796874,175.1290023803711,0.08817566021328216,0.0077283723096243494,0.0,0.0,0.0,0.0,0.0,0.0,0.0,0.0
2023-10-12,180.07000732421875,182.33999633789065,179.0399932861328,180.7100067138672,56743100,178.85000610351562,0,AAPL,0.005061199369654101,0.009609481914725215,0.04820193220176372,179.0760040283203,176.1310028076172,0.19330783094397397,0.005379763814723022,0.0,0.0,0.0,0.0,0.0,0.0,0.0,0.0
2023-10-13,181.4199981689453,181.92999267578125,178.13999938964844,178.85000610351562,51427100,178.72000122070312,0,AAPL,-0.01029273721015711,0.0025786575225128505,0.029885997535186393,179.34800415039064,176.89500274658204,-0.09368539963449296,0.00836554715635837,0.0,0.0,0.0,0.0,0.0,0.0,0.0,0.0
2023-10-16,176.75,179.0800018310547,176.50999450683594,178.72000122070312,52517000,177.14999389648438,0,AAPL,-0.0007268933652552212,-0.0060066841642032465,0.02178261665326975,179.29400329589845,177.39200286865236,0.021193106358320835,0.008435374054016436,0.0,0.0,0.0,0.0,0.0,0.0,0.0,0.0
2023-10-17,176.64999389648438,178.4199981689453,174.8000030517578,177.14999389648438,57549400,175.83999633789062,0,AAPL,-0.0087847320585005,-0.01970014213446225,-0.0019156661567222288,179.04600219726564,177.86700286865235,0.0958242093036541,0.007680679841543185,0.0,0.0,0.0,0.0,0.0,0.0,0.0,0.0
2023-10-18,175.5800018310547,177.5800018310547,175.11000061035156,175.83999633789062,54764400,175.4600067138672,0,AAPL,-0.007394849583563845,-0.016829799624847985,-0.0175987991429708,178.25400085449218,178.08500213623046,-0.0483932065321272,0.006993678442839551,0.0,0.0,0.0,0.0,0.0,0.0,0.0,0.0
2023-10-19,176.0399932861328,177.83999633789062,175.19000244140625,175.4600067138672,59302900,172.8800048828125,0,AAPL,-0.002160996541954341,-0.01824079277400037,-0.01642464648133901,177.2040008544922,178.14000244140624,0.08287318038725888,0.006984322468682671,0.0,0.0,0.0,0.0,0.0,0.0,0.0,0.0
2023-10-20,175.30999755859375,175.4199981689453,172.63999938964844,172.8800048828125,64244000,173.0,1,AAPL,-0.014704215959948308,-0.024103805592942895,-0.03848719717181148,176.01000061035157,177.6790023803711,0.08331970274640876,0.006677101263178788,0.0,0.0,0.0,0.0,0.0,0.0,0.0,0.0
2023-10-23,170.91000366210938,174.00999450683594,169.92999267578125,173.0,55980100,173.44000244140625,1,AAPL,0.0006940948276166203,-0.016151025915818074,-0.042665079007357165,174.86600036621093,177.0800018310547,-0.12863302409563537,0.0056417721094332695,0.0,0.0,0.0,0.0,0.0,0.0,0.0,0.0
2023-10-24,173.0500030517578,173.6699981689453,171.4499969482422,173.44000244140625,43816600,171.10000610351562,0,AAPL,0.0025433667133309967,-0.011512619372886945,-0.030248831297093437,174.1240020751953,176.58500213623046,-0.21728257005614493,0.006151243332753525,0.0,0.0,0.0,0.0,0.0,0.0,0.0,0.0
2023-10-25,171.8800048828125,173.05999755859375,170.64999389648438,171.10000610351562,57157000,166.88999938964844,0,AAPL,-0.013491676112499795,-0.010296151833773082,-0.042636498797789746,173.1760040283203,175.71500244140626,0.30445995353359234,0.0067563036225498216,0.0,0.0,0.0,0.0,0.0,0.0,0.0,0.0
2023-10-26,170.3699951171875,171.3800048828125,165.6699981689453,166.88999938964844,70625300,168.22000122070312,1,AAPL,-0.02460553222493822,-0.03531792260318822,-0.057916990461942985,171.46200256347657,174.33300170898437,0.23563692985985973,0.009752506475774083,0.0,0.0,0.0,0.0,0.0,0.0,0.0,0.0
2023-10-27,166.91000366210938,168.9600067138672,166.8300018310547,168.22000122070312,58499100,170.2899932861328,1,AAPL,0.007969332110484562,-0.03009687008316675,-0.04333482299752256,170.53000183105468,173.27000122070314,-0.17169767774437772,0.0115851507343896,0.0,0.0,0.0,0.0,0.0,0.0,0.0,0.0
2023-10-30,169.02000427246094,171.1699981689453,168.8699951171875,170.2899932861328,51131000,170.77000427246094,1,AAPL,0.012305267212035398,-0.00473414838391506,-0.029465480621834295,169.98800048828124,172.4270004272461,-0.1259523650791209,0.01355851173757827,0.0,0.0,0.0,0.0,0.0,0.0,0.0,0.0
2023-10-31,169.35000610351562,170.89999389648438,167.89999389648438,170.77000427246094,44846000,173.97000122070312,1,AAPL,0.0028187856318813154,0.02324887588832447,-0.01220500087203169,169.4540008544922,171.78900146484375,-0.12291955956269196,0.01289383088004558,0.0,0.0,0.0,0.0,0.0,0.0,0.0,0.0
2023-11-01,171.0,174.22999572753906,170.1199951171875,173.97000122070312,56934900,177.57000732421875,1,AAPL,0.018738635990994235,0.034181428832924965,0.005606943472272308,170.0279998779297,171.602001953125,0.26956473264059233,0.01506821904166312,0.0,0.0,0.0,0.0,0.0,0.0,0.0,0.0
2023-11-02,175.52000427246094,177.77999877929688,175.4600067138672,177.57000732421875,77334800,176.64999389648438,0,AAPL,0.020693257908003027,0.042750686036222785,0.023812297190250353,172.16400146484375,171.81300201416016,0.3583022012860302,0.01685444114172504,0.0,0.0,0.0,0.0,0.0,0.0,0.0,0.0
2023-11-03,174.24000549316406,176.82000732421875,173.35000610351562,176.64999389648438,79829200,179.22999572753906,1,AAPL,-0.005181130764130404,0.03443221571068178,0.032437098743357096,173.85,172.19000091552735,0.032254560689366274,0.015712958727256983,0.0,0.0,0.0,0.0,0.0,0.0,0.0,0.0
2023-11-06,176.3800048828125,179.42999267578125,176.2100067138672,179.22999572753906,63841300,181.82000732421875,1,AAPL,0.014605162299448304,0.030235066217898954,0.07394089749547939,175.63800048828125,172.81300048828126,-0.2002763399858698,0.009154676886776505,0.0,0.0,0.0,0.0,0.0,0.0,0.0,0.0
2023-11-07,179.17999267578125,182.44000244140625,178.97000122070312,181.82000732421875,70530000,182.88999938964844,1,AAPL,0.014450770844278482,0.02393422213606189,0.08084654621820242,177.8480010986328,173.6510009765625,0.10477073618488353,0.009209807269187088,0.0,0.0,0.0,0.0,0.0,0.0,0.0,0.0
2023-11-08,182.3500061035156,183.4499969482422,181.58999633789065,182.88999938964844,49340300,182.41000366210935,0,AAPL,0.005884897273828127,0.035324119494850814,0.07399146514935984,179.6320007324219,174.8300003051758,-0.3004352757691763,0.009399642468241699,0.0,0.0,0.0,0.0,0.0,0.0,0.0,0.0
2023-11-09,182.9600067138672,184.1199951171875,181.80999755859372,182.41000366210935,53763500,186.3999938964844,1,AAPL,-0.0026245050529879466,0.017742610112006396,0.06816184984733598,180.6,176.3820007324219,0.08964679987758495,0.010302279518458331,0.0,0.0,0.0,0.0,0.0,0.0,0.0,0.0
2023-11-10,183.97000122070312,186.57000732421875,183.52999877929688,186.3999938964844,66133400,184.8000030517578,0,AAPL,0.021873746802647975,0.02518967323600796,0.07144905781780309,182.55,178.2,0.23007988691212433,0.010825238788505826,0.0,0.0,0.0,0.0,0.0,0.0,0.0,0.0
2023-11-13,185.82000732421875,186.02999877929688,184.2100067138672,184.8000030517578,43627500,187.44000244140625,1,AAPL,-0.008583642151915205,0.010443456003518703,0.04071631147898791,183.66400146484375,179.6510009765625,-0.3403106448481402,0.011613078711044294,0.0,0.0,0.0,0.0,0.0,0.0,0.0,0.0
2023-11-14,187.6999969482422,188.1100006103516,186.3000030517578,187.44000244140625,60108400,188.00999450683597,1,AAPL,0.01428571074703422,0.02757523533969297,0.061081284561180116,184.78800048828126,181.31800079345703,0.37776402498424155,0.01085847187746569,0.0,0.0,0.0,0.0,0.0,0.0,0.0,0.0
2023-11-15,187.8500061035156,189.5,187.77999877929688,188.00999450683597,53790500,189.7100067138672,1,AAPL,0.003040930740533243,0.00863734261303506,0.048987329066525476,185.81199951171874,182.7220001220703,-0.10510843742305565,0.010662692479729483,0.0,0.0,0.0,0.0,0.0,0.0,0.0,0.0
2023-11-16,189.57000732421875,190.9600067138672,188.6499938964844,189.7100067138672,54412900,189.69000244140625,0,AAPL,0.009042137421951812,0.02656928344711229,0.0433945609493851,187.27200012207032,183.93600006103514,0.01157081640810187,0.010211078636964533,0.0,0.0,0.0,0.0,0.0,0.0,0.0,0.0
2023-11-17,190.25,190.3800048828125,188.57000732421875,189.69000244140625,50922700,191.4499969482422,1,AAPL,-0.0001054465855937492,0.012003841072843358,0.03718083588195742,187.93000183105468,185.24000091552733,-0.06414287788373718,0.010482581099344331,0.0,0.0,0.0,0.0,0.0,0.0,0.0,0.0
2023-11-20,189.88999938964844,191.91000366210935,189.8800048828125,191.4499969482422,46505100,190.63999938964844,0,AAPL,0.009278267089376957,0.01829691262121247,0.049558648674105754,189.26000061035157,186.46200103759764,-0.0867510952875633,0.009938797783626423,0.0,0.0,0.0,0.0,0.0,0.0,0.0,0.0
2023-11-21,191.41000366210935,191.5200042724609,189.7400054931641,190.63999938964844,38134500,191.30999755859372,1,AAPL,-0.004230856994020926,0.004902180395702116,0.02274681133046963,189.9,187.34400024414063,-0.17999316204029236,0.008154515482055482,0.0,0.0,0.0,0.0,0.0,0.0,0.0,0.0
2023-11-22,191.4900054931641,192.92999267578125,190.8300018310547,191.30999755859372,39617700,189.97000122070312,0,AAPL,0.0035144679557823633,0.008540224030456622,0.035227242420621696,190.56000061035155,188.18600006103514,0.03889391495889538,0.006300549808233902,0.0,0.0,0.0,0.0,0.0,0.0,0.0,0.0
2023-11-24,190.8699951171875,190.8999938964844,189.25,189.97000122070312,24048300,189.7899932861328,0,AAPL,-0.007004319455287122,-0.007730455738472419,0.01349764589385205,190.61199951171875,188.94199981689454,-0.39299101159330296,0.006194694087067932,0.0,0.0,0.0,0.0,0.0,0.0,0.0,0.0
2023-11-27,189.9199981689453,190.6699981689453,188.8999938964844,189.7899932861328,40552600,190.3999938964844,1,AAPL,-0.0009475597905649336,-0.004458697577827353,0.009467575295483144,190.63199768066406,189.28099975585937,0.6862979919578516,0.006258963003012708,0.0,0.0,0.0,0.0,0.0,0.0,0.0,0.0
2023-11-28,189.77999877929688,191.0800018310547,189.3999938964844,190.3999938964844,38415400,189.3699951171875,0,AAPL,0.003214082048213829,-0.004756696846596298,0.003637062665112323,190.4219970703125,189.84099884033202,-0.0527019229346577,0.005395402612522906,0.0,0.0,0.0,0.0,0.0,0.0,0.0,0.0
2023-11-29,190.8999938964844,192.08999633789065,188.97000122070312,189.3699951171875,43014200,189.9499969482422,1,AAPL,-0.0054096576277039565,-0.0031584255390857408,-0.0016870015293378726,190.16799621582032,190.03399810791015,0.11971240700344143,0.005852802821702669,0.0,0.0,0.0,0.0,0.0,0.0,0.0,0.0
2023-11-30,189.83999633789065,190.32000732421875,188.19000244140625,189.9499969482422,48794400,191.2400054931641,1,AAPL,0.0030627968844576525,0.0008430563663499591,-0.00783494397445994,189.89599609375,190.22799835205078,0.13437887953280536,0.004481288474047495,0.0,0.0,0.0,0.0,0.0,0.0,0.0,0.0
2023-12-01,190.3300018310547,191.55999755859372,189.22999572753903,191.2400054931641,45704800,189.42999267578125,0,AAPL,0.006791305952341897,0.004411825754240262,0.003147325353738184,190.1499969482422,190.38099822998046,-0.06331874149492567,0.005097791990791283,0.0,0.0,0.0,0.0,0.0,0.0,0.0,0.0
2023-12-04,189.97999572753903,190.0500030517578,187.4499969482422,189.42999267578125,43389500,193.4199981689453,1,AAPL,-0.009464613916503661,0.0003168271644968801,-0.00982700803305725,190.0779968261719,190.35499725341796,-0.0506576989725368,0.006069486532220644,0.0,0.0,0.0,0.0,0.0,0.0,0.0,0.0
2023-12-05,190.2100067138672,194.3999938964844,190.17999267578125,193.4199981689453,66628400,192.32000732421875,0,AAPL,0.02106321938149014,0.018267971973954023,0.018160746044498133,190.68199768066407,190.55199737548827,0.5355881031125043,0.009843286906931445,0.0,0.0,0.0,0.0,0.0,0.0,0.0,0.0
2023-12-06,194.4499969482422,194.75999450683597,192.1100006103516,192.32000732421875,41089700,194.2700042724609,1,AAPL,-0.0056870585003612195,0.005647363522446991,0.013330597647851938,191.27200012207032,190.71999816894532,-0.3833005144953203,0.010282439237097702,0.0,0.0,0.0,0.0,0.0,0.0,0.0,0.0
2023-12-07,193.6300048828125,195.0,193.58999633789065,194.2700042724609,47477700,195.7100067138672,1,AAPL,0.010139334827264257,0.02555039742288101,0.020325685399341653,192.13600158691406,191.01599884033203,0.15546475150706862,0.01074822064644061,0.0,0.0,0.0,0.0,0.0,0.0,0.0,0.0
2023-12-08,194.1999969482422,195.9900054931641,193.6699981689453,195.7100067138672,53406400,193.17999267578125,0,AAPL,0.007412376639404972,0.01183956450522583,0.03347949390164118,193.03000183105468,191.58999938964843,0.12487336159923501,0.010167388069200874,0.0,0.0,0.0,0.0,0.0,0.0,0.0,0.0
2023-12-11,193.1100006103516,193.4900054931641,191.4199981689453,193.17999267578125,60943700,194.7100067138672,1,AAPL,-0.012927361664163084,0.004471637473020262,0.017004452642445544,193.78000183105468,191.9289993286133,0.14113102549507173,0.012204360128327261,0.0,0.0,0.0,0.0,0.0,0.0,0.0,0.0
2023-12-12,193.0800018310547,194.72000122070312,191.72000122070312,194.7100067138672,52696900,197.9600067138672,1,AAPL,0.007920147510585007,0.0022649015891778035,0.01814474545613387,194.03800354003906,192.36000061035156,-0.13531833479096278,0.012278129745529581,0.0,0.0,0.0,0.0,0.0,0.0,0.0,0.0
2023-12-13,195.08999633789065,198.0,194.8500061035156,197.9600067138672,70404200,198.1100006103516,1,AAPL,0.016691489332522957,0.01149660172098188,0.0450299021691114,195.16600341796874,193.21900177001953,0.33602166351341345,0.011957438312910334,0.0,0.0,0.0,0.0,0.0,0.0,0.0,0.0
2023-12-14,198.0200042724609,199.6199951171875,196.16000366210935,198.1100006103516,66831600,197.57000732421875,0,AAPL,0.000757697976345284,0.02552028223152747,0.02424776386002092,195.9340026855469,194.03500213623047,-0.05074413174214043,0.010121887886681537,0.0,0.0,0.0,0.0,0.0,0.0,0.0,0.0
2023-12-15,197.52999877929688,198.3999938964844,197.0,197.57000732421875,128538400,195.88999938964844,0,AAPL,-0.002725724519050954,0.014688513747290077,0.027298251872200696,196.30600280761718,194.66800231933593,0.92331771198056,0.00972954362950562,0.0,0.0,0.0,0.0,0.0,0.0,0.0,0.0
2023-12-18,196.08999633789065,196.6300048828125,194.38999938964844,195.88999938964844,55751900,196.94000244140625,1,AAPL,-0.008503355126233125,-0.01045669455452558,0.008338884447212536,196.84800415039064,195.31400299072266,-0.5662626888151712,0.010271947159367,0.0,0.0,0.0,0.0,0.0,0.0,0.0,0.0
2023-12-19,196.16000366210935,196.9499969482422,195.88999938964844,196.94000244140625,40714100,194.8300018310547,0,AAPL,0.005360166700849378,-0.005905800642777903,0.006284787110233614,197.29400329589845,195.66600341796874,-0.26972713037582574,0.01009390235148245,0.0,0.0,0.0,0.0,0.0,0.0,0.0,0.0
2023-12-20,196.8999938964844,197.67999267578125,194.8300018310547,194.8300018310547,52242800,194.67999267578125,0,AAPL,-0.010713925988598105,-0.013868529592488299,0.008541304575172548,196.66800231933593,195.91700286865233,0.28316234424928965,0.009610202466325247,0.0,0.0,0.0,0.0,0.0,0.0,0.0,0.0
2023-12-21,196.1000061035156,197.0800018310547,193.5,194.67999267578125,46482500,193.6000061035156,0,AAPL,-0.0007699489496669765,-0.0061769703284358934,-0.00015414738354990742,195.98200073242188,195.95800170898437,-0.11026016982244446,0.009156305986431112,0.0,0.0,0.0,0.0,0.0,0.0,0.0,0.0
2023-12-22,195.17999267578125,195.41000366210935,192.97000122070312,193.6000061035156,37149600,193.0500030517578,0,AAPL,-0.005547496470601709,-0.016959461239391294,-0.02202465378097085,195.18800048828126,195.74700164794922,-0.20078309041036946,0.0055551154447396394,0.0,0.0,0.0,0.0,0.0,0.0,0.0,0.0
2023-12-26,193.6100006103516,193.88999938964844,192.8300018310547,193.0500030517578,28919300,193.1499938964844,1,AAPL,-0.0028409247645565516,-0.009136163643012174,-0.025541353505651232,194.62000122070313,195.73400268554687,-0.22154478110127696,0.005292070517152068,0.0,0.0,0.0,0.0,0.0,0.0,0.0,0.0
2023-12-27,192.4900054931641,193.5,191.08999633789065,193.1499938964844,48087700,193.5800018310547,1,AAPL,0.0005179530854488856,-0.007859044775314405,-0.022371884718721313,193.86199951171875,195.5780014038086,0.6628237889575475,0.005526116061435163,0.0,0.0,0.0,0.0,0.0,0.0,0.0,0.0
2023-12-28,194.13999938964844,194.66000366210935,193.1699981689453,193.5800018310547,34049900,192.52999877929688,0,AAPL,0.002226290179438095,-0.0001033278503628221,-0.01179232000506003,193.61199951171875,195.14000091552734,-0.2919208030327922,0.0052977876823525555,0.0,0.0,0.0,0.0,0.0,0.0,0.0,0.0
2023-12-29,193.8999938964844,194.3999938964844,191.72999572753903,192.52999877929688,42672100,185.63999938964844,0,AAPL,-0.005424129774904141,-0.002693624782391324,-0.022392625202802274,193.18200073242187,194.58200073242188,0.25322247642430673,0.004401044413476743,0.0,0.0,0.0,0.0,0.0,0.0,0.0,0.0
2024-01-02,187.1499938964844,188.44000244140625,183.88999938964844,185.63999938964844,82488700,184.25,0,AAPL,-0.03578662771169838,-0.03888167095081985,-0.04716933919333066,191.58999938964843,193.38899993896484,0.933082740244797,0.013106921999182328,0.0,0.0,0.0,0.0,0.0,0.0,0.0,0.0
2024-01-03,184.22000122070312,185.8800048828125,183.42999267578125,184.25,58414500,181.91000366210935,0,AAPL,-0.007487607165581278,-0.04819713680547111,-0.053575061989812656,189.8299987792969,192.225,-0.29184845924350855,0.012834622755990838,0.0,0.0,0.0,0.0,0.0,0.0,0.0,0.0
2024-01-04,182.1499938964844,183.08999633789065,180.8800048828125,181.91000366210935,71983600,181.17999267578125,0,AAPL,-0.012700115809447188,-0.05516020975703406,-0.060382242111892026,187.58200073242188,190.7220001220703,0.23228992801444837,0.012913301834710426,0.0,0.0,0.0,0.0,0.0,0.0,0.0,0.0
2024-01-05,181.9900054931641,182.75999450683597,180.1699981689453,181.17999267578125,62379700,185.55999755859372,1,AAPL,-0.004013033761925855,-0.024025030858278895,-0.06148671426228436,185.10199890136718,189.35699920654298,-0.1334178896304158,0.012830715100841807,0.0,0.0,0.0,0.0,0.0,0.0,0.0,0.0
2024-01-08,182.08999633789065,185.6000061035156,181.5,185.55999755859372,59144500,185.13999938964844,0,AAPL,0.024174881663950654,0.007109891769843779,-0.039295866309777994,183.70799865722654,188.44499969482422,-0.05186302595235304,0.01786778221456361,0.0,0.0,0.0,0.0,0.0,0.0,0.0,0.0
2024-01-09,183.9199981689453,185.1499938964844,182.72999572753903,185.13999938964844,42841800,186.19000244140625,1,AAPL,-0.002263409002323691,0.017756009359104263,-0.0435995576070517,183.60799865722655,187.5989990234375,-0.2756418601898739,0.017620024252987643,0.0,0.0,0.0,0.0,0.0,0.0,0.0,0.0
2024-01-10,184.3500061035156,186.3999938964844,183.9199981689453,186.19000244140625,46792900,185.58999633789065,0,AAPL,0.005671400319862574,0.02765211374409504,-0.03292991418526081,183.9959991455078,186.91299896240236,0.09222535000863652,0.018192716447643278,0.0,0.0,0.0,0.0,0.0,0.0,0.0,0.0
2024-01-11,186.5399932861328,187.0500030517578,183.6199951171875,185.58999633789065,49128400,185.9199981689453,1,AAPL,-0.0032225473744457167,0.00016166619795021653,-0.00026935494463575793,184.73199768066405,186.15699920654296,0.04991141818523759,0.012010797379161879,0.0,0.0,0.0,0.0,0.0,0.0,0.0,0.0
2024-01-12,186.05999755859372,186.7400054931641,185.19000244140625,185.9199981689453,40477800,183.6300048828125,0,AAPL,0.0017781229460980263,0.004213021399310346,0.009063762110965046,185.67999877929688,185.39099884033203,-0.17608145186898005,0.011546758024744473,0.0,0.0,0.0,0.0,0.0,0.0,0.0,0.0
2024-01-16,182.16000366210935,184.25999450683597,180.92999267578125,183.6300048828125,65603000,182.67999267578125,0,AAPL,-0.012317089655153213,-0.013749382485772177,0.009455231631450012,185.29400024414062,184.5009994506836,0.620715552722727,0.011469750472607575,0.0,0.0,0.0,0.0,0.0,0.0,0.0,0.0
2024-01-17,181.2700042724609,182.92999267578125,180.3000030517578,182.67999267578125,47317400,188.6300048828125,1,AAPL,-0.005173512943255187,-0.015679744164719733,0.008279059833522728,184.8019989013672,184.2049987792969,-0.2787311555873969,0.011569007204882999,0.0,0.0,0.0,0.0,0.0,0.0,0.0,0.0
2024-01-18,186.08999633789065,189.13999938964844,185.8300018310547,188.6300048828125,78005800,191.55999755859372,1,AAPL,0.032570683411353496,0.014576198045164634,0.016544553592426903,185.28999938964844,184.64299926757812,0.6485647985730407,0.014426027963089361,0.0,0.0,0.0,0.0,0.0,0.0,0.0,0.0
2024-01-19,189.3300018310547,191.9499969482422,188.82000732421875,191.55999755859372,68903000,193.88999938964844,1,AAPL,0.015533014896551123,0.043184623781074905,0.03467645128070718,186.48399963378907,185.60799865722657,-0.11669388686482285,0.01501614047120537,0.0,0.0,0.0,0.0,0.0,0.0,0.0,0.0
2024-01-22,192.3000030517578,195.3300018310547,192.25999450683597,193.88999938964844,60133900,195.17999267578125,1,AAPL,0.012163300588589943,0.061364173217165696,0.04135558755720714,188.0779998779297,186.87899932861328,-0.12726731782360712,0.01526458266333676,0.0,0.0,0.0,0.0,0.0,0.0,0.0,0.0
2024-01-23,195.0200042724609,195.75,193.8300018310547,195.17999267578125,42355600,194.5,0,AAPL,0.006653222395139657,0.03472399736742826,0.05167302401596463,190.38799743652345,187.84099884033202,-0.29564521842089075,0.014727345245088196,0.0,0.0,0.0,0.0,0.0,0.0,0.0,0.0
2024-01-24,195.4199981689453,196.3800048828125,194.33999633789065,194.5,53631300,194.1699981689453,0,AAPL,-0.0034839261261312426,0.015347684688224117,0.04614889154236135,192.7519989013672,188.7769989013672,0.2662150931635958,0.015184292944381225,0.0,0.0,0.0,0.0,0.0,0.0,0.0,0.0
2024-01-25,195.22000122070312,196.2700042724609,193.1100006103516,194.1699981689453,54822100,192.4199981689453,0,AAPL,-0.0016966675118492702,0.001444111507443946,0.05739799055638617,193.85999755859376,189.5749984741211,0.02220345208861252,0.01341027751463652,0.0,0.0,0.0,0.0,0.0,0.0,0.0,0.0
2024-01-26,194.2700042724609,194.75999450683597,191.94000244140625,192.4199981689453,44594000,191.72999572753903,0,AAPL,-0.009012720896651283,-0.014140765500594288,0.05331730831876347,194.03199768066406,190.25799865722655,-0.18656892019824123,0.01410330825475124,0.0,0.0,0.0,0.0,0.0,0.0,0.0,0.0
2024-01-29,192.00999450683597,192.1999969482422,189.5800018310547,191.72999572753903,47145600,188.0399932861328,0,AAPL,-0.003585918553020928,-0.014241667210596276,0.01643424038849184,193.5999969482422,190.83899841308593,0.05721845988249541,0.00915937746083667,0.0,0.0,0.0,0.0,0.0,0.0,0.0,0.0
2024-01-30,190.94000244140625,191.8000030517578,187.47000122070312,188.0399932861328,55859400,184.3999938964844,0,AAPL,-0.01924582758897031,-0.03157029891651364,-0.0183754662629092,192.1719970703125,191.27999725341797,0.18482742822235787,0.010200923931550572,0.0,0.0,0.0,0.0,0.0,0.0,0.0,0.0
2024-01-31,187.0399932861328,187.1000061035156,184.3500061035156,184.3999938964844,55467800,186.8600006103516,1,AAPL,-0.01935758093816553,-0.041679681679548275,-0.048945306735973415,190.15199584960936,191.45199737548828,-0.007010458400913744,0.009532398113526939,0.0,0.0,0.0,0.0,0.0,0.0,0.0,0.0
2024-02-01,183.9900054931641,186.9499969482422,183.82000732421875,186.8600006103516,64885400,185.8500061035156,0,AAPL,0.013340600842146166,-0.025400277607620758,-0.04262727931981336,188.68999633789062,191.27499694824218,0.16978499237395384,0.011310277121317769,0.0,0.0,0.0,0.0,0.0,0.0,0.0,0.0
2024-02-02,179.86000061035156,187.3300018310547,179.25,185.8500061035156,102551700,187.67999267578125,1,AAPL,-0.0054050867148506265,-0.01164639045314575,-0.04447297633153935,187.3759979248047,190.70399780273436,0.5805050134544905,0.011258021293591838,0.0,0.0,0.0,0.0,0.0,0.0,0.0,0.0
2024-02-05,188.1499938964844,189.25,185.83999633789065,187.67999267578125,69668800,189.3000030517578,1,AAPL,0.009846577950857638,0.017787412623983645,-0.03342434750149803,186.5659973144531,190.08299713134767,-0.3206470492444299,0.012804890031363208,0.0,0.0,0.0,0.0,0.0,0.0,0.0,0.0
2024-02-06,186.8600006103516,189.30999755859372,186.7700042724609,189.3000030517578,43490800,189.41000366210935,1,AAPL,0.0086317691773099,0.01305791733616779,-0.016214505492553544,186.81799926757813,189.4949981689453,-0.37574925935282366,0.01354666977571092,0.0,0.0,0.0,0.0,0.0,0.0,0.0,0.0
2024-02-07,190.63999938964844,191.0500030517578,188.6100006103516,189.41000366210935,53439000,188.32000732421875,0,AAPL,0.0005810914346444651,0.019155218949042707,-0.012100308335303733,187.82000122070312,188.98599853515626,0.22874263062532774,0.013569903732755153,0.0,0.0,0.0,0.0,0.0,0.0,0.0,0.0
2024-02-08,189.38999938964844,189.5399932861328,187.3500061035156,188.32000732421875,40962000,188.8500061035156,1,AAPL,-0.005754692554861274,0.003410137859197082,0.0014891195920212486,188.11200256347655,188.4009994506836,-0.23348116544097008,0.011447800871117141,0.0,0.0,0.0,0.0,0.0,0.0,0.0,0.0
2024-02-09,188.6499938964844,189.9900054931641,188.0,188.8500061035156,45155200,187.1499938964844,0,AAPL,0.0028143519471321987,-0.0023771629212239187,0.02413238803863127,188.71200256347657,188.0440002441406,0.10236804843513503,0.007498480257482335,0.0,0.0,0.0,0.0,0.0,0.0,0.0,0.0
2024-02-12,188.4199981689453,188.6699981689453,186.7899932861328,187.1499938964844,41781900,185.0399932861328,0,AAPL,-0.009001917670573678,-0.011931839511795772,0.001551928102245581,188.6060028076172,187.58600006103515,-0.07470457444546807,0.007333348474586851,0.0,0.0,0.0,0.0,0.0,0.0,0.0,0.0
2024-02-13,185.7700042724609,186.2100067138672,183.50999450683597,185.0399932861328,56529500,184.1499938964844,0,AAPL,-0.01127438246948953,-0.01741723614336388,-0.004358422334038714,187.75400085449218,187.28600006103517,0.352966236576125,0.008351792068580643,0.0,0.0,0.0,0.0,0.0,0.0,0.0,0.0
2024-02-14,185.32000732421875,185.52999877929688,182.44000244140625,184.1499938964844,54630500,183.8600006103516,0,AAPL,-0.004809767736384307,-0.024887540667883012,-0.018808604630515702,186.70199890136718,187.26100006103516,-0.03359307971943848,0.007030860911523301,0.0,0.0,0.0,0.0,0.0,0.0,0.0,0.0
2024-02-15,183.5500030517578,184.4900054931641,181.3500061035156,183.8600006103516,65434500,182.30999755859372,0,AAPL,-0.0015747667431138535,-0.017579446398232612,-0.028737466210810525,185.80999755859375,186.96100006103515,0.1977649847612597,0.005079786494772931,0.0,0.0,0.0,0.0,0.0,0.0,0.0,0.0
2024-02-16,183.4199981689453,184.8500061035156,181.6699981689453,182.30999755859372,49752500,181.55999755859372,0,AAPL,-0.008430343993323208,-0.014753544242285033,-0.037484852786241474,184.5019958496094,186.60699920654298,-0.2396595068350793,0.004817324223201762,0.0,0.0,0.0,0.0,0.0,0.0,0.0,0.0
2024-02-20,181.7899932861328,182.42999267578125,180.0,181.55999755859372,53665600,182.32000732421875,1,AAPL,-0.004113872031395016,-0.014064601812295408,-0.035896397104460354,183.38399658203124,185.99499969482423,0.0786513240540676,0.004838937879304172,0.0,0.0,0.0,0.0,0.0,0.0,0.0,0.0
2024-02-21,181.94000244140625,182.88999938964844,180.66000366210935,182.32000732421875,41371400,184.3699951171875,1,AAPL,0.004185997884141646,-0.008375901669860797,-0.0345776995935998,182.83999938964843,185.2970001220703,-0.22908902537193288,0.005229509530096032,0.0,0.0,0.0,0.0,0.0,0.0,0.0,0.0
2024-02-22,183.47999572753903,184.9600067138672,182.4600067138672,184.3699951171875,52292200,182.5200042724609,0,AAPL,0.011243899246467626,0.011299421788054653,-0.014854388832278409,182.88399963378907,184.79299926757812,0.26396979555925104,0.00767560628197166,0.0,0.0,0.0,0.0,0.0,0.0,0.0,0.0
2024-02-23,185.00999450683597,185.0399932861328,182.22999572753903,182.5200042724609,45119700,181.16000366210935,0,AAPL,-0.010034121026855414,0.0052875453116116855,-0.013618618164210394,182.61600036621093,184.2129989624023,-0.137161947670972,0.007439497918239097,0.0,0.0,0.0,0.0,0.0,0.0,0.0,0.0
2024-02-26,182.2400054931641,182.75999450683597,180.6499938964844,181.16000366210935,40867400,182.6300048828125,1,AAPL,-0.007451241390074692,-0.006362459497089468,-0.016236711015346628,182.38600158691406,183.44399871826172,-0.09424486421673905,0.007673044940792656,0.0,0.0,0.0,0.0,0.0,0.0,0.0,0.0
2024-02-27,181.1000061035156,183.9199981689453,179.55999755859375,182.6300048828125,54318900,181.4199981689453,0,AAPL,0.008114380608232441,-0.009437491351393934,-0.006689849469465492,182.60000305175782,182.99199981689452,0.32914988474921336,0.00864081208297046,0.0,0.0,0.0,0.0,0.0,0.0,0.0,0.0
2024-02-28,182.50999450683597,183.1199951171875,180.1300048828125,181.4199981689453,48953900,180.75,0,AAPL,-0.006625454095802064,-0.006026770095148293,-0.00488179146271106,182.4200012207031,182.63000030517577,-0.09876856858294258,0.008403240701180587,0.0,0.0,0.0,0.0,0.0,0.0,0.0,0.0
2024-02-29,181.2700042724609,182.57000732421875,179.52999877929688,180.75,136682600,179.66000366210938,0,AAPL,-0.003693077806788292,-0.002263212926811753,-0.004461321708997712,181.6960021972656,182.29000091552732,1.7920676391462171,0.008375947929167129,0.0,0.0,0.0,0.0,0.0,0.0,0.0,0.0
2024-03-01,179.5500030517578,180.52999877929688,177.3800048828125,179.66000366210938,73563100,175.10000610351562,0,AAPL,-0.00603040850838521,-0.01626239468486501,-0.01458975183880451,181.1240020751953,181.8700012207031,-0.461796161325582,0.008290937375412342,0.0,0.0,0.0,0.0,0.0,0.0,0.0,0.0
2024-03-04,176.14999389648438,176.89999389648438,173.7899932861328,175.10000610351562,81510100,170.1199951171875,0,AAPL,-0.025381261636673647,-0.034836248094018085,-0.0502792713520428,179.91200256347656,181.14900207519528,0.10802970511030674,0.009892001869330239,0.0,0.0,0.0,0.0,0.0,0.0,0.0,0.0
2024-03-05,170.75999450683594,172.0399932861328,169.6199951171875,170.1199951171875,95132400,169.1199951171875,0,AAPL,-0.028440952671264008,-0.058810538770746934,-0.0679378088155368,177.41000061035157,180.0050018310547,0.16712407419448638,0.012768234059961518,0.0,0.0,0.0,0.0,0.0,0.0,0.0,0.0
2024-03-06,171.05999755859375,171.24000549316406,168.67999267578125,169.1199951171875,68587700,169.0,0,AAPL,-0.005878203789690617,-0.05866641617543722,-0.06646063315045125,174.95,178.68500061035155,-0.2790290164024034,0.012832804512661224,0.0,0.0,0.0,0.0,0.0,0.0,0.0,0.0
2024-03-07,169.14999389648438,170.72999572753906,168.49000549316406,169.0,71765100,170.72999572753906,1,AAPL,-0.0007095264939214196,-0.034837269508199875,-0.07463179389147157,172.6,177.14800109863282,0.04632609053809933,0.011108183589409132,0.0,0.0,0.0,0.0,0.0,0.0,0.0,0.0
2024-03-08,169.0,173.6999969482422,168.94000244140625,170.72999572753906,76267000,172.75,1,AAPL,0.010236661109698675,0.0035857078994820935,-0.05892405770752629,170.81399841308593,175.96900024414063,0.06273104893604264,0.013726065495254404,0.0,0.0,0.0,0.0,0.0,0.0,0.0,0.0
2024-03-11,172.94000244140625,174.3800048828125,172.0500030517578,172.75,60139500,173.22999572753906,1,AAPL,0.01183157220764297,0.021464078687426502,-0.04426002766251724,170.3439971923828,175.12799987792968,-0.21146105130659398,0.015748147030683633,0.0,0.0,0.0,0.0,0.0,0.0,0.0,0.0
2024-03-12,173.14999389648438,174.02999877929688,171.00999450683594,173.22999572753906,59825400,171.1300048828125,0,AAPL,0.002778557033511264,0.025029560517982663,-0.03578986866026879,170.96599731445312,174.18799896240233,-0.005222856857805547,0.01612436976038779,0.0,0.0,0.0,0.0,0.0,0.0,0.0,0.0
2024-03-13,172.77000427246094,173.19000244140625,170.75999450683594,171.1300048828125,52488700,173.0,1,AAPL,-0.012122559005482425,0.002342934254574658,-0.022672764604908968,171.3679992675781,173.15899963378905,-0.12263520177048548,0.013978118910060656,0.0,0.0,0.0,0.0,0.0,0.0,0.0,0.0
2024-03-14,172.91000366210938,174.30999755859375,172.0500030517578,173.0,72913500,172.6199951171875,0,AAPL,0.010927336316434166,0.0014471780028944004,0.016929255616475958,172.16799926757812,172.38399963378907,0.3891275645996186,0.009240483126766572,0.0,0.0,0.0,0.0,0.0,0.0,0.0,0.0
2024-03-15,171.1699981689453,172.6199951171875,170.2899932861328,172.6199951171875,121752700,173.72000122070312,1,AAPL,-0.002196560016257232,-0.003521333633875856,0.020695364835924712,172.5459991455078,171.67999877929688,0.6698238323492907,0.008781656916163595,0.0,0.0,0.0,0.0,0.0,0.0,0.0,0.0
2024-03-18,175.57000732421875,177.7100067138672,173.52000427246094,173.72000122070312,75604200,176.0800018310547,1,AAPL,0.006372414173507979,0.015134671092098761,0.027929001305935675,172.73999938964843,171.54199829101563,-0.3790347154518955,0.008695475217857126,0.0,0.0,0.0,0.0,0.0,0.0,0.0,0.0
2024-03-19,174.33999633789062,176.61000061035156,173.02999877929688,176.0800018310547,55215200,178.6699981689453,1,AAPL,0.013585082856137465,0.01780347879222366,0.0313360641796856,173.31000061035155,172.13799896240235,-0.26968078492993774,0.009176137597714577,0.0,0.0,0.0,0.0,0.0,0.0,0.0,0.0
2024-03-20,175.72000122070312,178.6699981689453,175.08999633789062,178.6699981689453,53423100,171.3699951171875,0,AAPL,0.014709202129471022,0.03504810116377666,0.03426916450909001,174.81799926757813,173.09299926757814,-0.03245664237383905,0.00961568522809921,0.0,0.0,0.0,0.0,0.0,0.0,0.0,0.0
2024-03-21,177.0500030517578,177.49000549316406,170.83999633789062,171.3699951171875,106181300,172.27999877929688,1,AAPL,-0.04085746418856029,-0.013527550581409753,-0.010737174024278207,174.49199829101562,173.3299987792969,0.9875540730507963,0.019870100019895472,0.0,0.0,0.0,0.0,0.0,0.0,0.0,0.0
2024-03-22,171.75999450683594,173.0500030517578,170.05999755859375,172.27999877929688,71160100,170.85000610351562,0,AAPL,0.005310169154682409,-0.021581116607460316,0.006720001540769349,174.4239990234375,173.48499908447266,-0.32982455479448824,0.01938419019967047,0.0,0.0,0.0,0.0,0.0,0.0,0.0,0.0
2024-03-25,170.57000732421875,171.94000244140625,169.4499969482422,170.85000610351562,54288300,169.7100067138672,0,AAPL,-0.0083003986876804,-0.04376779619169935,-0.012427710384302793,173.85,173.2949996948242,-0.23709635034239696,0.01912364094617684,0.0,0.0,0.0,0.0,0.0,0.0,0.0,0.0
2024-03-26,170.0,171.4199981689453,169.5800018310547,169.7100067138672,57388400,173.30999755859375,1,AAPL,-0.006672515943357493,-0.009686575541915432,-0.01685777132217381,172.5760009765625,172.94300079345703,0.05710438529112172,0.01922050685138105,0.0,0.0,0.0,0.0,0.0,0.0,0.0,0.0
2024-03-27,170.41000366210938,173.60000610351562,170.11000061035156,173.30999755859375,60273300,171.47999572753906,0,AAPL,0.021212602099510702,0.005978632380978732,-0.002360140796847432,171.50400085449218,173.16100006103517,0.05026974092325287,0.021062178844773963,0.0,0.0,0.0,0.0,0.0,0.0,0.0,0.0
2024-03-28,171.75,172.22999572753906,170.50999450683594,171.47999572753906,65672700,170.02999877929688,0,AAPL,-0.010559124440792766,0.003687384264076332,-0.026124523260337318,171.5260009765625,173.00899963378907,0.08958195419862536,0.020405739041783114,0.0,0.0,0.0,0.0,0.0,0.0,0.0,0.0
2024-04-01,171.19000244140625,171.25,169.47999572753906,170.02999877929688,46240500,168.83999633789062,0,AAPL,-0.008455779008450959,0.0018855226726210983,-0.04835730384615944,171.0760009765625,172.75,-0.2958946411522596,0.01875428144359449,0.0,0.0,0.0,0.0,0.0,0.0,0.0,0.0
2024-04-02,169.0800018310547,169.33999633789062,168.22999572753906,168.83999633789062,49329500,169.64999389648438,1,AAPL,-0.006998779332762939,-0.0257919409363091,-0.014763370784756091,170.6739990234375,172.26199951171876,0.06680291086817824,0.011501330743673106,0.0,0.0,0.0,0.0,0.0,0.0,0.0,0.0
2024-04-03,168.7899932861328,170.67999267578125,168.5800018310547,169.64999389648438,47691700,168.82000732421875,0,AAPL,0.004797427008780275,-0.010671809404301236,-0.01526587474719987,170.66199645996093,171.6189987182617,-0.03320122847383411,0.011448031758366953,0.0,0.0,0.0,0.0,0.0,0.0,0.0,0.0
2024-04-04,170.2899932861328,171.9199981689453,168.82000732421875,168.82000732421875,53704400,169.5800018310547,1,AAPL,-0.00489234660846527,-0.0071163410207908395,-0.011881760063075064,169.76399841308594,170.63399963378907,0.12607434836669684,0.01121239556109039,0.0,0.0,0.0,0.0,0.0,0.0,0.0,0.0
2024-04-05,169.58999633789062,170.38999938964844,168.9499969482422,169.5800018310547,42104800,168.4499969482422,0,AAPL,0.004501803541427263,0.004382880296225133,-0.0007660413509480435,169.38399963378907,170.4550003051758,-0.2159897513052934,0.011173980976804943,0.0,0.0,0.0,0.0,0.0,0.0,0.0,0.0
2024-04-08,169.02999877929688,169.1999969482422,168.24000549316406,168.4499969482422,37425500,169.6699981689453,1,AAPL,-0.0066635503633162285,-0.0070733686496586845,-0.02804224037166958,169.06799926757813,170.0720001220703,-0.1111345974805723,0.006183640846166666,0.0,0.0,0.0,0.0,0.0,0.0,0.0,0.0
2024-04-09,168.6999969482422,170.0800018310547,168.35000610351562,169.6699981689453,42373800,167.77999877929688,0,AAPL,0.007242512572309456,0.005034894016407332,-0.010555152809016977,169.23399963378907,169.9539993286133,0.13221733844571215,0.006694529141301193,0.0,0.0,0.0,0.0,0.0,0.0,0.0,0.0
2024-04-10,168.8000030517578,169.08999633789062,167.11000061035156,167.77999877929688,49709300,175.0399932861328,1,AAPL,-0.01113926687125033,-0.010614477133636724,-0.013232958984611631,168.86000061035156,169.76099853515626,0.17311404688746346,0.007216049078940631,0.0,0.0,0.0,0.0,0.0,0.0,0.0,0.0
2024-04-11,168.33999633789062,175.4600067138672,168.16000366210938,175.0399932861328,91070300,176.5500030517578,1,AAPL,0.04327091762818491,0.039121379977913984,0.03672113884576533,170.10399780273437,169.93399810791016,0.8320575827863197,0.01809103625201498,0.0,0.0,0.0,0.0,0.0,0.0,0.0,0.0
2024-04-12,174.25999450683594,178.36000061035156,174.2100067138672,176.5500030517578,101670900,172.69000244140625,0,AAPL,0.00862665575607413,0.04054933080132339,0.04067202713537155,171.497998046875,170.44099884033204,0.1164001875474221,0.018131067990793677,0.0,0.0,0.0,0.0,0.0,0.0,0.0,0.0
2024-04-15,175.36000061035156,176.6300048828125,172.5,172.69000244140625,73531800,169.3800048828125,0,AAPL,-0.021863497839872292,0.02926453509257776,0.02292379427371527,172.34599914550782,170.70699920654297,-0.2767665084109613,0.020752076696175226,0.0,0.0,0.0,0.0,0.0,0.0,0.0,0.0
2024-04-16,171.75,173.75999450683594,168.27000427246094,169.3800048828125,73711200,168.0,0,AAPL,-0.019167279586534414,-0.03233540116782396,-0.0011793663526518117,172.28800048828126,170.76100006103516,0.002439760756570708,0.022409504624659182,0.0,0.0,0.0,0.0,0.0,0.0,0.0,0.0
2024-04-17,169.61000061035156,170.64999389648438,168.0,168.0,50901200,167.0399932861328,0,AAPL,-0.008147389556206863,-0.0484282237551209,-0.0026713977820994605,172.33200073242188,170.59600067138672,-0.3094509382563301,0.022490397345971195,0.0,0.0,0.0,0.0,0.0,0.0,0.0,0.0
2024-04-18,168.02999877929688,168.63999938964844,166.5500030517578,167.0399932861328,43122900,165.0,0,AAPL,-0.0057143256777808515,-0.03271763897965363,-0.015500706731862657,170.73200073242188,170.41799926757812,-0.152811721531123,0.02231130532024291,0.0,0.0,0.0,0.0,0.0,0.0,0.0,0.0
2024-04-19,166.2100067138672,166.39999389648438,164.0800018310547,165.0,68149400,165.83999633789062,1,AAPL,-0.012212603975853775,-0.025859043314131802,-0.01656930980762361,168.4220001220703,169.95999908447266,0.5803528983440354,0.022387985699495412,0.0,0.0,0.0,0.0,0.0,0.0,0.0,0.0
2024-04-22,165.52000427246094,167.25999450683594,164.77000427246094,165.83999633789062,48116400,166.89999389648438,1,AAPL,0.005090886896306879,-0.012857164655412978,-0.052559399572206456,167.0519989013672,169.6989990234375,-0.29395710013587795,0.011450900896887594,0.0,0.0,0.0,0.0,0.0,0.0,0.0,0.0
2024-04-23,165.35000610351562,167.0500030517578,164.9199981689453,166.89999389648438,49537800,169.02000427246094,1,AAPL,0.006391688265803275,-0.0008381189851260906,-0.054658787813469556,166.55599670410157,169.4219985961914,0.02954086340623996,0.010942032290805764,0.0,0.0,0.0,0.0,0.0,0.0,0.0,0.0
2024-04-24,166.5399932861328,169.3000030517578,166.2100067138672,169.02000427246094,48251800,169.88999938964844,1,AAPL,0.012702279529689164,0.024363662257339103,-0.021251943465520173,166.75999755859374,169.5459991455078,-0.025959973999652775,0.011404265036000725,0.0,0.0,0.0,0.0,0.0,0.0,0.0,0.0
2024-04-25,169.52999877929688,170.61000061035156,168.14999389648438,169.88999938964844,50558300,169.3000030517578,0,AAPL,0.005147290824730311,0.024421147739934534,0.0030109487078406882,167.3299987792969,169.03099975585937,0.04780132554640448,0.009140370909322473,0.0,0.0,0.0,0.0,0.0,0.0,0.0,0.0
2024-04-26,169.8800048828125,171.33999633789062,169.17999267578125,169.3000030517578,44838400,173.5,1,AAPL,-0.003472813820767917,0.014379923565257746,0.0077381134033203125,168.18999938964845,168.30599975585938,-0.11313473752084224,0.008558484734569409,0.0,0.0,0.0,0.0,0.0,0.0,0.0,0.0
2024-04-29,173.3699951171875,176.02999877929688,173.10000610351562,173.5,68169400,170.3300018310547,0,AAPL,0.024808014604454476,0.026505713017953125,0.03867341339508701,169.7220001220703,168.38699951171876,0.5203352483585497,0.011690498838133064,0.0,0.0,0.0,0.0,0.0,0.0,0.0,0.0
2024-04-30,173.3300018310547,174.99000549316406,170.0,170.3300018310547,65934800,169.3000030517578,0,AAPL,-0.01827088281812861,0.0025899254987757914,0.032303041400331356,170.4080017089844,168.48199920654298,-0.03278010368288409,0.013329188033187164,0.0,0.0,0.0,0.0,0.0,0.0,0.0,0.0
2024-05-01,169.5800018310547,172.7100067138672,169.11000061035156,169.3000030517578,50383100,173.02999877929688,1,AAPL,-0.006047077838456816,0.0,0.020863523819776297,170.46400146484376,168.61199951171875,-0.23586482403829234,0.013916572748174977,0.0,0.0,0.0,0.0,0.0,0.0,0.0,0.0
2024-05-02,172.50999450683594,173.4199981689453,170.88999938964844,173.02999877929688,94214900,183.3800048828125,1,AAPL,0.02203187040935095,-0.0027089407533321674,0.03672861058709498,171.09200134277344,169.21100006103515,0.8699702876559798,0.015687757159914262,0.0,0.0,0.0,0.0,0.0,0.0,0.0,0.0
2024-05-03,186.6499938964844,187.0,182.66000366210935,183.3800048828125,163224100,181.7100067138672,0,AAPL,0.05981625253732603,0.07661599783637496,0.08496036118424888,173.9080017089844,171.04900054931642,0.732465883846398,0.026075111382075914,0.0,0.0,0.0,0.0,0.0,0.0,0.0,0.0
2024-05-06,182.3500061035156,184.1999969482422,180.4199981689453,181.7100067138672,78569700,182.3999938964844,1,AAPL,-0.009106762593950823,0.07330185137867629,0.06957447387535254,175.5500030517578,172.63600158691406,-0.5186390980253528,0.027230590964507764,0.0,0.0,0.0,0.0,0.0,0.0,0.0,0.0
2024-05-07,183.4499969482422,184.8999938964844,181.32000732421875,182.3999938964844,77305800,182.7400054931641,1,AAPL,0.0037971886914500708,0.05415243127371894,0.0773773810312437,177.96400146484376,174.18600158691407,-0.016086353899785744,0.026767329786815234,0.0,0.0,0.0,0.0,0.0,0.0,0.0,0.0
2024-05-08,182.8500061035156,183.07000732421875,181.4499969482422,182.7400054931641,45057100,184.57000732421875,1,AAPL,0.0018640987283840005,-0.0034900173007269553,0.05325651581074409,180.652001953125,175.55800170898436,-0.417157574205299,0.02619391553810545,0.0,0.0,0.0,0.0,0.0,0.0,0.0,0.0
2024-05-09,182.55999755859372,184.66000366210935,182.1100006103516,184.57000732421875,48983000,183.0500030517578,0,AAPL,0.010014237583697128,0.01573936769951878,0.08360245018542489,182.9600036621094,177.0260025024414,0.08713166182466248,0.02356484348156465,0.0,0.0,0.0,0.0,0.0,0.0,0.0,0.0
2024-05-10,184.8999938964844,185.08999633789065,182.1300048828125,183.0500030517578,50759500,186.27999877929688,1,AAPL,-0.008235380680192916,0.003563646803860676,0.08121677349170753,182.89400329589844,178.4010025024414,0.036267684706939196,0.0238533064192028,0.0,0.0,0.0,0.0,0.0,0.0,0.0,0.0
2024-05-13,185.44000244140625,187.1000061035156,184.6199951171875,186.27999877929688,72044800,187.42999267578125,1,AAPL,0.017645428427694565,0.019371747727484845,0.07657631678597321,183.80800170898436,179.6790023803711,0.4193362818782691,0.023585233736638067,0.0,0.0,0.0,0.0,0.0,0.0,0.0,0.0
2024-05-14,187.50999450683597,188.3000030517578,186.2899932861328,187.42999267578125,52393600,189.72000122070312,1,AAPL,0.006173469529849429,0.015495395991064864,0.022085220226473856,184.81400146484376,181.38900146484374,-0.27276361375144353,0.009559485640434986,0.0,0.0,0.0,0.0,0.0,0.0,0.0,0.0
2024-05-15,187.91000366210935,190.6499938964844,187.3699951171875,189.72000122070312,70400000,189.83999633789065,1,AAPL,0.012217940748059153,0.03643812104750066,0.044081196471744244,186.21000061035156,183.43100128173828,0.3436755634275943,0.008313798427197993,0.0,0.0,0.0,0.0,0.0,0.0,0.0,0.0
2024-05-16,190.47000122070312,191.1000061035156,189.66000366210935,189.83999633789065,52845200,189.8699951171875,1,AAPL,0.000632485327932919,0.01911100269445254,0.04078948843402164,187.26399841308594,185.11200103759768,-0.2493579545454545,0.008549639635535544,0.0,0.0,0.0,0.0,0.0,0.0,0.0,0.0
2024-05-17,189.50999450683597,190.80999755859372,189.17999267578125,189.8699951171875,41282900,191.0399932861328,1,AAPL,0.00015802138577503122,0.01301820699330114,0.03901712492993292,188.62799682617188,185.7610000610352,-0.21879565220682295,0.008702131611542466,0.0,0.0,0.0,0.0,0.0,0.0,0.0,0.0
2024-05-20,189.3300018310547,191.9199981689453,189.00999450683597,191.0399932861328,44361300,192.3500061035156,1,AAPL,0.006162101432736655,0.0069575798910845865,0.035054373436464115,189.57999572753906,186.69399871826175,0.07456840483590055,0.008489401645662989,0.0,0.0,0.0,0.0,0.0,0.0,0.0,0.0
2024-05-21,191.08999633789065,192.72999572753903,190.9199981689453,192.3500061035156,42309400,190.8999938964844,0,AAPL,0.006857270013722605,0.01322171204195266,0.05080580659224676,190.56399841308593,187.68899993896486,-0.04625428019467415,0.006180792108069664,0.0,0.0,0.0,0.0,0.0,0.0,0.0,0.0
2024-05-22,192.2700042724609,192.82000732421875,190.2700042724609,190.8999938964844,34648500,186.8800048828125,0,AAPL,-0.007538404788252739,0.005424758022778642,0.024801348225588438,190.79999694824218,188.5049987792969,-0.18106850959833987,0.006360582098151388,0.0,0.0,0.0,0.0,0.0,0.0,0.0,0.0
2024-05-23,190.97999572753903,191.0,186.6300048828125,186.8800048828125,51005900,189.97999572753903,1,AAPL,-0.02105808874908477,-0.021775484450994642,-0.002934363839623755,190.20799865722657,188.73599853515626,0.4720954731085041,0.011060626828250856,0.0,0.0,0.0,0.0,0.0,0.0,0.0,0.0
2024-05-24,188.82000732421875,190.5800018310547,188.0399932861328,189.97999572753903,36327000,189.9900054931641,1,AAPL,0.01658813550797178,-0.01232134286858877,0.001370411686501427,190.22999877929686,189.4289978027344,-0.28778827547401375,0.011974917560252417,0.0,0.0,0.0,0.0,0.0,0.0,0.0,0.0
2024-05-28,191.50999450683597,193.0,189.1000061035156,189.9900054931641,52280100,190.2899932861328,1,AAPL,5.268852431927762e-05,-0.0047668330666043035,0.0007901873059796838,190.02000122070314,189.79999847412108,0.4391526963415642,0.011973895574650489,0.0,0.0,0.0,0.0,0.0,0.0,0.0,0.0
2024-05-29,189.6100006103516,192.25,189.50999450683597,190.2899932861328,53068000,191.2899932861328,1,AAPL,0.0015789661787208864,0.018246940893749564,0.0022120302298742622,189.60799865722657,190.08599853515625,0.015070743935072795,0.011985607854454471,0.0,0.0,0.0,0.0,0.0,0.0,0.0,0.0
2024-05-30,190.75999450683597,192.17999267578125,190.6300048828125,191.2899932861328,49889100,192.25,1,AAPL,0.005255137081729533,0.0068954499844948725,0.001308626511651756,189.68599853515624,190.2429977416992,-0.05990238938720127,0.011917361530750797,0.0,0.0,0.0,0.0,0.0,0.0,0.0,0.0
2024-05-31,191.44000244140625,192.57000732421875,189.91000366210935,192.25,75158300,194.02999877929688,1,AAPL,0.005018593484036549,0.011895333656997131,-0.000519917339965037,190.75999755859374,190.48399810791017,0.5065074334874753,0.011766718814497772,0.0,0.0,0.0,0.0,0.0,0.0,0.0,0.0
2024-06-03,192.8999938964844,194.9900054931641,192.5200042724609,194.02999877929688,50080500,194.3500061035156,1,AAPL,0.009258771283728873,0.01965424155299811,0.016396044960115264,191.56999816894532,190.8999984741211,-0.3336664081013009,0.011689162136878076,0.0,0.0,0.0,0.0,0.0,0.0,0.0,0.0
2024-06-04,194.63999938964844,195.32000732421875,193.02999877929688,194.3500061035156,47471400,195.8699951171875,1,AAPL,0.0016492672588361845,0.01599672186095802,0.039972180145154246,192.44199829101564,191.2309997558594,-0.05209812202354214,0.005731878055701066,0.0,0.0,0.0,0.0,0.0,0.0,0.0,0.0
2024-06-05,195.3999938964844,196.8999938964844,194.8699951171875,195.8699951171875,54156800,194.47999572753903,0,AAPL,0.007820884826020169,0.01882962349642403,0.031003260985938974,193.55799865722656,191.58299865722657,0.14083005767683288,0.00343617971642505,0.0,0.0,0.0,0.0,0.0,0.0,0.0,0.0
2024-06-06,195.69000244140625,196.5,194.1699981689453,194.47999572753903,41181800,196.88999938964844,1,AAPL,-0.007096540686677644,0.00231921327152107,0.02363277069612213,194.1959991455078,191.940998840332,-0.23958210233987232,0.005423332768423627,0.0,0.0,0.0,0.0,0.0,0.0,0.0,0.0
2024-06-07,194.6499938964844,196.94000244140625,194.13999938964844,196.88999938964844,53103900,193.1199951171875,0,AAPL,0.01239203884745943,0.013069170086776216,0.03468393681422555,195.1239990234375,192.9419982910156,0.2894992448120286,0.0063019248307907985,0.0,0.0,0.0,0.0,0.0,0.0,0.0,0.0
2024-06-10,196.8999938964844,197.3000030517578,192.1499938964844,193.1199951171875,97010200,207.1499938964844,1,AAPL,-0.019147769232301326,-0.014039924789678415,0.009566636495811576,194.94199829101564,193.25599822998046,0.826799914883841,0.011040607223116691,0.0,0.0,0.0,0.0,0.0,0.0,0.0,0.0
2024-06-11,193.6499938964844,207.16000366210935,193.6300048828125,207.1499938964844,172373300,213.07000732421875,1,AAPL,0.07264912559045644,0.06514807922299459,0.07750321922748715,197.5019958496094,194.9719970703125,0.7768574850891967,0.029267332740583785,0.0,0.0,0.0,0.0,0.0,0.0,0.0,0.0
2024-06-12,207.3699951171875,220.1999969482422,206.8999938964844,213.07000732421875,198134300,214.2400054931641,1,AAPL,0.02857839054869893,0.08217790636765576,0.09812919994180547,200.94199829101564,197.2499984741211,0.14944889956855256,0.029969999433380357,0.0,0.0,0.0,0.0,0.0,0.0,0.0,0.0
2024-06-13,214.7400054931641,216.75,211.6000061035156,214.2400054931641,97862700,212.4900054931641,0,AAPL,0.005491144359726752,0.10936211117425065,0.10234113076927098,204.8940002441406,199.5449996948242,-0.5060789575555571,0.029743974265231815,0.0,0.0,0.0,0.0,0.0,0.0,0.0,0.0
2024-06-14,213.8500061035156,215.1699981689453,211.3000030517578,212.4900054931641,70122700,216.6699981689453,1,AAPL,-0.008168409051202308,0.02577847817532719,0.08485225297541343,208.01400146484374,201.56900024414062,-0.2834583554306186,0.03092257774297315,0.0,0.0,0.0,0.0,0.0,0.0,0.0,0.0
2024-06-17,213.3699951171875,218.9499969482422,212.72000122070312,216.6699981689453,93728300,214.2899932861328,0,AAPL,0.019671478976528656,0.016895812272858413,0.1140991512180709,212.7240020751953,203.83300018310547,0.3366327879559685,0.029787328035280003,0.0,0.0,0.0,0.0,0.0,0.0,0.0,0.0
2024-06-18,217.58999633789065,218.6300048828125,213.0,214.2899932861328,79943300,209.67999267578125,0,AAPL,-0.010984469021671939,0.00023332613744875275,0.08837418838144995,214.152001953125,205.82699890136718,-0.14707404273842584,0.03150984288637967,0.0,0.0,0.0,0.0,0.0,0.0,0.0,0.0
2024-06-20,213.92999267578125,214.2400054931641,208.8500061035156,209.67999267578125,86172500,207.4900054931641,0,AAPL,-0.021512906597537684,-0.013224211702856925,0.08574978240106601,213.4739990234375,207.20799865722657,0.07792022596014925,0.03191686319337913,0.0,0.0,0.0,0.0,0.0,0.0,0.0,0.0
2024-06-21,210.38999938964844,211.88999938964844,207.1100006103516,207.4900054931641,241805100,208.13999938964844,1,AAPL,-0.010444426073609403,-0.042368545499424703,0.0016413787434124139,212.1239990234375,208.50899963378907,1.8060587774522032,0.018221452915396313,0.0,0.0,0.0,0.0,0.0,0.0,0.0,0.0
2024-06-24,207.72000122070312,212.6999969482422,206.58999633789065,208.13999938964844,80727000,209.07000732421875,1,AAPL,0.00313265159417897,-0.02869939842815028,-0.02313797233351833,211.25399780273438,209.63399963378907,-0.6661484807392399,0.013612774176870906,0.0,0.0,0.0,0.0,0.0,0.0,0.0,0.0
2024-06-25,209.1499938964844,211.3800048828125,208.6100006103516,209.07000732421875,55549700,213.25,1,AAPL,0.004468184574312861,-0.002909125204452301,-0.024131805621664393,209.73399963378907,211.2290008544922,-0.31188202212394867,0.013508269206273784,0.0,0.0,0.0,0.0,0.0,0.0,0.0,0.0
2024-06-26,211.5,214.8600006103516,210.63999938964844,213.25,66213200,214.1000061035156,1,AAPL,0.01999326794540668,0.02776034678463435,0.0035766129567931237,209.5260009765625,211.83900146484376,0.19196323292475026,0.01584484693899152,0.0,0.0,0.0,0.0,0.0,0.0,0.0,0.0
2024-06-27,214.69000244140625,215.7400054931641,212.3500061035156,214.1000061035156,49772700,210.6199951171875,0,AAPL,0.003985960626099017,0.028634605224100884,-0.011861319458847275,210.41000366210938,211.94200134277344,-0.2482964121957555,0.01365958317686029,0.0,0.0,0.0,0.0,0.0,0.0,0.0,0.0
2024-06-28,215.7700042724609,216.07000732421875,210.3000030517578,210.6199951171875,82542700,216.75,1,AAPL,-0.016254137725925766,0.007413726209733573,-0.01712631613201332,211.03600158691407,211.5800003051758,0.6583930548272448,0.014387321944523702,0.0,0.0,0.0,0.0,0.0,0.0,0.0,0.0
2024-07-01,212.08999633789065,217.50999450683597,211.9199981689453,216.75,60402900,220.2700042724609,1,AAPL,0.029104572333703782,0.016412661195779554,0.03371808265536713,212.75800170898438,212.00599975585936,-0.2682223867162087,0.015815332159763107,0.0,0.0,0.0,0.0,0.0,0.0,0.0,0.0
2024-07-02,216.1499938964844,220.3800048828125,215.1000061035156,220.2700042724609,58046200,221.5500030517578,1,AAPL,0.016239927439265944,0.02881829982742823,0.06159332228519254,214.9980010986328,212.36600036621093,-0.03901633861950338,0.01468878391044604,0.0,0.0,0.0,0.0,0.0,0.0,0.0,0.0
2024-07-03,220.0,221.5500030517578,219.02999877929688,221.5500030517578,37369800,226.33999633789065,1,AAPL,0.0058110444203451905,0.05189444586440595,0.06442780677156246,216.6580017089844,213.09200134277344,-0.35620591873369833,0.01455486051616821,0.0,0.0,0.0,0.0,0.0,0.0,0.0,0.0
2024-07-05,221.6499938964844,226.4499969482422,221.6499938964844,226.33999633789065,60412400,227.82000732421875,1,AAPL,0.021620371113304948,0.04424450444240202,0.08260385712279716,219.1059997558594,214.75800170898438,0.6166102039614876,0.015088972546810827,0.0,0.0,0.0,0.0,0.0,0.0,0.0,0.0
2024-07-08,227.08999633789065,227.8500061035156,223.25,227.82000732421875,59085900,228.67999267578125,1,AAPL,0.00653888402524605,0.03427612886600273,0.06832359823783696,222.54600219726564,216.79100189208984,-0.02195741271659457,0.014678121078565769,0.0,0.0,0.0,0.0,0.0,0.0,0.0,0.0
2024-07-09,227.92999267578125,229.3999938964844,226.3699951171875,228.67999267578125,48076100,232.97999572753903,1,AAPL,0.00377484559702701,0.0321823043367675,0.06809895449146475,224.93200073242187,218.84500122070312,-0.18633548782366016,0.014691736892442308,0.0,0.0,0.0,0.0,0.0,0.0,0.0,0.0
2024-07-10,229.3000030517578,233.0800018310547,229.25,232.97999572753903,62627700,227.57000732421875,0,AAPL,0.018803582252402196,0.029336394349569028,0.10616276293193616,227.4739990234375,221.23600006103516,0.3026784618552669,0.00948178560430068,0.0,0.0,0.0,0.0,0.0,0.0,0.0,0.0
2024-07-11,231.38999938964844,232.38999938964844,225.7700042724609,227.57000732421875,64710600,230.5399932861328,1,AAPL,-0.023220827978926772,-0.0010973575277092307,0.049919295613465975,228.6779998779297,222.66800079345703,0.033258446342433245,0.015076119701258016,0.0,0.0,0.0,0.0,0.0,0.0,0.0,0.0
2024-07-12,228.9199981689453,232.63999938964844,228.67999267578125,230.5399932861328,53046500,234.3999938964844,1,AAPL,0.013050867277438316,0.008133639452178265,0.04662454630440083,229.51799926757812,224.31199951171874,-0.18025022175655925,0.014798860070175963,0.0,0.0,0.0,0.0,0.0,0.0,0.0,0.0
2024-07-15,236.47999572753903,237.22999572753903,233.08999633789065,234.3999938964844,62631300,234.82000732421875,1,AAPL,0.01674330147811176,0.006094936024490183,0.058000409242714435,230.83399658203126,226.68999938964845,0.1806867559593941,0.015267993911978939,0.0,0.0,0.0,0.0,0.0,0.0,0.0,0.0
2024-07-16,235.0,236.2700042724609,232.3300018310547,234.82000732421875,43234300,228.8800048828125,0,AAPL,0.0017918662059344115,0.03185832827992541,0.03746580862212601,232.06199951171874,228.49700012207032,-0.3097013793422777,0.014159546154841964,0.0,0.0,0.0,0.0,0.0,0.0,0.0,0.0
2024-07-17,229.4499969482422,231.4600067138672,226.63999938964844,228.8800048828125,57345900,224.17999267578125,0,AAPL,-0.025295980990260425,-0.0072004357233586,0.004652785201104903,231.24200134277345,229.35800018310547,0.32639825323874794,0.01824022645195494,0.0,0.0,0.0,0.0,0.0,0.0,0.0,0.0
2024-07-18,230.27999877929688,230.44000244140625,222.2700042724609,224.17999267578125,66034600,224.30999755859372,1,AAPL,-0.020534830945314275,-0.04360068893694813,-0.019678153507639906,230.56399841308593,229.62099914550782,0.15151388329418491,0.01982619708997205,0.0,0.0,0.0,0.0,0.0,0.0,0.0,0.0
2024-07-19,224.82000732421875,226.8000030517578,223.27999877929688,224.30999755859372,49151500,223.9600067138672,0,AAPL,0.0005799129586041563,-0.04475772693045588,-0.037213487543731105,229.31799926757813,229.41799926757812,-0.25567051212546155,0.01760974283640815,0.0,0.0,0.0,0.0,0.0,0.0,0.0,0.0
2024-07-22,227.00999450683597,227.77999877929688,223.08999633789065,223.9600067138672,48201800,225.00999450683597,1,AAPL,-0.0015602998017737457,-0.02149597196777575,-0.01586325303935332,227.2300018310547,229.03199920654296,-0.019321892515996475,0.015732639896589424,0.0,0.0,0.0,0.0,0.0,0.0,0.0,0.0
2024-07-23,224.3699951171875,226.94000244140625,222.67999267578125,225.00999450683597,39960300,218.5399932861328,0,AAPL,0.004688282557118617,0.0037023903032020744,-0.023987155983098085,225.26799926757812,228.66499938964844,-0.17097909206710127,0.014665052375620134,0.0,0.0,0.0,0.0,0.0,0.0,0.0,0.0
2024-07-24,224.0,224.8000030517578,217.1300048828125,218.5399932861328,61777600,217.4900054931641,0,AAPL,-0.028754283714746642,-0.025723348648130084,-0.06766212040669117,223.1999969482422,227.22099914550782,0.5459743795717249,0.014344047485265526,0.0,0.0,0.0,0.0,0.0,0.0,0.0,0.0
2024-07-25,218.92999267578125,220.8500061035156,214.6199951171875,217.4900054931641,51391200,217.9600067138672,1,AAPL,-0.004804556718339348,-0.028889091921528665,-0.0738012149327929,221.86199951171875,226.21299896240234,-0.1681256636709746,0.013650167658592343,0.0,0.0,0.0,0.0,0.0,0.0,0.0,0.0
2024-07-26,218.6999969482422,219.4900054931641,216.00999450683597,217.9600067138672,41601300,218.2400054931641,1,AAPL,0.002161024455525462,-0.03133188731647474,-0.047710581684653475,220.59200134277344,224.9550003051758,-0.19049759491897444,0.012706693499291268,0.0,0.0,0.0,0.0,0.0,0.0,0.0,0.0
2024-07-29,216.9600067138672,219.3000030517578,215.75,218.2400054931641,36311800,218.8000030517578,1,AAPL,0.0012846337432190769,-0.00137269059295686,-0.026496508951215025,219.4480010986328,223.33900146484376,-0.12714746894928763,0.01141167634384157,0.0,0.0,0.0,0.0,0.0,0.0,0.0,0.0
2024-07-30,219.19000244140625,220.3300018310547,216.1199951171875,218.8000030517578,41643800,222.0800018310547,1,AAPL,0.0025659711533101426,0.006023254059988936,-0.024564194939178274,218.20600280761718,221.73700103759765,0.14683931944987583,0.01156161835728497,0.0,0.0,0.0,0.0,0.0,0.0,0.0,0.0
2024-07-31,221.44000244140625,223.82000732421875,220.6300048828125,222.0800018310547,50036300,218.3600006103516,0,AAPL,0.014990853444005525,0.018902527942184166,-0.008394377685540966,218.91400451660155,221.05700073242187,0.20153059999327638,0.013544119235875706,0.0,0.0,0.0,0.0,0.0,0.0,0.0,0.0
2024-08-01,224.3699951171875,224.47999572753903,217.0200042724609,218.3600006103516,62501000,219.8600006103516,1,AAPL,-0.016750725819666745,0.0005498309850036076,-0.029554215629663205,219.08800354003907,220.4750015258789,0.24911314385755934,0.014407225523982393,0.0,0.0,0.0,0.0,0.0,0.0,0.0,0.0
2024-08-02,219.1499938964844,225.6000061035156,217.7100067138672,219.8600006103516,105568600,209.2700042724609,0,AAPL,0.006869389978967133,0.0048445957212488455,0.006040117894990926,219.46800231933594,220.03000183105468,0.6890705748708021,0.009855534850811339,0.0,0.0,0.0,0.0,0.0,0.0,0.0,0.0
2024-08-05,199.08999633789065,213.5,196.0,209.2700042724609,119548600,207.22999572753903,0,AAPL,-0.04816699858315232,-0.05768190495756054,-0.03779484580022019,217.67400207519532,218.56100158691407,0.13242574022957587,0.021171556571851803,0.0,0.0,0.0,0.0,0.0,0.0,0.0,0.0
2024-08-06,205.3000030517578,209.9900054931641,201.07000732421875,207.22999572753903,69660500,209.82000732421875,1,AAPL,-0.009748212850733573,-0.050970896005231636,-0.04922926525880622,215.36000061035156,216.7830017089844,-0.4173039249309486,0.02095014473313083,0.0,0.0,0.0,0.0,0.0,0.0,0.0,0.0
2024-08-07,206.8999938964844,213.63999938964844,206.38999938964844,209.82000732421875,63516400,213.30999755859372,1,AAPL,0.012498246634550902,-0.045665392787505255,-0.038581368937919525,212.9080017089844,215.91100311279297,-0.08820063019932389,0.022086535769498445,0.0,0.0,0.0,0.0,0.0,0.0,0.0,0.0
2024-08-08,213.1100006103516,214.1999969482422,208.8300018310547,213.30999755859372,47161100,216.2400054931641,1,AAPL,0.016633257613904107,0.01930517132724341,-0.02509143243414591,211.89800109863282,215.49300231933594,-0.25749727629399655,0.02352443093499107,0.0,0.0,0.0,0.0,0.0,0.0,0.0,0.0
2024-08-09,212.1000061035156,216.77999877929688,211.97000122070312,216.2400054931641,42201600,217.52999877929688,1,AAPL,0.013735914716165754,0.043478308890529505,-0.026296813264317764,211.17400207519532,215.3210021972656,-0.10516082110044078,0.023365320869003968,0.0,0.0,0.0,0.0,0.0,0.0,0.0,0.0
2024-08-12,216.07000732421875,219.50999450683597,215.6000061035156,217.52999877929688,38028100,221.2700042724609,1,AAPL,0.005965562584919315,0.03674574009124143,-0.003801070840514398,212.8260009765625,215.2500015258789,-0.09889435471640884,0.022798797921117477,0.0,0.0,0.0,0.0,0.0,0.0,0.0,0.0
2024-08-13,219.00999450683597,221.88999938964844,219.00999450683597,221.2700042724609,44155300,221.72000122070312,1,AAPL,0.017193056195245138,0.03731661340289816,0.006413188657304669,215.63400268554688,215.49700164794922,0.16112295907499985,0.023658773483265318,0.0,0.0,0.0,0.0,0.0,0.0,0.0,0.0
2024-08-14,220.57000732421875,223.02999877929688,219.6999969482422,221.72000122070312,41960600,224.72000122070312,1,AAPL,0.0020337006352117992,0.025342191954912163,0.05949250582531085,218.01400146484374,215.46100158691405,-0.04970411253009266,0.009713836999976454,0.0,0.0,0.0,0.0,0.0,0.0,0.0,0.0
2024-08-15,224.6000061035156,225.3500061035156,222.75999450683597,224.72000122070312,46414000,226.0500030517578,1,AAPL,0.01353057903429189,0.0330529236507795,0.08439900522972321,220.29600219726564,216.0970016479492,0.10613289609776788,0.005611762623815657,0.0,0.0,0.0,0.0,0.0,0.0,0.0,0.0
2024-08-16,223.9199981689453,226.8300018310547,223.6499938964844,226.0500030517578,44340200,225.88999938964844,0,AAPL,0.0059184844421056315,0.021602561065670045,0.07735199295108264,222.25800170898438,216.71600189208985,-0.04468048433662253,0.005985720059487481,0.0,0.0,0.0,0.0,0.0,0.0,0.0,0.0
2024-08-19,225.72000122070312,225.9900054931641,223.0399932861328,225.88999938964844,40687800,226.50999450683597,1,AAPL,-0.0007078241979617816,0.018807496599255513,0.05897520967154457,223.93000183105468,218.37800140380858,-0.08237220400449252,0.006677034199583847,0.0,0.0,0.0,0.0,0.0,0.0,0.0,0.0
2024-08-20,225.7700042724609,227.1699981689453,225.4499969482422,226.50999450683597,30299000,226.3999938964844,0,AAPL,0.0027446771387080737,0.007965438218269005,0.047493473699511846,224.97799987792968,220.30600128173828,-0.2553296074007442,0.006457540367277673,0.0,0.0,0.0,0.0,0.0,0.0,0.0,0.0
2024-08-21,226.5200042724609,227.97999572753903,225.0500030517578,226.3999938964844,34765500,224.52999877929688,0,AAPL,-0.00048563247988708813,0.001548289493481958,0.04077596270382422,225.91399841308595,221.96399993896483,0.14741410607610805,0.007011166203103071,0.0,0.0,0.0,0.0,0.0,0.0,0.0,0.0
2024-08-22,227.7899932861328,228.33999633789065,223.8999938964844,224.52999877929688,43695300,226.83999633789065,1,AAPL,-0.008259695969967784,-0.0060206322281919356,0.014733106358247205,225.8759979248047,223.08600006103515,0.25685809207403887,0.006677709798914704,0.0,0.0,0.0,0.0,0.0,0.0,0.0,0.0
2024-08-23,225.66000366210935,228.22000122070312,224.3300018310547,226.83999633789065,38677300,227.17999267578125,1,AAPL,0.010288146667049247,0.0014568974396611534,0.023092166196098107,226.03399658203125,224.1459991455078,-0.11484072657700028,0.007356213914411637,0.0,0.0,0.0,0.0,0.0,0.0,0.0,0.0
2024-08-26,226.75999450683597,227.27999877929688,223.88999938964844,227.17999267578125,30602200,228.02999877929688,1,AAPL,0.0014988376978464224,0.0034452243830602747,0.010946918127960004,226.2919952392578,225.11099853515626,-0.20878137822443654,0.0058071414733565085,0.0,0.0,0.0,0.0,0.0,0.0,0.0,0.0
2024-08-27,226.0,228.8500061035156,224.88999938964844,228.02999877929688,35934600,226.4900054931641,0,AAPL,0.0037415535298863656,0.015588117485540787,0.008759105068827155,226.59599609375,225.78699798583983,0.17424891020906985,0.005589738008239658,0.0,0.0,0.0,0.0,0.0,0.0,0.0,0.0
2024-08-28,227.9199981689453,229.8600006103516,225.67999267578125,226.4900054931641,38052200,229.7899932861328,1,AAPL,-0.006753467940081359,-0.0015428974183425703,0.0026561871049486374,226.61399841308594,226.26399841308594,0.05892927707557627,0.0063586302106940825,0.0,0.0,0.0,0.0,0.0,0.0,0.0,0.0
2024-08-29,230.1000061035156,232.9199981689453,228.8800048828125,229.7899932861328,51906300,229.0,0,AAPL,0.014570125448949867,0.011488690441487925,0.014480591845133173,227.66599731445314,226.7709976196289,0.3640814460136339,0.008346627330451745,0.0,0.0,0.0,0.0,0.0,0.0,0.0,0.0
2024-08-30,230.19000244140625,230.3999938964844,227.47999572753903,229.0,52990800,222.7700042724609,0,AAPL,-0.0034378924636161434,0.004253831626960469,0.011484126208521017,228.097998046875,227.0659973144531,0.020893417562030114,0.008569814292127356,0.0,0.0,0.0,0.0,0.0,0.0,0.0,0.0
2024-09-03,228.5500030517578,229.0,221.1699981689453,222.7700042724609,50190600,220.8500061035156,0,AAPL,-0.027205221517637934,-0.016424571197316995,-0.007838571756133006,227.21600036621095,226.75399780273438,-0.05284313503476079,0.013688950835289676,0.0,0.0,0.0,0.0,0.0,0.0,0.0,0.0
2024-09-04,221.66000366210935,221.77999877929688,217.47999572753903,220.8500061035156,43840200,222.3800048828125,1,AAPL,-0.00861874638471094,-0.03890503261160383,-0.02640623492804428,225.78000183105468,226.18799896240233,-0.1265256840922404,0.01292459357712738,0.0,0.0,0.0,0.0,0.0,0.0,0.0,0.0
2024-09-05,221.6300048828125,225.47999572753903,221.5200042724609,222.3800048828125,36615400,220.82000732421875,0,AAPL,0.006927773316790287,-0.028908275620906143,-0.0211285674254732,224.95800170898437,225.78600006103517,-0.16479851825493497,0.01344404880991803,0.0,0.0,0.0,0.0,0.0,0.0,0.0,0.0
2024-09-06,223.9499969482422,225.2400054931641,219.7700042724609,220.82000732421875,48423000,220.91000366210935,1,AAPL,-0.007015008203708928,-0.008753408945744723,-0.03161860936576355,223.16400451660155,225.41500091552734,0.3224763350939768,0.013161092594528023,0.0,0.0,0.0,0.0,0.0,0.0,0.0,0.0
2024-09-09,220.82000732421875,221.2700042724609,216.7100067138672,220.91000366210935,67180000,220.1100006103516,0,AAPL,0.0004075551802624755,0.000271666547138949,-0.02463685679597527,221.54600524902344,224.8220016479492,0.38735724758895573,0.013235260652986911,0.0,0.0,0.0,0.0,0.0,0.0,0.0,0.0
2024-09-10,218.9199981689453,221.47999572753903,216.72999572753903,220.1100006103516,51591000,222.66000366210935,1,AAPL,-0.0036213980285899616,-0.010207771484028627,-0.04212538821796197,221.01400451660157,224.11500244140626,-0.23204822863947605,0.01062944378639319,0.0,0.0,0.0,0.0,0.0,0.0,0.0,0.0
2024-09-11,221.4600067138672,223.08999633789065,217.88999938964844,222.66000366210935,44587100,222.7700042724609,1,AAPL,0.011585130365211693,0.00833256171026675,-0.027685573527906793,221.37600402832032,223.5780029296875,-0.13575817487546282,0.012588073448658322,0.0,0.0,0.0,0.0,0.0,0.0,0.0,0.0
2024-09-12,222.5,223.5500030517578,219.82000732421875,222.7700042724609,37455600,222.5,0,AAPL,0.0004940295003250661,0.008419721060692664,0.0,221.45400390625,223.20600280761718,-0.15994536536352444,0.007294101284182934,0.0,0.0,0.0,0.0,0.0,0.0,0.0,0.0
2024-09-13,223.5800018310547,224.0399932861328,221.91000366210935,222.5,36766600,216.32000732421875,0,AAPL,-0.001212031545013037,0.010858204456958287,0.007471106411068185,221.79000244140624,222.4770034790039,-0.01839511314729969,0.00630126263579355,0.0,0.0,0.0,0.0,0.0,0.0,0.0,0.0
2024-09-16,216.5399932861328,217.22000122070312,213.9199981689453,216.32000732421875,59357400,216.7899932861328,1,AAPL,-0.027775247981039364,-0.02847388948897911,-0.027250640460176223,220.87200317382812,221.2090042114258,0.6144381041488742,0.012004731901154744,0.0,0.0,0.0,0.0,0.0,0.0,0.0,0.0
2024-09-17,215.75,216.8999938964844,214.5,216.7899932861328,45519300,220.69000244140625,1,AAPL,0.0021726421320320544,-0.026843878761227624,-0.018250221467336902,220.20800170898437,220.61100311279296,-0.2331318420281212,0.012106253805364831,0.0,0.0,0.0,0.0,0.0,0.0,0.0,0.0
2024-09-18,217.5500030517578,222.7100067138672,217.5399932861328,220.69000244140625,59894900,228.8699951171875,1,AAPL,0.017989802463465043,-0.0081348204880618,-0.000995886184672723,219.81400146484376,220.59500274658203,0.3158132923836703,0.014427065841902127,0.0,0.0,0.0,0.0,0.0,0.0,0.0,0.0
2024-09-19,224.9900054931641,229.82000732421875,224.6300048828125,228.8699951171875,66781300,228.1999969482422,0,AAPL,0.03706553348719566,0.058015843972115455,0.03979825761003575,221.03399963378905,221.24400177001954,0.11497473073667375,0.01990543603212005,0.0,0.0,0.0,0.0,0.0,0.0,0.0,0.0
2024-09-20,229.97000122070312,233.08999633789065,227.6199951171875,228.1999969482422,318679900,226.47000122070312,0,AAPL,-0.002927418111763669,0.052631597469767755,0.02488095389839251,222.1739990234375,221.98200073242188,3.7719930579368777,0.019953316687865277,0.0,0.0,0.0,0.0,0.0,0.0,0.0,0.0
2024-09-23,227.33999633789065,229.4499969482422,225.80999755859372,226.47000122070312,54146000,227.3699951171875,1,AAPL,-0.007581050616453089,0.02619057825617399,0.016609044652694305,224.20399780273436,222.53800048828126,-0.8300928298270459,0.020397155895682233,0.0,0.0,0.0,0.0,0.0,0.0,0.0,0.0
2024-09-24,228.6499938964844,229.3500061035156,225.72999572753903,227.3699951171875,43556100,226.3699951171875,0,AAPL,0.0039740093241191765,-0.006553939057113878,0.02188761850421339,226.31999816894532,223.26399993896484,-0.1955804676245706,0.020332531775570338,0.0,0.0,0.0,0.0,0.0,0.0,0.0,0.0
2024-09-25,224.92999267578125,227.2899932861328,224.0200042724609,226.3699951171875,42308700,227.5200042724609,1,AAPL,-0.004398117700115112,-0.008019289463311208,0.04645889170069184,227.45599670410155,223.63499908447267,-0.028638927727689167,0.015796649648754844,0.0,0.0,0.0,0.0,0.0,0.0,0.0,0.0
2024-09-26,227.3000030517578,228.5,225.41000366210935,227.5200042724609,36636700,227.7899932861328,1,AAPL,0.005080219022304933,0.004636389129236251,0.04949495511153956,227.18599853515624,224.10999908447266,-0.13406226142613697,0.01569833382593553,0.0,0.0,0.0,0.0,0.0,0.0,0.0,0.0
2024-09-27,228.4600067138672,229.5200042724609,227.3000030517578,227.7899932861328,34026000,233.0,1,AAPL,0.0011866605511687833,0.0018472013808543686,0.032171782890852096,227.10399780273437,224.63899841308594,-0.071259147248524,0.015012687191262784,0.0,0.0,0.0,0.0,0.0,0.0,0.0,0.0
2024-09-30,230.0399932861328,233.0,229.6499938964844,233.0,54541900,226.2100067138672,0,AAPL,0.02287197360475246,0.029288355461510207,0.01804520020502398,228.40999755859374,226.30699768066407,0.6029477458414154,0.01003468666348103,0.0,0.0,0.0,0.0,0.0,0.0,0.0,0.0
2024-10-01,229.5200042724609,229.6499938964844,223.7400054931641,226.2100067138672,63285000,226.77999877929688,1,AAPL,-0.029141602086406926,-0.005757724745051318,-0.008720378006080165,228.1779998779297,227.2489990234375,0.16030061292327558,0.015721665061844296,0.0,0.0,0.0,0.0,0.0,0.0,0.0,0.0
2024-10-02,225.88999938964844,227.3699951171875,223.0200042724609,226.77999877929688,32880600,225.6699981689453,0,AAPL,0.002519747352073054,-0.004433884440073976,0.0013688239366045352,228.26000061035157,227.85799865722657,-0.48043612230386346,0.015494281268613658,0.0,0.0,0.0,0.0,0.0,0.0,0.0,0.0
2024-10-03,225.13999938964844,226.80999755859372,223.32000732421875,225.6699981689453,34044200,226.8000030517578,1,AAPL,-0.004894614235498862,-0.031459235326414925,-0.007476786668205726,227.88999938964844,227.53799896240236,0.0353886486256334,0.0155062788347379,0.0,0.0,0.0,0.0,0.0,0.0,0.0,0.0
2024-10-04,227.8999938964844,228.0,224.1300048828125,226.8000030517578,37245100,221.69000244140625,0,AAPL,0.005007333238716605,0.002608179657750176,0.0018995800850183375,227.69200134277344,227.39799957275392,0.09402188919111043,0.01556689212425382,0.0,0.0,0.0,0.0,0.0,0.0,0.0,0.0
2024-10-07,224.5,225.69000244140625,221.3300018310547,221.69000244140625,39505400,225.7700042724609,1,AAPL,-0.022530866585506182,-0.022444643995453206,-0.025624128523103806,225.43000183105468,226.9199996948242,0.060687177642159584,0.017548197168471214,0.0,0.0,0.0,0.0,0.0,0.0,0.0,0.0
2024-10-08,224.3000030517578,225.97999572753903,223.25,225.7700042724609,31855700,229.5399932861328,1,AAPL,0.018404085823098937,0.00044315196670807744,-0.008867768880148064,225.34200134277344,226.76000061035157,-0.19363681927027698,0.01943141346616665,0.0,0.0,0.0,0.0,0.0,0.0,0.0,0.0
2024-10-09,225.22999572753903,229.75,224.8300018310547,229.5399932861328,33591100,229.0399932861328,0,AAPL,0.01669836090857424,0.01208108552692444,-0.014849814222606006,225.8940002441406,227.0770004272461,0.05447690680160844,0.018266761869974737,0.0,0.0,0.0,0.0,0.0,0.0,0.0,0.0
2024-10-10,227.77999877929688,229.5,227.1699981689453,229.0399932861328,28183500,227.5500030517578,0,AAPL,-0.0021782696463562568,0.03315436313673725,0.012510439362858339,226.56799926757813,227.22899932861327,-0.1609831175519706,0.01391085611127083,0.0,0.0,0.0,0.0,0.0,0.0,0.0,0.0
2024-10-11,229.3000030517578,229.41000366210935,227.33999633789065,227.5500030517578,31759200,231.3000030517578,1,AAPL,-0.006505371454991304,0.00788412431063601,0.003395380000907,226.71799926757814,227.2050003051758,0.1268721060194795,0.014253622146703405,0.0,0.0,0.0,0.0,0.0,0.0,0.0,0.0
2024-10-14,228.6999969482422,231.72999572753903,228.6000061035156,231.3000030517578,39882100,233.8500061035156,1,AAPL,0.01647989430765695,0.007667551699503061,0.024947954661645566,228.63999938964844,227.03500061035157,0.25576525857074484,0.015148844935591174,0.0,0.0,0.0,0.0,0.0,0.0,0.0,0.0
2024-10-15,233.6100006103516,237.4900054931641,232.3699951171875,233.8500061035156,64751400,231.77999877929688,0,AAPL,0.011024656368842312,0.021000755144861438,0.031084669122111608,230.25599975585936,227.79900054931642,0.6235704739720325,0.015408851370087519,0.0,0.0,0.0,0.0,0.0,0.0,0.0,0.0
2024-10-16,231.6000061035156,232.1199951171875,229.83999633789065,231.77999877929688,34082200,232.1499938964844,1,AAPL,-0.008851859184054955,0.018589302003115815,0.04551398902418913,230.7040008544922,228.29900054931642,-0.47364535747489633,0.011873570304278708,0.0,0.0,0.0,0.0,0.0,0.0,0.0,0.0
2024-10-17,233.42999267578125,233.8500061035156,230.5200042724609,232.1499938964844,32993800,235.0,1,AAPL,0.0015963203000093351,0.003674841476488888,0.028258801006727507,231.3260009765625,228.9470001220703,-0.031934558215138686,0.010691225360669306,0.0,0.0,0.0,0.0,0.0,0.0,0.0,0.0
2024-10-18,236.17999267578125,236.17999267578125,234.00999450683597,235.0,46431500,236.47999572753903,1,AAPL,0.01227657195109133,0.004917656046480312,0.023786733787436454,232.81600036621094,229.76699981689453,0.40727954949111655,0.00992141696842429,0.0,0.0,0.0,0.0,0.0,0.0,0.0,0.0
2024-10-21,234.4499969482422,236.8500061035156,234.4499969482422,236.47999572753903,36254500,235.8600006103516,0,AAPL,0.00629785415974049,0.020277836625228085,0.03248342062301601,233.85199890136718,231.24599914550782,-0.21918309768153088,0.009639523284411037,0.0,0.0,0.0,0.0,0.0,0.0,0.0,0.0
2024-10-22,233.88999938964844,236.22000122070312,232.6000061035156,235.8600006103516,38846600,230.75999450683597,0,AAPL,-0.002621765597043413,0.015981076077570266,0.03651943505667021,234.25399780273438,232.25499877929687,0.07149733136576142,0.008982032468405099,0.0,0.0,0.0,0.0,0.0,0.0,0.0,0.0
2024-10-23,234.0800018310547,235.13999938964844,227.75999450683597,230.75999450683597,52287000,230.57000732421875,0,AAPL,-0.021623022514703494,-0.01804257656665542,-0.002334667262416823,234.04999694824218,232.3769989013672,0.3459865213429232,0.01201898672149671,0.0,0.0,0.0,0.0,0.0,0.0,0.0,0.0
2024-10-24,229.97999572753903,230.82000732421875,228.41000366210935,230.57000732421875,31109500,231.41000366210935,1,AAPL,-0.0008233107433688325,-0.02499149403795442,-0.014026079511175737,233.73399963378907,232.53000030517578,-0.4050241933941515,0.010949745826683354,0.0,0.0,0.0,0.0,0.0,0.0,0.0,0.0
2024-10-25,229.7400054931641,233.22000122070312,229.57000732421875,231.41000366210935,38802300,233.3999938964844,1,AAPL,0.0036431292501519774,-0.0188671115777439,-0.0015963203000093351,233.01600036621093,232.91600036621094,0.2472813770713127,0.01065426118274867,0.0,0.0,0.0,0.0,0.0,0.0,0.0,0.0
2024-10-28,233.32000732421875,234.72999572753903,232.5500030517578,233.3999938964844,36087100,233.6699981689453,1,AAPL,0.008599413175243376,0.011440455245678383,0.005384449850803774,232.4,233.1259994506836,-0.0699752334268845,0.011165308804216935,0.0,0.0,0.0,0.0,0.0,0.0,0.0,0.0
2024-10-29,233.1000061035156,234.3300018310547,232.32000732421875,233.6699981689453,35417200,230.1000061035156,0,AAPL,0.0011568306748999113,0.013444900664670856,-0.005659582259807228,231.96199951171874,233.10799865722657,-0.018563420169534273,0.009993408039717334,0.0,0.0,0.0,0.0,0.0,0.0,0.0,0.0
2024-10-30,232.6100006103516,233.47000122070312,229.5500030517578,230.1000061035156,47070900,225.91000366210935,0,AAPL,-0.015277922255336307,-0.0056609374610552265,-0.026978982321084644,231.8300018310547,232.93999938964845,0.32904069209310727,0.010749809069284282,0.0,0.0,0.0,0.0,0.0,0.0,0.0,0.0
2024-10-31,229.33999633789065,229.8300018310547,225.3699951171875,225.91000366210935,64370100,222.91000366210935,0,AAPL,-0.01820948426885871,-0.032090790189553076,-0.042186029519604595,230.89800109863282,232.31600036621094,0.367513686800125,0.01199541948142572,0.0,0.0,0.0,0.0,0.0,0.0,0.0,0.0
2024-11-01,220.97000122070312,225.3500061035156,220.2700042724609,222.91000366210935,65276700,222.00999450683597,0,AAPL,-0.013279624414008095,-0.046047822104472336,-0.034017988523110665,229.1980010986328,231.10700073242188,0.014084178834583128,0.010516525531091605,0.0,0.0,0.0,0.0,0.0,0.0,0.0,0.0
2024-11-04,220.9900054931641,222.7899932861328,219.7100067138672,222.00999450683597,44944500,223.4499969482422,1,AAPL,-0.004037544930633241,-0.035158676149883106,-0.03712543932631285,226.9200012207031,229.66000061035157,-0.311477142686441,0.010378925105040402,0.0,0.0,0.0,0.0,0.0,0.0,0.0,0.0
2024-11-05,221.8000030517578,223.9499969482422,221.13999938964844,223.4499969482422,28111300,222.72000122070312,0,AAPL,0.006486205472888695,-0.010889321738698055,-0.03439785051596067,224.8760009765625,228.41900024414062,-0.37453303518784276,0.010834826480056929,0.0,0.0,0.0,0.0,0.0,0.0,0.0,0.0
2024-11-06,222.6100006103516,226.07000732421875,221.19000244140625,222.72000122070312,54561100,227.47999572753903,1,AAPL,-0.0032669310248778505,-0.000852372878223262,-0.045758324571842035,223.4,227.61500091552733,0.9408956540608224,0.009163233650126248,0.0,0.0,0.0,0.0,0.0,0.0,0.0,0.0
2024-11-07,224.6300048828125,227.8800048828125,224.57000732421875,227.47999572753903,42137700,226.9600067138672,0,AAPL,0.02137210165565251,0.024638535903998005,-0.02649036029405394,223.71399841308593,227.30599975585938,-0.22769702223745492,0.013958266109222342,0.0,0.0,0.0,0.0,0.0,0.0,0.0,0.0
2024-11-08,227.1699981689453,228.66000366210935,226.41000366210935,226.9600067138672,38328800,224.22999572753903,0,AAPL,-0.0022858669924306074,0.01570825604637638,-0.013646237750362333,224.5239990234375,226.86100006103516,-0.0903917394637106,0.012999999297467233,0.0,0.0,0.0,0.0,0.0,0.0,0.0,0.0
2024-11-11,225.0,225.6999969482422,221.5,224.22999572753903,42005600,224.22999572753903,0,AAPL,-0.0120285993371948,0.0067797885172404815,-0.007436624794549096,224.96799926757814,225.94400024414062,0.09592786625200889,0.01186726774096481,0.0,0.0,0.0,0.0,0.0,0.0,0.0,0.0
2024-11-12,224.5500030517578,225.58999633789065,223.3600006103516,224.22999572753903,40398300,225.1199951171875,1,AAPL,0.0,-0.014286970551435352,0.00592163673116497,225.1239990234375,225.0,-0.038263945759613005,0.010568531953999503,0.0,0.0,0.0,0.0,0.0,0.0,0.0,0.0
2024-11-13,224.00999450683597,226.6499938964844,222.75999450683597,225.1199951171875,48566200,228.22000122070312,1,AAPL,0.003969136184303723,-0.008107206301766756,0.01400838109680591,225.60399780273437,224.5019989013672,0.2021842503273652,0.010377732802351797,0.0,0.0,0.0,0.0,0.0,0.0,0.0,0.0
2024-11-14,225.0200042724609,228.8699951171875,225.0,228.22000122070312,44923900,225.0,0,AAPL,0.013770460957508002,0.01779425397667289,0.02134707691925275,225.7519989013672,224.73299865722657,-0.07499660257545371,0.011228754840180478,0.0,0.0,0.0,0.0,0.0,0.0,0.0,0.0
2024-11-15,226.3999938964844,226.9199981689453,224.2700042724609,225.0,47923700,228.0200042724609,1,AAPL,-0.014109198157391867,0.003433993163861171,0.010237063428522264,225.35999755859376,224.94199829101564,0.0667751464142694,0.012876393612993415,0.0,0.0,0.0,0.0,0.0,0.0,0.0,0.0
2024-11-18,225.25,229.7400054931641,225.1699981689453,228.0200042724609,44633700,228.27999877929688,1,AAPL,0.013422241210937269,0.012882059426857273,0.0023738726704067847,226.1179992675781,225.54299926757812,-0.06865079282275788,0.011056272530129205,0.0,0.0,0.0,0.0,0.0,0.0,0.0,0.0
2024-11-19,226.97999572753903,230.16000366210935,226.66000366210935,228.27999877929688,36211800,229.0,1,AAPL,0.0011402267431119828,0.0002628935162247714,0.005815967687619272,226.9279998779297,226.0259994506836,-0.18868926394181973,0.010993669953367091,0.0,0.0,0.0,0.0,0.0,0.0,0.0,0.0
2024-11-20,228.05999755859372,229.92999267578125,225.88999938964844,229.0,35169600,228.5200042724609,0,AAPL,0.0031540267415159917,0.01777777777777767,0.021272819708996415,227.7040008544922,226.65399932861328,-0.028780673703047044,0.009405274386272838,0.0,0.0,0.0,0.0,0.0,0.0,0.0,0.0
2024-11-21,228.8800048828125,230.16000366210935,225.7100067138672,228.5200042724609,42108300,229.8699951171875,1,AAPL,-0.002096051211961103,0.0021927900650442478,0.01913217957750235,227.76400146484374,226.75800018310548,0.19729254810973118,0.009550785024632686,0.0,0.0,0.0,0.0,0.0,0.0,0.0,0.0
2024-11-22,228.05999755859372,230.72000122070312,228.05999755859372,229.8699951171875,38168300,232.8699951171875,1,AAPL,0.005907539031537068,0.006965114536503281,0.021099858311241393,228.73800048828124,227.0489990234375,-0.09356825138986846,0.009619870827341642,0.0,0.0,0.0,0.0,0.0,0.0,0.0,0.0
2024-11-25,231.4600067138672,233.25,229.7400054931641,232.8699951171875,90152800,235.05999755859372,1,AAPL,0.013050855108212911,0.01689954199645194,0.020375049827414227,229.70799865722657,227.91299896240236,1.361981015659592,0.009488881920858632,0.0,0.0,0.0,0.0,0.0,0.0,0.0,0.0
2024-11-26,233.3300018310547,235.57000732421875,233.3300018310547,235.05999755859372,45986200,234.92999267578125,0,AAPL,0.009404399395912533,0.028618909346488808,0.04471110026041658,231.06399841308593,228.99599914550782,-0.4899082446690508,0.005959639556818882,0.0,0.0,0.0,0.0,0.0,0.0,0.0,0.0
2024-11-27,234.47000122070312,235.69000244140625,233.80999755859372,234.92999267578125,33498400,237.3300018310547,1,AAPL,-0.000553071063399746,0.022012431661705856,0.03030430784074367,232.2499969482422,229.97699890136718,-0.27155537965737553,0.005492032418734656,0.0,0.0,0.0,0.0,0.0,0.0,0.0,0.0
2024-11-29,234.80999755859372,237.80999755859372,233.97000122070312,237.3300018310547,28481400,239.58999633789065,1,AAPL,0.01021584825308186,0.019152345975799845,0.03964431005848845,234.01199645996093,230.88799896240235,-0.14976834714493825,0.0056929732646872995,0.0,0.0,0.0,0.0,0.0,0.0,0.0,0.0
2024-12-02,237.2700042724609,240.7899932861328,237.16000366210935,239.58999633789065,48137100,242.6499938964844,1,AAPL,0.009522582435425697,0.01927167032394661,0.0462445254929722,235.95599670410155,232.3469985961914,0.6901240809791653,0.005748642759174392,0.0,0.0,0.0,0.0,0.0,0.0,0.0,0.0
2024-12-03,239.80999755859372,242.75999450683597,238.8999938964844,242.6499938964844,38861000,243.00999450683597,1,AAPL,0.01277180852859261,0.03286085838923625,0.0618326157878788,237.91199645996093,233.80999755859375,-0.19270167916222625,0.004696617223023753,0.0,0.0,0.0,0.0,0.0,0.0,0.0,0.0
2024-12-04,242.8699951171875,244.1100006103516,241.25,243.00999450683597,44383900,243.0399932861328,1,AAPL,0.0014836209330593153,0.023932889360632315,0.057162742718768866,239.5019958496094,235.28299713134766,0.14211934844702911,0.005371197093232268,0.0,0.0,0.0,0.0,0.0,0.0,0.0,0.0
2024-12-05,243.9900054931641,244.5399932861328,242.1300048828125,243.0399932861328,40033900,242.83999633789065,0,AAPL,0.00012344668933361724,0.0143995867981761,0.04367242831704199,241.12399597167968,236.68699645996094,-0.09800851209560224,0.005558320373609256,0.0,0.0,0.0,0.0,0.0,0.0,0.0,0.0
2024-12-06,242.91000366210935,244.6300048828125,242.0800018310547,242.83999633789065,36870600,246.75,1,AAPL,-0.0008228972752097885,0.0007830308929961394,0.0330979275933907,242.2259948730469,238.1189956665039,-0.07901553433465136,0.0058909459402665615,0.0,0.0,0.0,0.0,0.0,0.0,0.0,0.0
2024-12-09,241.8300018310547,247.2400054931641,241.75,246.75,44649200,247.7700042724609,1,AAPL,0.016101151873964437,0.015390336108414004,0.05031289189427213,243.65799560546876,239.80699615478517,0.21097025814605685,0.006729817156804451,0.0,0.0,0.0,0.0,0.0,0.0,0.0,0.0
2024-12-10,246.88999938964844,248.2100067138672,245.33999633789065,247.7700042724609,36914800,246.4900054931641,0,AAPL,0.004133755916761572,0.019461862726269263,0.04398939182092132,244.68199768066407,241.2969970703125,-0.17322594805730007,0.006646040707838707,0.0,0.0,0.0,0.0,0.0,0.0,0.0,0.0
2024-12-11,247.9600067138672,250.8000030517578,246.25999450683597,246.4900054931641,45205800,247.9600067138672,1,AAPL,-0.005166076430661359,0.01503051066676342,0.028799237283440027,245.37799987792968,242.43999786376952,0.22459826411087147,0.007659218268782744,0.0,0.0,0.0,0.0,0.0,0.0,0.0,0.0
2024-12-12,246.88999938964844,248.7400054931641,245.67999267578125,247.9600067138672,32777500,248.1300048828125,1,AAPL,0.005963735599591624,0.004903775942724176,0.02188342448361258,246.36200256347655,243.7429992675781,-0.274927111122909,0.006751386642986055,0.0,0.0,0.0,0.0,0.0,0.0,0.0,0.0
2024-12-13,247.82000732421875,249.2899932861328,246.2400054931641,248.1300048828125,33155300,251.0399932861328,1,AAPL,0.0006855870476785153,0.001452962845154282,0.021069134980917337,247.42000427246094,244.8229995727539,0.011526199374571,0.006790185021349589,0.0,0.0,0.0,0.0,0.0,0.0,0.0,0.0
2024-12-16,247.9900054931641,251.3800048828125,247.6499938964844,251.0399932861328,51694800,253.47999572753903,1,AAPL,0.011727676403724852,0.018459116765669137,0.03291639327269702,248.2780029296875,245.96799926757814,0.5591715351693394,0.007362501419783959,0.0,0.0,0.0,0.0,0.0,0.0,0.0,0.0
2024-12-17,250.0800018310547,253.8300018310547,249.77999877929688,253.47999572753903,51356400,248.0500030517578,0,AAPL,0.009719576588042456,0.022261610196041115,0.043814855666707286,249.4200012207031,247.0509994506836,-0.006546112955268191,0.007128454733755405,0.0,0.0,0.0,0.0,0.0,0.0,0.0,0.0
2024-12-18,252.16000366210935,254.27999877929688,247.7400054931641,248.0500030517578,56774100,249.7899932861328,1,AAPL,-0.021421779893107673,-0.0003224190121322579,0.0052685027426861986,249.73200073242188,247.55500030517578,0.1054922073977147,0.011300187713281224,0.0,0.0,0.0,0.0,0.0,0.0,0.0,0.0
2024-12-19,247.5,252.0,247.08999633789065,249.7899932861328,60882300,254.4900054931641,1,AAPL,0.007014675319362729,-0.004979286302701835,0.008152677801347652,250.097998046875,248.2300003051758,0.07236046013939457,0.01149241113224793,0.0,0.0,0.0,0.0,0.0,0.0,0.0,0.0
2024-12-20,248.0399932861328,255.0,245.69000244140625,254.4900054931641,147495300,255.2700042724609,1,AAPL,0.018815854651340835,0.003984573862430896,0.03245567699182783,251.3699981689453,249.39500122070314,1.422630222577005,0.012775217743679464,0.0,0.0,0.0,0.0,0.0,0.0,0.0,0.0
2024-12-23,254.7700042724609,255.6499938964844,253.4499969482422,255.2700042724609,40858800,258.20001220703125,1,AAPL,0.0030649485734628445,0.029107039435095627,0.029480550736672217,252.21600036621095,250.24700164794922,-0.7229823594378939,0.012772275920206065,0.0,0.0,0.0,0.0,0.0,0.0,0.0,0.0
2024-12-24,255.4900054931641,258.2099914550781,255.2899932861328,258.20001220703125,23234700,259.0199890136719,1,AAPL,0.011478073747525075,0.03366835800850043,0.04058359378574394,253.16000366210938,251.29000244140624,-0.4313415959352698,0.012923679138417866,0.0,0.0,0.0,0.0,0.0,0.0,0.0,0.0
2024-12-26,258.19000244140625,260.1000061035156,257.6300048828125,259.0199890136719,27237100,255.58999633789065,0,AAPL,0.003175742710589624,0.017800241356155988,0.03178774673740348,255.3540008544922,252.54300079345703,0.1722595944858336,0.012668459994270034,0.0,0.0,0.0,0.0,0.0,0.0,0.0,0.0
2024-12-27,257.8299865722656,258.70001220703125,253.05999755859372,255.58999633789065,42355300,252.1999969482422,0,AAPL,-0.013242192962953814,0.0012535435424219088,0.008324130684535858,256.5140014648438,253.30599975585938,0.555059092194103,0.014008553288683688,0.0,0.0,0.0,0.0,0.0,0.0,0.0,0.0
2024-12-30,252.22999572753903,253.5,250.75,252.1999969482422,35557500,250.4199981689453,0,AAPL,-0.013263427513676596,-0.02323785815307433,0.016730473071667085,256.0559997558594,253.71299896240234,-0.16049467244949278,0.012001691188187362,0.0,0.0,0.0,0.0,0.0,0.0,0.0,0.0
2024-12-31,252.44000244140625,253.27999877929688,249.42999267578125,250.4199981689453,39480700,243.8500061035156,0,AAPL,-0.007057885808230857,-0.033202035400721974,0.0025221381950670807,255.08599853515625,253.6509994506836,0.11033396611122837,0.012282023972390407,0.0,0.0,0.0,0.0,0.0,0.0,0.0,0.0
2025-01-02,248.92999267578125,249.1000061035156,241.82000732421875,243.8500061035156,55740700,243.3600006103516,0,AAPL,-0.02623589215505573,-0.04593290192333954,-0.0418091051121231,252.21599731445312,252.68800048828126,0.41184680109521876,0.012830087502214368,0.0,0.0,0.0,0.0,0.0,0.0,0.0,0.0
2025-01-03,243.3600006103516,244.17999267578125,241.88999938964844,243.3600006103516,40244100,245.0,1,AAPL,-0.0020094545044054835,-0.035051532295239385,-0.04665649493779633,249.08399963378906,252.21900024414063,-0.27801229622161183,0.01236677415763576,0.0,0.0,0.0,0.0,0.0,0.0,0.0,0.0
2025-01-06,244.30999755859372,247.3300018310547,243.1999969482422,245.0,45045600,242.2100067138672,0,AAPL,0.006738984983297502,-0.021643631533327934,-0.051123205201273,246.96600036621095,251.74000091552733,0.1193094142992388,0.011285926498286806,0.0,0.0,0.0,0.0,0.0,0.0,0.0,0.0
2025-01-07,242.97999572753903,245.5500030517578,241.3500061035156,242.2100067138672,40856000,242.6999969482422,1,AAPL,-0.011387727698501271,-0.006725443299567591,-0.06489839785653528,244.96800231933594,250.51200103759766,-0.09300797414175854,0.01030855281527247,0.0,0.0,0.0,0.0,0.0,0.0,0.0,0.0
2025-01-08,241.9199981689453,243.7100067138672,240.0500030517578,242.6999969482422,37628900,236.8500061035156,0,AAPL,0.0020229974847978394,-0.002712046599499085,-0.0504323313679611,243.42400207519532,249.25500030517577,-0.07898717446641867,0.010976479776655036,0.0,0.0,0.0,0.0,0.0,0.0,0.0,0.0
2025-01-10,240.00999450683597,240.16000366210935,233.0,236.8500061035156,61710900,234.3999938964844,0,AAPL,-0.02410379447171629,-0.033265281210140385,-0.06086435777347288,242.0240020751953,247.11999969482423,0.6399868186420543,0.012600461883098036,0.0,0.0,0.0,0.0,0.0,0.0,0.0,0.0
2025-01-13,233.52999877929688,234.6699981689453,229.72000122070312,234.3999938964844,49630700,233.27999877929688,0,AAPL,-0.010344150913639494,-0.032244798319208456,-0.06397254368500171,240.23200073242188,244.65800018310546,-0.19575472080296996,0.012583257017273516,0.0,0.0,0.0,0.0,0.0,0.0,0.0,0.0
2025-01-14,234.75,236.1199951171875,232.47000122070312,233.27999877929688,39435300,237.8699951171875,1,AAPL,-0.004778136289893209,-0.03881334275811388,-0.04334634840948781,237.88800048828125,242.4270004272461,-0.20542527105199004,0.010158898830812899,0.0,0.0,0.0,0.0,0.0,0.0,0.0,0.0
2025-01-15,234.63999938964844,238.9600067138672,234.42999267578125,237.8699951171875,39832000,228.25999450683597,0,AAPL,0.019675910330543056,0.004306476619747812,-0.022559194113227488,237.0199981689453,240.99400024414064,0.010059515205919523,0.014182736806543987,0.0,0.0,0.0,0.0,0.0,0.0,0.0,0.0
2025-01-16,237.3500061035156,238.00999450683597,228.02999877929688,228.25999450683597,71759100,229.97999572753903,1,AAPL,-0.040400222002010544,-0.026194537327334455,-0.06832655303332258,234.13199768066406,238.7779998779297,0.8015439847358907,0.019050580565951363,0.0,0.0,0.0,0.0,0.0,0.0,0.0,0.0
2025-01-17,232.1199951171875,232.2899932861328,228.47999572753903,229.97999572753903,68488300,222.63999938964844,0,AAPL,0.007535272330218001,-0.014146103690955258,-0.050493417477899594,232.75799560546875,237.39099884033203,-0.045580281803980216,0.02011736645208929,0.0,0.0,0.0,0.0,0.0,0.0,0.0,0.0
2025-01-21,224.0,224.4199981689453,219.3800048828125,222.63999938964844,98070400,223.8300018310547,1,AAPL,-0.031915803436166734,-0.06402655248736167,-0.08265347264454936,230.40599670410157,235.31899871826172,0.43192924922943043,0.021562256160499536,0.0,0.0,0.0,0.0,0.0,0.0,0.0,0.0
2025-01-22,219.7899932861328,224.1199951171875,219.7899932861328,223.8300018310547,64126500,223.66000366210935,0,AAPL,0.00534496247156202,-0.019407661361564688,-0.05497151757205576,228.51599731445313,233.20199890136718,-0.3461176868861553,0.02169034233765076,0.0,0.0,0.0,0.0,0.0,0.0,0.0,0.0
2025-01-23,224.7400054931641,227.02999877929688,222.3000030517578,223.66000366210935,60234800,222.77999877929688,0,AAPL,-0.0007594967946864539,-0.027480616500737187,-0.04581907215884162,225.6739990234375,231.3469985961914,-0.06068785915339214,0.021808143499946663,0.0,0.0,0.0,0.0,0.0,0.0,0.0,0.0
2025-01-24,224.77999877929688,225.6300048828125,221.41000366210935,222.77999877929688,54697900,229.8600006103516,1,AAPL,-0.003934565270516277,0.0006288150827893357,-0.04501028830137255,224.5779998779297,229.35499877929686,-0.09192194545345878,0.02182138445024609,0.0,0.0,0.0,0.0,0.0,0.0,0.0,0.0
2025-01-27,224.0200042724609,232.1499938964844,223.97999572753903,229.8600006103516,94863400,238.25999450683597,1,AAPL,0.031780240011890504,0.026940082785900543,-0.03367383306536731,224.5540008544922,228.65599822998047,0.7343152113700893,0.024538021720416317,0.0,0.0,0.0,0.0,0.0,0.0,0.0,0.0
2025-01-28,230.8500061035156,240.19000244140625,230.80999755859372,238.25999450683597,75707600,239.3600006103516,1,AAPL,0.036543956643956044,0.06527761157861423,0.04380969175788052,227.6779998779297,229.04199829101563,-0.2019303545940795,0.023026698454496237,0.0,0.0,0.0,0.0,0.0,0.0,0.0,0.0
2025-01-29,234.1199951171875,239.8600006103516,234.00999450683597,239.3600006103516,45486100,237.58999633789065,0,AAPL,0.004616830894303092,0.07442320640049993,0.04078617730702638,230.78399963378905,229.6499984741211,-0.39918713576972453,0.02302851798195776,0.0,0.0,0.0,0.0,0.0,0.0,0.0,0.0
2025-01-30,238.6699981689453,240.7899932861328,237.2100067138672,237.58999633789065,55658300,236.0,0,AAPL,-0.0073947370820001135,0.033629146902520946,0.06714874680752136,233.56999816894532,229.62199859619142,0.22363315386458726,0.017512177781145544,0.0,0.0,0.0,0.0,0.0,0.0,0.0,0.0
2025-01-31,247.19000244140625,247.19000244140625,233.44000244140625,236.0,100959800,228.00999450683597,0,AAPL,-0.006692185539787787,-0.00948541324158858,0.054371612694401605,236.21399841308593,230.3959991455078,0.8139217331467186,0.018543823556444874,0.0,0.0,0.0,0.0,0.0,0.0,0.0,0.0
2025-02-03,229.9900054931641,231.8300018310547,225.6999969482422,228.00999450683597,73063300,232.8000030517578,1,AAPL,-0.03385595547950859,-0.04741814035166225,0.01944912265716625,235.84399719238286,230.1989990234375,-0.27631294832200537,0.024374000753503027,0.0,0.0,0.0,0.0,0.0,0.0,0.0,0.0
2025-02-04,227.25,233.1300048828125,226.6499938964844,232.8000030517578,45067300,232.47000122070312,0,AAPL,0.02100788851507218,-0.020160753230202166,0.04497712688466038,234.75199890136724,231.21499938964843,-0.38317458970509133,0.025004729750679716,0.0,0.0,0.0,0.0,0.0,0.0,0.0,0.0
2025-02-05,228.52999877929688,232.6699981689453,228.2700042724609,232.47000122070312,39620300,233.22000122070312,1,AAPL,-0.0014175336199687694,-0.014957621946173227,0.011354740291573684,233.3739990234375,232.0789993286133,-0.12086368608725173,0.0224439076123974,0.0,0.0,0.0,0.0,0.0,0.0,0.0,0.0
2025-02-06,231.2899932861328,233.8000030517578,230.42999267578125,233.22000122070312,29925300,227.6300048828125,0,AAPL,0.00322622272147699,0.022849905001471216,-0.021153334182538286,232.5,233.03499908447264,-0.24469779380771983,0.01663663845944613,0.0,0.0,0.0,0.0,0.0,0.0,0.0,0.0
2025-02-07,232.6000061035156,234.0,227.25999450683597,227.6300048828125,39707200,227.6499938964844,1,AAPL,-0.023968769010513147,-0.022207895623591933,-0.04900566384370153,230.8260009765625,233.5199996948242,0.32687725770501874,0.017933265753383092,0.0,0.0,0.0,0.0,0.0,0.0,0.0,0.0
2025-02-10,229.57000732421875,230.58999633789065,227.1999969482422,227.6499938964844,33115600,232.6199951171875,1,AAPL,8.781361526666309e-05,-0.020733889529439442,-0.041836788562722105,230.75400085449218,233.2989990234375,-0.16600515775476488,0.01812869864757053,0.0,0.0,0.0,0.0,0.0,0.0,0.0,0.0
2025-02-11,228.1999969482422,235.22999572753903,228.1300048828125,232.6199951171875,53718400,236.8699951171875,1,AAPL,0.021831765227118938,-0.002572704315132124,-0.014322054588188582,230.71799926757814,232.73499908447266,0.622147869886096,0.020923024172817443,0.0,0.0,0.0,0.0,0.0,0.0,0.0,0.0
2025-02-12,231.1999969482422,236.9600067138672,230.67999267578125,236.8699951171875,45243300,241.52999877929688,1,AAPL,0.018270140526221557,0.04059214530673105,0.0388579484400009,231.597998046875,232.48599853515626,-0.15776903258473818,0.016436640051144077,0.0,0.0,0.0,0.0,0.0,0.0,0.0,0.0
2025-02-13,236.91000366210935,242.33999633789065,235.57000732421875,241.52999877929688,53614100,244.6000061035156,1,AAPL,0.01967325435120615,0.06097081157456086,0.037499981155920015,233.25999755859374,232.87999877929687,0.1850174500975834,0.016234304512490954,0.0,0.0,0.0,0.0,0.0,0.0,0.0,0.0
2025-02-14,241.25,245.5500030517578,240.9900054931641,244.6000061035156,40896200,244.47000122070312,0,AAPL,0.012710666748373622,0.05150034922962199,0.05217879648607404,236.65399780273438,233.73999938964843,-0.23721185285214152,0.016125341205288017,0.0,0.0,0.0,0.0,0.0,0.0,0.0,0.0
2025-02-18,244.1499938964844,245.17999267578125,241.83999633789065,244.47000122070312,48822500,244.8699951171875,1,AAPL,-0.0005314999164695022,0.03208513640470012,0.048237715209313414,240.01799926757812,235.38600006103516,0.19381507328309233,0.016348619822123666,0.0,0.0,0.0,0.0,0.0,0.0,0.0,0.0
2025-02-19,244.66000366210935,246.00999450683597,243.16000366210935,244.8699951171875,32204200,245.8300018310547,1,AAPL,0.001636167605379324,0.013828494823711734,0.07573689700200292,242.46799926757814,236.59299926757814,-0.3403819960059399,0.009886777603532033,0.0,0.0,0.0,0.0,0.0,0.0,0.0,0.0
2025-02-20,244.94000244140625,246.77999877929688,244.2899932861328,245.8300018310547,32316900,245.5500030517578,0,AAPL,0.003920475080696484,0.005028600559472407,0.07985947033601493,244.26000061035157,237.9289993286133,0.0034995435377993545,0.009301191903256694,0.0,0.0,0.0,0.0,0.0,0.0,0.0,0.0
2025-02-21,245.9499969482422,248.69000244140625,245.22000122070312,245.5500030517578,53197400,247.1000061035156,1,AAPL,-0.001138993520771736,0.004417727433476237,0.05558424987523769,245.06400146484376,239.16199951171876,0.646117047117762,0.00891697994628583,0.0,0.0,0.0,0.0,0.0,0.0,0.0,0.0
2025-02-24,244.92999267578125,248.8600006103516,244.4199981689453,247.1000061035156,51326400,247.0399932861328,0,AAPL,0.006312372357947238,0.009106918082229187,0.04318829398914348,245.56400146484376,241.10899963378907,-0.035170891810502036,0.0076270704639323,0.0,0.0,0.0,0.0,0.0,0.0,0.0,0.0
2025-02-25,248.0,250.0,244.91000366210935,247.0399932861328,48013300,240.3600006103516,0,AAPL,-0.00024286853865007618,0.004922065842515311,0.022812878460993113,246.0779998779297,243.0479995727539,-0.06454962748215343,0.004961492847372726,0.0,0.0,0.0,0.0,0.0,0.0,0.0,0.0
2025-02-26,244.3300018310547,244.97999572753903,239.1300048828125,240.3600006103516,44433600,237.3000030517578,0,AAPL,-0.02704012652738441,-0.0211362344813828,-0.01733444557384689,245.1760009765625,243.8220001220703,-0.07455642499057558,0.011172909251714228,0.0,0.0,0.0,0.0,0.0,0.0,0.0,0.0
2025-02-27,239.41000366210935,242.4600067138672,237.05999755859372,237.3000030517578,41153600,241.83999633789065,1,AAPL,-0.012730893454915404,-0.03966006802789135,-0.029328744357768333,243.47000122070312,243.86500091552733,-0.07381801159482915,0.011761428390750074,0.0,0.0,0.0,0.0,0.0,0.0,0.0,0.0
2025-02-28,236.9499969482422,242.08999633789065,230.1999969482422,241.83999633789065,56833400,238.02999877929688,0,AAPL,0.019131872009047646,-0.02104921101669266,-0.012373907949999263,242.72799987792968,243.89600067138673,0.38100676490027596,0.014696901820557585,0.0,0.0,0.0,0.0,0.0,0.0,0.0,0.0
2025-03-03,241.7899932861328,244.02999877929688,236.1100006103516,238.02999877929688,47184000,235.92999267578125,0,AAPL,-0.01575420780800285,-0.00969380023771882,-0.031729255964120795,240.91399841308595,243.23899993896484,-0.16978396506279758,0.015314776147050638,0.0,0.0,0.0,0.0,0.0,0.0,0.0,0.0
2025-03-04,237.7100067138672,240.07000732421875,234.67999267578125,235.92999267578125,53798100,235.7400054931641,0,AAPL,-0.00882244302938795,-0.005773326415329794,-0.0391773987229348,238.69199829101564,242.38499908447267,0.14017675483214642,0.015309524791173304,0.0,0.0,0.0,0.0,0.0,0.0,0.0,0.0
2025-03-05,235.4199981689453,236.5500030517578,229.22999572753903,235.7400054931641,47227600,235.3300018310547,0,AAPL,-0.0008052693108766551,-0.02522325064959008,-0.04597329150041607,237.76799926757812,241.4720001220703,-0.12213256601998956,0.01460733878285812,0.0,0.0,0.0,0.0,0.0,0.0,0.0,0.0
2025-03-06,234.44000244140625,237.8600006103516,233.16000366210935,235.3300018310547,45170400,239.07000732421875,1,AAPL,-0.0017392197020258404,-0.011343095248870894,-0.047401197268958306,237.3739990234375,240.4220001220703,-0.04355927466142684,0.014509266815469421,0.0,0.0,0.0,0.0,0.0,0.0,0.0,0.0
2025-03-07,235.1100006103516,241.3699951171875,234.75999450683597,239.07000732421875,46273600,227.47999572753903,0,AAPL,0.015892599600832114,0.013309094841335245,-0.005366921629460508,236.82000122070312,239.7740005493164,0.024423073517170435,0.01358340574201951,0.0,0.0,0.0,0.0,0.0,0.0,0.0,0.0
2025-03-10,235.5399932861328,236.16000366210935,224.22000122070312,227.47999572753903,72071200,220.83999633789065,0,AAPL,-0.04847957184759577,-0.03503864245843746,-0.041382246936073286,234.71000061035156,237.81199951171874,0.5575014695204177,0.02259561748805918,0.0,0.0,0.0,0.0,0.0,0.0,0.0,0.0
2025-03-11,223.80999755859372,225.83999633789065,217.4499969482422,220.83999633789065,76137400,216.97999572753903,0,AAPL,-0.029189377151217055,-0.061573132964009125,-0.08683427190703197,231.69200134277344,235.19199981689454,0.05641920767241282,0.021038064818194643,0.0,0.0,0.0,0.0,0.0,0.0,0.0,0.0
2025-03-12,220.13999938964844,221.75,214.91000366210935,216.97999572753903,62547500,209.67999267578125,0,AAPL,-0.017478720677235104,-0.09239976124115801,-0.08843424425370672,227.93999938964845,232.85399932861327,-0.17849177933577975,0.021089829308629092,0.0,0.0,0.0,0.0,0.0,0.0,0.0,0.0
2025-03-13,215.9499969482422,216.83999633789065,208.4199981689453,209.67999267578125,61368300,213.4900054931641,1,AAPL,-0.03364366852013567,-0.07824865212797649,-0.11126181839912641,222.80999755859375,230.0919982910156,-0.018852871817418793,0.022331076356351606,0.0,0.0,0.0,0.0,0.0,0.0,0.0,0.0
2025-03-14,211.25,213.9499969482422,209.5800018310547,213.4900054931641,60107600,214.0,1,AAPL,0.018170607356297053,-0.03328197322318782,-0.09438364079721373,217.69399719238282,227.25699920654296,-0.02054317945910189,0.02548215032885156,0.0,0.0,0.0,0.0,0.0,0.0,0.0,0.0
2025-03-17,213.30999755859372,215.22000122070312,209.97000122070312,214.0,48073400,212.69000244140625,0,AAPL,0.002388844881322738,-0.013733965278905247,-0.09063868467722047,214.997998046875,224.85399932861327,-0.200210955020663,0.025852354245495188,0.0,0.0,0.0,0.0,0.0,0.0,0.0,0.0
2025-03-18,214.16000366210935,215.1499938964844,211.4900054931641,212.69000244140625,42432400,215.2400054931641,1,AAPL,-0.006121483918662407,0.014355255011283985,-0.11034426768154493,213.3679992675781,222.53000030517578,-0.11734139877770244,0.022894474664720426,0.0,0.0,0.0,0.0,0.0,0.0,0.0,0.0
2025-03-19,214.22000122070312,218.75999450683597,213.75,215.2400054931641,54385400,214.1000061035156,0,AAPL,0.011989294383784488,0.00819710503991744,-0.053806886162575895,213.02000122070314,220.4800003051758,0.2816951197669706,0.019965485855936056,0.0,0.0,0.0,0.0,0.0,0.0,0.0,0.0
2025-03-20,213.9900054931641,217.4900054931641,212.22000122070312,214.1000061035156,48862900,218.2700042724609,1,AAPL,-0.005296410335227875,0.00046731824072709927,-0.030519789649256723,213.90400390625,218.35700073242188,-0.10154379668072677,0.01757862560920073,0.0,0.0,0.0,0.0,0.0,0.0,0.0,0.0
2025-03-21,211.55999755859372,218.83999633789065,211.27999877929688,218.2700042724609,94127800,220.72999572753903,1,AAPL,0.019476870855058115,0.026235374333553274,0.005945287908207586,214.86000366210936,216.2770004272461,0.926365401971639,0.018481801386779653,0.0,0.0,0.0,0.0,0.0,0.0,0.0,0.0
2025-03-24,221.0,221.47999572753903,218.5800018310547,220.72999572753903,44299500,223.75,1,AAPL,0.011270405492856295,0.02550636542587026,0.0526993677877694,216.20600280761718,215.60200042724608,-0.5293685818642314,0.010543865676830608,0.0,0.0,0.0,0.0,0.0,0.0,0.0,0.0
2025-03-25,220.7700042724609,224.1000061035156,220.0800018310547,223.75,34493600,221.52999877929688,0,AAPL,0.013681893403326706,0.045072366283907206,0.04805843010371946,218.41800231933593,215.89300079345702,-0.2213546428289258,0.009897109484920556,0.0,0.0,0.0,0.0,0.0,0.0,0.0,0.0
2025-03-26,223.50999450683597,225.0200042724609,220.47000122070312,221.52999877929688,34466100,223.8500061035156,1,AAPL,-0.009921793165153625,0.014935604723618434,0.03518691018363018,219.6760009765625,216.3480010986328,-0.0007972493448059614,0.01172949117195753,0.0,0.0,0.0,0.0,0.0,0.0,0.0,0.0
2025-03-27,221.38999938964844,224.9900054931641,220.55999755859372,223.8500061035156,37094800,217.8999938964844,0,AAPL,0.010472655337889769,0.014134963241823284,0.05247074866710677,221.6260009765625,217.76500244140624,0.07626914562425102,0.010739622227140406,0.0,0.0,0.0,0.0,0.0,0.0,0.0,0.0
2025-03-28,221.6699981689453,223.80999755859372,217.67999267578125,217.8999938964844,39818600,222.1300048828125,1,AAPL,-0.026580353115021604,-0.026145278674929995,0.012358243520881107,221.5519989013672,218.20600128173828,0.07342808156399272,0.016389643171489963,0.0,0.0,0.0,0.0,0.0,0.0,0.0,0.0
2025-03-31,217.00999450683597,225.6199951171875,216.22999572753903,222.1300048828125,65299300,223.19000244140625,1,AAPL,0.019412625538381745,0.002708464347139783,0.03750583162251031,221.83200073242188,219.01900177001954,0.6399195350916407,0.01722786274348247,0.0,0.0,0.0,0.0,0.0,0.0,0.0,0.0
2025-04-01,219.80999755859372,223.67999267578125,218.8999938964844,223.19000244140625,36412700,223.88999938964844,1,AAPL,0.0047719692760685994,-0.0029484192276686416,0.022540880893573645,221.72000122070312,220.06900177001953,-0.4423722765787689,0.016084116197853573,0.0,0.0,0.0,0.0,0.0,0.0,0.0,0.0
2025-04-02,221.32000732421875,225.19000244140625,221.0200042724609,223.88999938964844,35905900,203.19000244140625,0,AAPL,0.003136327526256366,0.027489700142027784,0.014316149699971081,222.19200134277344,220.93400115966796,-0.01391822084053096,0.015701685170482718,0.0,0.0,0.0,0.0,0.0,0.0,0.0,0.0
2025-04-03,205.5399932861328,207.4900054931641,201.25,203.19000244140625,103419000,188.3800048828125,0,AAPL,-0.09245610346452682,-0.08526539425143531,-0.09188825724511174,218.06000061035155,219.84300079345704,1.8802787285655005,0.03804588819845913,0.0,0.0,0.0,0.0,0.0,0.0,0.0,0.0
2025-04-04,193.88999938964844,199.8800048828125,187.33999633789065,188.3800048828125,125910900,181.4600067138672,0,AAPL,-0.07288743235713335,-0.15596575643092425,-0.14964110539950226,212.1560028076172,216.8540008544922,0.21748324775911576,0.04414488021504736,0.0,0.0,0.0,0.0,0.0,0.0,0.0,0.0
2025-04-07,177.1999969482422,194.1499938964844,174.6199951171875,181.4600067138672,160466300,172.4199981689453,0,AAPL,-0.036734249865053914,-0.1895126749361321,-0.1893678723870389,204.02200317382812,212.927001953125,0.27444327695219406,0.04190293125498782,0.0,0.0,0.0,0.0,0.0,0.0,0.0,0.0
2025-04-08,186.6999969482422,190.33999633789065,169.2100067138672,172.4199981689453,120859500,198.8500061035156,1,AAPL,-0.049818186985832624,-0.15143463705274607,-0.20871958238394817,193.86800231933594,207.79400177001952,-0.24682316473926302,0.042615673057632114,0.0,0.0,0.0,0.0,0.0,0.0,0.0,0.0
2025-04-09,171.9499969482422,200.6100006103516,171.88999938964844,198.8500061035156,184395900,190.4199981689453,0,AAPL,0.15328852926139636,0.05557915356895915,-0.10480348565057007,188.86000366210936,205.5260025024414,0.5257046405123305,0.08169736474042893,0.0,0.0,0.0,0.0,0.0,0.0,0.0,0.0
2025-04-10,189.07000732421875,194.77999877929688,183.0,190.4199981689453,121880000,198.1499938964844,1,AAPL,-0.04239380274487825,0.04937722431150671,-0.14682559215914703,186.30600280761718,202.18300170898436,-0.33903085697675495,0.08193611538467077,0.0,0.0,0.0,0.0,0.0,0.0,0.0,0.0
2025-04-11,186.1000061035156,199.5399932861328,186.05999755859372,198.1499938964844,87435900,202.5200042724609,1,AAPL,0.04059445332354672,0.14922860457478726,-0.11496719622731899,188.26000061035157,200.20800170898437,-0.2826066622907778,0.08484718161210719,0.0,0.0,0.0,0.0,0.0,0.0,0.0,0.0
2025-04-14,211.44000244140625,212.94000244140625,201.16000366210935,202.5200042724609,101352900,202.13999938964844,0,AAPL,0.02205405253890369,0.01845611293084315,-0.0032973973172648607,192.4720001220703,198.24700164794922,0.1591680305229317,0.07804306319022165,0.0,0.0,0.0,0.0,0.0,0.0,0.0,0.0
2025-04-15,201.8600006103516,203.50999450683597,199.8000030517578,202.13999938964844,51343900,194.2700042724609,0,AAPL,-0.0018763819612666044,0.06154816370865035,0.0730438164888878,198.41600036621094,196.14200134277343,-0.49341459395833764,0.07097975406513801,0.0,0.0,0.0,0.0,0.0,0.0,0.0,0.0
2025-04-16,198.3600006103516,200.6999969482422,192.3699951171875,194.2700042724609,59732400,196.97999572753903,1,AAPL,-0.03893338844835548,-0.01958107364893713,0.07059405425236753,197.5,193.18000183105465,0.16337870711028968,0.07123663055717917,0.0,0.0,0.0,0.0,0.0,0.0,0.0,0.0
2025-04-17,197.1999969482422,198.8300018310547,194.4199981689453,196.97999572753903,52164700,193.16000366210935,0,AAPL,0.013949613401343264,-0.027355364546944205,0.14244285940966472,198.81199951171874,192.55900115966796,-0.12669338583415368,0.06591549682913118,0.0,0.0,0.0,0.0,0.0,0.0,0.0,0.0
2025-04-21,193.2700042724609,193.8000030517578,189.80999755859372,193.16000366210935,46742500,199.7400054931641,1,AAPL,-0.019392791899099593,-0.044424635176876115,-0.028614544967346833,197.81400146484373,193.03700103759763,-0.10394385475235168,0.031424429521436856,0.0,0.0,0.0,0.0,0.0,0.0,0.0,0.0
2025-04-22,196.1199951171875,201.58999633789065,195.97000122070312,199.7400054931641,52976400,204.6000061035156,1,AAPL,0.03406503264808891,0.028156694808281202,0.04894447754352904,197.25800170898438,194.86500091552733,0.13336685029683903,0.028927973617351645,0.0,0.0,0.0,0.0,0.0,0.0,0.0,0.0
2025-04-23,206.0,208.0,202.8000030517578,204.6000061035156,52929200,208.3699951171875,1,AAPL,0.024331633507028494,0.03868418388289796,0.03255116026095228,197.7500030517578,198.08300170898434,-0.0008909627683270083,0.02633681856241313,0.0,0.0,0.0,0.0,0.0,0.0,0.0,0.0
2025-04-24,204.88999938964844,208.8300018310547,202.94000244140625,208.3699951171875,47311000,209.27999877929688,1,AAPL,0.01842614321215863,0.07874296524494095,0.028885990130912198,200.5700012207031,199.03500061035157,-0.10614556804183706,0.025975876279001678,0.0,0.0,0.0,0.0,0.0,0.0,0.0,0.0
2025-04-25,206.3699951171875,209.75,206.1999969482422,209.27999877929688,38222300,210.13999938964844,1,AAPL,0.0043672490446504675,0.04776205579136872,0.03532205110916853,203.03000183105468,200.9210006713867,-0.19210543002684366,0.025832558744783095,0.0,0.0,0.0,0.0,0.0,0.0,0.0,0.0
2025-04-28,210.0,211.5,207.4600067138672,210.13999938964844,38743100,211.2100067138672,1,AAPL,0.0041093301575299,0.027077190229065407,0.08169040391294824,206.4260009765625,202.1200012207031,0.01362555366893159,0.017260779730160845,0.0,0.0,0.0,0.0,0.0,0.0,0.0,0.0
2025-04-29,208.69000244140625,212.2400054931641,208.3699951171875,211.2100067138672,36827600,212.5,1,AAPL,0.005091878401668248,0.013629657163846787,0.07224089397387834,208.72000122070312,202.98900146484374,-0.04944106176325591,0.0173677513932652,0.0,0.0,0.0,0.0,0.0,0.0,0.0,0.0
2025-04-30,209.3000030517578,213.5800018310547,206.6699981689453,212.5,52286500,213.32000732421875,1,AAPL,0.006107633374967891,0.015386091549526748,0.10012422846979074,210.3,204.0250015258789,0.4197639813618048,0.011978288358927199,0.0,0.0,0.0,0.0,0.0,0.0,0.0,0.0
2025-05-01,209.0800018310547,214.55999755859372,208.8999938964844,213.32000732421875,57365700,205.3500061035156,0,AAPL,0.0038588579963234615,0.015132806432885948,0.06798839219777353,211.29000244140624,205.93000183105468,0.09714170961911783,0.008344797498853296,0.0,0.0,0.0,0.0,0.0,0.0,0.0,0.0
2025-05-02,206.08999633789065,206.9900054931641,202.16000366210935,205.3500061035156,101010600,198.88999938964844,0,AAPL,-0.03736171454649251,-0.027744900450149212,0.003665689040207365,210.50400390625,206.76700286865236,0.7608187470910317,0.01754270543077645,0.0,0.0,0.0,0.0,0.0,0.0,0.0,0.0
2025-05-05,203.1000061035156,204.1000061035156,198.2100067138672,198.88999938964844,69018500,198.50999450683597,0,AAPL,-0.03145851727226501,-0.06404706169577201,-0.04549597326720434,208.25400390625,207.34000244140626,-0.31672022540208655,0.01917746687454476,0.0,0.0,0.0,0.0,0.0,0.0,0.0,0.0
2025-05-06,198.2100067138672,200.6499938964844,197.0200042724609,198.50999450683597,51216500,196.25,0,AAPL,-0.0019106284075550706,-0.0694262718399099,-0.051462176678521376,205.71400146484376,207.21700134277344,-0.25793084462861404,0.01872774914640545,0.0,0.0,0.0,0.0,0.0,0.0,0.0,0.0
2025-05-07,199.1699981689453,199.44000244140625,193.25,196.25,68536700,197.4900054931641,1,AAPL,-0.01138478952886246,-0.04431461326048536,-0.0660987885694867,202.46400146484376,206.3820007324219,0.3381761736940243,0.018048723255728597,0.0,0.0,0.0,0.0,0.0,0.0,0.0,0.0
2025-05-08,197.72000122070312,200.0500030517578,194.67999267578125,197.4900054931641,50478900,198.52999877929688,1,AAPL,0.006318499328224592,-0.007039036154561029,-0.06495904921441531,199.29800109863282,205.29400177001952,-0.2634763564630337,0.01822004773165137,0.0,0.0,0.0,0.0,0.0,0.0,0.0,0.0
2025-05-09,199.0,200.5399932861328,197.5399932861328,198.52999877929688,36453900,210.7899932861328,1,AAPL,0.0052660552797887394,0.0001007721173464926,-0.06574118221507352,197.93399963378906,204.21900177001953,-0.2778388594046225,0.018103032754871344,0.0,0.0,0.0,0.0,0.0,0.0,0.0,0.0
2025-05-12,210.97000122070312,211.2700042724609,206.75,210.7899932861328,63775800,212.92999267578125,1,AAPL,0.06175386381009962,0.07408913776373405,-0.011860181657694424,200.31399841308593,204.28400115966798,0.7494918239200743,0.03263175534026222,0.0,0.0,0.0,0.0,0.0,0.0,0.0,0.0
2025-05-13,210.42999267578125,213.3999938964844,209.0,212.92999267578125,51909300,212.3300018310547,0,AAPL,0.010152281691776288,0.07818110665428879,0.03691252177730453,203.197998046875,204.45599975585938,-0.18606587451666623,0.02855638606730332,0.0,0.0,0.0,0.0,0.0,0.0,0.0,0.0
2025-05-14,212.42999267578125,213.94000244140625,210.5800018310547,212.3300018310547,49325800,211.4499969482422,0,AAPL,-0.0028177845553216674,0.0695109209520477,0.0675750539627471,206.41399841308595,204.43899993896486,-0.04976950180410833,0.02407258011128012,0.0,0.0,0.0,0.0,0.0,0.0,0.0,0.0
2025-05-15,210.9499969482422,212.9600067138672,209.5399932861328,211.4499969482422,45029500,211.25999450683597,0,AAPL,-0.004144515024837148,0.003131095797386685,0.0651856470680654,209.20599670410155,204.2519989013672,-0.0871004626382137,0.024265037268619533,0.0,0.0,0.0,0.0,0.0,0.0,0.0,0.0
2025-05-16,212.3600006103516,212.57000732421875,209.7700042724609,211.25999450683597,54737900,208.77999877929688,0,AAPL,-0.0008985691376137694,-0.007842944753622016,0.07648404844247625,211.7519958496094,204.8429977416992,0.21560088386502185,0.02306896597481293,0.0,0.0,0.0,0.0,0.0,0.0,0.0,0.0
2025-05-19,207.91000366210935,209.47999572753903,204.25999450683597,208.77999877929688,46140500,206.8600006103516,0,AAPL,-0.011739069355409137,-0.016719271987679085,0.057167415930440946,211.3499969482422,205.83199768066407,-0.15706484903512918,0.024612194132271958,0.0,0.0,0.0,0.0,0.0,0.0,0.0,0.0
2025-05-20,207.6699981689453,208.47000122070312,205.02999877929688,206.8600006103516,42496600,202.08999633789065,0,AAPL,-0.009196274452395903,-0.02170724239364319,0.04195840367840353,210.13599853515626,206.66699829101563,-0.07897400331595883,0.025493184986387196,0.0,0.0,0.0,0.0,0.0,0.0,0.0,0.0
2025-05-21,205.1699981689453,207.0399932861328,200.7100067138672,202.08999633789065,59211800,201.3600006103516,0,AAPL,-0.02305909435553888,-0.04340622175226172,-0.0412732920221337,208.0879974365235,207.2509979248047,0.3933302899526079,0.010284643154137824,0.0,0.0,0.0,0.0,0.0,0.0,0.0,0.0
2025-05-22,200.7100067138672,202.75,199.6999969482422,201.3600006103516,46742400,195.2700042724609,0,AAPL,-0.003612230891026025,-0.035539794100626576,-0.0543370706965024,206.06999816894535,207.63799743652345,-0.21058978109093118,0.007676267453278615,0.0,0.0,0.0,0.0,0.0,0.0,0.0,0.0
2025-05-23,193.6699981689453,197.6999969482422,193.4600067138672,195.2700042724609,78432900,200.2100067138672,1,AAPL,-0.03024432021966139,-0.05602821378562206,-0.08034661805432453,202.87200012207032,207.31199798583984,0.677981875128363,0.010940887435120155,0.0,0.0,0.0,0.0,0.0,0.0,0.0,0.0
2025-05-27,198.3000030517578,200.7400054931641,197.42999267578125,200.2100067138672,56288500,200.4199981689453,1,AAPL,0.025298316860348224,-0.009302734712707705,-0.05315672923431758,201.1580017089844,206.25399932861328,-0.2823356015141605,0.017863046290224074,0.0,0.0,0.0,0.0,0.0,0.0,0.0,0.0
2025-05-28,200.58999633789065,202.72999572753903,199.8999938964844,200.4199981689453,45339700,199.9499969482422,0,AAPL,0.0010488559414427723,-0.0046682679705849495,-0.051311164535412734,199.87000122070313,205.00299987792968,-0.1945122005382982,0.018000102231459397,0.0,0.0,0.0,0.0,0.0,0.0,0.0,0.0
2025-05-29,203.5800018310547,203.80999755859372,198.50999450683597,199.9499969482422,51396800,200.8500061035156,1,AAPL,-0.0023450814539321962,0.023966777146434026,-0.0422933321327823,199.44200134277344,203.76499938964847,0.13359373793827478,0.01796916381657754,0.0,0.0,0.0,0.0,0.0,0.0,0.0,0.0
2025-05-30,199.3699951171875,201.9600067138672,196.77999877929688,200.8500061035156,70819900,201.6999969482422,1,AAPL,0.0045011711378339925,0.0031966403685459444,-0.029053439471638742,199.34000244140626,202.7050003051758,0.3779048501073996,0.018307696356800917,0.0,0.0,0.0,0.0,0.0,0.0,0.0,0.0
2025-06-02,200.27999877929688,202.1300048828125,200.1199951171875,201.6999969482422,35423300,203.2700042724609,1,AAPL,0.004231968229508221,0.006386582132477114,-0.0019298302573889092,200.6260009765625,201.7490005493164,-0.4998114936620921,0.016392894463097864,0.0,0.0,0.0,0.0,0.0,0.0,0.0,0.0
2025-06-03,201.3500061035156,203.7700042724609,200.9600067138672,203.2700042724609,46381600,202.82000732421875,0,AAPL,0.0077838738124602624,0.01660418792143381,0.009485516767579583,201.23800048828124,201.1980010986328,0.3093528835540449,0.016557981140143115,0.0,0.0,0.0,0.0,0.0,0.0,0.0,0.0
2025-06-04,202.91000366210935,206.2400054931641,202.1000061035156,202.82000732421875,43604000,200.6300048828125,0,AAPL,-0.0022137892398476078,0.009808320442309837,0.038664428158783126,201.71800231933594,200.79400177001952,-0.05988581678941651,0.0094925418975065,0.0,0.0,0.0,0.0,0.0,0.0,0.0,0.0
2025-06-05,203.5,204.75,200.1499938964844,200.6300048828125,55126100,203.9199981689453,1,AAPL,-0.010797763348392997,-0.005304869021412362,0.00209778809680361,201.85400390625,200.6480026245117,0.2642441060453169,0.006139402855214672,0.0,0.0,0.0,0.0,0.0,0.0,0.0,0.0
2025-06-06,203.0,205.6999969482422,202.0500030517578,203.9199981689453,46607700,201.4499969482422,0,AAPL,0.0163983113495636,0.003197687227935342,0.01746332717281862,202.46800231933594,200.90400238037108,-0.1545257146796164,0.008666135451546007,0.0,0.0,0.0,0.0,0.0,0.0,0.0,0.0
2025-06-09,204.38999938964844,206.0,200.0200042724609,201.4499969482422,72862600,202.6699981689453,1,AAPL,-0.012112599268742419,-0.006754808828039027,0.007501875583365347,202.41800231933593,201.5220016479492,0.5633167910023451,0.010224148319474663,0.0,0.0,0.0,0.0,0.0,0.0,0.0,0.0
2025-06-10,200.6000061035156,204.3500061035156,200.57000732421875,202.6699981689453,54672600,198.77999877929688,0,AAPL,0.0060560994747325125,0.010167937180305398,0.009061448892820678,202.29800109863282,201.76800079345702,-0.24964796754439178,0.010326408740800716,0.0,0.0,0.0,0.0,0.0,0.0,0.0,0.0
2025-06-11,203.5,204.5,198.41000366210935,198.77999877929688,60989900,199.1999969482422,1,AAPL,-0.019193760422328232,-0.0252059603560314,-0.014476937100274756,201.48999938964843,201.60400085449217,0.1155478246873205,0.012744007006235809,0.0,0.0,0.0,0.0,0.0,0.0,0.0,0.0
2025-06-12,199.0800018310547,199.67999267578125,197.3600006103516,199.1999969482422,43904600,196.4499969482422,0,AAPL,0.002112879422097258,-0.01116902474105319,-0.020022665610629486,201.20399780273436,201.52900085449215,-0.2801332679673192,0.012185555296844792,0.0,0.0,0.0,0.0,0.0,0.0,0.0,0.0
2025-06-13,199.72999572753903,200.3699951171875,195.6999969482422,196.4499969482422,51447300,198.4199981689453,1,AAPL,-0.013805221095031128,-0.030690290999648373,-0.031407209081664944,199.70999755859376,201.08899993896483,0.1717974881903035,0.012858230111336643,0.0,0.0,0.0,0.0,0.0,0.0,0.0,0.0
2025-06-16,197.3000030517578,198.69000244140625,196.55999755859372,198.4199981689453,43020700,195.63999938964844,0,AAPL,0.010028003315378786,-0.0018110504706827513,-0.011015334995172044,199.10399780273437,200.76100006103516,-0.1637909083664254,0.013543182762427023,0.0,0.0,0.0,0.0,0.0,0.0,0.0,0.0
2025-06-17,197.1999969482422,198.38999938964844,195.2100067138672,195.63999938964844,38856200,196.5800018310547,1,AAPL,-0.014010678383989505,-0.017871473961511897,-0.04060415287193653,197.697998046875,199.9979995727539,-0.09680223706262336,0.011578945414882491,0.0,0.0,0.0,0.0,0.0,0.0,0.0,0.0
2025-06-18,195.94000244140625,197.57000732421875,195.07000732421875,196.5800018310547,45394700,201.0,1,AAPL,0.004804755900321256,0.0006617708568696923,-0.024174709312300147,197.25799865722655,199.3739990234375,0.16827430371472252,0.011816166632900568,0.0,0.0,0.0,0.0,0.0,0.0,0.0,0.0
2025-06-20,198.2400054931641,201.6999969482422,196.8600006103516,201.0,96813500,201.5,1,AAPL,0.022484475164182616,0.013002730848016286,-0.008239987092481305,197.6179992675781,199.41099853515624,1.1327049192967462,0.015169811116571893,0.0,0.0,0.0,0.0,0.0,0.0,0.0,0.0
2025-06-23,201.6300048828125,202.3000030517578,198.9600067138672,201.5,55814300,200.3000030517578,0,AAPL,0.0024875621890547706,0.02995297806498365,0.013683475386893074,198.62799987792968,199.16899871826172,-0.4234863939429935,0.012899128075796887,0.0,0.0,0.0,0.0,0.0,0.0,0.0,0.0
2025-06-24,202.58999633789065,203.44000244140625,200.1999969482422,200.3000030517578,54064000,201.55999755859372,1,AAPL,-0.005955319842392948,0.01892359948139677,0.005522119078151588,199.00400085449218,199.0539993286133,-0.031359346977387514,0.013244713488126196,0.0,0.0,0.0,0.0,0.0,0.0,0.0,0.0
2025-06-25,201.4499969482422,203.6699981689453,200.6199951171875,201.55999755859372,39525700,201.0,0,AAPL,0.0062905366332437485,0.002786057505441475,0.026011711324677833,200.18800048828126,198.94299926757813,-0.26890907073098547,0.01161311988529715,0.0,0.0,0.0,0.0,0.0,0.0,0.0,0.0
2025-06-26,201.42999267578125,202.63999938964844,199.4600067138672,201.0,50799100,201.0800018310547,1,AAPL,-0.002778316954637483,-0.002481389578163795,0.013002730848016286,201.0720001220703,199.16499938964844,0.2852169601044383,0.01146387497172582,0.0,0.0,0.0,0.0,0.0,0.0,0.0,0.0
2025-06-27,201.88999938964844,203.22000122070312,200.0,201.0800018310547,73188600,205.1699981689453,1,AAPL,0.00039801905997349785,0.0038941526081521793,0.027806187172243924,201.08800048828124,199.35299987792968,0.4407459974684591,0.009200320993715531,0.0,0.0,0.0,0.0,0.0,0.0,0.0,0.0
2025-06-30,202.00999450683597,207.38999938964844,199.25999450683597,205.1699981689453,91912800,207.82000732421875,1,AAPL,0.020340144721736175,0.017910302907709452,0.0436972034687082,201.8220001220703,200.225,0.2558349251112879,0.011112610336754878,0.0,0.0,0.0,0.0,0.0,0.0,0.0,0.0
2025-07-01,206.6699981689453,210.19000244140625,206.13999938964844,207.82000732421875,78788900,212.44000244140625,1,AAPL,0.012916163079025322,0.03393038469760579,0.03393038469760579,203.3260009765625,201.16500091552734,-0.14278642365372396,0.009196204869203188,0.0,0.0,0.0,0.0,0.0,0.0,0.0,0.0
2025-07-02,208.91000366210935,213.33999633789065,208.13999938964844,212.44000244140625,67941800,213.5500030517578,1,AAPL,0.022230752354752248,0.05649492991300109,0.054292816086383366,205.502001953125,202.84500122070312,-0.137672946316042,0.011177826336488589,0.0,0.0,0.0,0.0,0.0,0.0,0.0,0.0
2025-07-03,212.1499938964844,214.6499938964844,211.80999755859372,213.5500030517578,34955800,209.9499969482422,0,AAPL,0.005225007520218483,0.04084420216211182,0.06615077283137216,208.01200256347656,204.54200134277343,-0.48550376940263573,0.009599710301123006,0.0,0.0,0.0,0.0,0.0,0.0,0.0,0.0
2025-07-07,212.67999267578125,216.22999572753903,208.8000030517578,209.9499969482422,50229000,210.00999450683597,1,AAPL,-0.016857907057220234,0.010249203873332835,0.04162531996067065,209.78600158691407,205.43700103759767,0.43692892166679065,0.013834717235936156,0.0,0.0,0.0,0.0,0.0,0.0,0.0,0.0
2025-07-08,210.1000061035156,211.42999267578125,208.4499969482422,210.00999450683597,42848900,211.13999938964844,1,AAPL,0.00028577070476720756,-0.011438561036735573,0.044825843317591874,210.75400085449218,206.28800048828126,-0.14692906488283664,0.01355918722577446,0.0,0.0,0.0,0.0,0.0,0.0,0.0,0.0
2025-07-09,209.52999877929688,211.3300018310547,207.22000122070312,211.13999938964844,48749400,212.41000366210935,1,AAPL,0.0053807195484483206,-0.01128543023961126,0.05002982627305741,211.41799926757812,207.37200012207032,0.13770481856010308,0.013322604915439623,0.0,0.0,0.0,0.0,0.0,0.0,0.0,0.0
2025-07-10,210.50999450683597,213.47999572753903,210.02999877929688,212.41000366210935,44443600,211.16000366210935,0,AAPL,0.0060149866256140605,0.0117171076428908,0.035287837197338856,211.41199951171876,208.45700073242188,-0.08832518964335967,0.011977596011939368,0.0,0.0,0.0,0.0,0.0,0.0,0.0,0.0
2025-07-11,210.57000732421875,212.1300048828125,209.8600006103516,211.16000366210935,39765800,208.6199951171875,0,AAPL,-0.005884845244805148,0.005475973455329797,0.016071582235486437,210.93399963378906,209.4730010986328,-0.10525249979749618,0.012021815880620854,0.0,0.0,0.0,0.0,0.0,0.0,0.0,0.0
2025-07-14,209.92999267578125,210.91000366210935,207.5399932861328,208.6199951171875,38840100,209.1100006103516,1,AAPL,-0.01202883359003093,-0.011935229135860648,-0.01798158200112221,210.66799926757812,210.22700042724608,-0.02327879735853422,0.009223460094559823,0.0,0.0,0.0,0.0,0.0,0.0,0.0,0.0
2025-07-15,209.22000122070312,211.88999938964844,208.9199981689453,209.1100006103516,42296300,210.16000366210935,1,AAPL,0.0023487944810316463,-0.015536005813583165,-0.020791394886237047,210.48800048828124,210.62100067138672,0.08898535276685693,0.008876809973982113,0.0,0.0,0.0,0.0,0.0,0.0,0.0,0.0
2025-07-16,210.3000030517578,212.3999938964844,208.63999938964844,210.16000366210935,47490500,210.0200042724609,0,AAPL,0.0050212952450527926,-0.004735745324195739,0.0010002701448903473,210.29200134277343,210.8550003051758,0.12280506805559832,0.006771058319647508,0.0,0.0,0.0,0.0,0.0,0.0,0.0,0.0
2025-07-17,210.57000732421875,211.8000030517578,209.58999633789065,210.0200042724609,48068100,211.17999267578125,1,AAPL,-0.0006661562010320532,0.006710810027998448,4.766328216154747e-05,209.81400146484376,210.61300048828124,0.012162432486497288,0.0067777271680542475,0.0,0.0,0.0,0.0,0.0,0.0,0.0,0.0
2025-07-18,210.8699951171875,211.7899932861328,209.6999969482422,211.17999267578125,48974600,212.47999572753903,1,AAPL,0.005523228167424898,0.009899058196106036,0.00018941596215027445,209.81799926757813,210.3759994506836,0.01885866094145605,0.006796677459763974,0.0,0.0,0.0,0.0,0.0,0.0,0.0,0.0
2025-07-21,212.1000061035156,215.77999877929688,211.6300048828125,212.47999572753903,51377400,214.3999938964844,1,AAPL,0.006155900638530776,0.011039170275042975,0.00032951397873448585,210.58999938964843,210.62899932861328,0.04906216691917842,0.00681747673605205,0.0,0.0,0.0,0.0,0.0,0.0,0.0,0.0
2025-07-22,213.13999938964844,214.9499969482422,212.22999572753903,214.3999938964844,46404100,214.1499938964844,0,AAPL,0.009036136142469342,0.02085510682278291,0.015343768602881669,211.647998046875,211.06799926757813,-0.09679937092963053,0.006977131009826808,0.0,0.0,0.0,0.0,0.0,0.0,0.0,0.0
2025-07-23,215.0,215.1499938964844,212.41000366210935,214.1499938964844,46989300,213.75999450683597,0,AAPL,-0.0011660448093142595,0.014063838070412782,0.026507520413805663,212.44599609375,211.3689987182617,0.012610954635474014,0.0037444499056991814,0.0,0.0,0.0,0.0,0.0,0.0,0.0,0.0
2025-07-24,213.8999938964844,215.69000244140625,213.52999877929688,213.75999450683597,46022600,213.8800048828125,1,AAPL,-0.0018211505989440546,0.00602409076164645,0.022237070837893613,213.193994140625,211.50399780273438,-0.02057276869414948,0.004295723975556026,0.0,0.0,0.0,0.0,0.0,0.0,0.0,0.0
2025-07-25,214.6999969482422,215.2400054931641,213.3999938964844,213.8800048828125,40268800,214.0500030517578,1,AAPL,0.0005614258002457628,-0.0024253219611701793,0.017700804890944388,213.73399658203124,211.7759979248047,-0.1250211852437716,0.0043034726780337,0.0,0.0,0.0,0.0,0.0,0.0,0.0,0.0
2025-07-28,214.02999877929688,214.8500061035156,213.05999755859372,214.0500030517578,37858000,211.2700042724609,0,AAPL,0.0007948296477664485,-0.0004669196711484247,0.019188642497448782,214.047998046875,212.31899871826172,-0.059867689129052715,0.004156238542598512,0.0,0.0,0.0,0.0,0.0,0.0,0.0,0.0
2025-07-29,214.17999267578125,214.80999755859372,210.82000732421875,211.2700042724609,51411700,209.0500030517578,0,AAPL,-0.012987613826965005,-0.011648532458656269,0.0004262316497845031,213.4220001220703,212.53499908447264,0.3580141581700036,0.006997632954857385,0.0,0.0,0.0,0.0,0.0,0.0,0.0,0.0
2025-07-30,211.8999938964844,212.38999938964844,207.72000122070312,209.0500030517578,45512500,207.57000732421875,0,AAPL,-0.010507886476113781,-0.02258276473156573,-0.01614266163756639,212.402001953125,212.4239990234375,-0.11474430917475986,0.00740926602541361,0.0,0.0,0.0,0.0,0.0,0.0,0.0,0.0
2025-07-31,208.4900054931641,209.83999633789065,207.16000366210935,207.57000732421875,80698400,202.3800048828125,0,AAPL,-0.007079625476841711,-0.0302732802389738,-0.031856281561105204,211.16400451660155,212.1789993286133,0.77310409228234,0.0055776679870031525,0.0,0.0,0.0,0.0,0.0,0.0,0.0,0.0
2025-08-01,210.8699951171875,213.5800018310547,201.5,202.3800048828125,104434500,203.3500061035156,1,AAPL,-0.025003624118486445,-0.04207885269971201,-0.05496142586565411,208.86400451660157,211.29900054931642,0.29413346485184344,0.009219192451527082,0.0,0.0,0.0,0.0,0.0,0.0,0.0,0.0
2025-08-04,204.50999450683597,207.8800048828125,201.67999267578125,203.3500061035156,75109300,202.9199981689453,0,AAPL,0.004792969647692047,-0.027266189261097362,-0.048699423048438883,206.72400512695313,210.38600158691406,-0.28079992722711367,0.010241060451532091,0.0,0.0,0.0,0.0,0.0,0.0,0.0,0.0
2025-08-05,203.3999938964844,205.33999633789065,202.16000366210935,202.9199981689453,44155100,213.25,1,AAPL,-0.00211461972787641,-0.02240212454205992,-0.05124371827030916,205.05400390625,209.23800201416014,-0.4121220674403836,0.009955034370790585,0.0,0.0,0.0,0.0,0.0,0.0,0.0,0.0
2025-08-06,205.6300048828125,215.3800048828125,205.58999633789065,213.25,108483100,220.02999877929688,1,AAPL,0.05090677076812433,0.05371081556936286,-0.003737458726241538,205.89400329589844,209.14800262451172,1.4568645524526045,0.024402089383976117,0.0,0.0,0.0,0.0,0.0,0.0,0.0,0.0
2025-08-07,218.8800048828125,220.8500061035156,216.5800018310547,220.02999877929688,90224800,229.3500061035156,1,AAPL,0.03179366367782821,0.08202602495763056,0.04146350324080461,208.38600158691406,209.7750030517578,-0.16830547799611184,0.026312095197928015,0.0,0.0,0.0,0.0,0.0,0.0,0.0,0.0
2025-08-08,220.8300018310547,231.0,219.25,229.3500061035156,113854000,227.17999267578125,0,AAPL,0.04235789381413957,0.13024841402061038,0.09710596869368038,213.78000183105468,211.32200317382814,0.26189251735664687,0.028261255546790372,0.0,0.0,0.0,0.0,0.0,0.0,0.0,0.0
2025-08-11,227.9199981689453,229.55999755859372,224.75999450683597,227.17999267578125,61806100,229.6499938964844,1,AAPL,-0.00946157998685615,0.0653223572135111,0.09447407939304164,218.5459991455078,212.63500213623047,-0.45714599399230593,0.028565360745570294,0.0,0.0,0.0,0.0,0.0,0.0,0.0,0.0
2025-08-12,228.00999450683597,230.8000030517578,227.07000732421875,229.6499938964844,55626200,233.3300018310547,1,AAPL,0.010872441677679756,0.04372128878134007,0.13474645891753245,223.89199829101562,214.4730010986328,-0.09998851246074414,0.023270068274115527,0.0,0.0,0.0,0.0,0.0,0.0,0.0,0.0
2025-08-13,231.07000732421875,235.0,230.42999267578125,233.3300018310547,69878500,232.77999877929688,0,AAPL,0.01602441991019199,0.017353370924885647,0.14743051304497,227.90799865722656,216.9010009765625,0.2562155962478112,0.022547477826419766,0.0,0.0,0.0,0.0,0.0,0.0,0.0,0.0
2025-08-14,234.05999755859372,235.1199951171875,230.8500061035156,232.77999877929688,51916300,231.58999633789065,0,AAPL,-0.0023571895917441354,0.024650084884489054,0.14715159116791932,230.45799865722657,219.4220001220703,-0.25704902080038927,0.02258737818326489,0.0,0.0,0.0,0.0,0.0,0.0,0.0,0.0
2025-08-15,234.0,234.27999877929688,229.33999633789065,231.58999633789065,56038700,230.88999938964844,0,AAPL,-0.005112133549474263,0.008447648565062416,0.08600232749303949,230.90599670410157,222.34299926757814,0.07940473415863614,0.019538038251356853,0.0,0.0,0.0,0.0,0.0,0.0,0.0,0.0
2025-08-18,231.6999969482422,233.1199951171875,230.1100006103516,230.88999938964844,37476200,230.55999755859372,0,AAPL,-0.0030225698834630554,-0.010457302628287701,0.04935690892424538,231.647998046875,225.0969985961914,-0.33124430081354495,0.01803838474774563,0.0,0.0,0.0,0.0,0.0,0.0,0.0,0.0
2025-08-19,231.27999877929688,232.8699951171875,229.3500061035156,230.55999755859372,39402600,226.00999450683597,0,AAPL,-0.00142925995897214,-0.009536907089719437,0.005275741978973514,231.8299987792969,227.86099853515626,0.051403290621781395,0.009156407802453265,0.0,0.0,0.0,0.0,0.0,0.0,0.0,0.0
2025-08-20,229.97999572753903,230.47000122070312,225.7700042724609,226.00999450683597,42263900,224.8999938964844,0,AAPL,-0.01973457277905044,-0.02409431287745889,-0.005150093347414786,230.36599731445312,229.13699798583986,0.07261703542405828,0.011576406276936091,0.0,0.0,0.0,0.0,0.0,0.0,0.0,0.0
2025-08-21,226.2700042724609,226.5200042724609,223.77999877929688,224.8999938964844,30621200,227.75999450683597,1,AAPL,-0.004911289931109564,-0.02594311364285351,-0.020683649580853336,228.7899963378906,229.6239974975586,-0.2754762338544242,0.01043183961781946,0.0,0.0,0.0,0.0,0.0,0.0,0.0,0.0
2025-08-22,226.1699981689453,229.08999633789065,225.41000366210935,227.75999450683597,42477800,227.16000366210935,0,AAPL,0.012716766064777785,-0.012144357570294306,-0.023871800799332044,228.02399597167968,229.46499633789062,0.38720233041161034,0.00945953819732453,0.0,0.0,0.0,0.0,0.0,0.0,0.0,0.0
2025-08-25,226.47999572753903,229.3000030517578,226.22999572753903,227.16000366210935,30983100,229.30999755859372,1,AAPL,-0.0026343118159348755,0.005088311062450002,-0.024142946759424744,227.2779968261719,229.46299743652344,-0.2706048806670779,0.009454990328502824,0.0,0.0,0.0,0.0,0.0,0.0,0.0,0.0
2025-08-26,226.8699951171875,229.4900054931641,224.69000244140625,229.30999755859372,54575100,230.4900054931641,1,AAPL,0.009464667467088184,0.019608731799873436,-0.009844979555897582,227.0279968261719,229.4289978027344,0.7614473696950919,0.010566913979142903,0.0,0.0,0.0,0.0,0.0,0.0,0.0,0.0
2025-08-27,228.6100006103516,230.8999938964844,228.25999450683597,230.4900054931641,31259500,232.55999755859372,1,AAPL,0.005145907056533172,0.011986349895377169,-0.0017324002665413119,227.9239990234375,229.1449981689453,-0.42722047233994986,0.010801697858928944,0.0,0.0,0.0,0.0,0.0,0.0,0.0,0.0
2025-08-28,230.82000732421875,233.41000366210935,229.33999633789065,232.55999755859372,38074700,232.13999938964844,0,AAPL,0.008980832210058853,0.02377176355621402,0.00867453166714971,229.45599975585938,229.122998046875,0.21802012188294762,0.011308565855256802,0.0,0.0,0.0,0.0,0.0,0.0,0.0,0.0
2025-08-29,232.50999450683597,233.3800048828125,231.3699951171875,232.13999938964844,39418400,229.72000122070312,0,AAPL,-0.001805977697602379,0.012341380058370932,0.02712271594974558,230.33200073242188,229.1779983520508,0.03529115134196714,0.006939565596023919,0.0,0.0,0.0,0.0,0.0,0.0,0.0,0.0
2025-09-02,229.25,230.8500061035156,226.97000122070312,229.72000122070312,44075600,238.47000122070312,1,AAPL,-0.010424735828844955,-0.003340727381273778,0.021431780591498084,230.84400024414063,229.06099853515624,0.11814787003023963,0.008282724072256865,0.0,0.0,0.0,0.0,0.0,0.0,0.0,0.0
2025-09-03,237.2100067138672,238.8500061035156,234.3600006103516,238.47000122070312,66427800,239.77999877929688,1,AAPL,0.038089848308826335,0.02541281271135354,0.04702321290908573,232.6760009765625,229.85199890136718,0.5071331984136347,0.015563418497041329,0.0,0.0,0.0,0.0,0.0,0.0,0.0,0.0
2025-09-04,238.4499969482422,239.8999938964844,236.7400054931641,239.77999877929688,47549400,239.69000244140625,0,AAPL,0.005493343195739575,0.03291117174866809,0.05555553316489292,234.53399963378905,231.22899932861327,-0.28419426806246784,0.015046617436961587,0.0,0.0,0.0,0.0,0.0,0.0,0.0,0.0
2025-09-05,240.0,241.32000732421875,238.4900054931641,239.69000244140625,54870400,237.8800048828125,0,AAPL,-0.00037532879451496193,0.0434006667583311,0.04526625525849659,235.96000061035156,232.70800018310547,0.1539661909508847,0.01532755497877178,0.0,0.0,0.0,0.0,0.0,0.0,0.0,0.0
2025-09-08,239.3000030517578,240.1499938964844,236.33999633789065,237.8800048828125,48999500,234.3500061035156,0,AAPL,-0.007551410322323426,-0.002474090388185024,0.032062125096645744,237.10800170898438,233.72000122070312,-0.10699575727532518,0.016231366255628304,0.0,0.0,0.0,0.0,0.0,0.0,0.0,0.0
2025-09-09,237.0,238.77999877929688,233.3600006103516,234.3500061035156,66313900,226.7899932861328,0,AAPL,-0.014839409394816094,-0.022645728181770797,0.007696975248165261,238.03400268554688,234.43900146484376,0.3533587077419158,0.017605825865408625,0.0,0.0,0.0,0.0,0.0,0.0,0.0,0.0
2025-09-10,232.19000244140625,232.4199981689453,225.9499969482422,226.7899932861328,83440800,230.02999877929688,1,AAPL,-0.03225949486019397,-0.05381955452408549,-0.023046463847600895,235.6980010986328,234.18700103759767,0.2582701364269029,0.02175402519580784,0.0,0.0,0.0,0.0,0.0,0.0,0.0,0.0
2025-09-11,226.8800048828125,230.4499969482422,226.6499938964844,230.02999877929688,50208600,234.07000732421875,1,AAPL,0.014286368839370622,-0.03299985682858375,0.0013494582837647595,233.7480010986328,234.14100036621093,-0.3982727874133517,0.022368154589899117,0.0,0.0,0.0,0.0,0.0,0.0,0.0,0.0
2025-09-12,229.22000122070312,234.50999450683597,229.0200042724609,234.07000732421875,55824200,236.6999969482422,1,AAPL,0.017562963814985233,-0.0011947888713651489,-0.01845093250287777,232.6240020751953,234.29200134277343,0.11184538107017516,0.0173978589744807,0.0,0.0,0.0,0.0,0.0,0.0,0.0,0.0
2025-09-15,237.0,238.19000244140625,235.02999877929688,236.6999969482422,42699500,238.1499938964844,1,AAPL,0.011235910376080627,0.04369682946992404,-0.012845115717469158,232.38800048828125,234.7480010986328,-0.23510771314232892,0.017965169400870385,0.0,0.0,0.0,0.0,0.0,0.0,0.0,0.0
2025-09-16,237.17999267578125,241.22000122070312,236.32000732421875,238.1499938964844,63421100,238.9900054931641,1,AAPL,0.0061258849469241206,0.03529972247219071,-0.006425001164987343,233.147998046875,235.59100036621095,0.48528905490696617,0.01821176664339066,0.0,0.0,0.0,0.0,0.0,0.0,0.0,0.0
2025-09-17,238.97000122070312,240.1000061035156,237.72999572753903,238.9900054931641,46508000,237.8800048828125,0,AAPL,0.0035272375318422533,0.021019344704554355,0.0046662207313237225,235.58800048828124,235.64300079345702,-0.2666793858826163,0.018005144195056538,0.0,0.0,0.0,0.0,0.0,0.0,0.0,0.0
2025-09-18,239.97000122070312,241.1999969482422,236.6499938964844,237.8800048828125,44249600,245.5,1,AAPL,-0.0046445482440199415,0.004985246936138887,0.015062934445743803,237.1580017089844,235.4530014038086,-0.04855938763223533,0.016907594230602545,0.0,0.0,0.0,0.0,0.0,0.0,0.0,0.0
2025-09-19,241.22999572753903,246.3000030517578,240.2100067138672,245.5,163741300,256.0799865722656,1,AAPL,0.03203293660995743,0.03086292795250034,0.08249926040723254,239.44400024414062,236.03400115966798,2.7004018115417994,0.011685227146984353,0.0,0.0,0.0,0.0,0.0,0.0,0.0,0.0
2025-09-22,248.3000030517578,256.6400146484375,248.1199951171875,256.0799865722656,105517400,254.42999267578125,0,AAPL,0.04309566831880085,0.07150918735633227,0.11324604586883691,243.31999816894532,237.85399932861327,-0.35558469366006007,0.01680423516963052,0.0,0.0,0.0,0.0,0.0,0.0,0.0,0.0
2025-09-23,255.8800048828125,257.3399963378906,253.5800018310547,254.42999267578125,60275200,252.30999755859372,0,AAPL,-0.006443275472520216,0.06957284115208351,0.0869824612914254,246.57599792480468,239.86199798583985,-0.4287653031632698,0.018673545416459447,0.0,0.0,0.0,0.0,0.0,0.0,0.0,0.0
2025-09-24,255.22000122070312,255.7400054931641,251.0399932861328,252.30999755859372,42303700,256.8699951171875,1,AAPL,-0.008332331793480918,0.027739297591013123,0.0659484613925232,249.23999633789063,242.41399841308595,-0.29815745115735826,0.02023002675667274,0.0,0.0,0.0,0.0,0.0,0.0,0.0,0.0
2025-09-25,253.2100067138672,257.1700134277344,251.7100067138672,256.8699951171875,55202100,255.4600067138672,0,AAPL,0.018072995928489988,0.0030850069757362153,0.07860592777860842,253.03799438476562,245.097998046875,0.30490004420417116,0.020417031236045158,0.0,0.0,0.0,0.0,0.0,0.0,0.0,0.0
2025-09-26,254.1000061035156,257.6000061035156,253.77999877929688,255.4600067138672,46076300,254.42999267578125,0,AAPL,-0.005489112898051984,0.0040483200398409025,0.06891502088849566,255.02999572753907,247.23699798583985,-0.1653161745658227,0.021238178435303703,0.0,0.0,0.0,0.0,0.0,0.0,0.0,0.0
2025-09-29,254.55999755859372,255.0,253.00999450683597,254.42999267578125,40127700,254.6300048828125,1,AAPL,-0.004031997224675621,0.008402342902386284,0.06957284115208351,254.6999969482422,249.00999755859374,-0.12910324830769837,0.021170107685035137,0.0,0.0,0.0,0.0,0.0,0.0,0.0,0.0
2025-09-30,254.8600006103516,255.9199981689453,253.1100006103516,254.6300048828125,37704300,255.4499969482422,1,AAPL,0.0007861188255666729,-0.008720326534646827,0.03718942925789204,254.73999938964843,250.65799865722656,-0.06039219790817818,0.018882217027079033,0.0,0.0,0.0,0.0,0.0,0.0,0.0,0.0
2025-10-01,255.0399932861328,258.7900085449219,254.92999267578125,255.4499969482422,48713900,257.1300048828125,1,AAPL,0.003220327729275496,-3.918329821472888e-05,-0.002460128307784193,255.3679992675781,252.3039978027344,0.2919985253671331,0.009076069813587719,0.0,0.0,0.0,0.0,0.0,0.0,0.0,0.0
2025-10-02,256.5799865722656,258.17999267578125,254.1499938964844,257.1300048828125,42630200,258.0199890136719,1,AAPL,0.00657666061710982,0.010612004420688992,0.010612004420688992,255.4200012207031,254.22899780273437,-0.12488632607941474,0.00894444134207539,0.0,0.0,0.0,0.0,0.0,0.0,0.0,0.0
2025-10-03,254.6699981689453,259.239990234375,253.9499969482422,258.0199890136719,49155600,256.69000244140625,0,AAPL,0.0034612223931820285,0.013313372602806739,0.02263085692334532,255.93199768066407,255.48099670410156,0.15306988942111466,0.007813452973739211,0.0,0.0,0.0,0.0,0.0,0.0,0.0,0.0
2025-10-06,257.989990234375,259.07000732421875,255.0500030517578,256.69000244140625,44664100,256.4800109863281,0,AAPL,-0.005154587353288997,0.004854200461843483,-0.0007007150667758255,256.3839996337891,255.54199829101563,-0.09137310906590501,0.004815274397483176,0.0,0.0,0.0,0.0,0.0,0.0,0.0,0.0
2025-10-07,256.8099975585937,257.3999938964844,255.42999267578125,256.4800109863281,31955800,258.0599975585937,1,AAPL,-0.0008180741481198517,-0.0025278803879018596,0.003992813926460892,256.7540008544922,255.74700012207032,-0.28453052899308395,0.004230558657382428,0.0,0.0,0.0,0.0,0.0,0.0,0.0,0.0
2025-10-08,256.5199890136719,258.5199890136719,256.1099853515625,258.0599975585937,36496900,254.0399932861328,0,AAPL,0.006160271773965942,0.00015505986600006239,0.014267205075299882,257.2760009765625,256.32200012207034,0.1421056584407212,0.004132665377553254,0.0,0.0,0.0,0.0,0.0,0.0,0.0,0.0
2025-10-09,257.8099975585937,258.0,253.13999938964844,254.0399932861328,38322000,245.2700042724609,0,AAPL,-0.015577789314471846,-0.010323772371611306,-0.002317133037605834,256.6579986572266,256.0389999389648,0.05000698689477745,0.007882567193750047,0.0,0.0,0.0,0.0,0.0,0.0,0.0,0.0
2025-10-10,254.94000244140625,256.3800048828125,244.0,245.2700042724609,61999100,247.66000366210935,1,AAPL,-0.03452208016630676,-0.04370713597039255,-0.03985121470893538,254.10800170898438,255.0199996948242,0.6178461458170241,0.014875729932975328,0.0,0.0,0.0,0.0,0.0,0.0,0.0,0.0
2025-10-13,249.3800048828125,249.69000244140625,245.55999755859372,247.66000366210935,38142900,247.7700042724609,1,AAPL,0.009744360696440912,-0.04030068199207426,-0.03682962330677486,252.302001953125,254.34300079345704,-0.3847830049145875,0.015351868842879233,0.0,0.0,0.0,0.0,0.0,0.0,0.0,0.0
2025-10-14,246.6000061035156,248.8500061035156,244.6999969482422,247.7700042724609,35478000,249.33999633789065,1,AAPL,0.0004441597703503941,-0.024681109980229876,-0.03972554521993965,250.56000061035152,253.65700073242186,-0.06986621363346779,0.01510714117396188,0.0,0.0,0.0,0.0,0.0,0.0,0.0,0.0
2025-10-15,249.4900054931641,251.82000732421875,247.47000122070312,249.33999633789065,33893600,247.4499969482422,0,AAPL,0.0063364896410273985,0.016593925039886104,-0.02863378407265149,248.81600036621094,253.0460006713867,-0.04465866170584587,0.015782330044409505,0.0,0.0,0.0,0.0,0.0,0.0,0.0,0.0
2025-10-16,248.25,249.0399932861328,245.1300048828125,247.4499969482422,39777000,252.2899932861328,1,AAPL,-0.007580008893106949,-0.0008479637840661525,-0.035207476806320304,247.4980010986328,252.0779998779297,0.1735843935138197,0.01575966368743505,0.0,0.0,0.0,0.0,0.0,0.0,0.0,0.0
2025-10-17,248.0200042724609,253.3800048828125,247.2700042724609,252.2899932861328,49147000,262.239990234375,1,AAPL,0.019559492412937862,0.018242680452559945,-0.022359158052579486,248.9019989013672,251.50500030517577,0.23556326520350956,0.017996063770665493,0.0,0.0,0.0,0.0,0.0,0.0,0.0,0.0
2025-10-20,255.88999938964844,264.3800048828125,255.6300048828125,262.239990234375,90483000,262.7699890136719,1,AAPL,0.03943873008454002,0.05173656086447931,0.03227837019742896,251.8179962158203,252.05999908447265,0.8410686308421673,0.0229599329420786,0.0,0.0,0.0,0.0,0.0,0.0,0.0,0.0
2025-10-21,261.8800048828125,265.2900085449219,261.8299865722656,262.7699890136719,46695900,258.45001220703125,0,AAPL,0.002021044840732289,0.06191146597037167,0.07134987742639298,254.8179931640625,252.68899688720703,-0.48392626239183056,0.015467943851754934,0.0,0.0,0.0,0.0,0.0,0.0,0.0,0.0
2025-10-22,262.6499938964844,262.8500061035156,255.42999267578125,258.45001220703125,45015300,259.5799865722656,1,AAPL,-0.016440145325788524,0.02441642191457083,0.0435678284154557,256.63999633789064,252.72799835205078,-0.03599031178326151,0.01842256510473237,0.0,0.0,0.0,0.0,0.0,0.0,0.0,0.0
2025-10-23,259.94000244140625,260.6199951171875,258.010009765625,259.5799865722656,32754900,262.82000732421875,1,AAPL,0.004372119604812541,-0.010143394452280186,0.047665101086319606,259.0659942626953,253.28199768066406,-0.2723607306849005,0.01827533200084969,0.0,0.0,0.0,0.0,0.0,0.0,0.0,0.0
2025-10-24,261.19000244140625,264.1300048828125,259.17999267578125,262.82000732421875,38253700,268.8099975585937,1,AAPL,0.012481781799657865,0.0001903501641669081,0.05406277045123886,261.1719970703125,255.03699798583983,0.16787717257570622,0.01839569821644996,0.0,0.0,0.0,0.0,0.0,0.0,0.0,0.0
2025-10-27,264.8800048828125,269.1199951171875,264.6499938964844,268.8099975585937,44888200,269.0,1,AAPL,0.022791226190727487,0.040085064276427884,0.08632047231271245,262.4859985351562,257.1519973754883,0.17343420375022545,0.01776378008832194,0.0,0.0,0.0,0.0,0.0,0.0,0.0,0.0
2025-10-28,268.989990234375,269.8900146484375,268.1499938964844,269.0,41534800,269.70001220703125,1,AAPL,0.0007068280314421749,0.03628944415987134,0.06623333131931108,263.73200073242185,259.2749969482422,-0.07470560191765319,0.017861197762183693,0.0,0.0,0.0,0.0,0.0,0.0,0.0,0.0
2025-10-29,269.2799987792969,271.4100036621094,267.1099853515625,269.70001220703125,51086700,271.3999938964844,1,AAPL,0.0026022758625696696,0.026177629902906174,0.02844730876472701,265.98200073242185,261.3109985351563,0.2299734198792338,0.011969842569111598,0.0,0.0,0.0,0.0,0.0,0.0,0.0,0.0
2025-10-30,271.989990234375,274.1400146484375,268.4800109863281,271.3999938964844,69886500,270.3699951171875,0,AAPL,0.006303231785351748,0.009635044683656613,0.03284242966712414,268.34600219726565,263.7059982299805,0.36799793292579097,0.011956707235397157,0.0,0.0,0.0,0.0,0.0,0.0,0.0,0.0
2025-10-31,276.989990234375,277.32000732421875,269.1600036621094,270.3699951171875,86167100,269.04998779296875,0,AAPL,-0.0037951319176879883,0.005092918651254719,0.04612103829427472,269.8559997558594,265.5139984130859,0.2329577243101315,0.008760660081773414,0.0,0.0,0.0,0.0,0.0,0.0,0.0,0.0
2025-11-03,270.4200134277344,270.8500061035156,266.25,269.04998779296875,50194600,270.0400085449219,1,AAPL,-0.0048822256465500535,-0.002410175693887351,0.036482015989575345,269.90399780273435,266.1949981689453,-0.41747372256928683,0.009774012103815692,0.0,0.0,0.0,0.0,0.0,0.0,0.0,0.0
2025-11-04,268.3299865722656,271.489990234375,267.6199951171875,270.0400085449219,49274800,270.1400146484375,1,AAPL,0.003679690752169673,-0.005010999934219718,0.027471276993750404,270.11199951171875,266.9220001220703,-0.01832468034410073,0.009227891253306015,0.0,0.0,0.0,0.0,0.0,0.0,0.0,0.0
2025-11-05,268.6099853515625,271.70001220703125,266.92999267578125,270.1400146484375,43683100,269.7699890136719,0,AAPL,0.00037033809935982376,-0.0008506138732232715,0.00494779622009367,270.2,268.09100036621095,-0.11347991265312085,0.0039868233444974935,0.0,0.0,0.0,0.0,0.0,0.0,0.0,0.0
2025-11-06,267.8900146484375,273.3999938964844,267.8900146484375,269.7699890136719,51204000,268.4700012207031,0,AAPL,-0.001369754996301431,0.002676087171046948,0.0028624126902299096,269.8739990234375,269.11000061035156,0.1721695575634512,0.004063799713866959,0.0,0.0,0.0,0.0,0.0,0.0,0.0,0.0
2025-11-07,269.79998779296875,272.2900085449219,266.7699890136719,268.4700012207031,48227400,269.42999267578125,1,AAPL,-0.004818874767062664,-0.005813980427117227,-0.004560663443292423,269.49400024414064,269.675,-0.05813217717365826,0.00435575669692856,0.0,0.0,0.0,0.0,0.0,0.0,0.0,0.0
2025-11-10,268.9599914550781,273.7300109863281,267.4599914550781,269.42999267578125,41312400,275.25,1,AAPL,0.003575786682732396,-0.0026283480201194642,-0.00725866346723103,269.57000122070315,269.73699951171875,-0.14338322198584208,0.0037038690830092907,0.0,0.0,0.0,0.0,0.0,0.0,0.0,0.0
2025-11-11,269.8099975585937,275.9100036621094,269.79998779296875,275.25,46208300,273.4700012207031,0,AAPL,0.021601185771556786,0.020313642026542844,0.01804935817932507,270.61199951171875,270.36199951171875,0.11850921273031823,0.009082184283093923,0.0,0.0,0.0,0.0,0.0,0.0,0.0,0.0
2025-11-12,275.0,275.7300109863281,271.70001220703125,273.4700012207031,48398000,272.95001220703125,0,AAPL,-0.006466843884820661,0.01862405474453599,0.016428223855321278,271.2779968261719,270.73899841308594,0.047387590541093205,0.009316310198019862,0.0,0.0,0.0,0.0,0.0,0.0,0.0,0.0
2025-11-13,274.1099853515625,276.70001220703125,272.0899963378906,272.95001220703125,49602800,272.4100036621094,0,AAPL,-0.0019014480979659965,0.013064690743193497,0.0107761945268392,271.91400146484375,270.8940002441406,0.02489359064424157,0.009423485413572215,0.0,0.0,0.0,0.0,0.0,0.0,0.0,0.0
2025-11-14,271.04998779296875,275.9599914550781,269.6000061035156,272.4100036621094,47431300,267.4599914550781,0,AAPL,-0.0019784155368063328,-0.010317879520038598,0.008403009145557583,272.702001953125,271.09800109863284,-0.043777770609723654,0.0095146965020243,0.0,0.0,0.0,0.0,0.0,0.0,0.0,0.0
2025-11-17,268.82000732421875,270.489990234375,265.7300109863281,267.4599914550781,45018300,267.44000244140625,0,AAPL,-0.018171183658773127,-0.021976852081755927,-0.008562841133810006,272.30800170898436,270.9390014648437,-0.05087357926095215,0.01205991226017378,0.0,0.0,0.0,0.0,0.0,0.0,0.0,0.0
2025-11-18,269.989990234375,270.7099914550781,265.32000732421875,267.44000244140625,45677300,268.5599975585937,1,AAPL,-7.473646268785217e-05,-0.020186882283213414,-0.0038365507304860547,270.7460021972656,270.6790008544922,0.01463849145791829,0.011953228360951671,0.0,0.0,0.0,0.0,0.0,0.0,0.0,0.0
2025-11-19,265.5299987792969,272.2099914550781,265.5,268.5599975585937,40424500,266.25,0,AAPL,0.004187836924032462,-0.014133130398144789,-0.0032290210475359737,269.7640014648438,270.5209991455078,-0.11499804060222474,0.011990089816612556,0.0,0.0,0.0,0.0,0.0,0.0,0.0,0.0
2025-11-20,270.8299865722656,275.42999267578125,265.9200134277344,266.25,45823600,271.489990234375,1,AAPL,-0.008601420835542384,-0.004524009174214583,-0.032697547683923744,268.4239990234375,270.16900024414065,0.13356009350764997,0.007250742745608138,0.0,0.0,0.0,0.0,0.0,0.0,0.0,0.0
2025-11-21,265.95001220703125,273.3299865722656,265.6700134277344,271.489990234375,59030800,275.9200134277344,1,AAPL,0.019680714495305063,0.015143537825296205,-0.007240322439352909,268.2399963378906,270.4709991455078,0.2882182979949197,0.011617945279223987,0.0,0.0,0.0,0.0,0.0,0.0,0.0,0.0
2025-11-24,270.8999938964844,277.0,270.8999938964844,275.9200134277344,65585800,276.9700012207031,1,AAPL,0.0163174457722548,0.027405480846174335,0.01088111774272571,269.9320007324219,271.1200012207031,0.11104372632591808,0.013296535694290334,0.0,0.0,0.0,0.0,0.0,0.0,0.0,0.0
2025-11-25,275.2699890136719,280.3800048828125,275.25,276.9700012207031,46914200,277.54998779296875,1,AAPL,0.003805406428931457,0.04026291538292259,0.016739464400323145,271.83800048828124,271.29200134277346,-0.2846896736793635,0.013214904370762691,0.0,0.0,0.0,0.0,0.0,0.0,0.0,0.0
2025-11-26,276.9599914550781,279.5299987792969,276.6300048828125,277.54998779296875,33431400,278.8500061035156,1,AAPL,0.0020940411225383038,0.0223212559452457,0.03772525484278022,273.63599853515626,271.7,-0.2873927297065707,0.009695888969665849,0.0,0.0,0.0,0.0,0.0,0.0,0.0,0.0
2025-11-28,277.260009765625,279.0,275.989990234375,278.8500061035156,20135600,283.1000061035156,1,AAPL,0.004683906927485104,0.010618992944303463,0.04266378835607898,276.1559997558594,272.2899993896484,-0.3977039549644945,0.0094153942189139,0.0,0.0,0.0,0.0,0.0,0.0,0.0,0.0
2025-12-01,278.010009765625,283.4200134277344,276.1400146484375,283.1000061035156,46587700,286.19000244140625,1,AAPL,0.015241168753721723,0.02213237843735949,0.0541406340374635,278.4780029296875,273.35899963378904,1.3136981267009675,0.00996685405292716,0.0,0.0,0.0,0.0,0.0,0.0,0.0,0.0
2025-12-02,283.0,287.3999938964844,282.6300048828125,286.19000244140625,53669500,284.1499938964844,0,AAPL,0.010914857899228636,0.03112958035826785,0.07489202794894356,280.53200073242186,275.23200073242185,0.1520100799137969,0.0069522250578260844,0.0,0.0,0.0,0.0,0.0,0.0,0.0,0.0
2025-12-03,286.20001220703125,288.6199951171875,283.29998779296875,284.1499938964844,43538700,280.70001220703125,0,AAPL,-0.00712816145749029,0.019006590198894502,0.04663156697298532,281.96799926757814,276.9029998779297,-0.18876270507457682,0.008245739094268059,0.0,0.0,0.0,0.0,0.0,0.0,0.0,0.0
2025-12-04,284.1000061035156,284.7300109863281,278.5899963378906,280.70001220703125,43989100,278.7799987792969,0,AAPL,-0.012141410394363561,-0.008477548020987435,0.017323856721791486,282.59800415039064,278.11700134277345,0.010344819666181948,0.00954688268384111,0.0,0.0,0.0,0.0,0.0,0.0,0.0,0.0
2025-12-05,280.5400085449219,281.1400146484375,278.04998779296875,278.7799987792969,47265800,277.8900146484375,0,AAPL,-0.00684009028940924,-0.025891902578345616,0.006534994947526629,282.58400268554686,279.3700012207031,0.07448890747935288,0.010133358056446117,0.0,0.0,0.0,0.0,0.0,0.0,0.0,0.0
2025-12-08,278.1300048828125,279.6700134277344,276.1499938964844,277.8900146484375,38211800,277.17999267578125,0,AAPL,-0.00319242461710445,-0.022030545073062346,0.001225101316604471,281.54200439453126,280.0100036621094,-0.19155499325093406,0.010232557687863183,0.0,0.0,0.0,0.0,0.0,0.0,0.0,0.0
2025-12-09,278.1600036621094,280.0299987792969,276.9200134277344,277.17999267578125,32193300,278.7799987792969,1,AAPL,-0.002555046727945598,-0.01254014741065912,-0.00598893093484254,279.74000244140626,280.13600158691406,-0.15750370304460926,0.010070711019665897,0.0,0.0,0.0,0.0,0.0,0.0,0.0,0.0
2025-12-10,277.75,279.75,276.44000244140625,278.7799987792969,33038300,278.0299987792969,0,AAPL,0.00577244442526248,0.0,-0.015259651116500295,278.66600341796874,280.31700134277344,0.026247697502275402,0.007971946837323225,0.0,0.0,0.0,0.0,0.0,0.0,0.0,0.0
2025-12-11,279.1000061035156,279.5899963378906,273.8099975585937,278.0299987792969,33248000,278.2799987792969,1,AAPL,-0.0026902934331158868,0.0005037393338385154,-0.028512539195984066,278.1320007324219,280.36500244140626,0.006347178880269366,0.005537814547335357,0.0,0.0,0.0,0.0,0.0,0.0,0.0,0.0
2025-12-12,277.8999938964844,279.2200012207031,276.82000732421875,278.2799987792969,39532900,274.1099853515625,0,AAPL,0.0008991835452922814,0.003968562423631639,-0.020658086374360174,278.03200073242186,280.30800170898436,0.18903091915303172,0.005639044269332696,0.0,0.0,0.0,0.0,0.0,0.0,0.0,0.0
2025-12-15,280.1499938964844,280.1499938964844,272.8399963378906,274.1099853515625,50409100,274.6099853515625,1,AAPL,-0.014984955605960026,-0.01675160860959579,-0.023477116383622598,277.2759948730469,279.40899963378905,0.2751176867874605,0.006453895738582754,0.0,0.0,0.0,0.0,0.0,0.0,0.0,0.0
2025-12-16,272.82000732421875,275.5,271.7900085449219,274.6099853515625,37648600,271.8399963378906,0,AAPL,0.0018240853187405648,-0.012300879195590753,-0.014958079654185163,276.7619934082031,278.25099792480466,-0.25313881818957296,0.006508104606098297,0.0,0.0,0.0,0.0,0.0,0.0,0.0,0.0
2025-12-17,275.010009765625,276.1600036621094,271.6400146484375,271.8399963378906,50138700,272.19000244140625,1,AAPL,-0.010086993049891024,-0.02314216785128631,-0.021771269177126906,275.3739929199219,277.01999816894534,0.33175470004196694,0.007182076289782525,0.0,0.0,0.0,0.0,0.0,0.0,0.0,0.0
2025-12-18,273.6099853515625,273.6300048828125,266.95001220703125,272.19000244140625,51630700,273.6700134277344,1,AAPL,0.001287544541755281,-0.007004425277297943,-0.018002707144205043,274.20599365234375,276.1689971923828,0.029757452825861064,0.00737643782057016,0.0,0.0,0.0,0.0,0.0,0.0,0.0,0.0
2025-12-19,272.1499938964844,274.6000061035156,269.8999938964844,273.6700134277344,144632000,270.9700012207031,0,AAPL,0.005437418615868328,-0.003422934248456966,-0.01832981337950268,273.28399658203125,275.6579986572266,1.8012790839558637,0.007314123361203597,0.0,0.0,0.0,0.0,0.0,0.0,0.0,0.0
2025-12-22,272.8599853515625,273.8800048828125,270.510009765625,270.9700012207031,36571800,272.3599853515625,1,AAPL,-0.009865941003960987,-0.0032003940880948045,-0.025392934537967093,272.6559997558594,274.96599731445315,-0.7471389457381492,0.007812113507390385,0.0,0.0,0.0,0.0,0.0,0.0,0.0,0.0
2025-12-23,270.8399963378906,272.5,269.5599975585937,272.3599853515625,29642000,273.8099975585937,1,AAPL,0.005129660569795913,0.000624500931818206,-0.021273585790222427,272.20599975585935,274.48399658203124,-0.18948479429505793,0.008365927245932102,0.0,0.0,0.0,0.0,0.0,0.0,0.0,0.0
2025-12-24,272.3399963378906,275.42999267578125,272.20001220703125,273.8099975585937,17910600,273.3999938964844,0,AAPL,0.005323881205087977,0.0005115070120618181,-0.0010944066579116063,272.59999999999997,273.9869964599609,-0.3957695162269752,0.006930162417823582,0.0,0.0,0.0,0.0,0.0,0.0,0.0,0.0
2025-12-26,274.1600036621094,275.3699951171875,272.8599853515625,273.3999938964844,21521800,273.760009765625,1,AAPL,-0.0014974020881819428,0.008967755341308115,-0.0044062179804899015,272.8419982910156,273.5239959716797,0.20162361953256736,0.006887185200786897,0.0,0.0,0.0,0.0,0.0,0.0,0.0,0.0
2025-12-29,272.69000244140625,274.3599853515625,272.3500061035156,273.760009765625,23715200,273.0799865722656,0,AAPL,0.0013168100847762432,0.005140345459540896,0.007063027713360537,272.85999755859376,273.0719970703125,0.10191526731035516,0.0054761145375574255,0.0,0.0,0.0,0.0,0.0,0.0,0.0,0.0
2025-12-30,272.8099975585937,274.0799865722656,272.2799987792969,273.0799865722656,22139600,271.8599853515625,0,AAPL,-0.0024840121606569676,-0.0026661224675400552,0.003269716458637939,273.28199462890626,272.9689971923828,-0.06643840237484822,0.005628687847890686,0.0,0.0,0.0,0.0,0.0,0.0,0.0,0.0
2025-12-31,273.0599975585937,273.67999267578125,271.75,271.8599853515625,27293600,271.010009765625,0,AAPL,-0.004467559984957958,-0.005632803874549341,-0.006613907214389925,273.18199462890624,272.6939971923828,0.23279553379464857,0.005415729751429834,0.0,0.0,0.0,0.0,0.0,0.0,0.0,0.0
2026-01-02,272.260009765625,277.8399963378906,269.0,271.010009765625,37838100,267.260009765625,0,AAPL,-0.0031265196488491354,-0.010045294790697712,0.0001476493513734578,272.6219970703125,272.6109985351562,0.38633599085499903,0.003969308083603932,0.0,0.0,0.0,0.0,0.0,0.0,0.0,0.0
2026-01-05,270.6400146484375,271.510009765625,266.1400146484375,267.260009765625,45647200,262.3599853515625,0,AAPL,-0.013837127282653072,-0.02131235203170212,-0.018725127993212576,271.3940002441406,272.1179992675781,0.20638192721093285,0.005906913655756858,0.0,0.0,0.0,0.0,0.0,0.0,0.0,0.0
2026-01-06,267.0,267.54998779296875,262.1199951171875,262.3599853515625,52352100,260.3299865722656,0,AAPL,-0.01833429707033085,-0.03494445858854456,-0.041817363533561136,269.11399536132814,270.98699645996095,0.1468852415920363,0.007191494405151569,0.0,0.0,0.0,0.0,0.0,0.0,0.0,0.0
2026-01-07,263.20001220703125,263.67999267578125,259.8099975585937,260.3299865722656,48309800,259.0400085449219,0,AAPL,-0.007737455757884204,-0.039408224082186805,-0.04780544117044627,266.5639953613281,269.92299499511716,-0.0772137125349317,0.00691280788675632,0.0,0.0,0.0,0.0,0.0,0.0,0.0,0.0
2026-01-08,257.0199890136719,259.2900085449219,255.6999969482422,259.0400085449219,50419300,259.3699951171875,1,AAPL,-0.004955164959399183,-0.030756570082863144,-0.05376972784777956,264.0,268.59099731445315,0.04366608845410247,0.006009782275849998,0.0,0.0,0.0,0.0,0.0,0.0,0.0,0.0
2026-01-09,259.0799865722656,260.2099914550781,256.2200012207031,259.3699951171875,39997000,260.25,1,AAPL,0.00127388264893602,-0.011396517766870673,-0.05020503928965159,261.6719970703125,267.1469970703125,-0.20671250890036152,0.006697393378446585,0.0,0.0,0.0,0.0,0.0,0.0,0.0,0.0
2026-01-12,259.1600036621094,261.29998779296875,256.79998779296875,260.25,45263800,261.04998779296875,1,AAPL,0.0033928553779511983,-0.00030725070637771523,-0.04270575287697731,260.2699951171875,265.8319976806641,0.1316798759906994,0.007818860868855554,0.0,0.0,0.0,0.0,0.0,0.0,0.0,0.0
2026-01-13,258.7200012207031,261.8099975585937,258.3900146484375,261.04998779296875,45730800,259.9599914550781,0,AAPL,0.003073920434077726,0.007759339027732848,-0.036751491139644155,260.00799560546875,264.5609954833984,0.010317295498831314,0.008541464327440263,0.0,0.0,0.0,0.0,0.0,0.0,0.0,0.0
2026-01-14,259.489990234375,261.82000732421875,256.7099914550781,259.9599914550781,40019400,258.2099914550781,0,AAPL,-0.004175431483854575,0.002274728569216622,-0.027314293361542008,259.9339965820312,263.2489959716797,-0.12489175785247575,0.007668668580727275,0.0,0.0,0.0,0.0,0.0,0.0,0.0,0.0
2026-01-15,260.6499938964844,261.0400085449219,257.04998779296875,258.2099914550781,39388600,255.52999877929688,0,AAPL,-0.006731805114335909,-0.007838649548210896,-0.0158179376741594,259.7679931640625,261.8839965820313,-0.015762355257699978,0.004722745364691562,0.0,0.0,0.0,0.0,0.0,0.0,0.0,0.0
2026-01-16,257.8999938964844,258.8999938964844,254.92999267578125,255.52999877929688,72142800,246.6999969482422,0,AAPL,-0.010379120733008063,-0.021145333352973084,-0.018438090272156593,258.9999938964844,260.33599548339845,0.8315654783363715,0.005302782970398654,0.0,0.0,0.0,0.0,0.0,0.0,0.0,0.0
2026-01-20,252.72999572753903,254.7899932861328,243.4199981689453,246.6999969482422,80267500,247.6499938964844,1,AAPL,-0.03455563680678142,-0.05100782790696201,-0.04763747370916149,256.2899932861328,258.27999420166014,0.11261969316411347,0.013270385396195407,0.0,0.0,0.0,0.0,0.0,0.0,0.0,0.0
2026-01-21,248.6999969482422,251.55999755859372,245.17999267578125,247.6499938964844,54641700,248.3500061035156,1,AAPL,0.0038508186461045923,-0.04089693624590385,-0.045186418789142535,253.60999450683593,256.80899505615236,-0.31925499112343103,0.013566451195842424,0.0,0.0,0.0,0.0,0.0,0.0,0.0,0.0
2026-01-22,249.1999969482422,251.0,248.1499938964844,248.3500061035156,39708300,248.0399932861328,0,AAPL,0.0028266191168322408,-0.028098433491492658,-0.0457252407165587,251.28799743652343,255.61099700927736,-0.2732967678531232,0.013499130059223355,0.0,0.0,0.0,0.0,0.0,0.0,0.0,0.0
2026-01-23,247.32000732421875,249.41000366210935,244.67999267578125,248.0399932861328,41689000,255.41000366210935,1,AAPL,-0.0012482899527433977,0.005431683641940799,-0.049837177227350815,249.25399780273438,254.51099548339843,0.04988125908185448,0.013075941059019434,0.0,0.0,0.0,0.0,0.0,0.0,0.0,0.0
2026-01-26,251.47999572753903,256.5599975585937,249.8000030517578,255.41000366210935,55969200,258.2699890136719,1,AAPL,0.02971299216040002,0.031334584925806874,-0.017502646339927375,249.22999877929686,254.11499633789063,0.34254119791791604,0.01921529779176098,0.0,0.0,0.0,0.0,0.0,0.0,0.0,0.0
2026-01-27,259.1700134277344,261.95001220703125,258.2099914550781,258.2699890136719,49648300,256.44000244140625,0,AAPL,0.01119762464490659,0.039943558149225566,0.00023235955454570245,251.54399719238282,253.9169952392578,-0.11293532871650835,0.019723766055176055,0.0,0.0,0.0,0.0,0.0,0.0,0.0,0.0
2026-01-28,257.6499938964844,258.8599853515625,254.50999450683597,256.44000244140625,41288000,258.2799987792969,1,AAPL,-0.007085556394896275,0.033865543390752206,0.003561240036225044,253.3019989013672,253.45599670410155,-0.16839045848498335,0.019466932889956857,0.0,0.0,0.0,0.0,0.0,0.0,0.0,0.0
2026-01-29,258.0,259.6499938964844,254.41000366210935,258.2799987792969,67253000,259.4800109863281,1,AAPL,0.007175153331668849,0.011236815614255935,0.04693961075923392,255.28799743652343,253.28799743652343,0.6288752179810115,0.01173568884157376,0.0,0.0,0.0,0.0,0.0,0.0,0.0,0.0
2026-01-30,255.1699981689453,261.8999938964844,252.17999267578125,259.4800109863281,92443400,270.010009765625,1,AAPL,0.004646167774132071,0.004685104828777487,0.04776909905674609,257.5760009765625,253.41499938964844,0.37456172958827105,0.011708083592439363,0.0,0.0,0.0,0.0,0.0,0.0,0.0,0.0
2026-02-02,260.0299987792969,270.489990234375,259.2099914550781,270.010009765625,73913400,269.4800109863281,0,AAPL,0.04058115590203082,0.052916889701400516,0.08721563571486768,260.4960021972656,254.86300048828124,-0.20044697620381768,0.01706982241737181,0.0,0.0,0.0,0.0,0.0,0.0,0.0,0.0
2026-02-03,269.20001220703125,271.8800048828125,267.6099853515625,269.4800109863281,64394700,276.489990234375,1,AAPL,-0.0019628856713753695,0.04336383870205052,0.08643774504324653,262.7380065917969,257.14100189208983,-0.12878179058195127,0.01716510509406797,0.0,0.0,0.0,0.0,0.0,0.0,0.0,0.0
2026-02-04,272.2900085449219,278.95001220703125,272.2900085449219,276.489990234375,90545700,275.9100036621094,0,AAPL,0.026012984125945104,0.0655541025429629,0.08253391124081855,266.7480041503906,260.0250015258789,0.40610485024388643,0.016577005573555043,0.0,0.0,0.0,0.0,0.0,0.0,0.0,0.0
2026-02-05,278.1300048828125,279.5,273.2300109863281,275.9100036621094,52977400,278.1199951171875,1,AAPL,-0.0020976765624461935,0.021851019158903418,0.0683006752577191,270.2740051269531,262.78100128173827,-0.4149098190195669,0.017361746606336114,0.0,0.0,0.0,0.0,0.0,0.0,0.0,0.0
2026-02-06,277.1199951171875,280.9100036621094,276.92999267578125,278.1199951171875,50453400,274.6199951171875,0,AAPL,0.008009827210848641,0.032061688357648555,0.08454216373958623,274.002001953125,265.78900146484375,-0.04764295718551681,0.01581059936121978,0.0,0.0,0.0,0.0,0.0,0.0,0.0,0.0
2026-02-09,277.9100036621094,278.20001220703125,271.70001220703125,274.6199951171875,44623400,273.67999267578125,0,AAPL,-0.01258449612198953,-0.0067633374922627665,0.0632646601173843,274.9239990234375,267.7100006103516,-0.11555217289617747,0.01833011553752764,0.0,0.0,0.0,0.0,0.0,0.0,0.0,0.0
2026-02-10,274.8900146484375,275.3699951171875,272.94000244140625,273.67999267578125,34376900,275.5,1,AAPL,-0.003422920610733904,-0.00808238540368067,0.05472476140060478,275.7639953613281,269.2510009765625,-0.22962167831227565,0.018890561939302112,0.0,0.0,0.0,0.0,0.0,0.0,0.0,0.0
2026-02-11,274.70001220703125,280.17999267578125,274.45001220703125,275.5,51931300,261.7300109863281,0,AAPL,0.0066501292492171515,-0.009420376683393572,0.020332543371782474,275.5659973144531,271.15700073242186,0.5106452297909352,0.01226610455722513,0.0,0.0,0.0,0.0,0.0,0.0,0.0,0.0
2026-02-12,275.5899963378906,275.7200012207031,260.17999267578125,261.7300109863281,81077200,255.77999877929688,0,AAPL,-0.049981811301894274,-0.04693752953188601,-0.02875909041132252,272.72999877929686,271.502001953125,0.5612395607273455,0.023630360963389795,0.0,0.0,0.0,0.0,0.0,0.0,0.0,0.0
2026-02-13,262.010009765625,262.2300109863281,255.4499969482422,255.77999877929688,56290700,263.8800048828125,1,AAPL,-0.022733396848946263,-0.06540483183105694,-0.07490322321441978,268.2619995117187,271.1320007324219,-0.30571480021510367,0.02028640025768518,0.0,0.0,0.0,0.0,0.0,0.0,0.0,0.0
2026-02-17,258.04998779296875,266.2900085449219,255.5399932861328,263.8800048828125,58469100,264.3500061035156,1,AAPL,0.031667863563111576,-0.04217784071574415,-0.04360116929297464,266.11400146484374,270.5190002441406,0.03869911015496341,0.025947221847112147,0.0,0.0,0.0,0.0,0.0,0.0,0.0,0.0
2026-02-18,263.6000061035156,266.82000732421875,262.45001220703125,264.3500061035156,34203300,260.5799865722656,0,AAPL,0.0017811172199722058,0.010010296898372628,-0.049510963812112174,264.2480041503906,270.00599975585936,-0.4150192152778134,0.0254871714301348,0.0,0.0,0.0,0.0,0.0,0.0,0.0,0.0
2026-02-19,262.6000061035156,264.4800109863281,260.04998779296875,260.5799865722656,30845300,264.5799865722656,1,AAPL,-0.014261469431454121,0.018766079505342814,-0.05112522319771595,261.2640014648438,268.4149993896484,-0.09817766121982385,0.02555678783031845,0.0,0.0,0.0,0.0,0.0,0.0,0.0,0.0
2026-02-20,258.9700012207031,264.75,258.1600036621094,264.5799865722656,42070500,266.17999267578125,1,AAPL,0.015350373037534393,0.002652651495000491,-0.033250534737831794,261.83399658203126,267.28199768066406,0.36391930050931576,0.026963764512208888,0.0,0.0,0.0,0.0,0.0,0.0,0.0,0.0
2026-02-23,263.489990234375,269.42999267578125,263.3800048828125,266.17999267578125,37308200,272.1400146484375,1,AAPL,0.006047343656806037,0.006922589483690178,-0.03382942767411523,263.91399536132815,266.08799743652344,-0.1131980841682414,0.02692313771086592,0.0,0.0,0.0,0.0,0.0,0.0,0.0,0.0
2026-02-24,267.8599853515625,274.8900146484375,267.7099914550781,272.1400146484375,47014600,274.2300109863281,1,AAPL,0.022390946489790453,0.044362685823402526,0.03977382503014981,265.5659973144531,265.8399993896484,0.26016800596115597,0.019444052884248456,0.0,0.0,0.0,0.0,0.0,0.0,0.0,0.0
2026-02-25,271.7799987792969,274.94000244140625,271.04998779296875,274.2300109863281,33714300,272.95001220703125,0,AAPL,0.007679856784716499,0.03647299457182007,0.07213234926531964,267.5419982910156,265.89500122070314,-0.2828972276697026,0.014881601422188882,0.0,0.0,0.0,0.0,0.0,0.0,0.0,0.0
2026-02-26,274.95001220703125,276.1099853515625,270.79998779296875,272.95001220703125,32345100,264.17999267578125,0,AAPL,-0.004667610137537803,0.025433990974280896,0.03437171121869076,270.01600341796876,265.64000244140624,-0.040611847198369855,0.012197103145699804,0.0,0.0,0.0,0.0,0.0,0.0,0.0,0.0
2026-02-27,272.8099975585937,272.8099975585937,262.8900146484375,264.17999267578125,72366500,264.7200012207031,1,AAPL,-0.03213049693728531,-0.02924973008081655,-0.0006431375971589492,269.9360046386719,265.88500061035154,1.237324973489029,0.01866395831603112,0.0,0.0,0.0,0.0,0.0,0.0,0.0,0.0
2026-03-02,262.4100036621094,266.5299987792969,260.20001220703125,264.7200012207031,41827900,263.75,0,AAPL,0.002044093269336189,-0.03467895337720395,0.015887692308593104,269.6440063476563,266.7790008544922,-0.4219991294314358,0.017563988081721323,0.0,0.0,0.0,0.0,0.0,0.0,0.0,0.0
2026-03-03,263.4800109863281,265.5599975585937,260.1300048828125,263.75,38568900,262.5199890136719,0,AAPL,-0.0036642536122324376,-0.03370585013952332,-0.0031369968039473006,267.96600341796875,266.76600036621096,-0.07791450204289485,0.016672880907043944,0.0,0.0,0.0,0.0,0.0,0.0,0.0,0.0
2026-03-04,264.6499938964844,266.1499938964844,261.4200134277344,262.5199890136719,39803100,260.2900085449219,0,AAPL,-0.004663548763329417,-0.006283608555272546,-0.013750108057773547,265.6239990234375,266.58299865722654,0.03199987554739692,0.016480595064707837,0.0,0.0,0.0,0.0,0.0,0.0,0.0,0.0
2026-03-05,260.7900085449219,261.5599975585937,257.25,260.2900085449219,49658600,257.4599914550781,0,AAPL,-0.00849451684471103,-0.016734635295229783,-0.04354378432302208,263.0919982910156,266.5540008544922,0.24760634221957578,0.01257891539663299,0.0,0.0,0.0,0.0,0.0,0.0,0.0,0.0
2026-03-06,258.6300048828125,258.7699890136719,254.3699951171875,257.4599914550781,41120000,259.8800048828125,1,AAPL,-0.010872553678353492,-0.023848373630035558,-0.06115311548481861,261.747998046875,265.8420013427734,-0.17194604761310228,0.011005718714679431,0.0,0.0,0.0,0.0,0.0,0.0,0.0,0.0
2026-03-09,255.69000244140625,261.1499938964844,253.67999267578125,259.8800048828125,38218500,260.8299865722656,1,AAPL,0.009399570838394267,-0.010056316628604955,-0.047884252572611086,260.7799987792969,265.2120025634766,-0.07056177042801559,0.013013104109927003,0.0,0.0,0.0,0.0,0.0,0.0,0.0,0.0
2026-03-10,257.6499938964844,262.4800109863281,256.95001220703125,260.8299865722656,30590800,260.8099975585937,0,AAPL,0.0036554627966916,0.0020745246056979028,-0.012680771430056637,260.19599609375,264.08099975585935,-0.19958135457958837,0.007173709533775137,0.0,0.0,0.0,0.0,0.0,0.0,0.0,0.0
2026-03-11,261.0899963378906,262.1300048828125,259.54998779296875,260.8099975585937,26218900,255.75999450683597,0,AAPL,-7.663617950770529e-05,0.013011754115979102,-0.014770337126319255,259.85399780273434,262.73899841308594,-0.14291551708356764,0.007027631881680865,0.0,0.0,0.0,0.0,0.0,0.0,0.0,0.0
2026-03-12,258.6600036621094,258.95001220703125,254.17999267578125,255.75999450683597,40794000,250.1199951171875,0,AAPL,-0.019362766377938323,-0.01585351046085426,-0.030293859689721425,258.9479949951172,261.0199966430664,0.555900514514339,0.009631560876983636,0.0,0.0,0.0,0.0,0.0,0.0,0.0,0.0
2026-03-13,255.47999572753903,256.3299865722656,249.5200042724609,250.1199951171875,36930000,252.82000732421875,1,AAPL,-0.022051921765652516,-0.041061196972882574,-0.04723447514634249,257.47999572753906,259.613996887207,-0.09471981173702015,0.011739121262877973,0.0,0.0,0.0,0.0,0.0,0.0,0.0,0.0
2026-03-16,252.1100006103516,253.88999938964844,249.8800048828125,252.82000732421875,32074200,254.22999572753903,1,AAPL,0.01079486750256109,-0.03063529124331177,-0.028698762824059476,256.0679962158203,258.4239974975586,-0.1314865962632007,0.01342582227625249,0.0,0.0,0.0,0.0,0.0,0.0,0.0,0.0
2026-03-17,252.9600067138672,255.1300048828125,252.17999267578125,254.22999572753903,32361600,249.94000244140625,0,AAPL,0.005577044389181163,-0.005982166140748979,-0.012545621979105248,254.747998046875,257.4719970703125,0.008960472903455141,0.013476918720705382,0.0,0.0,0.0,0.0,0.0,0.0,0.0,0.0
2026-03-18,252.6300048828125,254.94000244140625,249.0,249.94000244140625,35757900,248.9600067138672,0,AAPL,-0.016874457610149274,-0.0007196252970376182,-0.038248431024497154,252.5739990234375,256.21399841308596,0.10494845743102932,0.013521439487413363,0.0,0.0,0.0,0.0,0.0,0.0,0.0,0.0
2026-03-19,249.3999938964844,251.8300018310547,247.3000030517578,248.9600067138672,34864100,247.9900054931641,0,AAPL,-0.0039209238936004365,-0.015267781419693871,-0.04550849392122991,251.21400146484376,255.08099822998048,-0.024995875037404303,0.012960172970177533,0.0,0.0,0.0,0.0,0.0,0.0,0.0,0.0
2026-03-20,247.97999572753903,249.1999969482422,246.0,247.9900054931641,88331100,251.4900054931641,1,AAPL,-0.003896213024359052,-0.02454466561476254,-0.04915452699450085,250.78800354003906,254.13399963378907,1.5335832561287974,0.012719930357444365,0.0,0.0,0.0,0.0,0.0,0.0,0.0,0.0
2026-03-23,253.97000122070312,254.6000061035156,250.27999877929688,251.4900054931641,40546100,251.63999938964844,1,AAPL,0.01411347200480817,0.006201500506591406,-0.016695296783632574,250.52200317382812,253.2949996948242,-0.5409759416558834,0.013605454742864875,0.0,0.0,0.0,0.0,0.0,0.0,0.0,0.0
2026-03-24,250.3500061035156,254.8300018310547,249.5500030517578,251.63999938964844,45152300,252.6199951171875,1,AAPL,0.0005964209042430557,0.010764751781443316,0.006077100200440944,250.00400390625,252.3760009765625,0.11360402110190626,0.010461407626307439,0.0,0.0,0.0,0.0,0.0,0.0,0.0,0.0
2026-03-25,254.1000061035156,255.0,251.6000061035156,252.6199951171875,28476700,252.88999938964844,1,AAPL,0.00389443542328749,0.018670065411773296,-0.0007911249158961686,250.54000244140624,251.55700073242187,-0.3693189494222886,0.009670230190190513,0.0,0.0,0.0,0.0,0.0,0.0,0.0,0.0
2026-03-26,252.1199951171875,257.0,250.7700042724609,252.88999938964844,41796700,248.8000030517578,0,AAPL,0.0010688159198788405,0.00556679735140575,-0.005270803447311123,251.3260009765625,251.27000122070314,0.4677508278698024,0.009376907891826578,0.0,0.0,0.0,0.0,0.0,0.0,0.0,0.0
2026-03-27,253.8999938964844,255.4900054931641,248.07000732421875,248.8000030517578,47900000,246.6300048828125,0,AAPL,-0.016173025219509918,-0.011285949550067675,-0.004561092176174064,251.48800048828124,251.13800201416015,0.14602348989274283,0.0091770846123385,0.0,0.0,0.0,0.0,0.0,0.0,0.0,0.0
2026-03-30,250.07000732421875,250.8699951171875,245.50999450683597,246.6300048828125,39446200,253.7899932861328,1,AAPL,-0.008721857485242457,-0.023711465244848573,-0.009358940264379889,250.51600036621093,250.51900177001954,-0.17648851774530272,0.009633241955686756,0.0,0.0,0.0,0.0,0.0,0.0,0.0,0.0
2026-03-31,247.91000366210935,255.47999572753903,247.1000061035156,253.7899932861328,49598100,255.6300048828125,1,AAPL,0.029031294901536553,0.003558835456746179,0.02338799009836956,250.9459991455078,250.4750015258789,0.2573606583143624,0.014806099160854277,0.0,0.0,0.0,0.0,0.0,0.0,0.0,0.0
2026-04-01,254.0800018310547,256.17999267578125,253.3300018310547,255.6300048828125,40059400,255.9199981689453,1,AAPL,0.007250134541771258,0.02745177551156952,0.016461884366060664,251.54800109863282,251.04400177001952,-0.19231986709168292,0.014193061007009383,0.0,0.0,0.0,0.0,0.0,0.0,0.0,0.0
2026-04-02,254.1999969482422,256.1300048828125,250.6499938964844,255.9199981689453,31289400,258.8599853515625,1,AAPL,0.0011344258521832629,0.03766773345581775,0.017008419924010365,252.15400085449218,251.74000091552733,-0.218924896528655,0.014182987689505499,0.0,0.0,0.0,0.0,0.0,0.0,0.0,0.0
2026-04-06,256.510009765625,262.1600036621094,256.4599914550781,258.8599853515625,29329900,253.5,0,AAPL,0.011487914987700076,0.0199771157238402,0.024701093955291853,254.16599731445314,252.82699890136718,-0.06262504234660937,0.014592109487125292,0.0,0.0,0.0,0.0,0.0,0.0,0.0,0.0
2026-04-07,256.1600036621094,256.20001220703125,245.6999969482422,253.5,62148000,258.8999938964844,1,AAPL,-0.020706117804507373,-0.008332374299288348,0.002412118359064408,255.5399963378906,253.0279983520508,1.118929829286837,0.01728902434931686,0.0,0.0,0.0,0.0,0.0,0.0,0.0,0.0
2026-04-08,258.45001220703125,259.75,256.5299987792969,258.8999938964844,41032800,260.489990234375,1,AAPL,0.02130175107094434,0.011644247221242354,0.04059481800981124,256.56199645996094,253.75399780273438,-0.33975670978953465,0.017076662051621994,0.0,0.0,0.0,0.0,0.0,0.0,0.0,0.0
2026-04-09,259.0,261.1199951171875,256.07000732421875,260.489990234375,28121600,260.4800109863281,0,AAPL,0.006141353323192211,0.006296859209810934,0.05619748237100408,257.53399353027345,254.54099731445314,-0.3146555925990915,0.015846099597337814,0.0,0.0,0.0,0.0,0.0,0.0,0.0,0.0
2026-04-10,259.9800109863281,262.19000244140625,259.0199890136719,260.4800109863281,31291500,259.20001220703125,0,AAPL,-3.8309525974056235e-05,0.027534560103858574,0.026360447130209463,258.44599609375,255.29999847412108,0.11272118229403727,0.012943391413302951,0.0,0.0,0.0,0.0,0.0,0.0,0.0,0.0
2026-04-13,259.7300109863281,260.17999267578125,256.6600036621094,259.20001220703125,36234700,258.8299865722656,0,AAPL,-0.004914000020385667,0.0011588193032820993,0.0139655253922768,258.5140014648438,256.3399993896484,0.15797261237077165,0.013216027975572555,0.0,0.0,0.0,0.0,0.0,0.0,0.0,0.0
2026-04-14,259.25,261.92999267578125,257.19000244140625,258.8299865722656,48370700,266.42999267578125,1,AAPL,-0.001427567968129817,-0.006372619771745525,0.011370695624182137,259.5799987792969,257.55999755859375,0.3349275694293039,0.013281187353877866,0.0,0.0,0.0,0.0,0.0,0.0,0.0,0.0
2026-04-15,258.1600036621094,266.5599975585937,257.8099975585937,266.42999267578125,49913500,263.3999938964844,0,AAPL,0.029362927395561567,0.022842373458612286,0.02924363653168638,261.08599853515625,258.8239974975586,0.03189534160142404,0.016745195902923508,0.0,0.0,0.0,0.0,0.0,0.0,0.0,0.0
2026-04-16,266.79998779296875,267.1600036621094,261.2699890136719,263.3999938964844,43323100,270.2300109863281,1,AAPL,-0.011372588907376024,0.016203632298051218,0.03905323036088504,261.6679992675781,259.60099639892576,-0.1320364230118104,0.014670275626391534,0.0,0.0,0.0,0.0,0.0,0.0,0.0,0.0
2026-04-17,266.9599914550781,272.29998779296875,266.7200012207031,270.2300109863281,61436200,273.04998779296875,1,AAPL,0.025930209749845057,0.04404445004628399,0.043762137338534624,263.6179992675781,261.03199768066406,0.41809334973720724,0.015573522591456954,0.0,0.0,0.0,0.0,0.0,0.0,0.0,0.0
2026-04-20,270.3299865722656,274.2799987792969,270.2900085449219,273.04998779296875,36590200,266.1700134277344,0,AAPL,0.010435468645202839,0.024847034114674038,0.04821681457814542,266.38799438476565,262.4509979248047,-0.404419544177537,0.015653344554075476,0.0,0.0,0.0,0.0,0.0,0.0,0.0,0.0
2026-04-21,271.5,272.79998779296875,265.3999938964844,266.1700134277344,50209800,273.1700134277344,1,AAPL,-0.025196757637106715,0.010516399375235519,0.021844295920675938,267.8559997558594,263.71799926757814,0.37221988401265915,0.019830430577671757,0.0,0.0,0.0,0.0,0.0,0.0,0.0,0.0
2026-04-22,267.82000732421875,273.739990234375,266.8699951171875,273.1700134277344,43249200,273.42999267578125,1,AAPL,0.026298980526972437,0.010879629655771161,0.05389660710951216,269.20400390625,265.14500122070314,-0.13863030723085934,0.02115143101776055,0.0,0.0,0.0,0.0,0.0,0.0,0.0,0.0
2026-04-23,275.04998779296875,275.7699890136719,271.6499938964844,273.42999267578125,33399600,271.0599975585937,0,AAPL,0.0009517122497622044,0.0013917044490059371,0.056407707224600534,271.2100036621094,266.4390014648437,-0.22774062872839262,0.020998521989912537,0.0,0.0,0.0,0.0,0.0,0.0,0.0,0.0
2026-04-24,272.760009765625,273.0599975585937,269.6499938964844,271.0599975585937,38157100,267.6099853515625,0,AAPL,-0.008667648687676222,0.018371656776382084,0.01737794171111462,271.3760009765625,267.4970001220703,0.1424418256506066,0.019428930630694674,0.0,0.0,0.0,0.0,0.0,0.0,0.0,0.0
2026-04-27,266.0899963378906,268.3599853515625,265.07000732421875,267.6099853515625,41466800,270.7099914550781,1,AAPL,-0.012727854490168444,-0.020353727725838988,0.015983263297768557,270.2880004882812,268.33799743652344,0.08673877207649427,0.019597691279085276,0.0,0.0,0.0,0.0,0.0,0.0,0.0,0.0
2026-04-28,272.3399963378906,273.2300109863281,268.6600036621094,270.7099914550781,40018900,270.1700134277344,0,AAPL,0.011584044965448959,-0.00994770615353946,0.0017761923148287284,271.19599609375,269.5259979248047,-0.03491709029874501,0.01735228016260249,0.0,0.0,0.0,0.0,0.0,0.0,0.0,0.0
2026-04-29,267.54998779296875,271.0400085449219,267.0400085449219,270.1700134277344,30047900,271.3500061035156,1,AAPL,-0.0019946734305643643,-0.003283347372815215,-0.010547425357945839,270.59599609375,269.9,-0.24915727318841852,0.01677859492168892,0.0,0.0,0.0,0.0,0.0,0.0,0.0,0.0
2026-04-30,270.5,276.0,268.1400146484375,271.3500061035156,91848200,280.1400146484375,1,AAPL,0.004367593060422559,0.013975639761871328,0.01946121807289014,270.17999877929685,270.69500122070315,2.0567260940032415,0.013107496215625444,0.0,0.0,0.0,0.0,0.0,0.0,0.0,0.0
2026-05-01,278.8599853515625,287.2200012207031,278.3699951171875,280.1400146484375,79915400,276.8299865722656,0,AAPL,0.032393618379240596,0.03483441132952869,0.025515250130289324,271.9960021972656,271.6860015869141,-0.129918713703698,0.014993015612086338,0.0,0.0,0.0,0.0,0.0,0.0,0.0,0.0
2026-05-04,279.6600036621094,280.6300048828125,274.8599853515625,276.8299865722656,46668400,284.17999267578125,1,AAPL,-0.011815620415119188,0.024651044947712863,0.012434604789372639,273.8400024414062,272.0640014648437,-0.41602744902734645,0.016117603588617656,0.0,0.0,0.0,0.0,0.0,0.0,0.0,0.0
2026-05-05,276.92999267578125,284.57000732421875,276.5,284.17999267578125,49311700,287.510009765625,1,AAPL,0.026550613950909296,0.047282057430178215,0.04840255011937522,276.53400268554685,273.86499938964846,0.05664003908426252,0.01769682847165227,0.0,0.0002905279397964,0.5,0.5,0.0,4.0,29.0,12.0
2026-05-06,281.9200134277344,288.0299987792969,281.07000732421875,287.510009765625,58336100,287.44000244140625,0,AAPL,0.01171798569803939,0.02630825562865957,0.07436203992134138,280.002001953125,275.2989990234375,0.18300727819158547,0.015444806466545748,0.0,0.0002905279397964,0.5,0.5,0.0,4.0,30.0,13.0
2026-05-07,289.2699890136719,292.1300048828125,285.7799987792969,287.44000244140625,45224300,293.32000732421875,1,AAPL,-0.00024349525874178823,0.038326830126009126,0.061800493200873774,283.2200012207031,276.7,-0.22476305409514863,0.015932994908447448,0.0,0.0002905279397964,0.5,0.5,0.0,4.0,31.0,14.0
2026-05-08,290.010009765625,294.760009765625,290.0,293.32000732421875,52692800,292.67999267578125,0,AAPL,0.02045645989726541,0.032162766148232214,0.08568676294890354,285.8559997558594,278.9260009765625,0.1651435179759555,0.01567644194264515,0.0,0.0002905279397964,0.5,0.5,0.0,4.0,32.0,15.0
2026-05-11,291.9800109863281,293.8800048828125,290.2300109863281,292.67999267578125,42247300,294.79998779296875,1,AAPL,-0.0021819672455212213,0.017981923183720605,0.07860691392108743,289.0260009765625,281.43300170898436,-0.19823391431087356,0.016381796195035346,0.0,0.0002905279397964,0.5,0.5,0.0,4.0,35.0,13.0
2026-05-12,292.5599975585937,295.2699890136719,292.5599975585937,294.79998779296875,45748100,298.8699951171875,1,AAPL,0.007243389265544797,0.02560529254470345,0.052330878767636424,291.15,283.8420013427734,0.08286446707836959,0.0133875758166886,0.0,0.0002905279397964,0.5,0.5,0.0,4.0,29.0,14.0
2026-05-13,293.5,300.9200134277344,293.5,298.8699951171875,52684300,298.2099914550781,0,AAPL,0.013805995565634221,0.018921272515973087,0.07961568332182245,293.4219970703125,286.7119995117188,0.1516172256334143,0.010439592222128266,0.0,0.0002905279397964,0.5,0.5,0.0,4.0,30.0,15.0
2026-05-14,299.82000732421875,300.45001220703125,295.3800048828125,298.2099914550781,35324900,300.2300109863281,1,AAPL,-0.00220833028705536,0.01889435191227018,0.04937011450803852,295.57599487304685,289.397998046875,-0.3294985413111686,0.008862492114215137,0.0,0.0002905279397964,0.5,0.5,0.0,4.0,31.0,16.0
2026-05-15,297.8999938964844,303.20001220703125,296.5199890136719,300.2300109863281,54862800,297.8399963378906,0,AAPL,0.0067738157309671365,0.018419346737465814,0.044241942153848246,296.95799560546874,291.40699768066406,0.5530914454110274,0.008611843893012169,0.0,0.0002905279397964,0.5,0.5,0.0,4.0,32.0,12.0
2026-05-18,300.239990234375,300.6600036621094,294.9100036621094,297.8399963378906,34483000,298.9700012207031,1,AAPL,-0.007960612067346995,-0.0034463104230085806,0.03618144241633314,297.9899963378906,293.50799865722655,-0.37146846314807114,0.009966793590501195,0.0,0.0002905279397964,0.5,0.5,0.0,4.0,35.0,15.0
2026-05-19,296.9700012207031,300.510009765625,296.3500061035156,298.9700012207031,42243600,302.25,1,AAPL,0.003793999787491842,0.002548572440234542,0.019262217903326384,298.8239990234375,294.98699951171875,0.2250558246092278,0.007340902836426027,0.0,0.0002905279397964,0.5,0.5,0.0,4.0,29.0,16.0
2026-05-20,298.17999267578125,302.79998779296875,298.0799865722656,302.25,38229800,304.989990234375,1,AAPL,0.0109709963070026,0.006728138226540725,0.03269785282118698,299.5,296.46099853515625,-0.0950155763239875,0.007547825686840596,0.0,0.0002905279397964,0.5,0.5,0.0,4.0,30.0,12.0
2026-05-21,301.0599975585937,305.5400085449219,300.3999938964844,304.989990234375,42965100,308.82000732421875,1,AAPL,0.009065310949131433,0.024006157616161428,0.034565817039865276,300.8559997558594,298.21599731445315,0.12386410601154063,0.007683111329777428,0.0,0.0002905279397964,0.5,0.5,0.0,4.0,31.0,13.0
2026-05-22,306.1199951171875,311.3999938964844,305.8399963378906,308.82000732421875,43670200,308.3299865722656,0,AAPL,0.012557845216167651,0.03294646975715887,0.033292108172751966,302.5739990234375,299.7659973144531,0.016410994039348203,0.007452779156121985,0.0,0.0002905279397964,0.5,0.5,0.0,4.0,32.0,14.0
2026-05-26,309.5599975585937,311.82000732421875,307.6700134277344,308.3299865722656,48000500,310.8500061035156,1,AAPL,-0.001586751960143129,0.020115753754394117,0.03393580164034171,304.6719970703125,301.33099670410155,0.09915915200754744,0.007359687615030213,0.0,0.0002905279397964,0.5,0.5,0.0,4.0,29.0,13.0
2026-05-27,308.3299865722656,313.260009765625,308.29998779296875,310.8500061035156,50430900,312.510009765625,1,AAPL,0.008173125031610828,0.01921379735983275,0.035372863233419816,307.047998046875,302.9359985351563,0.05063280590827168,0.00744072657957886,0.0,0.0002905279397964,0.5,0.5,0.0,4.0,30.0,14.0
2026-05-28,310.67999267578125,312.79998779296875,309.57000732421875,312.510009765625,48220400,312.0599975585937,0,AAPL,0.005340207912225559,0.011948715607445148,0.04925467904952452,309.1,304.3,-0.04383225363814647,0.004813154869291149,0.0,0.0002905279397964,0.5,0.5,0.0,4.0,31.0,15.0
2026-05-29,311.7799987792969,315.0,309.5299987792969,312.0599975585937,70026800,306.3099975585937,0,AAPL,-0.001439992937726342,0.012097464238866262,0.04378364479527619,310.5140014648438,305.68500061035155,0.45222354024437794,0.005701103847005259,0.0,0.0002905279397964,0.5,0.5,0.0,4.0,32.0,16.0
2026-06-01,309.6300048828125,310.94000244140625,305.0199890136719,306.3099975585937,48849900,315.20001220703125,1,AAPL,-0.018425943872925732,-0.014605142209358934,0.013432580839019659,310.0119995117187,306.2929992675781,-0.3024113625069259,0.010428761646916975,0.0,0.0002905279397964,0.5,0.5,0.0,4.0,35.0,14.0
2026-06-02,307.4599914550781,315.45001220703125,306.69000244140625,315.20001220703125,44534700,310.260009765625,0,AAPL,0.02902293336585271,0.008607732096081344,0.033476580542234124,311.3860046386718,308.0290008544922,-0.08833590242764056,0.014593244992363053,0.0,0.0002905279397964,0.5,0.5,0.0,4.0,29.0,15.0
2026-06-03,314.17999267578125,316.94000244140625,308.8500061035156,310.260009765625,50836700,311.2300109863281,1,AAPL,-0.015672595971098935,-0.005768082442642153,0.00466291822826892,311.2680053710937,309.1580017089844,0.1415076333735268,0.01593320857783231,0.0,0.0002905279397964,0.5,0.5,0.0,4.0,30.0,16.0
2026-06-04,313.2300109863281,313.5400085449219,309.6499938964844,311.2300109863281,44869100,307.3399963378906,0,AAPL,0.0031264139436979477,0.016062203215529314,0.009405586677774469,311.01200561523433,310.0560028076172,-0.11738763531071061,0.015916446144526468,0.0,0.0002905279397964,0.5,0.5,0.0,4.0,31.0,12.0
2026-06-05,312.8599853515625,315.1700134277344,307.1499938964844,307.3399963378906,65310500,301.5400085449219,0,AAPL,-0.012498841728371679,-0.024936597603866795,-0.011291650946457232,310.06800537109376,310.29100341796874,0.45557856074670533,0.01637156812694271,0.0,0.0002905279397964,0.5,0.5,0.0,4.0,32.0,13.0
2026-06-08,308.739990234375,317.3999938964844,301.1700134277344,301.5400085449219,77949100,290.54998779296875,0,AAPL,-0.01887156849768501,-0.028105462986642515,-0.03510287951714042,309.1140075683594,309.56300354003906,0.19351559090804704,0.017219549480465095,0.0,0.0002905279397964,0.5,0.5,0.0,4.0,35.0,16.0
2026-06-09,300.2799987792969,300.75,287.7799987792969,290.54998779296875,70108800,291.5799865722656,1,AAPL,-0.03644631040831148,-0.06644610886919844,-0.06892908393869401,304.1840026855469,307.7850036621094,-0.10058230306700144,0.020746949134798073,0.0,0.0002905279397964,0.5,0.5,0.0,4.0,29.0,12.0
2026-06-10,290.739990234375,294.75,287.3800048828125,291.5799865722656,52793300,295.6300048828125,1,AAPL,0.003544996808021894,-0.05127874651335129,-0.04808857400584965,300.447998046875,305.8580017089844,-0.24698040759505224,0.02091513017010839,0.0,0.0002905279397964,0.5,0.5,0.0,4.0,30.0,13.0
2026-06-11,293.7200012207031,297.0,289.5899963378906,295.6300048828125,42572500,291.1300048828125,0,AAPL,0.013889904990249002,-0.01959940138832006,-0.06208758428399008,297.3279968261719,304.1700012207031,-0.19360032428357388,0.017009248072856174,0.0,0.0002905279397964,0.5,0.5,0.0,4.0,31.0,14.0
2026-06-12,296.0299987792969,297.1400146484375,289.6199951171875,291.1300048828125,38742100,296.4200134277344,1,AAPL,-0.015221729613622226,0.001996272979563951,-0.061657978085102205,294.08599853515625,302.077001953125,-0.08997357449057486,0.016980553522063416,0.0,0.0002905279397964,0.5,0.5,0.0,4.0,32.0,15.0
2026-06-15,294.1199951171875,297.7799987792969,291.70001220703125,296.4200134277344,45732600,299.239990234375,1,AAPL,0.018170605764429082,0.016599310921050492,-0.04758537748869063,293.06199951171874,301.08800354003904,0.18043678582214184,0.019521983789129737,0.0,0.0002905279397964,0.5,0.5,0.0,4.0,35.0,13.0
2026-06-16,295.25,300.4800109863281,293.9700012207031,299.239990234375,39874400,295.95001220703125,0,AAPL,0.009513449426140408,0.012211160206804683,-0.026355196850495366,294.8,299.49200134277345,-0.12809680621700936,0.020207375480616775,0.0,0.0002905279397964,0.5,0.5,0.0,4.0,29.0,14.0
2026-06-17,300.8500061035156,302.07000732421875,294.3599853515625,295.95001220703125,42745100,298.010009765625,1,AAPL,-0.010994446379867018,0.016556202532813202,-0.01853815805360326,295.67400512695315,298.0610015869141,0.07199355977770194,0.01942128396499638,0.0,0.0002905279397964,0.5,0.5,0.0,4.0,30.0,15.0
2026-06-18,298.1099853515625,300.57000732421875,295.6199951171875,298.010009765625,85962200,297.010009765625,0,AAPL,0.006960626705947437,0.005363997928157005,0.025675519828181503,296.15000610351564,296.73900146484374,1.0110422013283396,0.012460891596857603,0.0,0.0002905279397964,0.5,0.5,0.0,4.0,31.0,16.0
2026-06-22,297.3099975585937,302.4200134277344,296.760009765625,297.010009765625,44879900,294.29998779296875,0,AAPL,-0.0033555919842641613,-0.0074521472447696135,0.018622756853765132,297.3260070800781,295.7060028076172,-0.4779112214438439,0.012744446724939166,0.0,0.0002905279397964,0.5,0.5,0.0,4.0,35.0,15.0
2026-06-23,297.5400085449219,301.6400146484375,294.17999267578125,294.29998779296875,52010900,293.0799865722656,0,AAPL,-0.00912434558954689,-0.005575348356154919,-0.004498924560688566,296.902001953125,294.98200073242185,0.15889072836615048,0.012341492821479543,0.0,0.0002905279397964,0.5,0.5,0.0,4.0,29.0,16.0
2026-06-24,295.3599853515625,299.70001220703125,292.94000244140625,293.0799865722656,53081900,275.1499938964844,0,AAPL,-0.004145434153267291,-0.016543146309872858,0.006697975669797573,295.6700012207031,295.23500061035156,0.02059183748022053,0.010759904720738366,0.0,0.0002905279397964,0.5,0.5,0.0,4.0,30.0,12.0
2026-06-25,287.3999938964844,288.79998779296875,273.75,275.1499938964844,107013700,283.7799987792969,1,AAPL,-0.06117781321571136,-0.07360026649065021,-0.0717563543881139,291.50999755859374,293.5920013427734,1.0160111073642804,0.023689008185987785,0.0,0.0002905279397964,0.5,0.5,0.0,4.0,31.0,13.0
2026-06-26,275.0,285.95001220703125,274.2099914550781,283.7799987792969,261775500,281.739990234375,0,AAPL,0.03136472859984596,-0.03574580173300035,-0.051664189144536854,288.66399536132815,292.40700073242186,1.446186796643794,0.027819585393375933,0.0,0.0002905279397964,0.5,0.5,0.0,4.0,32.0,14.0
2026-06-29,286.7300109863281,288.3699951171875,279.8500061035156,281.739990234375,66427000,289.3599853515625,1,AAPL,-0.007188697419469814,-0.03869249644275685,-0.04801493964026482,285.6099914550781,291.46799926757814,-0.7462443964389334,0.027770451260898346,0.0,0.0002905279397964,0.5,0.5,0.0,4.0,35.0,12.0
2026-06-30,281.1700134277344,289.94000244140625,280.70001220703125,289.3599853515625,65100200,294.3800048828125,1,AAPL,0.02704619642688466,0.051644527604184365,-0.029025952587516946,284.6219909667969,290.7619964599609,-0.01997380583196595,0.0303326230279021,0.0,0.0002905279397964,0.5,0.5,0.0,4.0,29.0,13.0
2026-07-01,293.44000244140625,296.5899963378906,289.20001220703125,294.3800048828125,50164200,308.6300048828125,1,AAPL,0.017348699838890536,0.03735290065935737,-0.008854936858484597,284.8819946289062,290.2759979248047,-0.22943093876823728,0.03137442492157184,0.0,0.0002905279397964,0.5,0.5,0.0,4.0,30.0,14.0
2026-07-02,294.1199951171875,309.4200134277344,293.67999267578125,308.6300048828125,75352800,312.6600036621094,1,AAPL,0.0484068203126522,0.09544266195958939,0.04869187116624851,291.5779968261719,291.5439971923828,0.5021230279761264,0.03603206390349793,0.0,0.0002905279397964,0.5,0.5,0.0,4.0,31.0,15.0
2026-07-06,307.3599853515625,314.20001220703125,307.0,312.6600036621094,53590000,310.6600036621094,0,AAPL,0.01305770247720095,0.08052259984129506,0.06680775892903168,297.3539978027344,293.0089965820313,-0.28881209457379153,0.03570015687783125,0.0,0.0002905279397964,0.5,0.5,0.0,4.0,35.0,14.0
2026-07-07,315.2900085449219,315.4800109863281,310.1499938964844,310.6600036621094,42490000,313.3900146484375,1,AAPL,-0.006396724801939757,0.05530266495435954,0.1290569164213189,303.13800048828125,294.3739959716797,-0.20712819555887296,0.020160807691019463,0.0,0.0002905279397964,0.5,0.5,0.0,4.0,29.0,15.0
2026-07-08,311.9100036621094,314.82000732421875,307.04998779296875,313.3900146484375,41323500,316.2200012207031,1,AAPL,0.008787777487112347,0.015423029810184508,0.10434144758795738,307.9440063476562,296.2829986572266,-0.027453518474935268,0.019394799887752653,0.0,0.0002905279397964,0.5,0.5,0.0,4.0,30.0,16.0
2026-07-09,310.510009765625,316.5299987792969,308.1600036621094,316.2200012207031,48124500,315.32000732421875,0,AAPL,0.009030238488741738,0.011386162338950845,0.12238238156267678,312.3120056152344,298.5970001220703,0.1645794765690225,0.017228464214411255,0.0,0.0002905279397964,0.5,0.5,0.0,4.0,31.0,12.0
2026-07-10,314.7200012207031,316.9100036621094,312.1700134277344,315.32000732421875,34132300,317.3099975585937,1,AAPL,-0.0028461004775477416,0.015000333506651975,0.0897153140960929,313.65000610351564,302.61400146484374,-0.2907500337665846,0.017942165130335024,0.0,0.0002905279397964,0.5,0.5,0.0,4.0,32.0,13.0
2026-07-13,317.0199890136719,323.45001220703125,315.7799987792969,317.3099975585937,43257800,314.8599853515625,0,AAPL,0.0063110179758709695,0.012508321027884906,0.0778924937001384,314.5800048828125,305.9670013427734,0.2673567266196535,0.017928399712748764,0.0,0.0002905279397964,0.5,0.5,0.0,4.0,35.0,16.0
2026-07-14,313.760009765625,316.19000244140625,311.9100036621094,314.8599853515625,36336800,327.5,1,AAPL,-0.0077211944971219415,-0.004300853405510563,0.02018591961308336,315.4200012207031,309.2790008544922,-0.1599942669298947,0.008359778634980995,0.0,0.0002905279397964,0.5,0.5,0.0,4.0,29.0,12.0
2026-07-15,317.6199951171875,328.7300109863281,317.32000732421875,327.5,60957600,333.260009765625,1,AAPL,0.040144874663333496,0.03862740198168746,0.04746368631764031,318.24199829101565,313.09300231933594,0.6775720481715506,0.01632533235411865,0.0,0.0002905279397964,0.5,0.5,0.0,4.0,30.0,13.0
2026-07-16,328.010009765625,334.67999267578125,326.7900085449219,333.260009765625,62970600,333.739990234375,1,AAPL,0.017587816078244334,0.05026633995068508,0.07274836102846582,321.65,316.9810028076172,0.03302295365959296,0.0156051839588158,0.0,0.0002905279397964,0.5,0.5,0.0,4.0,31.0,14.0
2026-07-17,331.9800109863281,334.989990234375,329.0,333.739990234375,63407100,326.5899963378906,0,AAPL,0.0014402582208634662,0.059963176526644624,0.0649349839967499,325.33399658203126,319.49200134277345,0.006931806271498031,0.015957941533080073,0.0,0.0002905279397964,0.5,0.5,0.0,4.0,32.0,15.0
2026-07-20,333.510009765625,333.7099914550781,323.67999267578125,326.5899963378906,53468000,327.739990234375,1,AAPL,-0.021423845225929217,-0.002778637136211848,0.03279360912388918,327.18999633789065,320.88500061035154,-0.1567505847136993,0.019703176676499224,0.0,0.0002905279397964,0.5,0.5,0.0,4.0,35.0,13.0
2026-07-21,323.1300048828125,329.6000061035156,322.2200012207031,327.739990234375,41338900,325.8900146484375,0,AAPL,0.0035212159263280363,-0.01656370212295233,0.03938850254238946,329.7659973144531,322.59299926757814,-0.226847834218598,0.019437363587284068,0.0,0.0002905279397964,0.5,0.5,0.0,4.0,29.0,14.0
2026-07-22,327.8699951171875,329.0,323.3399963378906,325.8900146484375,38755900,321.6600036621094,0,AAPL,-0.0056446440503478135,-0.023521231544426868,0.027039857413441393,329.4440002441406,323.84299926757814,-0.062483520364596035,0.01989404594483166,0.0,0.0002905279397964,0.5,0.5,0.0,4.0,30.0,15.0
2026-07-23,321.7300109863281,323.29998779296875,319.3500061035156,321.6600036621094,40840800,333.0199890136719,1,AAPL,-0.012979872951588756,-0.015095357270774046,0.021596959368953117,327.1239990234375,324.3869995117187,0.053795680141604185,0.020499894413266724,0.0,0.0002905279397964,0.5,0.5,0.0,4.0,31.0,16.0
2026-07-24,321.7900085449219,334.3699951171875,321.6199951171875,333.0199890136719,47489400,336.9100036621094,1,AAPL,0.035316748188238156,0.016110328115653605,0.016854928286021087,326.97999877929686,326.15699768066406,0.16279308926367753,0.019083346741274862,0.0,0.0002905279397964,0.5,0.5,0.0,4.0,32.0,12.0
2026-07-27,334.5400085449219,339.57000732421875,334.0199890136719,336.9100036621094,49604300,340.0799865722656,1,AAPL,0.011681024493330971,0.03381505574989774,0.010952390894579,329.04400024414065,328.11699829101565,0.04453414867317762,0.01842663637753298,0.0,0.0002905279397964,0.5,0.5,0.0,4.0,35.0,15.0
2026-07-28,340.0299987792969,342.8900146484375,335.6000061035156,340.0799865722656,51859000,338.19000244140625,0,AAPL,0.009408990162653286,0.057265381770951196,0.018996813457800688,331.5119995117187,330.6389984130859,0.04545372074598375,0.018652570528221182,0.0,0.0002905279397964,0.5,0.5,0.0,4.0,29.0,16.0
2026-07-29,339.7300109863281,344.57000732421875,337.3500061035156,338.19000244140625,56090800,333.42999267578125,0,AAPL,-0.005557469435084728,0.015524633950793065,0.03551855915241875,333.9719970703125,331.70799865722654,0.08160203629071128,0.015986099399767157,0.0,0.0002905279397964,0.5,0.5,0.0,4.0,30.0,12.0
2026-07-30,333.1000061035156,334.75,329.5899963378906,333.42999267578125,74817800,308.9100036621094,0,AAPL,-0.014074957069287408,-0.010329200523883086,0.017361330966468858,336.32599487304685,331.72499694824216,0.3338693689517711,0.01758084991650137,0.0,0.0002905279397964,0.5,0.5,0.0,4.0,31.0,13.0
2026-07-31,304.8099975585937,310.69000244140625,300.0,308.9100036621094,132489100,303.4200134277344,0,AAPL,-0.07353864245054431,-0.09165485809478169,-0.052103501865946256,331.5039978027344,329.24199829101565,0.7708232532899926,0.03397094206452338,0.0,0.0002905279397964,0.5,0.5,0.0,4.0,32.0,14.0
2026-08-03,309.5799865722656,311.79998779296875,302.5599975585937,303.4200134277344,75052000,309.3800048828125,1,AAPL,-0.01777213482662099,-0.10281199551336828,-0.0567058074572907,324.8059997558594,326.925,-0.4335232105886446,0.03415681891107795,0.0,0.0002905279397964,0.5,0.5,0.0,4.0,35.0,12.0
2026-08-04,302.7300109863281,310.4200134277344,301.32000732421875,309.3800048828125,68001000,311.0,1,AAPL,0.019642710405777475,-0.07212904753998639,-0.07098668221350779,318.66600341796874,325.08900146484376,-0.09394819591749726,0.031249976508837315,0.0,0.0002905279397964,0.5,0.5,0.0,4.0,29.0,13.0
2026-08-05,309.3599853515625,311.7099914550781,305.6700134277344,311.0,49438800,312.4100036621094,1,AAPL,0.005236263144417164,0.006765712709571936,-0.0769048214077217,313.2280029296875,323.6,-0.2729695151541889,0.030591725327408417,0.0,0.0002905279397964,0.5,0.5,0.0,4.0,30.0,14.0
2026-08-06,314.3399963378906,316.2900085449219,309.2300109863281,312.4100036621094,46139900,313.3299865722656,1,AAPL,0.004533773833149013,0.029628863741765432,-0.08136316161691126,309.0240051269531,322.675,-0.06672694321059569,0.030102541512634303,0.0,0.0002905279397964,0.5,0.5,0.0,4.0,31.0,15.0
2026-08-07,311.45001220703125,314.8099975585937,310.739990234375,313.3299865722656,34437200,308.260009765625,0,AAPL,0.0029447933784836344,0.012767411038568266,-0.07350902063832532,309.9080017089844,320.70599975585935,-0.253635140084829,0.030557303267303916,0.0,0.0002905279397964,0.5,0.5,0.0,4.0,32.0,16.0
2026-08-10,306.8299865722656,308.260009765625,304.6099853515625,308.260009765625,44812500,304.9100036621094,0,AAPL,-0.0161809498736607,-0.008810257988344006,-0.07548805885207477,310.8760009765625,317.84100036621095,0.3012817534526617,0.030609464391798763,0.0,0.0002905279397964,0.5,0.5,0.0,4.0,35.0,14.0
2026-08-11,307.75,309.9700012207031,302.7900085449219,304.9100036621094,37476700,302.25,0,AAPL,-0.010867469011185404,-0.024006913709817446,-0.012948755147390023,309.98200073242185,314.3240020751953,-0.16369986052998609,0.0136385831829897,0.0,0.0002905279397964,0.5,0.5,0.0,4.0,29.0,15.0
2026-08-12,305.1000061035156,305.6600036621094,300.57000732421875,302.25,41657800,305.260009765625,1,AAPL,-0.008723897642456846,-0.03536203698049234,-0.0038560852150678615,308.23200073242185,310.73000183105466,0.111565319251695,0.012225976683908115,0.0,0.0002905279397964,0.5,0.5,0.0,4.0,30.0,16.0
2026-08-13,304.2099914550781,306.0,302.04998779296875,305.260009765625,40349300,305.92999267578125,1,AAPL,0.009958675816790663,-0.009732044069812873,-0.013316940500883612,306.802001953125,307.9130035400391,-0.03141068419359638,0.00989394375984705,0.0,0.0002905279397964,0.5,0.5,0.0,4.0,31.0,12.0
2026-08-14,306.0,307.489990234375,304.29998779296875,305.92999267578125,28229400,305.5899963378906,0,AAPL,0.002194794236790587,0.003345213346303222,-0.016302274354401125,305.32200317382814,307.61500244140626,-0.30037447985466914,0.009591968464964292,0.0,0.0002905279397964,0.5,0.5,0.0,4.0,32.0,13.0
2026-08-17,306.2099914550781,307.6600036621094,302.94000244140625,305.5899963378906,38169300,310.0299987792969,1,AAPL,-0.0011113534012042736,0.011050442805262684,-0.021830310311045653,304.7880004882812,307.8320007324219,0.35211162830240816,0.009148133775737389,0.0,0.0002905279397964,0.5,0.5,0.0,4.0,35.0,16.0
2026-08-18,307.5799865722656,311.489990234375,305.739990234375,310.0299987792969,53424500,316.8299865722656,1,AAPL,0.014529279409058127,0.015625987227525284,-0.01053198842877956,305.81199951171874,307.8970001220703,0.3996719876969188,0.011236052718290942,0.0,0.0002905279397964,0.5,0.5,0.0,4.0,29.0,12.0
2026-08-19,310.1400146484375,319.2799987792969,309.6000061035156,316.8299865722656,50505600,311.29998779296875,0,AAPL,0.021933322000267097,0.03562904637478925,0.027801130653166917,308.7279968261719,308.47999877929686,-0.05463598161892014,0.012112654644450318,0.0,0.0002905279397964,0.5,0.5,0.0,4.0,30.0,13.0
2026-08-20,317.4599914550781,320.2799987792969,310.6499938964844,311.29998779296875,40959200,309.3500061035156,0,AAPL,-0.017454152112068244,0.018685138661294953,0.020956951408982016,309.9359924316406,308.36899719238284,-0.18901666349870117,0.01362091888633496,0.0,0.0002905279397964,0.5,0.5,0.0,4.0,31.0,14.0
2026-08-21,312.04998779296875,312.3800048828125,307.010009765625,309.3500061035156,46876800,310.3399963378906,1,AAPL,-0.006263995393247401,-0.0021933125131717857,0.02349050820021703,310.6199951171875,307.9709991455078,0.14447547803668037,0.013294449875494236,0.0,0.0002905279397964,0.5,0.5,0.0,4.0,32.0,15.0
2026-08-24,311.4700012207031,313.3599853515625,309.9700012207031,310.3399963378906,34673600,309.8999938964844,0,AAPL,0.0032002269754076718,-0.020484141367391406,0.016641506944083506,311.5699951171875,308.1789978027344,-0.2603249368557581,0.012980285697429558,0.0,0.0002905279397964,0.5,0.5,0.0,4.0,35.0,13.0
2026-08-25,310.7900085449219,313.5899963378906,308.2099914550781,309.8999938964844,25869800,313.45001220703125,1,AAPL,-0.0014178077160482694,-0.004497250084749216,0.012976829064649698,311.543994140625,308.67799682617186,-0.2539049882331226,0.013062870375288128,0.0,0.0002905279397964,0.5,0.5,0.0,4.0,29.0,14.0
2026-08-26,310.29998779296875,315.42999267578125,308.79998779296875,313.45001220703125,34024500,314.5799865722656,1,AAPL,0.011455367474878742,0.013253615718836098,0.025720789172855696,310.8679992675781,309.797998046875,0.31522083665123035,0.013435606715053283,0.0,0.0002905279397964,0.5,0.5,0.0,4.0,30.0,15.0
2026-08-27,310.54998779296875,315.3999938964844,309.3999938964844,314.5799865722656,32419200,319.70001220703125,1,AAPL,0.003604958753321119,0.013662403442702198,0.014675959780936498,311.5239990234375,310.72999572753906,-0.04718070801922147,0.012576677597382723,0.0,0.0002905279397964,0.5,0.5,0.0,4.0,31.0,16.0
2026-08-28,316.8500061035156,322.3699951171875,315.45001220703125,319.70001220703125,38649400,316.8500061035156,0,AAPL,0.01627575132974779,0.03162316393533193,0.009058566917279576,313.5940002441406,312.10699768066405,0.19217624123975918,0.011199956497568898,0.0,0.0002905279397964,0.5,0.5,0.0,4.0,32.0,12.0
2026-08-31,319.6000061035156,321.239990234375,312.79998779296875,316.8500061035156,41242700,325.1300048828125,1,AAPL,-0.008914626195478559,0.010847005149384747,0.017828520810087234,314.8960021972656,313.2329986572266,0.06709806620542613,0.009074727408656847,0.0,0.0002905279397964,0.5,0.5,0.0,4.0,35.0,15.0
2026-09-01,316.9800109863281,327.29998779296875,314.7300109863281,325.1300048828125,53119500,325.6499938964844,1,AAPL,0.02613223487390992,0.033536838835497074,0.05101017768855809,317.94200439453124,314.7429992675781,0.2879733868054226,0.011703109570505561,0.0,0.0002905279397964,0.5,0.5,0.0,4.0,29.0,16.0
