date,Open,High,Low,Close,Volume,next_day_close,target,ticker,daily_return,3_day_return,7_day_return,5_day_moving_average,10_day_moving_average,volume_change_percent,volatility,average_sentiment,weighted_sentiment,positive_ratio,negative_ratio,sentiment_momentum,post_count,avg_score,avg_num_comments
2020-01-02,93.75,94.90049743652344,93.2074966430664,94.90049743652344,80580000,93.74849700927734,0,AMZN,-0.012139034655920922,0.004662829961544546,-0.0035352290470511694,94.7468994140625,94.40829925537109,-0.0656738644825019,0.009687145318193245,0.0,0.0,0.0,0.0,0.0,0.0,0.0,0.0
2020-01-03,93.2249984741211,94.30999755859376,93.2249984741211,93.74849700927734,75288000,95.1439971923828,1,AMZN,-0.012139034655920922,0.004662829961544546,-0.0035352290470511694,94.7468994140625,94.40829925537109,-0.0656738644825019,0.009687145318193245,0.0,0.0,0.0,0.0,0.0,0.0,0.0,0.0
2020-01-06,93.0,95.18450164794922,93.0,95.1439971923828,81236000,95.34300231933594,1,AMZN,0.01488557393050649,0.004662829961544546,-0.0035352290470511694,94.7468994140625,94.40829925537109,0.07900329401763884,0.009687145318193245,0.0,0.0,0.0,0.0,0.0,0.0,0.0,0.0
2020-01-07,95.2249984741211,95.69450378417967,94.60199737548828,95.34300231933594,80898000,94.59850311279295,0,AMZN,0.0020916204156395946,0.004662829961544546,-0.0035352290470511694,94.7468994140625,94.40829925537109,-0.004160716923531482,0.009687145318193245,0.0,0.0,0.0,0.0,0.0,0.0,0.0,0.0
2020-01-08,94.9020004272461,95.5500030517578,94.3219985961914,94.59850311279295,70160000,95.05249786376952,1,AMZN,-0.007808640261289468,0.009066877130110118,-0.0035352290470511694,94.7468994140625,94.40829925537109,-0.1327350490741428,0.009687145318193245,0.0,0.0,0.0,0.0,0.0,0.0,0.0,0.0
2020-01-09,95.49449920654295,95.89099884033205,94.79000091552734,95.05249786376952,63346000,94.15799713134766,0,AMZN,0.0047991747864684076,-0.0009616931316042132,-0.0035352290470511694,94.77729949951171,94.40829925537109,-0.09712086659064989,0.009687145318193245,0.0,0.0,0.0,0.0,0.0,0.0,0.0,0.0
2020-01-10,95.26850128173828,95.34700012207033,94.0,94.15799713134766,57074000,94.56500244140624,1,AMZN,-0.009410596802031157,-0.012428863777745325,-0.0035352290470511694,94.85919952392577,94.40829925537109,-0.09901177659204996,0.009687145318193245,0.0,0.0,0.0,0.0,0.0,0.0,0.0,0.0
2020-01-13,94.56549835205078,94.9000015258789,94.04000091552734,94.56500244140624,55616000,93.47200012207033,0,AMZN,0.00432257824569926,-0.00035413532227646094,-0.0035352290470511694,94.74340057373045,94.40829925537109,-0.025545782668115025,0.009687145318193245,0.0,0.0,0.0,0.0,0.0,0.0,0.0,0.0
2020-01-14,94.29399871826172,94.35549926757812,92.92749786376952,93.47200012207033,68818000,93.10099792480467,0,AMZN,-0.01155821171805238,-0.016627629754289885,-0.0029493474138541087,94.36920013427734,94.40829925537109,0.23737773302646725,0.009572299371783806,0.0,0.0,0.0,0.0,0.0,0.0,0.0,0.0
2020-01-15,93.6125030517578,93.94300079345705,92.75450134277344,93.10099792480467,57932000,93.89700317382812,1,AMZN,-0.003969126548925228,-0.011225803848275318,-0.021472707978067662,94.06969909667968,94.40829925537109,-0.1581853584817926,0.006815817750867934,0.0,0.0,0.0,0.0,0.0,0.0,0.0,0.0
2020-01-16,94.14949798583984,94.27950286865234,93.3010025024414,93.89700317382812,53190000,93.23600006103516,0,AMZN,0.00854991102959346,-0.007063916357343825,-0.015166284995564494,93.8386001586914,94.30794982910156,-0.08185458813781676,0.00797112969209106,0.0,0.0,0.0,0.0,0.0,0.0,0.0,0.0
2020-01-17,94.29450225830078,94.33200073242188,92.8625030517578,93.23600006103516,79946000,94.5999984741211,1,AMZN,-0.00703966144232826,-0.002524820916712689,-0.014403008577559051,93.65420074462891,94.25670013427734,0.503026884752773,0.007885038876932189,0.0,0.0,0.0,0.0,0.0,0.0,0.0,0.0
2020-01-21,93.25,94.7135009765625,93.0,94.5999984741211,74156000,94.3730010986328,0,AMZN,0.014629525206926841,0.016100800020716566,-0.004760520762925657,93.66119995117188,94.20230026245117,-0.07242388612313311,0.009919757308626978,0.0,0.0,0.0,0.0,0.0,0.0,0.0,0.0
2020-01-22,94.80449676513672,95.125,94.16699981689452,94.3730010986328,64326000,94.22899627685548,0,AMZN,-0.0023995494624705627,0.005069362266264088,0.0022834381978751317,93.84140014648438,94.10530014038085,-0.13255839042019524,0.009215486914418597,0.0,0.0,0.0,0.0,0.0,0.0,0.0,0.0
2020-01-23,94.25550079345705,94.4990005493164,93.63800048828124,94.22899627685548,49692000,93.08200073242188,0,AMZN,-0.0015259112256779117,0.010650351958152227,-0.003553176713118056,94.06699981689454,94.0683494567871,-0.22749743494077046,0.009060401642562653,0.0,0.0,0.0,0.0,0.0,0.0,0.0,0.0
2020-01-24,94.56849670410156,94.74949645996094,92.37200164794922,93.08200073242188,75324000,91.41699981689452,0,AMZN,-0.012172426638861866,-0.016046488014632265,-0.004172365939951295,93.90399932861328,93.87129974365234,0.5158174354020768,0.00918772444524162,0.0,0.0,0.0,0.0,0.0,0.0,0.0,0.0
2020-01-27,91.0,92.0500030517578,90.76699829101562,91.41699981689452,70570000,92.6624984741211,1,AMZN,-0.01788746376771222,-0.03132253131008145,-0.018087863131932003,93.54019927978516,93.59720001220703,-0.06311401412564388,0.011309298907680388,0.0,0.0,0.0,0.0,0.0,0.0,0.0,0.0
2020-01-28,92.0250015258789,92.90550231933594,91.5009994506836,92.6624984741211,56160000,92.9000015258789,1,AMZN,0.01362436592451366,-0.016624371102625823,-0.013147434507804645,93.15269927978515,93.40694961547851,-0.20419441689103013,0.012261855083818513,0.0,0.0,0.0,0.0,0.0,0.0,0.0,0.0
2020-01-29,93.1999969482422,93.7375030517578,92.7509994506836,92.9000015258789,41760000,93.53399658203124,1,AMZN,0.0025630978623367717,-0.0019552567103295893,-0.003603742491487094,92.85809936523438,93.34974975585936,-0.2564102564102564,0.012117462084602855,0.0,0.0,0.0,0.0,0.0,0.0,0.0,0.0
2020-01-30,92.9000015258789,93.64350128173828,92.53050231933594,93.53399658203124,126548000,100.43599700927734,1,AMZN,0.006824489189870775,0.023157583046665264,-0.01126851912562632,92.71909942626954,93.39304962158204,2.0303639846743295,0.010784091939408144,0.0,0.0,0.0,0.0,0.0,0.0,0.0,0.0
2020-01-31,102.57350158691406,102.78600311279295,100.1135025024414,100.43599700927734,311346000,100.20999908447266,0,AMZN,0.07379135586484753,0.08389044827371284,0.06424502601446225,94.18989868164063,94.04694900512695,1.4602996491449884,0.03040496340869306,0.0,0.0,0.0,0.0,0.0,0.0,0.0,0.0
2020-02-03,100.52999877929688,102.4250030517578,100.0124969482422,100.20999908447266,117834000,102.4834976196289,1,AMZN,-0.0022501685803328897,0.07868673238457835,0.06347306077679438,95.94849853515625,94.74434890747071,-0.6215335992754042,0.030449209677720388,0.0,0.0,0.0,0.0,0.0,0.0,0.0,0.0
2020-02-04,101.49400329589844,102.98999786376952,100.76850128173828,102.4834976196289,105786000,101.99349975585938,0,AMZN,0.022687342140775613,0.09568179875376948,0.1010023077848643,97.9126983642578,95.53269882202149,-0.10224553184989049,0.029193391769744167,0.0,0.0,0.0,0.0,0.0,0.0,0.0,0.0
2020-02-05,103.5510025024414,103.5510025024414,101.5999984741211,101.99349975585938,87524000,102.5114974975586,1,AMZN,-0.004781236737139594,0.015507415597598495,0.11569511097661556,99.73139801025391,96.29474868774415,-0.17263153914506646,0.0271411239529423,0.0,0.0,0.0,0.0,0.0,0.0,0.0,0.0
2020-02-06,102.0510025024414,102.81500244140624,101.23999786376952,102.5114974975586,63660000,103.96399688720705,1,AMZN,0.0050787328892443195,0.022966754157395686,0.10628894305270808,101.52689819335937,97.12299880981445,-0.27265664274941726,0.027459554633523196,0.0,0.0,0.0,0.0,0.0,0.0,0.0,0.0
2020-02-07,102.09950256347656,104.92649841308594,101.90499877929688,103.96399688720705,101906000,106.69550323486328,1,AMZN,0.014169136390608683,0.014446221118184832,0.11909575004954198,102.23249816894531,98.21119842529296,0.6007854225573359,0.026939859688769673,0.0,0.0,0.0,0.0,0.0,0.0,0.0,0.0
2020-02-10,104.25050354003906,106.77999877929688,104.2480010986328,106.69550323486328,101124000,107.54000091552734,1,AMZN,0.026273579599096264,0.04610101124345212,0.14071361359277668,103.52959899902343,99.73904876708984,-0.007673738543363506,0.026777777572033746,0.0,0.0,0.0,0.0,0.0,0.0,0.0,0.0
2020-02-11,107.54499816894533,109.29750061035156,106.8000030517578,107.54000091552734,114920000,108.0,1,AMZN,0.007915025985726132,0.04905306761408412,0.07073165117874813,104.54089965820313,101.22679901123047,0.13642656540484954,0.011833424725174638,0.0,0.0,0.0,0.0,0.0,0.0,0.0,0.0
2020-02-12,108.16000366210938,109.0124969482422,107.7645034790039,108.0,66686000,107.49349975585938,0,AMZN,0.004277469597884664,0.03882116149470205,0.07773676266537755,105.74219970703125,102.73679885864257,-0.4197180647406892,0.010942774670170472,0.0,0.0,0.0,0.0,0.0,0.0,0.0,0.0
2020-02-13,107.24949645996094,108.51399993896484,107.0999984741211,107.49349975585938,60636000,106.74349975585938,0,AMZN,-0.00468981707537619,0.007479195437501307,0.04888594020107773,106.73860015869141,104.13274917602538,-0.09072369012986237,0.010879457502732715,0.0,0.0,0.0,0.0,0.0,0.0,0.0,0.0
2020-02-14,107.78399658203124,107.9520034790039,106.29450225830078,106.74349975585938,52124000,107.78350067138672,1,AMZN,-0.006977166077050345,-0.0074065571218807635,0.04657159536019462,107.29450073242188,104.7634994506836,-0.14037865294544494,0.011295834902156465,0.0,0.0,0.0,0.0,0.0,0.0,0.0,0.0
2020-02-18,106.2509994506836,108.30349731445312,106.20549774169922,107.78350067138672,58912000,108.51100158691406,1,AMZN,0.009742990607446878,-0.0020046234130859375,0.05142840854464814,107.51210021972656,105.520849609375,0.13022791804159306,0.011330162542247259,0.0,0.0,0.0,0.0,0.0,0.0,0.0,0.0
2020-02-19,108.38999938964844,109.25499725341795,108.05599975585938,108.51100158691406,51224000,107.65499877929688,0,AMZN,0.006749650094826309,0.009465705678628478,0.04373633984695835,107.7063003540039,106.12360000610352,-0.13049972840847368,0.010913791581339635,0.0,0.0,0.0,0.0,0.0,0.0,0.0,0.0
2020-02-20,108.65350341796876,108.8395004272461,106.37249755859376,107.65499877929688,62626000,104.79850006103516,0,AMZN,-0.007888626914309249,0.008539152505981695,0.008992839579391676,107.63730010986328,106.68974990844727,0.22259097298141506,0.007554543858312788,0.0,0.0,0.0,0.0,0.0,0.0,0.0,0.0
2020-02-21,107.10749816894533,107.22750091552734,104.4000015258789,104.79850006103516,92926000,100.4645004272461,0,AMZN,-0.026533823330561868,-0.027694411405807973,-0.025492847602313407,107.09830017089844,106.91845016479492,0.4838246095870724,0.012275644409686863,0.0,0.0,0.0,0.0,0.0,0.0,0.0,0.0
2020-02-24,100.15899658203124,101.96499633789062,99.39849853515624,100.4645004272461,130940000,98.63700103759766,0,AMZN,-0.04135555023463999,-0.07415378203124379,-0.06977314419216585,105.84250030517578,106.56850051879883,0.40907819124895073,0.018113246531659855,0.0,0.0,0.0,0.0,0.0,0.0,0.0,0.0
2020-02-25,101.3209991455078,101.7300033569336,97.9209976196289,98.63700103759766,124382000,98.97949981689452,1,AMZN,-0.018190498951138112,-0.08376757088806419,-0.08239101655799386,104.01320037841796,105.76265029907226,-0.050084007942569064,0.018155405885326416,0.0,0.0,0.0,0.0,0.0,0.0,0.0,0.0
2020-02-26,98.51399993896484,100.7334976196289,98.02249908447266,98.97949981689452,104492000,94.21499633789062,0,AMZN,0.003472315416060745,-0.055525606194283594,-0.07273510758708912,102.10690002441406,104.90660018920899,-0.15991059799649465,0.019050940428818875,0.0,0.0,0.0,0.0,0.0,0.0,0.0,0.0
2020-02-27,96.71900177001952,98.75,94.13800048828124,94.21499633789062,162880000,94.1875,0,AMZN,-0.048136265467272565,-0.06220609332429028,-0.1258866547196692,99.41889953613281,103.52809982299804,0.5587796194924013,0.02120314490940665,0.0,0.0,0.0,0.0,0.0,0.0,0.0,0.0
2020-02-28,90.73149871826172,94.48799896240234,90.55650329589844,94.1875,189620000,97.69750213623048,1,AMZN,-0.0002918467224900523,-0.04510985726240435,-0.13200045504548552,97.29669952392578,102.1974998474121,0.16416994106090366,0.019914630512637668,0.0,0.0,0.0,0.0,0.0,0.0,0.0,0.0
2020-03-02,95.32450103759766,97.72550201416016,93.5,97.69750213623048,135234000,95.44950103759766,0,AMZN,0.03726611425327664,-0.012952153557409862,-0.09249451261877972,96.74329986572266,101.29290008544922,-0.2868157367366312,0.02945935288373828,0.0,0.0,0.0,0.0,0.0,0.0,0.0,0.0
2020-03-03,98.76850128173828,99.81649780273438,94.40450286865234,95.44950103759766,150690000,98.79149627685548,1,AMZN,-0.023009811402324165,0.013103059467089784,-0.08920928274729689,96.10579986572266,100.05950012207032,0.11429078486179511,0.029226606730150644,0.0,0.0,0.0,0.0,0.0,0.0,0.0,0.0
2020-03-04,97.32849884033205,98.9000015258789,96.0999984741211,98.79149627685548,95458000,96.20149993896484,0,AMZN,0.035013229015638414,0.04888118143973963,-0.01665268968915201,96.06819915771484,99.08754959106446,-0.36652730771783126,0.031028933077237506,0.0,0.0,0.0,0.0,0.0,0.0,0.0,0.0
2020-03-05,96.6500015258789,98.03600311279295,95.5,96.20149993896484,94964000,95.05449676513672,0,AMZN,-0.026216794314283698,-0.015312594125278634,-0.024691556647230883,96.46549987792969,97.94219970703125,-0.0051750508076851,0.031864736378724334,0.0,0.0,0.0,0.0,0.0,0.0,0.0,0.0
2020-03-06,93.75,95.5435028076172,93.4749984741211,95.05449676513672,105472000,90.03050231933594,0,AMZN,-0.011922924014239333,-0.004138358694042221,-0.03965470687383543,96.63889923095704,96.96779937744141,0.11065245777347199,0.031864465485435346,0.0,0.0,0.0,0.0,0.0,0.0,0.0,0.0
2020-03-09,88.69300079345703,93.13849639892578,88.06449890136719,90.03050231933594,156264000,94.59100341796876,1,AMZN,-0.05285383245165354,-0.08868166074707018,-0.04441430962378334,95.10549926757812,95.9243995666504,0.481568567961165,0.03295208560754371,0.0,0.0,0.0,0.0,0.0,0.0,0.0,0.0
2020-03-10,93.54399871826172,94.7135009765625,90.90850067138672,94.59100341796876,142666000,91.04299926757812,0,AMZN,0.05065506668458708,-0.016740867055273112,0.004284044251825048,94.93379974365234,95.51979980468751,-0.0870194030614857,0.039415914516819694,0.0,0.0,0.0,0.0,0.0,0.0,0.0,0.0
2020-03-11,92.89250183105467,93.56600189208984,90.0749969482422,91.04299926757812,112496000,83.83049774169922,0,AMZN,-0.037508896429749194,-0.042202080217943916,-0.06811333681155174,93.38410034179688,94.72614974975588,-0.2114729508081813,0.038148586619105786,0.0,0.0,0.0,0.0,0.0,0.0,0.0,0.0
2020-03-12,86.0989990234375,88.25,83.75,83.83049774169922,226924000,89.25,1,AMZN,-0.07922082514747941,-0.06886560019009402,-0.1217293246124116,90.90989990234375,93.68769989013673,1.0171739439624519,0.04649286681145465,0.0,0.0,0.0,0.0,0.0,0.0,0.0,0.0
2020-03-13,87.75,89.31549835205078,84.03099822998047,89.25,176194000,84.4574966430664,0,AMZN,0.06464833687376514,-0.056464179731432806,-0.09658216178967649,89.7490005493164,93.19394989013674,-0.22355502282702577,0.05296382275209592,0.0,0.0,0.0,0.0,0.0,0.0,0.0,0.0
2020-03-16,82.07550048828125,87.97250366210938,81.30149841308594,84.4574966430664,178346000,90.39199829101562,1,AMZN,-0.053697516604298,-0.0723339814976518,-0.12207713292775513,88.6343994140625,91.86994934082033,0.012213809777858575,0.055065976697316395,0.0,0.0,0.0,0.0,0.0,0.0,0.0,0.0
2020-03-17,88.77349853515625,92.88899993896484,84.46199798583984,90.39199829101562,218342000,91.5,1,AMZN,0.07026613247879654,0.07827104366639781,-0.049050793311139484,87.79459838867187,91.36419906616212,0.2242607067161584,0.06434194363704711,0.0,0.0,0.0,0.0,0.0,0.0,0.0,0.0
2020-03-18,87.5,92.08300018310548,87.25,91.5,192904000,94.04650115966795,1,AMZN,0.012257741060410998,0.025210084033613356,0.01632222016769158,87.88599853515625,90.63504943847656,-0.11650529902629825,0.060953469733698085,0.0,0.0,0.0,0.0,0.0,0.0,0.0,0.0
2020-03-19,93.0,97.25,91.63249969482422,94.04650115966795,207998000,92.30449676513672,0,AMZN,0.02783061376686291,0.11353645203488005,-0.005756385265254238,89.92919921875,90.41954956054687,0.07824617426284575,0.058601508790576004,0.0,0.0,0.0,0.0,0.0,0.0,0.0,0.0
2020-03-20,96.31549835205078,97.8499984741211,91.0364990234375,92.30449676513672,196358000,95.1415023803711,1,AMZN,-0.018522798541688812,0.02115782934639676,0.013856062604561403,90.54009857177735,90.14454956054688,-0.05596207655842844,0.056957119895893374,0.0,0.0,0.0,0.0,0.0,0.0,0.0,0.0
2020-03-23,91.3874969482422,95.97000122070312,90.5999984741211,95.1415023803711,156170000,97.00499725341795,1,AMZN,0.030735291504301987,0.039797840222634884,0.1349270843353889,92.67689971923828,90.6556495666504,-0.2046669858116298,0.04409458184558167,0.0,0.0,0.0,0.0,0.0,0.0,0.0,0.0
2020-03-24,97.5749969482422,97.75,95.01699829101562,97.00499725341795,142942000,94.29199981689452,0,AMZN,0.019586561347294085,0.03145780073973392,0.08689072552849253,93.99949951171875,90.8970489501953,-0.08470256771466989,0.03936824511839713,0.0,0.0,0.0,0.0,0.0,0.0,0.0,0.0
2020-03-25,96.03450012207033,97.51300048828124,94.28900146484376,94.29199981689452,129582000,97.77449798583984,1,AMZN,-0.027967604900147047,0.021532028464603226,0.11644322368907778,94.55789947509766,91.22194900512694,-0.09346448209763403,0.03279498076192841,0.0,0.0,0.0,0.0,0.0,0.0,0.0,0.0
2020-03-26,95.0999984741211,97.82450103759766,94.4645004272461,97.77449798583984,124426000,95.00499725341795,0,AMZN,0.03693312450375408,0.027674522049716765,0.0816720487919338,95.30349884033203,92.616349029541,-0.03978947693352475,0.02519437214918268,0.0,0.0,0.0,0.0,0.0,0.0,0.0,0.0
2020-03-27,96.54299926757812,96.989501953125,94.99600219726562,95.00499725341795,107758000,98.19750213623048,1,AMZN,-0.028325389436650306,-0.02061749452737116,0.0383059809116717,95.84359893798828,93.1918487548828,-0.13395914037259093,0.02933380790749193,0.0,0.0,0.0,0.0,0.0,0.0,0.0,0.0
2020-03-30,96.1415023803711,98.68150329589844,95.61699676513672,98.19750213623048,122522000,97.48600006103516,0,AMZN,0.03360354691971401,0.041419233094218466,0.04413775021268629,96.45479888916016,94.5658493041992,0.1370107091816848,0.030128355052690656,0.0,0.0,0.0,0.0,0.0,0.0,0.0,0.0
2020-03-31,98.21749877929688,99.6510009765625,97.20050048828124,97.48600006103516,102472000,95.38500213623048,0,AMZN,-0.007245622950859287,-0.0029506459327101053,0.05613489567125285,96.55099945068359,95.27524948120116,-0.16364408024681276,0.028836296144469184,0.0,0.0,0.0,0.0,0.0,0.0,0.0,0.0
2020-04-01,96.64849853515624,97.2480010986328,94.6500015258789,95.38500213623048,82438000,95.94149780273438,1,AMZN,-0.021551791267353848,0.003999840995720483,0.002559343186382401,96.76959991455078,95.6637496948242,-0.19550706534467954,0.02879456641956983,0.0,0.0,0.0,0.0,0.0,0.0,0.0,0.0
2020-04-02,95.08200073242188,96.37650299072266,94.5,95.94149780273438,86720000,95.32949829101562,0,AMZN,0.005834205106051149,-0.022974151932768416,-0.010963347052165506,96.40299987792969,95.85324935913086,0.05194206555229375,0.027742638384213095,0.0,0.0,0.0,0.0,0.0,0.0,0.0,0.0
2020-04-03,95.55750274658205,96.31649780273438,94.4574966430664,95.32949829101562,72198000,99.87950134277344,1,AMZN,-0.0063788821910731874,-0.022121143227431306,0.011003038180713354,96.46790008544923,96.15574951171875,-0.16745848708487088,0.02537593724223336,0.0,0.0,0.0,0.0,0.0,0.0,0.0,0.0
2020-04-06,96.8000030517578,99.9260025024414,96.5009994506836,99.87950134277344,115464000,100.58000183105467,1,AMZN,0.04772922477644714,0.04711955869250639,0.021529165583017873,96.8042999267578,96.62954940795899,0.5992686778027092,0.028051456365118896,0.0,0.0,0.0,0.0,0.0,0.0,0.0,0.0
2020-04-07,100.85549926757812,101.78600311279295,99.88099670410156,100.58000183105467,102280000,102.1500015258789,1,AMZN,0.007013456003121199,0.04834721298449551,0.0586811719257867,97.42310028076172,96.98704986572265,-0.11418277558373169,0.024326998821300655,0.0,0.0,0.0,0.0,0.0,0.0,0.0,0.0
2020-04-08,101.0500030517578,102.1999969482422,100.55750274658205,102.1500015258789,79546000,102.13800048828124,0,AMZN,0.015609461784076961,0.07154661838292808,0.040250508451478595,98.7761001586914,97.7728500366211,-0.22227219397731712,0.022069469828815285,0.0,0.0,0.0,0.0,0.0,0.0,0.0,0.0
2020-04-09,102.21499633789062,102.6500015258789,100.88300323486328,102.13800048828124,92930000,108.44349670410156,1,AMZN,-0.0001174844583299306,0.022612238899320625,0.047719676921132326,100.01540069580076,98.20920028686524,0.16825484625248288,0.021521708411732336,0.0,0.0,0.0,0.0,0.0,0.0,0.0,0.0
2020-04-13,102.0,109.0,101.9000015258789,108.44349670410156,134334000,114.16600036621094,1,AMZN,0.06173506614263302,0.07818149463006852,0.13690301698815,102.63820037841796,99.5530502319336,0.44553965350263636,0.025785580258318078,0.0,0.0,0.0,0.0,0.0,0.0,0.0,0.0
2020-04-14,110.02349853515624,114.5999984741211,109.3105010986328,114.16600036621094,161744000,115.38400268554688,1,AMZN,0.052769449861283624,0.1176309217899314,0.1899543261347454,105.49550018310546,101.14990005493163,0.20404365238882183,0.027877207699716165,0.0,0.0,0.0,0.0,0.0,0.0,0.0,0.0
2020-04-15,112.88400268554688,116.6685028076172,112.25,115.38400268554688,137332000,120.40950012207033,1,AMZN,0.010668695718768717,0.12968730672170747,0.21037039692908244,108.4563003540039,102.93970031738282,-0.15092986447719858,0.025251072791132645,0.0,0.0,0.0,0.0,0.0,0.0,0.0,0.0
2020-04-16,117.3000030517578,123.0500030517578,116.75,120.40950012207033,240764000,118.75,0,AMZN,0.043554542393708706,0.11034320896733107,0.20554766997524965,112.10820007324219,105.4421501159668,0.7531529432324586,0.02474942948169987,0.0,0.0,0.0,0.0,0.0,0.0,0.0,0.0
2020-04-17,118.6165008544922,120.0,115.8010025024414,118.75,158600000,119.68049621582033,1,AMZN,-0.013782136130354616,0.04015205594559634,0.18065219564686097,115.43059997558593,107.72300033569336,-0.34126364406638865,0.02854941746106988,0.0,0.0,0.0,0.0,0.0,0.0,0.0,0.0
2020-04-20,119.49749755859376,122.2490005493164,119.30249786376952,119.68049621582033,115414000,116.40599822998048,0,AMZN,0.007835757606907912,0.03723647499023386,0.17161521711284755,117.6779998779297,110.15810012817383,-0.2722950819672131,0.02909203253167101,0.0,0.0,0.0,0.0,0.0,0.0,0.0,0.0
2020-04-21,120.83049774169922,121.41549682617188,113.98300170898438,116.40599822998048,149534000,118.17449951171876,1,AMZN,-0.02736033095931456,-0.03324905333907313,0.1396933332695922,118.1259994506836,111.81074981689453,0.2956313792087615,0.03412415932654606,0.0,0.0,0.0,0.0,0.0,0.0,0.0,0.0
2020-04-22,118.4499969482422,119.6999969482422,117.5500030517578,118.17449951171876,84244000,119.97250366210938,1,AMZN,0.015192527091639096,-0.004846319901315677,0.08973339207393116,118.68409881591799,113.57019958496093,-0.4366231091256838,0.02857066364166333,0.0,0.0,0.0,0.0,0.0,0.0,0.0,0.0
2020-04-23,119.9990005493164,121.21099853515624,119.10399627685548,119.97250366210938,101332000,120.51100158691406,1,AMZN,0.01521482348408254,0.0024398916742662813,0.05086017971438861,118.5966995239258,115.35244979858399,0.2028393713498884,0.02271838921692245,0.0,0.0,0.0,0.0,0.0,0.0,0.0,0.0
2020-04-24,120.8499984741211,121.02149963378906,119.0999984741211,120.51100158691406,76498000,118.8000030517578,0,AMZN,0.004488511186874211,0.0352645346404179,0.04443422642686157,118.94889984130862,117.18974990844727,-0.24507559309990923,0.022687171653112743,0.0,0.0,0.0,0.0,0.0,0.0,0.0,0.0
2020-04-27,122.16000366210938,122.24400329589844,118.1500015258789,118.8000030517578,112912000,115.7040023803711,0,AMZN,-0.01419786171076065,0.005293050045682701,-0.01336686115863639,118.77280120849609,118.22540054321288,0.476012444769798,0.01663957362194108,0.0,0.0,0.0,0.0,0.0,0.0,0.0,0.0
2020-04-28,118.6050033569336,118.6750030517578,115.3000030517578,115.7040023803711,105388000,118.635498046875,1,AMZN,-0.02606061104255919,-0.035578996448720424,-0.025650506270559204,118.63240203857421,118.3792007446289,-0.06663596429077512,0.01863996732803951,0.0,0.0,0.0,0.0,0.0,0.0,0.0,0.0
2020-04-29,116.50050354003906,119.59449768066406,115.5,118.635498046875,91832000,123.6999969482422,1,AMZN,0.02533616474965794,-0.015562923843815413,-0.008731566144753233,118.72460174560547,118.70435028076172,-0.12862944547766353,0.021392752744434848,0.0,0.0,0.0,0.0,0.0,0.0,0.0,0.0
2020-04-30,120.99199676513672,123.75,119.80049896240234,123.6999969482422,190692000,114.302001953125,0,AMZN,0.04268957423996422,0.04124573880986859,0.06265999028547609,119.47010040283203,119.03339996337891,1.0765310567122572,0.023332929763306788,0.0,0.0,0.0,0.0,0.0,0.0,0.0,0.0
2020-05-01,116.83999633789062,118.12200164794922,112.90950012207033,114.302001953125,195452000,115.79949951171876,1,AMZN,-0.07597409237648933,-0.012117129903917112,-0.03276931634654179,118.22830047607422,118.5886001586914,0.024961718373083253,0.03926977605885587,0.0,0.0,0.0,0.0,0.0,0.0,0.0,0.0
2020-05-04,112.81900024414062,116.3489990234375,112.81900024414062,115.79949951171876,97318000,115.88999938964844,1,AMZN,0.013101236487597978,-0.023905142911236243,-0.03478300463032313,117.62819976806641,118.20050048828125,-0.5020874690461086,0.03910454468505181,0.0,0.0,0.0,0.0,0.0,0.0,0.0,0.0
2020-05-05,117.0,117.5500030517578,115.35649871826172,115.88999938964844,64850000,117.56300354003906,1,AMZN,0.0007815221854263754,-0.06313660267802246,-0.038345065068046136,117.66539916992187,118.14890060424804,-0.33362790028566147,0.03898945511505878,0.0,0.0,0.0,0.0,0.0,0.0,0.0,0.0
2020-05-06,116.47200012207033,117.87249755859376,116.0,117.56300354003906,62356000,118.38050079345705,1,AMZN,0.014436139090531874,0.028529697915977037,-0.010412453534869082,117.45090026855469,118.08775100708007,-0.03845797995373945,0.039352190057865985,0.0,0.0,0.0,0.0,0.0,0.0,0.0,0.0
2020-05-07,118.73899841308594,118.8000030517578,117.15550231933594,118.38050079345705,67928000,118.98049926757812,1,AMZN,0.0069536948597912485,0.022288535724432013,0.0231322889271115,116.38700103759766,117.92855072021484,0.08935788055680294,0.037768447399776715,0.0,0.0,0.0,0.0,0.0,0.0,0.0,0.0
2020-05-08,118.60700225830078,119.36199951171876,117.8499984741211,118.98049926757812,64132000,120.4499969482422,1,AMZN,0.005068389389295769,0.02666752864100652,0.0029080774842518142,117.32270050048828,117.77550048828125,-0.055882699328700935,0.03661066968223845,0.0,0.0,0.0,0.0,0.0,0.0,0.0,0.0
2020-05-11,118.73500061035156,120.9834976196289,118.60549926757812,120.4499969482422,65184000,117.84750366210938,0,AMZN,0.012350743942999287,0.024556989199581825,-0.026273242362001348,118.25279998779297,117.94049987792968,0.01640366743591337,0.03240849412423205,0.0,0.0,0.0,0.0,0.0,0.0,0.0,0.0
2020-05-12,120.59249877929688,120.9499969482422,117.75,117.84750366210938,61498000,118.39600372314452,1,AMZN,-0.021606420523622938,-0.004502406458624542,0.031018719256014293,118.64430084228516,118.15485000610352,-0.05654761904761907,0.012490220821425526,0.0,0.0,0.0,0.0,0.0,0.0,0.0,0.0
2020-05-13,118.33999633789062,120.38500213623048,116.88999938964844,118.39600372314452,95658000,119.44249725341795,1,AMZN,0.004654320575239179,-0.004912532289170546,0.02242241307064541,118.81090087890625,118.13090057373047,0.5554652183810855,0.0119085578775905,0.0,0.0,0.0,0.0,0.0,0.0,0.0,0.0
2020-05-14,118.05049896240234,119.56849670410156,117.6604995727539,119.44249725341795,72962000,120.48899841308594,1,AMZN,0.008838926123896362,-0.008364464261939153,0.03065405024142942,119.02330017089844,117.70515060424805,-0.2372619122289824,0.012020868106186668,0.0,0.0,0.0,0.0,0.0,0.0,0.0,0.0
2020-05-15,118.4260025024414,120.5500030517578,117.81849670410156,120.48899841308594,84700000,121.31300354003906,1,AMZN,0.008761547889003518,0.022414515954026548,0.024888738675771904,119.325,118.32385025024413,0.16087826539842665,0.011405682357570472,0.0,0.0,0.0,0.0,0.0,0.0,0.0,0.0
2020-05-18,120.21749877929688,121.6500015258789,119.20050048828124,121.31300354003906,87144000,122.46649932861328,1,AMZN,0.006838841203809398,0.024637654356270522,0.024771839339474244,119.49760131835937,118.87520065307618,0.028854781582054345,0.011400092189644337,0.0,0.0,0.0,0.0,0.0,0.0,0.0,0.0
2020-05-19,121.4915008544922,124.25,121.44850158691406,122.46649932861328,86410000,124.89700317382812,1,AMZN,0.009508426590011165,0.025317639405842085,0.029298919423723424,120.42140045166016,119.53285064697266,-0.008422840356192007,0.011619539535471204,0.0,0.0,0.0,0.0,0.0,0.0,0.0,0.0
2020-05-20,123.89350128173828,125.00050354003906,123.3635025024414,124.89700317382812,79962000,122.33699798583984,0,AMZN,0.019846275173532213,0.03658429249805639,0.03691993639067359,121.72160034179687,120.26625061035156,-0.07462099294063185,0.012783727755694349,0.0,0.0,0.0,0.0,0.0,0.0,0.0,0.0
2020-05-21,125.0,126.27249908447266,122.1269989013672,122.33699798583984,102288000,121.84400177001952,0,AMZN,-0.02049693045417056,0.008440928968202588,0.03809579485538084,122.30050048828124,120.66190032958984,0.27920762362122,0.012396063127865394,0.0,0.0,0.0,0.0,0.0,0.0,0.0,0.0
2020-05-22,122.75050354003906,123.49250030517578,121.50650024414062,121.84400177001952,57342000,121.09300231933594,0,AMZN,-0.004029821100215214,-0.0050830027967356806,0.029122588081078815,122.57150115966797,120.94825057983398,-0.4394063819802909,0.012909569897100884,0.0,0.0,0.0,0.0,0.0,0.0,0.0,0.0
2020-05-26,122.9000015258789,123.0999984741211,120.7030029296875,121.09300231933594,71364000,120.51950073242188,0,AMZN,-0.0061636144559753525,-0.03045710271525004,0.013818407215784756,122.52750091552734,121.01255111694336,0.24453280318091442,0.013248296327601333,0.0,0.0,0.0,0.0,0.0,0.0,0.0,0.0
2020-05-27,120.24949645996094,120.6790008544922,116.5,120.51950073242188,101138000,120.05500030517578,0,AMZN,-0.004736042347035618,-0.01485648073225021,0.0002531543936596936,122.13810119628906,121.27975082397461,0.41721316069727044,0.013087871924818247,0.0,0.0,0.0,0.0,0.0,0.0,0.0,0.0
2020-05-28,119.21649932861328,121.84850311279295,118.9114990234375,120.05500030517578,63804000,122.11849975585938,1,AMZN,-0.003854151605534595,-0.014682720846779795,-0.010369896038787685,121.1697006225586,121.44565048217774,-0.36913919595008804,0.012792240419104168,0.0,0.0,0.0,0.0,0.0,0.0,0.0,0.0
2020-05-29,120.7969970703125,122.11849975585938,119.91000366210938,122.11849975585938,70198000,123.552001953125,1,AMZN,0.017187950901155657,0.008468676280889431,-0.002841589942243039,121.1260009765625,121.71325073242187,0.10021315278039,0.01414341882314043,0.0,0.0,0.0,0.0,0.0,0.0,0.0,0.0
2020-06-01,122.4000015258789,123.84649658203124,122.20850372314452,123.552001953125,58578000,123.62049865722656,1,AMZN,0.011738616181262485,0.025161913236231293,-0.01076888305183099,121.4676010131836,122.01955108642578,-0.16553178153223735,0.012446847545772822,0.0,0.0,0.0,0.0,0.0,0.0,0.0,0.0
2020-06-02,123.3499984741211,123.67649841308594,122.2655029296875,123.62049865722656,50598000,123.91999816894533,1,AMZN,0.0005543957444538172,0.029698874207549908,0.010491516814359558,121.97310028076171,122.25030059814453,-0.13622861825258625,0.009207738962162093,0.0,0.0,0.0,0.0,0.0,0.0,0.0,0.0
2020-06-03,123.40049743652344,124.4000015258789,123.05850219726562,123.91999816894533,53420000,123.02999877929688,0,AMZN,0.002422733405640143,0.014752051627620055,0.017038150165522792,122.6531997680664,122.39565048217773,0.0557729554527846,0.008875580097115235,0.0,0.0,0.0,0.0,0.0,0.0,0.0,0.0
2020-06-04,123.87149810791016,125.3769989013672,122.50050354003906,123.02999877929688,58974000,124.1500015258789,1,AMZN,-0.0071820481181340545,-0.004224967346350028,0.015995940499128558,123.24819946289062,122.20895004272461,0.10396855110445524,0.009047000646883789,0.0,0.0,0.0,0.0,0.0,0.0,0.0,0.0
2020-06-05,122.22550201416016,124.43250274658205,121.85649871826172,124.1500015258789,66128000,126.2030029296875,1,AMZN,0.009103493113018724,0.004283293421429635,0.030123762307292523,123.65449981689453,122.39025039672852,0.12130769491640381,0.008759611445339896,0.0,0.0,0.0,0.0,0.0,0.0,0.0,0.0
2020-06-08,125.01000213623048,126.5,124.36699676513672,126.2030029296875,79414000,130.04299926757812,1,AMZN,0.016536458949464095,0.01842321493282828,0.05120988387725367,124.18470001220703,122.8261505126953,0.20091338011129922,0.008990554128721361,0.0,0.0,0.0,0.0,0.0,0.0,0.0,0.0
2020-06-09,126.47200012207033,131.32150268554688,126.25,130.04299926757812,103520000,132.37249755859375,1,AMZN,0.030427139202305886,0.057002361683038405,0.06489188392881906,125.46920013427734,123.72115020751953,0.3035484927090941,0.012246271690253035,0.0,0.0,0.0,0.0,0.0,0.0,0.0,0.0
2020-06-10,132.25,136.11749267578125,131.31300354003906,132.37249755859375,98920000,127.89800262451172,0,AMZN,0.017913292558120908,0.06623033372255649,0.0713909565691635,127.15970001220703,124.90644989013671,-0.04443585780525505,0.012683764026865874,0.0,0.0,0.0,0.0,0.0,0.0,0.0,0.0
2020-06-11,130.1750030517578,133.56900024414062,126.8115005493164,127.89800262451172,116002000,127.2509994506836,0,AMZN,-0.03380230045218746,0.013430739803937719,0.03460189866363317,128.13330078125,125.69075012207031,0.17268499797816417,0.020911954877946035,0.0,0.0,0.0,0.0,0.0,0.0,0.0,0.0
2020-06-12,130.0605010986328,131.07400512695312,125.1675033569336,127.2509994506836,108722000,128.63400268554688,1,AMZN,-0.005058743377937103,-0.021469820233457337,0.026880256060018537,128.75350036621094,126.20400009155273,-0.0627575386631265,0.021257525062099616,0.0,0.0,0.0,0.0,0.0,0.0,0.0,0.0
2020-06-15,126.33000183105467,129.1999969482422,125.4000015258789,128.63400268554688,77302000,130.7635040283203,1,AMZN,0.01086830941079775,-0.028242232654045463,0.045549898088701246,129.2397003173828,126.71220016479492,-0.288993947867037,0.020765388059924898,0.0,0.0,0.0,0.0,0.0,0.0,0.0,0.0
2020-06-16,131.0,131.0,128.8000030517578,130.7635040283203,71712000,132.0489959716797,1,AMZN,0.0165547312399128,0.022404582909877346,0.053270257117659536,129.38380126953126,127.4265007019043,-0.07231378230834906,0.02110512480523451,0.0,0.0,0.0,0.0,0.0,0.0,0.0,0.0
2020-06-17,132.375,132.75,131.59100341796875,132.0489959716797,59186000,132.69900512695312,1,AMZN,0.009830663019560593,0.03770498103518283,0.046322138984673966,129.31910095214843,128.23940048217773,-0.17467090584560463,0.02078343512989276,0.0,0.0,0.0,0.0,0.0,0.0,0.0,0.0
2020-06-18,132.35049438476562,132.98199462890625,131.8054962158203,132.69900512695312,49756000,133.75050354003906,1,AMZN,0.004922484646629588,0.03160130569320296,0.020424058767746223,130.27930145263673,129.20630111694337,-0.15932821951137088,0.017971025012590472,0.0,0.0,0.0,0.0,0.0,0.0,0.0,0.0
2020-06-19,133.9040069580078,134.8715057373047,132.9499969482422,133.75050354003906,115540000,135.6909942626953,1,AMZN,0.007923935918584757,0.02284276131872276,0.010410062564811362,131.5792022705078,130.16635131835938,1.3221320041804003,0.016960650300823377,0.0,0.0,0.0,0.0,0.0,0.0,0.0,0.0
2020-06-22,134.22500610351562,135.75,133.4499969482422,135.6909942626953,64176000,138.2205047607422,1,AMZN,0.014508287231048467,0.027580658710928185,0.06093130055410323,132.9906005859375,131.11515045166016,-0.4445559979227973,0.007133575539145374,0.0,0.0,0.0,0.0,0.0,0.0,0.0,0.0
2020-06-23,136.30099487304688,139.15550231933594,135.90199279785156,138.2205047607422,84634000,136.72000122070312,0,AMZN,0.018641697717608263,0.041609201429254394,0.08620368686620683,134.48200073242188,131.93290100097656,0.31877960608327105,0.004894915130738497,0.0,0.0,0.0,0.0,0.0,0.0,0.0,0.0
2020-06-24,139.0,139.8000030517578,136.0500030517578,136.72000122070312,90532000,137.72900390625,1,AMZN,-0.010855867894827953,0.02220176823315745,0.06286050629181572,135.41620178222655,132.3676513671875,0.06968830493655043,0.00993979084708475,0.0,0.0,0.0,0.0,0.0,0.0,0.0,0.0
2020-06-25,136.9774932861328,137.81149291992188,135.60699462890625,137.72900390625,59374000,134.64349365234375,0,AMZN,0.007380066387785211,0.015019490826407633,0.05326792004916858,136.42220153808594,133.35075149536132,-0.3441655989042548,0.009331469383613601,0.0,0.0,0.0,0.0,0.0,0.0,0.0,0.0
2020-06-26,138.7530059814453,139.1284942626953,134.39999389648438,134.64349365234375,130016000,134.0189971923828,0,AMZN,-0.02240276315369638,-0.02587901928581582,0.01964799248621696,136.60079956054688,134.09000091552736,1.189780038400647,0.014499446742564018,0.0,0.0,0.0,0.0,0.0,0.0,0.0,0.0
2020-06-29,134.50050354003906,134.83999633789062,131.50399780273438,134.0189971923828,84468000,137.9409942626953,1,AMZN,-0.004638148068063508,-0.019755734378323786,0.009947264217744944,136.2664001464844,134.62850036621094,-0.35032611370908195,0.01472289273388586,0.0,0.0,0.0,0.0,0.0,0.0,0.0,0.0
2020-06-30,134.2534942626953,138.48150634765625,133.75149536132812,137.9409942626953,75394000,143.93499755859375,1,AMZN,0.029264486024190406,0.0015391845612244826,0.03133065380499156,136.210498046875,135.34624938964845,-0.10742529715395177,0.01809591330769094,0.0,0.0,0.0,0.0,0.0,0.0,0.0,0.0
2020-07-01,137.89950561523438,144.75,137.6999969482422,143.93499755859375,127268000,144.51499938964844,1,AMZN,0.043453386195574595,0.06900819084686804,0.060755714413428086,137.65349731445312,136.53484954833985,0.6880388359816432,0.02330591873350375,0.0,0.0,0.0,0.0,0.0,0.0,0.0,0.0
2020-07-02,145.60049438476562,147.7779998779297,143.55499267578125,144.51499938964844,131868000,152.8520050048828,1,AMZN,0.004029609482701257,0.07831727155963364,0.045539514124926184,139.0106964111328,137.71644897460936,0.0361441996417009,0.022917350934264395,0.0,0.0,0.0,0.0,0.0,0.0,0.0,0.0
2020-07-06,146.74850463867188,152.99400329589844,146.5,152.8520050048828,137612000,150.00599670410156,0,AMZN,0.05768955229869066,0.10809702236733854,0.11799300497473131,142.65239868164062,139.62659912109376,0.04355871022537694,0.02823960463533732,0.0,0.0,0.0,0.0,0.0,0.0,0.0,0.0
2020-07-07,152.92750549316406,153.4774932861328,149.5,150.00599670410156,105150000,154.0554962158203,1,AMZN,-0.018619371729473477,0.04217875602517318,0.08913876126054254,145.84979858398438,141.05809936523437,-0.23589512542510827,0.031179867121907914,0.0,0.0,0.0,0.0,0.0,0.0,0.0,0.0
2020-07-08,151.1304931640625,154.19850158691406,150.6215057373047,154.0554962158203,100752000,159.13150024414062,1,AMZN,0.026995584181255694,0.06601734675615445,0.14417334278030047,149.07269897460938,142.6415985107422,-0.04182596291012841,0.027259262676045677,0.0,0.0,0.0,0.0,0.0,0.0,0.0,0.0
2020-07-09,155.79949951171875,159.69400024414062,153.6999969482422,159.13150024414062,127774000,160.0,1,AMZN,0.032949191382365184,0.04108219083588227,0.187380174287598,152.11199951171875,144.88274841308595,0.26820311259329843,0.025287730742097968,0.0,0.0,0.0,0.0,0.0,0.0,0.0,0.0
2020-07-10,159.58799743652344,160.75,156.78500366210938,160.0,109720000,155.1999969482422,0,AMZN,0.005457748808544549,0.0666240251422241,0.15991624429859796,155.20899963378906,147.10984802246094,-0.14129635137038832,0.026219426393575614,0.0,0.0,0.0,0.0,0.0,0.0,0.0,0.0
2020-07-13,162.55299377441406,167.21449279785156,153.41949462890625,155.1999969482422,154408000,154.1999969482422,0,AMZN,-0.030000019073486373,0.0074291457334214606,0.07826449147687398,155.67859802246093,149.16549835205078,0.4072912869121399,0.030427041794960252,0.0,0.0,0.0,0.0,0.0,0.0,0.0,0.0
2020-07-14,154.4499969482422,156.36900329589844,147.5,154.1999969482422,144638000,150.44349670410156,0,AMZN,-0.006443299095769239,-0.030990113763349703,0.06701724803306108,156.51739807128905,151.18359832763673,-0.06327392363090001,0.03108948911563003,0.0,0.0,0.0,0.0,0.0,0.0,0.0,0.0
2020-07-15,154.01150512695312,154.91749572753906,148.65899658203125,150.44349670410156,115778000,149.9949951171875,0,AMZN,-0.02436122126125273,-0.059728145599365234,-0.015757125990622844,155.7949981689453,152.43384857177733,-0.19953262628078372,0.024825321549411052,0.0,0.0,0.0,0.0,0.0,0.0,0.0,0.0
2020-07-16,148.55299377441406,151.60000610351562,145.9114990234375,149.9949951171875,127884000,148.09849548339844,0,AMZN,-0.002981196241378159,-0.03353738359151204,-7.334098073263906e-05,153.9676971435547,153.03984832763672,0.10456217934322587,0.023761657667787213,0.0,0.0,0.0,0.0,0.0,0.0,0.0,0.0
2020-07-17,150.4499969482422,151.1999969482422,147.42250061035156,148.09849548339844,95226000,159.8419952392578,1,AMZN,-0.01264375276193297,-0.03956875217638134,-0.03866788838274593,151.58739624023437,153.39819793701173,-0.2553720559256827,0.02086721512452065,0.0,0.0,0.0,0.0,0.0,0.0,0.0,0.0
2020-07-20,150.00999450683594,160.0679931640625,149.7010040283203,159.8419952392578,151964000,156.9145050048828,0,AMZN,0.07929519957328535,0.06247194954290114,0.00446482936456416,152.5157958984375,154.09719696044922,0.595824669733056,0.03654074648151711,0.0,0.0,0.0,0.0,0.0,0.0,0.0,0.0
2020-07-21,161.62449645996094,162.0290069580078,155.28599548339844,156.9145050048828,122426000,154.99549865722656,0,AMZN,-0.018314900474015072,0.04613160513981995,-0.0192843437194824,153.05869750976564,154.78804779052734,-0.19437498354873528,0.03717706694530404,0.0,0.0,0.0,0.0,0.0,0.0,0.0,0.0
2020-07-22,156.25,157.5,153.26300048828125,154.99549865722656,82084000,149.32749938964844,0,AMZN,-0.012229630062539742,0.046570379741644796,-0.0013176436535873304,153.96909790039064,154.88204803466797,-0.3295215068694558,0.03553330741715715,0.0,0.0,0.0,0.0,0.0,0.0,0.0,0.0
2020-07-23,154.9134979248047,154.9134979248047,148.5,149.32749938964844,113138000,150.44549560546875,1,AMZN,-0.036568799201794455,-0.06578055931966353,-0.0315985580740914,153.83559875488282,153.90164794921876,0.3783197699917158,0.03821384221918441,0.0,0.0,0.0,0.0,0.0,0.0,0.0,0.0
2020-07-24,146.5,151.57899475097656,144.39999389648438,150.44549560546875,112648000,152.760498046875,1,AMZN,0.007486874288995304,-0.04122633149314503,1.328672498956962e-05,154.30499877929688,152.94619750976562,-0.004330994007318512,0.03726587903826535,0.0,0.0,0.0,0.0,0.0,0.0,0.0,0.0
2020-07-27,153.10000610351562,154.89999389648438,150.7884979248047,152.760498046875,83410000,150.01649475097656,0,AMZN,0.015387648743417026,-0.014419777540083834,0.018437301374801818,152.88869934082032,152.7022476196289,-0.259551878417726,0.037618572022658336,0.0,0.0,0.0,0.0,0.0,0.0,0.0,0.0
2020-07-28,152.7135009765625,153.85450744628906,149.78799438476562,150.01649475097656,62534000,151.67649841308594,1,AMZN,-0.017962780502695397,0.004613988475962394,0.01295083559976562,151.50909729003905,152.28389739990234,-0.25028174079846544,0.03804330433929987,0.0,0.0,0.0,0.0,0.0,0.0,0.0,0.0
2020-07-29,151.54949951171875,151.95799255371094,149.8385009765625,151.67649841308594,59482000,152.593994140625,1,AMZN,0.011065474265779418,0.008182383943520666,-0.05108480292647399,150.84529724121094,152.40719757080078,-0.04880544983528956,0.019090391541355004,0.0,0.0,0.0,0.0,0.0,0.0,0.0,0.0
2020-07-30,150.6999969482422,154.60000610351562,150.25,152.593994140625,122566000,158.23399353027344,1,AMZN,0.006049030252796905,-0.0010899670292964236,-0.02753417132548308,151.49859619140625,152.66709747314454,1.0605561346289636,0.018969177183107033,0.0,0.0,0.0,0.0,0.0,0.0,0.0,0.0
2020-07-31,162.1999969482422,162.34100341796875,157.5500030517578,158.23399353027344,161710000,155.59449768066406,0,AMZN,0.036960821567137314,0.05477730160898453,0.020894122094531342,153.0562957763672,153.68064727783204,0.31937078798361695,0.023826149589732677,0.0,0.0,0.0,0.0,0.0,0.0,0.0,0.0
2020-08-03,159.02549743652344,159.1999969482422,155.1999969482422,155.59449768066406,101494000,156.94149780273438,1,AMZN,-0.01668096589563972,0.025831287698293126,0.04196814596528409,153.623095703125,153.25589752197266,-0.37237029249891784,0.01898771676427546,0.0,0.0,0.0,0.0,0.0,0.0,0.0,0.0
2020-08-04,155.0605010986328,158.36199951171875,155.0605010986328,156.94149780273438,93886000,160.25149536132812,1,AMZN,0.008657119256458845,0.028490660373585053,0.04317844260555903,155.00809631347656,153.25859680175782,-0.07496009616332,0.019007681907072138,0.0,0.0,0.0,0.0,0.0,0.0,0.0,0.0
2020-08-05,157.18850708007812,160.67950439453125,156.36500549316406,160.25149536132812,78330000,161.25,1,AMZN,0.021090645909052075,0.012750116369076414,0.04903752874748091,156.723095703125,153.78419647216796,-0.16569030526383055,0.019580175182416868,0.0,0.0,0.0,0.0,0.0,0.0,0.0,0.0
2020-08-06,159.71800231933594,162.37350463867188,158.27149963378906,161.25,78812000,158.3730010986328,0,AMZN,0.0062308600392182445,0.03634770125961051,0.07488180061579741,158.454296875,154.97644653320313,0.006153453338439974,0.01629361899334275,0.0,0.0,0.0,0.0,0.0,0.0,0.0,0.0
2020-08-07,161.20050048828125,162.04049682617188,157.0334930419922,158.3730010986328,78722000,157.4080047607422,0,AMZN,-0.017841853651889505,0.009121254199432549,0.04414990295536203,158.4820983886719,155.76919708251953,-0.0011419580774501004,0.019473947354486515,0.0,0.0,0.0,0.0,0.0,0.0,0.0,0.0
2020-08-10,158.5155029296875,158.62550354003906,155.0760040283203,157.4080047607422,63346000,154.0334930419922,0,AMZN,-0.006093187166982039,-0.01774392553513815,0.03154783808647643,158.8447998046875,156.23394775390625,-0.1953202408475394,0.020038057440449623,0.0,0.0,0.0,0.0,0.0,0.0,0.0,0.0
2020-08-11,155.66000366210938,157.96099853515625,153.64999389648438,154.0334930419922,74362000,158.11199951171875,1,AMZN,-0.021437993092404684,-0.04475353152252903,-0.02654613205775913,158.26319885253906,156.63564758300782,0.17390206169292455,0.016097377386458334,0.0,0.0,0.0,0.0,0.0,0.0,0.0,0.0
2020-08-12,155.39999389648438,158.71949768066406,155.0709991455078,158.11199951171875,70442000,158.05099487304688,0,AMZN,0.026478049605839216,-0.0016480181918855363,0.01617988983274654,157.83529968261718,157.2791976928711,-0.05271509642021466,0.018407539380981025,0.0,0.0,0.0,0.0,0.0,0.0,0.0,0.0
2020-08-13,159.14950561523438,160.87600708007812,157.75,158.05099487304688,62980000,157.4010009765625,0,AMZN,-0.0003858318082136103,0.004084862858671157,0.00706949459413897,157.19549865722655,157.82489776611328,-0.1059311206382556,0.01821485226958941,0.0,0.0,0.0,0.0,0.0,0.0,0.0,0.0
2020-08-14,158.90899658203125,158.91200256347656,156.0,157.4010009765625,55034000,159.12049865722656,1,AMZN,-0.004112558082955964,0.021862179893903155,-0.017787630488804163,157.0010986328125,157.7415985107422,-0.12616703715465227,0.015968406858552577,0.0,0.0,0.0,0.0,0.0,0.0,0.0,0.0
2020-08-17,158.656005859375,159.74850463867188,157.70899963378906,159.12049865722656,53824000,165.62449645996094,1,AMZN,0.010924312234330102,0.0063783846173741665,-0.013206209877664743,157.34359741210938,158.09419860839844,-0.02198640840207866,0.01648395611896929,0.0,0.0,0.0,0.0,0.0,0.0,0.0,0.0
2020-08-18,160.60000610351562,166.0,160.29100036621094,165.62449645996094,106920000,163.0240020751953,0,AMZN,0.04087466955935781,0.04791808867130132,0.045787446793484676,159.66179809570312,158.9624984741211,0.9864744351961949,0.021210830519174006,0.0,0.0,0.0,0.0,0.0,0.0,0.0,0.0
2020-08-19,165.15049743652344,165.7949981689453,162.8000030517578,163.0240020751953,83702000,164.86849975585938,1,AMZN,-0.015701145907449088,0.03572404917215288,0.03567796518982225,160.64419860839843,159.2397491455078,-0.21715301159745604,0.022444608968653253,0.0,0.0,0.0,0.0,0.0,0.0,0.0,0.0
2020-08-20,162.60000610351562,165.63099670410156,161.89999389648438,164.86849975585938,66650000,164.23599243164062,0,AMZN,0.011314270642265756,0.036123573940118225,0.07034188798739627,162.00769958496093,159.60159912109376,-0.20372273063965018,0.01912624222036057,0.0,0.0,0.0,0.0,0.0,0.0,0.0,0.0
2020-08-21,164.75,165.72000122070312,163.76950073242188,164.23599243164062,71518000,165.3730010986328,1,AMZN,-0.0038364352508537536,-0.008383446036051678,0.038731993389711006,163.37469787597655,160.18789825439453,0.0730382595648913,0.0181578745315464,0.0,0.0,0.0,0.0,0.0,0.0,0.0,0.0
2020-08-24,165.50750732421875,169.01600646972656,162.8780059814453,165.3730010986328,93326000,167.32449340820312,1,AMZN,0.006923017605080961,0.014408915212092532,0.04632685945107329,164.6251983642578,160.9843978881836,0.30493022735535114,0.017966615238347566,0.0,0.0,0.0,0.0,0.0,0.0,0.0,0.0
2020-08-25,164.74949645996094,167.8699951171875,163.35000610351562,167.32449340820312,79856000,172.09249877929688,1,AMZN,0.011800549645987202,0.014896682240577386,0.06304592963241862,164.96519775390624,162.3134979248047,-0.14433276900327885,0.0173784389719028,0.0,0.0,0.0,0.0,0.0,0.0,0.0,0.0
2020-08-26,167.5554962158203,172.58700561523438,167.22850036621094,172.09249877929688,130174000,170.0,0,AMZN,0.0284955613728457,0.04783669055323747,0.08152312386862404,166.77889709472657,163.7115478515625,0.6301091965537968,0.01892020914285017,0.0,0.0,0.0,0.0,0.0,0.0,0.0,0.0
2020-08-27,172.50250244140625,172.64999389648438,168.89999389648438,170.0,85296000,170.08999633789062,1,AMZN,-0.01215915158498826,0.02797916752207641,0.026418214899127657,167.8051971435547,164.9064483642578,-0.34475394472014376,0.015456354686578556,0.0,0.0,0.0,0.0,0.0,0.0,0.0,0.0
2020-08-28,171.14999389648438,171.6685028076172,169.3249969482422,170.08999633789062,57940000,172.54800415039062,1,AMZN,0.0005293902228860059,0.016527783072026514,0.04334327566953067,168.9759979248047,166.17534790039062,-0.32071843931720123,0.013070738340698152,0.0,0.0,0.0,0.0,0.0,0.0,0.0,0.0
2020-08-31,170.44949340820312,174.75,170.25,172.54800415039062,83718000,174.95599365234375,1,AMZN,0.014451219151166761,0.0026468636014049807,0.04657957345340802,170.41099853515624,167.51809844970703,0.44490852606144293,0.013328444248569543,0.0,0.0,0.0,0.0,0.0,0.0,0.0,0.0
2020-09-01,174.47900390625,175.69349670410156,173.35000610351562,174.95599365234375,68644000,176.57249450683594,1,AMZN,0.01395547583299983,0.02915290383731617,0.06527193620585381,171.9372985839844,168.4512481689453,-0.18005685754556966,0.012687431903945808,0.0,0.0,0.0,0.0,0.0,0.0,0.0,0.0
2020-09-02,177.35000610351562,177.6125030517578,174.33450317382812,176.57249450683594,78630000,168.39999389648438,0,AMZN,0.009239471142122424,0.03811216596223321,0.06772262300255072,172.8332977294922,169.80609741210938,0.14547520540761028,0.01265005439704458,0.0,0.0,0.0,0.0,0.0,0.0,0.0,0.0
2020-09-03,174.25,174.42050170898438,165.14999389648438,168.39999389648438,163222000,164.7310028076172,0,AMZN,-0.04628410915968095,-0.02403974635540207,0.006427633315210235,172.51329650878907,170.15924682617188,1.075823477044385,0.02443232414083671,0.0,0.0,0.0,0.0,0.0,0.0,0.0,0.0
2020-09-04,165.89999389648438,169.0749969482422,155.55650329589844,164.7310028076172,175636000,157.49200439453125,0,AMZN,-0.021787358799564616,-0.05844321552678389,-0.042776390742751524,171.44149780273438,170.20874786376953,0.076055923833797,0.02236564576022211,0.0,0.0,0.0,0.0,0.0,0.0,0.0,0.0
2020-09-08,157.1999969482422,162.54249572753906,156.5,157.49200439453125,121884000,163.4304962158203,1,AMZN,-0.04394435952982134,-0.10806037579973138,-0.07357644473805147,168.4302978515625,169.42064819335937,-0.3060420414949099,0.02664064371642783,0.0,0.0,0.0,0.0,0.0,0.0,0.0,0.0
2020-09-09,160.14950561523438,165.15899658203125,159.25,163.4304962158203,103774000,158.7554931640625,0,AMZN,0.03770662418145765,-0.029510082308665697,-0.039152803018708715,166.1251983642578,169.0312484741211,-0.1485838994453743,0.03231805326932913,0.0,0.0,0.0,0.0,0.0,0.0,0.0,0.0
2020-09-10,165.36099243164062,167.4945068359375,158.52749633789062,158.7554931640625,106614000,155.81100463867188,0,AMZN,-0.02860545100214451,-0.03627434752238623,-0.07993434090554152,162.56179809570312,167.69754791259766,0.027367163258619653,0.032042442471781916,0.0,0.0,0.0,0.0,0.0,0.0,0.0,0.0
2020-09-11,160.4344940185547,160.86700439453125,154.19900512695312,155.81100463867188,101880000,155.14849853515625,0,AMZN,-0.018547317429499666,-0.010673556173990462,-0.1094274543786995,160.04400024414062,166.27864837646484,-0.04440317406719563,0.030050844558845494,0.0,0.0,0.0,0.0,0.0,0.0,0.0,0.0
2020-09-14,158.64700317382812,159.3695068359375,154.8000030517578,155.14849853515625,90592000,157.80650329589844,1,AMZN,-0.004251985314208007,-0.05067596239643768,-0.12133257805252484,158.12749938964845,164.7844985961914,-0.11079701609736947,0.02855533824353453,0.0,0.0,0.0,0.0,0.0,0.0,0.0,0.0
2020-09-15,156.80799865722656,158.75100708007812,155.4459991455078,157.80650329589844,80430000,153.90499877929688,0,AMZN,0.017132004407634627,-0.005977682089925218,-0.06290671606020226,158.19039916992188,163.3103485107422,-0.11217326033203812,0.028127724743253053,0.0,0.0,0.0,0.0,0.0,0.0,0.0,0.0
2020-09-16,158.99949645996094,159.36199951171875,153.70750427246094,153.90499877929688,90244000,150.43649291992188,0,AMZN,-0.024723344317983953,-0.012232806429783638,-0.06571928686043138,156.2852996826172,161.2052490234375,0.12201914708442119,0.028372750961766058,0.0,0.0,0.0,0.0,0.0,0.0,0.0,0.0
2020-09-17,150.46249389648438,151.47149658203125,148.62750244140625,150.43649291992188,128982000,147.74549865722656,0,AMZN,-0.02253666798925036,-0.03037093919517786,-0.044799172515035734,154.62149963378906,158.5916488647461,0.42925845485572456,0.02496799412600303,0.0,0.0,0.0,0.0,0.0,0.0,0.0,0.0
2020-09-18,151.58700561523438,151.88999938964844,145.27699279785156,147.74549865722656,177852000,148.02349853515625,1,AMZN,-0.01788790878106783,-0.06375532331393707,-0.09597350507876279,153.0083984375,156.5261993408203,0.3788900776852584,0.015816210580361475,0.0,0.0,0.0,0.0,0.0,0.0,0.0,0.0
2020-09-21,145.3249969482422,148.10000610351562,143.5500030517578,148.02349853515625,122358000,156.44949340820312,1,AMZN,0.001881613182508124,-0.03821513460114978,-0.06760077660944619,151.5833984375,154.8554489135742,-0.31202348019701776,0.015380811983655514,0.0,0.0,0.0,0.0,0.0,0.0,0.0,0.0
2020-09-22,151.69200134277344,156.69949340820312,150.00999450683594,156.44949340820312,138976000,149.9929962158203,0,AMZN,0.05692335984779917,0.03997035806652316,0.004097841298256855,151.31199645996094,154.7511978149414,0.13581457689730136,0.02883404238260655,0.0,0.0,0.0,0.0,0.0,0.0,0.0,0.0
2020-09-23,156.02149963378906,156.35000610351562,149.61900329589844,149.9929962158203,113054000,150.989501953125,1,AMZN,-0.04126889165142078,0.015211952844722543,-0.033229469624340036,150.52959594726562,153.4074478149414,-0.18652141376928388,0.0330324123709944,0.0,0.0,0.0,0.0,0.0,0.0,0.0,0.0
2020-09-24,148.88949584960938,153.46499633789062,148.25,150.989501953125,110588000,154.75650024414062,1,AMZN,0.006643681788120581,0.020037382221879563,-0.043198481687355295,150.64019775390625,152.63084869384767,-0.021812585136306573,0.032120662442503785,0.0,0.0,0.0,0.0,0.0,0.0,0.0,0.0
2020-09-25,152.7429962158203,155.07699584960938,149.9499969482422,154.75650024414062,92304000,158.70249938964844,1,AMZN,0.02494874307344297,-0.010821340019588233,0.0055326433293101385,152.04239807128906,152.52539825439453,-0.1653343943284986,0.03273775885488242,0.0,0.0,0.0,0.0,0.0,0.0,0.0,0.0
2020-09-28,157.4425048828125,158.7519989013672,155.85850524902344,158.70249938964844,84484000,157.24400329589844,0,AMZN,0.025498115680328004,0.05806606570680328,0.054946817153777916,154.1781982421875,152.88079833984375,-0.08472005546888539,0.03194720355043267,0.0,0.0,0.0,0.0,0.0,0.0,0.0,0.0
2020-09-29,158.76950073242188,159.41299438476562,156.6269989013672,157.24400329589844,69916000,157.43649291992188,1,AMZN,-0.009190126805558863,0.04142341859446064,0.06428963809387289,154.33710021972655,152.82454833984374,-0.17243501728137878,0.030920371980713866,0.0,0.0,0.0,0.0,0.0,0.0,0.0,0.0
2020-09-30,157.0570068359375,160.6439971923828,156.69949340820312,157.43649291992188,97922000,161.06300354003906,1,AMZN,0.0012241460404771587,0.017317480503586946,0.0635912167859618,155.82579956054687,153.17769775390624,0.4005663939584645,0.03094781853578845,0.0,0.0,0.0,0.0,0.0,0.0,0.0,0.0
2020-10-01,160.39999389648438,161.1999969482422,158.60000610351562,161.06300354003906,99438000,156.25,0,AMZN,0.023034752317315554,0.01487376795872053,0.029488814769112137,157.8404998779297,154.24034881591797,0.015481709932395171,0.02415261725191848,0.0,0.0,0.0,0.0,0.0,0.0,0.0,0.0
2020-10-02,157.68150329589844,159.7899932861328,156.14999389648438,156.25,112262000,159.9600067138672,1,AMZN,-0.02988273802333874,-0.006321406699547949,0.04171530632788123,158.13919982910156,155.0907989501953,0.12896478207526307,0.02069998867054556,0.0,0.0,0.0,0.0,0.0,0.0,0.0,0.0
2020-10-05,157.29200744628906,160.12649536132812,157.04249572753906,159.9600067138672,75506000,154.9980010986328,0,AMZN,0.0237440429687501,0.016028772917527245,0.05941144678738719,158.3907012939453,156.2844497680664,-0.3274126596711264,0.021764834053201166,0.0,0.0,0.0,0.0,0.0,0.0,0.0,0.0
2020-10-06,158.25,159.10000610351562,154.5,154.9980010986328,101738000,159.7845001220703,1,AMZN,-0.03102028886576813,-0.03765608679896826,0.001560521555548311,157.94150085449218,156.13930053710936,0.3474160993828306,0.024779250380070263,0.0,0.0,0.0,0.0,0.0,0.0,0.0,0.0
2020-10-07,156.75,160.0,156.6195068359375,159.7845001220703,86188000,159.52749633789062,0,AMZN,0.030881037106998743,0.02262080078125006,0.006817792640841258,158.41110229492188,157.1184509277344,-0.15284357860386488,0.02574934096568379,0.0,0.0,0.0,0.0,0.0,0.0,0.0,0.0
2020-10-08,161.24949645996094,161.6645050048828,158.74949645996094,159.52749633789062,63482000,164.33250427246094,1,AMZN,-0.0016084400175445657,-0.0027038657028205515,0.014521972184180276,158.1040008544922,157.97225036621094,-0.2634473476586068,0.02539371853948181,0.0,0.0,0.0,0.0,0.0,0.0,0.0,0.0
2020-10-09,160.5,164.44949340820312,159.89149475097656,164.33250427246094,98158000,172.14649963378906,1,AMZN,0.030120249141207367,0.0602233777704535,0.043801860830618544,159.7205017089844,158.92985076904296,0.5462335780221166,0.02744789319697883,0.0,0.0,0.0,0.0,0.0,0.0,0.0,0.0
2020-10-12,167.4969940185547,174.81199645996094,166.9774932861328,172.14649963378906,167284000,172.18150329589844,1,AMZN,0.04754990740220588,0.07736670016349878,0.06881466165502581,162.15780029296874,160.27425079345704,0.7042319525662708,0.031219071335635538,0.0,0.0,0.0,0.0,0.0,0.0,0.0,0.0
2020-10-13,173.39950561523438,174.61900329589844,171.21099853515625,172.18150329589844,114894000,168.1855010986328,0,AMZN,0.00020333647320058823,0.07932179247147286,0.10196162109374995,165.59450073242186,161.76800079345702,-0.313179981349083,0.026538251531693736,0.0,0.0,0.0,0.0,0.0,0.0,0.0,0.0
2020-10-14,172.35000610351562,173.24400329589844,167.0,168.1855010986328,116254000,166.9324951171875,0,AMZN,-0.023208080547411636,0.023446346437851817,0.05142219329534781,167.2747009277344,162.84290161132813,0.011836997580378483,0.02951079623486452,0.0,0.0,0.0,0.0,0.0,0.0,0.0,0.0
2020-10-15,164.60049438476562,167.79400634765625,164.0,166.9324951171875,104468000,163.635498046875,0,AMZN,-0.007450142689235051,-0.03028818202922179,0.07699772857690079,168.75570068359374,163.42985076904296,-0.10138145784231078,0.025438943469738528,0.0,0.0,0.0,0.0,0.0,0.0,0.0,0.0
2020-10-16,168.1614990234375,169.98300170898438,158.0,163.635498046875,129488000,160.36050415039062,0,AMZN,-0.019750480983333984,-0.049633700980859174,0.02410119831311963,168.61629943847657,164.16840057373048,0.23949917678140675,0.026011360985752834,0.0,0.0,0.0,0.0,0.0,0.0,0.0,0.0
2020-10-19,164.98049926757812,166.4499969482422,159.63699340820312,160.36050415039062,104472000,160.85049438476562,1,AMZN,-0.020013957457728493,-0.04652599003556912,0.005221719337559438,166.25910034179688,164.2084503173828,-0.1931916471024342,0.027523000595718744,0.0,0.0,0.0,0.0,0.0,0.0,0.0,0.0
2020-10-20,161.11399841308594,163.3000030517578,159.60049438476562,160.85049438476562,90194000,159.2469940185547,0,AMZN,0.003055554339711275,-0.036433893401954354,-0.02118880803959633,163.9928985595703,164.7936996459961,-0.1366681981775021,0.02449548737398213,0.0,0.0,0.0,0.0,0.0,0.0,0.0,0.0
2020-10-21,160.625,161.69400024414062,158.0,159.2469940185547,91854000,158.82000732421875,0,AMZN,-0.009968886774915697,-0.026818777592275134,-0.0749333018253393,162.2051971435547,164.73994903564454,0.018404771936048947,0.01035692280934617,0.0,0.0,0.0,0.0,0.0,0.0,0.0,0.0
2020-10-22,159.49349975585938,159.9375,156.0970001220703,158.82000732421875,84240000,160.22000122070312,1,AMZN,-0.0026812857408547996,-0.009606460358388191,-0.07760122728582297,160.58269958496095,164.66920013427733,-0.08289241622574961,0.009882503942389006,0.0,0.0,0.0,0.0,0.0,0.0,0.0,0.0
2020-10-23,159.5500030517578,160.26649475097656,157.0,160.22000122070312,69334000,160.3520050048828,1,AMZN,0.008814971867029398,-0.003919746510410604,-0.04736139456669519,159.89960021972655,164.25794982910156,-0.17694681861348527,0.010883389951516173,0.0,0.0,0.0,0.0,0.0,0.0,0.0,0.0
2020-10-26,159.93699645996094,164.1490020751953,157.6649932861328,160.3520050048828,118024000,164.31649780273438,1,AMZN,0.0008238907949942309,0.006938975477297715,-0.039420066822131616,159.897900390625,163.07850036621093,0.7022528629532407,0.011251237684801957,0.0,0.0,0.0,0.0,0.0,0.0,0.0,0.0
2020-10-27,161.2469940185547,164.58299255371094,160.56500244140625,164.31649780273438,85820000,158.13900756835938,0,AMZN,0.024723687101579017,0.03460830011986449,0.004161687188829255,160.59110107421876,162.29199981689453,-0.2728597573374907,0.014159081427064341,0.0,0.0,0.0,0.0,0.0,0.0,0.0,0.0
2020-10-28,162.46499633789062,163.2010040283203,158.12350463867188,158.13900756835938,111766000,160.55050659179688,1,AMZN,-0.037595069983728635,-0.012988351245093233,-0.013853140421333898,160.3695037841797,161.2873504638672,0.30233045910044276,0.019128651532122655,0.0,0.0,0.0,0.0,0.0,0.0,0.0,0.0
2020-10-29,160.06350708007812,162.8625030517578,158.1999969482422,160.55050659179688,131930000,151.8074951171875,0,AMZN,0.015249235849637444,0.001237911474247122,-0.0018650100773154321,160.71560363769532,160.64915161132814,0.18041264785355127,0.02017458129612289,0.0,0.0,0.0,0.0,0.0,0.0,0.0,0.0
2020-10-30,157.8874969482422,158.35000610351562,150.9499969482422,151.8074951171875,167728000,150.2239990234375,0,AMZN,-0.0544564552314909,-0.0761274908656111,-0.04671673049288683,159.0331024169922,159.4663513183594,0.2713408625786402,0.028917764646155555,0.0,0.0,0.0,0.0,0.0,0.0,0.0,0.0
2020-11-02,153.08700561523438,153.98550415039062,147.50599670410156,150.2239990234375,145148000,152.42050170898438,1,AMZN,-0.010430948040659138,-0.05005095622280553,-0.0541242154915228,157.00750122070312,158.45270080566405,-0.13462272250310026,0.028897958286867993,0.0,0.0,0.0,0.0,0.0,0.0,0.0,0.0
2020-11-03,150.92649841308594,153.7449951171875,149.0489959716797,152.42050170898438,97958000,162.05799865722656,1,AMZN,0.014621516534147005,-0.05063830102687383,-0.04867993666393089,154.62830200195313,157.60970153808594,-0.3251164328822994,0.029522684936962133,0.0,0.0,0.0,0.0,0.0,0.0,0.0,0.0
2020-11-04,157.99949645996094,162.24249267578125,156.9864959716797,162.05799865722656,136780000,166.10000610351562,1,AMZN,0.06322966294024535,0.0675230398349318,0.010639054075387566,155.41210021972657,157.89080200195312,0.3963127054451907,0.039811335790606826,0.0,0.0,0.0,0.0,0.0,0.0,0.0,0.0
2020-11-05,165.99850463867188,168.33999633789062,164.44400024414062,166.10000610351562,115786000,165.56849670410156,0,AMZN,0.024941733698923496,0.10568222909311054,0.010854103663543224,156.52200012207032,158.61880187988282,-0.15348735195203977,0.0398319837148869,0.0,0.0,0.0,0.0,0.0,0.0,0.0,0.0
2020-11-06,165.23199462890625,166.10000610351562,161.60000610351562,165.56849670410156,92946000,157.18699645996094,0,AMZN,-0.003199936061909714,0.08626132867755931,0.046980749721289516,159.27420043945312,159.15365142822264,-0.1972604632684435,0.03604270732154708,0.0,0.0,0.0,0.0,0.0,0.0,0.0,0.0
2020-11-09,161.55149841308594,164.4499969482422,155.60549926757812,157.18699645996094,143808000,151.75100708007812,0,AMZN,-0.05062255447737596,-0.030057153843843443,-0.020949856859609484,160.66679992675782,158.83715057373047,0.5472209670131043,0.041723033229329284,0.0,0.0,0.0,0.0,0.0,0.0,0.0,0.0
2020-11-10,154.75100708007812,155.6999969482422,150.9739990234375,151.75100708007812,131820000,156.8695068359375,1,AMZN,-0.03458294580536425,-0.08638770918825267,-0.00037210308401292025,160.53290100097655,157.58060150146486,-0.08336114819759677,0.03809921309020691,0.0,0.0,0.0,0.0,0.0,0.0,0.0,0.0
2020-11-11,153.08900451660156,156.95750427246094,152.5,156.8695068359375,87338000,155.51400756835938,0,AMZN,0.03372959332756431,-0.052540127145749294,0.04423732463321772,159.49520263671874,157.45365142822266,-0.3374450007586103,0.03960148770733844,0.0,0.0,0.0,0.0,0.0,0.0,0.0,0.0
2020-11-12,157.99749755859375,158.79400634765625,154.30250549316406,155.51400756835938,87240000,156.4405059814453,1,AMZN,-0.008640935353967705,-0.010643303385644343,0.020295864563426136,157.3780029296875,156.95000152587892,-0.0011220774462433747,0.03981842966458458,0.0,0.0,0.0,0.0,0.0,0.0,0.0,0.0
2020-11-13,156.10000610351562,157.08599853515625,154.26950073242188,156.4405059814453,75124000,156.55299377441406,1,AMZN,0.005957652481424658,0.03090258833598747,-0.03466347062364361,155.55240478515626,157.41330261230468,-0.13888124713434202,0.03024530521841766,0.0,0.0,0.0,0.0,0.0,0.0,0.0,0.0
2020-11-16,154.66000366210938,157.13499450683594,153.63450622558594,156.55299377441406,76174000,156.7830047607422,1,AMZN,0.0007190451875813686,-0.0020176837927747826,-0.05747749535392399,155.42560424804688,158.04620208740235,0.01397689153932169,0.027564847214707967,0.0,0.0,0.0,0.0,0.0,0.0,0.0,0.0
2020-11-17,159.177001953125,159.46249389648438,156.76300048828125,156.7830047607422,68894000,155.2729949951172,0,AMZN,0.001469221257177411,0.008160018587553886,-0.05306258206270065,156.4320037841797,158.48245239257812,-0.09557066715677265,0.027758751811481807,0.0,0.0,0.0,0.0,0.0,0.0,0.0,0.0
2020-11-18,156.6999969482422,157.0,155.2550048828125,155.2729949951172,58336000,155.8509979248047,1,AMZN,-0.00963120822903818,-0.0074629711723548375,-0.012176589081472122,156.11270141601562,157.8039520263672,-0.1532499201672134,0.020502191812965493,0.0,0.0,0.0,0.0,0.0,0.0,0.0,0.0
2020-11-19,155.2655029296875,156.25,154.04600524902344,155.8509979248047,60206000,154.97000122070312,0,AMZN,0.003722494885254779,-0.004484078091926635,0.027017882277137195,156.1800994873047,156.7790512084961,0.03205567745474491,0.014436445770067767,0.0,0.0,0.0,0.0,0.0,0.0,0.0,0.0
2020-11-20,155.8509979248047,156.64450073242188,154.90249633789062,154.97000122070312,67488000,154.91949462890625,0,AMZN,-0.005652814007175211,-0.011563775951390798,-0.012108826333093403,155.88599853515626,155.71920166015624,0.12095140019267192,0.006200009685320083,0.0,0.0,0.0,0.0,0.0,0.0,0.0,0.0
2020-11-23,155.8350067138672,156.9875030517578,153.2729949951172,154.91949462890625,94178000,155.9029998779297,1,AMZN,-0.00032591205652088284,-0.0022766377773678625,-0.003822889968235099,155.55929870605468,155.4924514770508,0.3954777145566619,0.005398256995230654,0.0,0.0,0.0,0.0,0.0,0.0,0.0,0.0
2020-11-24,155.02499389648438,156.71249389648438,154.31300354003906,155.9029998779297,72042000,159.2534942626953,1,AMZN,0.006348492495275249,0.0003336645502269864,-0.0034358499427211697,155.3832977294922,155.90765075683595,-0.23504427785682436,0.005478028741871615,0.0,0.0,0.0,0.0,0.0,0.0,0.0,0.0
2020-11-25,157.093505859375,159.89999389648438,157.01300048828125,159.2534942626953,75808000,159.76699829101562,1,AMZN,0.02149089105013391,0.02764078859295993,0.01724975309110066,156.1793975830078,156.14604949951172,0.052275061769523345,0.009997010522870655,0.0,0.0,0.0,0.0,0.0,0.0,0.0,0.0
2020-11-27,160.56300354003906,160.8094940185547,159.50250244140625,159.76699829101562,47858000,158.40199279785156,0,AMZN,0.003224444340751864,0.031290469115724084,0.01903263389311327,156.96259765625,156.57134857177735,-0.3686945968763191,0.00998918624197837,0.0,0.0,0.0,0.0,0.0,0.0,0.0,0.0
2020-11-30,160.4239959716797,161.41949462890625,156.27749633789062,158.40199279785156,81278000,161.00399780273438,1,AMZN,-0.008543726224847115,0.016029152241320288,0.020151590447732293,157.64899597167968,156.76749725341796,0.6983158510593841,0.009770797578874248,0.0,0.0,0.0,0.0,0.0,0.0,0.0,0.0
2020-12-01,159.4250030517578,162.44749450683594,157.85899353027344,161.00399780273438,90740000,160.17649841308594,0,AMZN,0.01642659261366375,0.01099193175097013,0.03306363094585962,158.86589660644532,157.21259765625,0.11641526612367437,0.01104670360202999,0.0,0.0,0.0,0.0,0.0,0.0,0.0,0.0
2020-12-02,161.08250427246094,161.60000610351562,158.66299438476562,160.17649841308594,62586000,159.3365020751953,0,AMZN,-0.005139620139509304,0.0025631083168027313,0.03359680681016375,159.72059631347656,157.55194702148438,-0.31027110425391224,0.010967890556030617,0.0,0.0,0.0,0.0,0.0,0.0,0.0,0.0
2020-12-03,160.2729949951172,161.4320068359375,159.0655059814453,159.3365020751953,57840000,158.12899780273438,0,AMZN,-0.005244192164348127,0.005899605559485321,0.02851163087556885,159.73719787597656,157.9582977294922,-0.0758316556418368,0.011494606906882495,0.0,0.0,0.0,0.0,0.0,0.0,0.0,0.0
2020-12-04,159.91050720214844,159.91050720214844,157.93800354003906,158.12899780273438,58272000,157.89999389648438,0,AMZN,-0.007578327983446487,-0.017856699456137215,0.014278095524445478,159.40959777832032,158.18609771728515,0.007468879668049766,0.012219041843972232,0.0,0.0,0.0,0.0,0.0,0.0,0.0,0.0
2020-12-07,157.82400512695312,159.03799438476562,157.08450317382812,157.89999389648438,55026000,158.864501953125,1,AMZN,-0.00144820943300783,-0.014212475232980748,-0.00849903088454862,159.30919799804687,158.47909698486328,-0.05570428336079081,0.008725653935268257,0.0,0.0,0.0,0.0,0.0,0.0,0.0,0.0
2020-12-08,157.94500732421875,159.2064971923828,156.00100708007812,158.864501953125,65726000,155.2100067138672,0,AMZN,0.006108347649924184,-0.0029622849499204573,-0.005648828278332685,158.881298828125,158.87359771728515,0.1944535310580453,0.009031338362566891,0.0,0.0,0.0,0.0,0.0,0.0,0.0,0.0
2020-12-09,158.39450073242188,158.72149658203125,154.39999389648438,155.2100067138672,82016000,155.07449340820312,0,AMZN,-0.02300385041546993,-0.01845955599180249,-0.02015117378010456,157.88800048828125,158.8042984008789,0.24784712290417787,0.012201861920175812,0.0,0.0,0.0,0.0,0.0,0.0,0.0,0.0
2020-12-10,154.44949340820312,157.10499572753906,153.8000030517578,155.07449340820312,60604000,155.8209991455078,1,AMZN,-0.0008730964486967085,-0.01789424064280576,-0.036828305355474544,157.0355987548828,158.3863983154297,-0.26107101053452986,0.00897430782339725,0.0,0.0,0.0,0.0,0.0,0.0,0.0,0.0
2020-12-11,154.83299255371094,155.93350219726562,153.64100646972656,155.8209991455078,61294000,157.84849548339844,1,AMZN,0.004813852496939441,-0.019157853203198405,-0.027191874655328907,156.5739990234375,157.9917984008789,0.011385387103161504,0.009760165015179121,0.0,0.0,0.0,0.0,0.0,0.0,0.0,0.0
2020-12-14,157.14999389648438,159.52349853515625,156.3000030517578,157.84849548339844,83116000,158.25599670410156,1,AMZN,0.013011701561464806,0.016999475906185335,-0.009338767780245671,156.5636993408203,157.9364486694336,0.35602179658694166,0.011602901338521763,0.0,0.0,0.0,0.0,0.0,0.0,0.0,0.0
2020-12-15,159.05050659179688,159.4250030517578,156.52450561523438,158.25599670410156,66390000,162.04800415039062,1,AMZN,0.0025815971159888207,0.02051596768737296,0.0008031348021670937,156.44199829101564,157.66164855957032,-0.20123682564127243,0.011315832812925216,0.0,0.0,0.0,0.0,0.0,0.0,0.0,0.0
2020-12-16,158.80050659179688,162.35000610351562,158.1840057373047,162.04800415039062,88552000,161.8040008544922,0,AMZN,0.023961224378619583,0.03996255343651045,0.026269856961651294,157.80959777832032,157.8487991333008,0.3338153336345835,0.014372749174249508,0.0,0.0,0.0,0.0,0.0,0.0,0.0,0.0
2020-12-17,162.5,163.17550659179688,161.0500030517578,161.8040008544922,69486000,160.08250427246094,0,AMZN,-0.0015057469987226346,0.02505887280699337,0.018503182682274355,159.15549926757814,158.09554901123047,-0.2153085192881019,0.014456806045698836,0.0,0.0,0.0,0.0,0.0,0.0,0.0,0.0
2020-12-18,162.19949340820312,162.4709930419922,158.5800018310547,160.08250427246094,119914000,160.3090057373047,1,AMZN,-0.01063939440891426,0.011541474613277813,0.03139293439743418,160.00780029296874,158.29089965820313,0.7257289238119908,0.01117366179864386,0.0,0.0,0.0,0.0,0.0,0.0,0.0,0.0
2020-12-21,160.00050354003906,161.34849548339844,158.3000030517578,160.3090057373047,76736000,160.3260040283203,1,AMZN,0.0014149045573290664,-0.010731378162930238,0.033754824626914814,160.49990234375,158.53180084228515,-0.36007472021615494,0.011023475508790069,0.0,0.0,0.0,0.0,0.0,0.0,0.0,0.0
2020-12-22,160.14199829101562,161.10000610351562,159.00399780273438,160.3260040283203,47388000,159.2635040283203,0,AMZN,0.00010603453584812073,-0.009134488754088399,0.028911410576989427,160.91390380859374,158.67795104980468,-0.38245412844036697,0.01116557411751349,0.0,0.0,0.0,0.0,0.0,0.0,0.0,0.0
2020-12-23,160.25,160.50650024414062,159.20849609375,159.2635040283203,41876000,158.63450622558594,0,AMZN,-0.006627122071927394,-0.0051161133932955405,0.008964346100281295,160.35700378417968,159.08330078125,-0.11631636701274584,0.011029261978737917,0.0,0.0,0.0,0.0,0.0,0.0,0.0,0.0
2020-12-24,159.69500732421875,160.10000610351562,158.4499969482422,158.63450622558594,29038000,164.197998046875,1,AMZN,-0.003949415822362745,-0.010445448800691315,0.0023917546846081716,159.72310485839844,159.43930206298828,-0.30657178336039737,0.011180678879589704,0.0,0.0,0.0,0.0,0.0,0.0,0.0,0.0
2020-12-28,159.6999969482422,165.1999969482422,158.63450622558594,164.197998046875,113736000,166.10000610351562,1,AMZN,0.03507113271672124,0.02415075484492668,0.013267635770996877,160.54620361328125,160.277001953125,2.9167986775948758,0.015162971334850804,0.0,0.0,0.0,0.0,0.0,0.0,0.0,0.0
2020-12-29,165.4969940185547,167.53250122070312,164.06100463867188,166.10000610351562,97458000,164.29249572753906,0,AMZN,0.011583625131030173,0.04292572938731554,0.026550673817310466,161.70440368652345,161.1021530151367,-0.1431209115847225,0.015465329847706745,0.0,0.0,0.0,0.0,0.0,0.0,0.0,0.0
2020-12-30,167.0500030517578,167.10499572753906,164.12350463867188,164.29249572753906,64186000,162.84649658203125,0,AMZN,-0.010882060864285004,0.035666827076747065,0.02629888552913129,162.4977020263672,161.70580291748047,-0.34139834595415464,0.015503450666150826,0.0,0.0,0.0,0.0,0.0,0.0,0.0,0.0
2020-12-31,163.75,164.14599609375,162.05999755859375,162.84649658203125,59144000,159.3314971923828,0,AMZN,-0.008801370623195415,-0.00823092535183001,0.015828747942487453,163.21430053710938,161.78565216064453,-0.0785529554731561,0.016231036284551352,0.0,0.0,0.0,0.0,0.0,0.0,0.0,0.0
2021-01-04,163.5,163.60000610351562,157.2010040283203,159.3314971923828,88228000,160.92550659179688,1,AMZN,-0.021584740620304466,-0.04074960061659838,-0.006203028897057927,163.35369873046875,161.53840179443358,0.491748951711078,0.01862622618475184,0.0,0.0,0.0,0.0,0.0,0.0,0.0,0.0
2021-01-05,158.30050659179688,161.16900634765625,158.2530059814453,160.92550659179688,53110000,156.91900634765625,0,AMZN,0.010004358381754175,-0.020493870525443603,0.010435551908873242,162.69920043945314,161.6227020263672,-0.3980369043840958,0.018810161128428173,0.0,0.0,0.0,0.0,0.0,0.0,0.0,0.0
2021-01-06,157.32400512695312,159.87550354003906,156.55799865722656,156.91900634765625,87896000,158.10800170898438,1,AMZN,-0.024896614147709384,-0.03639924934700156,-0.0108141659639307,160.86300048828124,161.28370208740233,0.6549802297119187,0.021342326697594585,0.0,0.0,0.0,0.0,0.0,0.0,0.0,0.0
2021-01-07,157.85000610351562,160.427001953125,157.75,158.10800170898438,70290000,159.13499450683594,1,AMZN,0.0075771277744003385,-0.007678930437220122,-0.037089345852755584,159.6261016845703,161.06190185546876,-0.20030490579776095,0.015153317721133895,0.0,0.0,0.0,0.0,0.0,0.0,0.0,0.0
2021-01-08,159.0,159.53199768066406,157.11000061035156,159.13499450683594,70754000,155.7104949951172,0,AMZN,0.006495514374673217,-0.011126341143065321,-0.04193263901711719,158.88380126953126,161.0490509033203,0.0066012235026320365,0.014307707867309264,0.0,0.0,0.0,0.0,0.0,0.0,0.0,0.0
2021-01-11,157.40049743652344,157.81900024414062,155.5,155.7104949951172,73668000,156.04150390625,1,AMZN,-0.021519462280005563,-0.007701497611204533,-0.05223610910783272,158.15960083007812,160.75664978027345,0.04118495067416683,0.015431842150678884,0.0,0.0,0.0,0.0,0.0,0.0,0.0,0.0
2021-01-12,156.0,157.10699462890625,154.3000030517578,156.04150390625,70292000,158.29449462890625,1,AMZN,0.002125797051401035,-0.013070165838525938,-0.041787774490766205,157.18280029296875,159.94100036621094,-0.04582722484660906,0.01582960512727597,0.0,0.0,0.0,0.0,0.0,0.0,0.0,0.0
2021-01-13,156.4219970703125,159.49749755859375,156.10400390625,158.29449462890625,66424000,156.37350463867188,0,AMZN,0.014438406874172749,-0.005281678492743969,-0.006508459292417501,157.45789794921876,159.16044921875,-0.05502759915779887,0.01576305202144751,0.0,0.0,0.0,0.0,0.0,0.0,0.0,0.0
2021-01-14,158.37600708007812,158.89999389648438,156.0294952392578,156.37350463867188,61418000,155.21249389648438,0,AMZN,-0.012135545173177387,0.004257963752382077,-0.028286391943270983,157.11099853515626,158.3685501098633,-0.0753643261471757,0.01544599217784506,0.0,0.0,0.0,0.0,0.0,0.0,0.0,0.0
2021-01-15,156.1510009765625,157.12750244140625,154.7584991455078,155.21249389648438,84880000,156.03799438476562,1,AMZN,-0.007424600125642833,-0.005312753267641468,-0.010875116347544789,156.32649841308594,157.6051498413086,0.38200527532645157,0.012665542667792308,0.0,0.0,0.0,0.0,0.0,0.0,0.0,0.0
2021-01-19,155.35000610351562,157.25,154.8000030517578,156.03799438476562,66102000,163.16900634765625,1,AMZN,0.005318518294228358,-0.01425507721813446,-0.013092362826954362,156.39199829101562,157.2757995605469,-0.22122997172478798,0.012422439018079778,0.0,0.0,0.0,0.0,0.0,0.0,0.0,0.0
2021-01-20,159.09950256347656,163.99000549316406,158.75,163.16900634765625,106196000,165.34950256347656,1,AMZN,0.04570048462239673,0.04345686134416793,0.02534962126540319,157.81749877929687,157.50014953613282,0.606547456960455,0.02196566356932544,0.0,0.0,0.0,0.0,0.0,0.0,0.0,0.0
2021-01-21,164.64999389648438,167.42750549316406,164.47850036621094,165.34950256347656,98722000,164.6114959716797,0,AMZN,0.013363421550624865,0.06531051987189151,0.06190339044687798,159.22850036621094,158.34319915771485,-0.07037929865531656,0.019028295166741104,0.0,0.0,0.0,0.0,0.0,0.0,0.0,0.0
2021-01-22,165.2154998779297,166.0955047607422,164.1580047607422,164.6114959716797,56438000,164.6999969482422,1,AMZN,-0.00446331304512726,0.05494496145453609,0.054921234741357905,160.8760986328125,158.99354858398436,-0.4283138510159843,0.019567073888162173,0.0,0.0,0.0,0.0,0.0,0.0,0.0,0.0
2021-01-25,166.4250030517578,168.1945037841797,162.15750122070312,164.6999969482422,74996000,166.30650329589844,1,AMZN,0.0005376354551673845,0.009382851773479084,0.04046573024761546,162.77359924316406,159.550048828125,0.32882100712286055,0.019489634767380533,0.0,0.0,0.0,0.0,0.0,0.0,0.0,0.0
2021-01-26,164.8179931640625,166.89999389648438,164.14349365234375,166.30650329589844,59104000,161.62899780273438,0,AMZN,0.009754137082109926,0.005787744853084753,0.06352098253587446,164.82730102539062,160.60964965820312,-0.21190463491386202,0.017807865423369224,0.0,0.0,0.0,0.0,0.0,0.0,0.0,0.0
2021-01-27,167.07449340820312,167.3260040283203,160.35400390625,161.62899780273438,93204000,161.88099670410156,1,AMZN,-0.02812581228312927,-0.018118407534905234,0.04134012504514839,164.51929931640626,161.16839904785155,0.5769491066594477,0.022169027926110495,0.0,0.0,0.0,0.0,0.0,0.0,0.0,0.0
2021-01-28,161.7519989013672,165.08399963378906,161.4344940185547,161.88099670410156,62984000,160.30999755859375,0,AMZN,0.0015591193708615059,-0.017115970226924238,0.03744602295340971,163.82559814453126,161.52704925537108,-0.32423501137290245,0.022234073565098045,0.0,0.0,0.0,0.0,0.0,0.0,0.0,0.0
2021-01-29,161.5,161.84950256347656,159.2274932861328,160.30999755859375,85872000,167.1439971923828,1,AMZN,-0.009704654514695155,-0.03605695278575782,-0.017521763802195056,162.96529846191407,161.9206985473633,0.36339387781023746,0.01378365175386082,0.0,0.0,0.0,0.0,0.0,0.0,0.0,0.0
2021-02-01,162.1179962158203,167.51300048828125,161.75149536132812,167.1439971923828,83204000,169.0,1,AMZN,0.042629902924745666,0.0341213486727141,0.0108527367853275,163.4540985107422,163.1138488769531,-0.03106949878889509,0.02159906208868159,0.0,0.0,0.0,0.0,0.0,0.0,0.0,0.0
2021-02-02,169.0,171.38699340820312,168.05650329589844,169.0,141972000,165.62649536132812,0,AMZN,0.011104214562255077,0.04397676960755992,0.026659766393686946,163.9927978515625,164.41004943847656,0.7063121965290131,0.021655145607678363,0.0,0.0,0.0,0.0,0.0,0.0,0.0,0.0
2021-02-03,171.25050354003906,171.6999969482422,165.43099975585938,165.62649536132812,141776000,166.5500030517578,1,AMZN,-0.019961565909300982,0.033163856800578984,0.0056253699468926666,164.79229736328125,164.65579833984376,-0.001380553912038951,0.023503091997311504,0.0,0.0,0.0,0.0,0.0,0.0,0.0,0.0
2021-02-04,166.5,167.35000610351562,163.8874969482422,166.5500030517578,73414000,167.6074981689453,1,AMZN,0.005575845147329783,-0.0035537868580545195,0.0014641625614972842,165.7260986328125,164.77584838867188,-0.4821831621713125,0.023296946336011957,0.0,0.0,0.0,0.0,0.0,0.0,0.0,0.0
2021-02-05,165.9499969482422,168.85000610351562,165.135498046875,167.6074981689453,72416000,166.14700317382812,0,AMZN,0.006349415177487883,-0.008239655805057366,0.03698903320249247,167.18559875488282,165.07544860839843,-0.013594137357997083,0.019602887784517898,0.0,0.0,0.0,0.0,0.0,0.0,0.0,0.0
2021-02-08,167.9250030517578,168.25,165.1999969482422,166.14700317382812,65148000,165.25,0,AMZN,-0.008713780773966562,0.003142660305432754,0.02635273167686436,166.98619995117187,165.22014923095702,-0.10036456031816177,0.020307152009616455,0.0,0.0,0.0,0.0,0.0,0.0,0.0,0.0
2021-02-09,165.62449645996094,166.89999389648438,164.89199829101562,165.25,44070000,164.32899475097656,0,AMZN,-0.00539885256244832,-0.007805482005027731,0.030815311063807194,166.23619995117187,165.1144989013672,-0.3235402468226193,0.01988735519939405,0.0,0.0,0.0,0.0,0.0,0.0,0.0,0.0
2021-02-10,165.6999969482422,165.8975067138672,162.6999969482422,164.32899475097656,63032000,163.10650634765625,0,AMZN,-0.005573405440383872,-0.019560601129336552,-0.016841780074017154,165.97669982910156,165.3844985961914,0.43027002496029043,0.010722728983189624,0.0,0.0,0.0,0.0,0.0,0.0,0.0,0.0
2021-02-11,164.60000610351562,164.60000610351562,162.4029998779297,163.10650634765625,46028000,163.885498046875,1,AMZN,-0.007439273910078148,-0.018300040133681028,-0.03487274350499259,165.28800048828126,165.50704956054688,-0.2697677370224648,0.008988256694391804,0.0,0.0,0.0,0.0,0.0,0.0,0.0,0.0
2021-02-12,162.5,164.0124969482422,161.66549682617188,163.885498046875,46706000,163.44749450683594,0,AMZN,0.004775969497859078,-0.008257197900907731,-0.010511586993705246,164.5436004638672,165.864599609375,0.014730164247849231,0.00671037956937334,0.0,0.0,0.0,0.0,0.0,0.0,0.0,0.0
2021-02-16,162.70249938964844,165.4149932861328,162.67950439453125,163.44749450683594,51494000,165.4320068359375,1,AMZN,-0.0026726192693009576,-0.005364240470626891,-0.018628090591854995,164.00369873046876,165.4949493408203,0.10251359568363805,0.005943370738135698,0.0,0.0,0.0,0.0,0.0,0.0,0.0,0.0
2021-02-17,163.17999267578125,166.04550170898438,162.97500610351562,165.4320068359375,65950000,166.4114990234375,1,AMZN,0.012141589169594624,0.014257558084927124,-0.012979677859131122,164.04010009765625,165.13815002441407,0.28073173573620225,0.007584563502314101,0.0,0.0,0.0,0.0,0.0,0.0,0.0,0.0
2021-02-18,164.12100219726562,166.89999389648438,163.69700622558594,166.4114990234375,60548000,162.4949951171875,0,AMZN,0.005920814274298136,0.015413206212059105,0.001591938732308451,164.45660095214845,165.216650390625,-0.08191053828658079,0.0073885118902507,0.0,0.0,0.0,0.0,0.0,0.0,0.0,0.0
2021-02-19,166.4114990234375,166.6750030517578,162.28750610351562,162.4949951171875,86104000,159.03700256347656,0,AMZN,-0.023535055745747435,-0.005827555769651771,-0.016671739079046843,164.33429870605468,164.81114959716797,0.4220783510603159,0.011650415067574037,0.0,0.0,0.0,0.0,0.0,0.0,0.0,0.0
2021-02-22,160.406494140625,161.61599731445312,158.61300659179688,159.03700256347656,70314000,159.72500610351562,1,AMZN,-0.021280609604111933,-0.03865639059074588,-0.032203642427920065,163.364599609375,163.9541000366211,-0.18338288581250584,0.013707848945995811,0.0,0.0,0.0,0.0,0.0,0.0,0.0,0.0
2021-02-23,156.35150146484375,160.2364959716797,154.67999267578125,159.72500610351562,93544000,157.97650146484375,0,AMZN,0.004326059526709614,-0.04018047406075076,-0.020731853804366707,162.62010192871094,163.31190032958983,0.3303751742185055,0.014017230878426674,0.0,0.0,0.0,0.0,0.0,0.0,0.0,0.0
2021-02-24,158.33749389648438,158.56149291992188,156.2689971923828,157.97650146484375,60226000,152.85800170898438,0,AMZN,-0.010946968676518232,-0.027806971218314214,-0.03605564038583298,161.12900085449218,162.5845504760742,-0.35617463439664754,0.013840199838899043,0.0,0.0,0.0,0.0,0.0,0.0,0.0,0.0
2021-02-25,156.83700561523438,158.91299438476562,152.38800048828125,152.85800170898438,90676000,154.64649963378906,1,AMZN,-0.03240038681954516,-0.03885259879710046,-0.06478834582201976,158.41830139160157,161.437451171875,0.5055955899445421,0.01712469767652259,0.0,0.0,0.0,0.0,0.0,0.0,0.0,0.0
2021-02-26,154.75999450683594,156.1219940185547,151.8350067138672,154.64649963378906,85518000,157.3070068359375,1,AMZN,0.011700387973209825,-0.03179531241611133,-0.06519601260017749,156.84860229492188,160.5914505004883,-0.056883850191892016,0.017032778842357096,0.0,0.0,0.0,0.0,0.0,0.0,0.0,0.0
2021-03-01,156.39450073242188,157.47799682617188,154.89950561523438,157.3070068359375,54582000,154.72650146484375,0,AMZN,0.017203798394717307,-0.004237938064828195,-0.054710715551079314,156.50260314941406,159.93360137939453,-0.36174840384480456,0.019134967220492835,0.0,0.0,0.0,0.0,0.0,0.0,0.0,0.0
2021-03-02,157.17349243164062,158.17599487304688,154.3560028076172,154.72650146484375,51916000,150.25,0,AMZN,-0.016404262105025436,0.012223761497397234,-0.04780758722286371,155.50290222167968,159.0615020751953,-0.048843941226045184,0.018333653594161427,0.0,0.0,0.0,0.0,0.0,0.0,0.0,0.0
2021-03-03,154.0590057373047,155.38900756835938,149.75,150.25,79774000,148.8784942626953,0,AMZN,-0.02893170479822993,-0.028429351095564437,-0.05525130895226349,153.95760192871094,157.54330139160157,0.5365975807072965,0.01952800185929367,0.0,0.0,0.0,0.0,0.0,0.0,0.0,0.0
2021-03-04,150.60000610351562,152.906494140625,147.27149963378906,148.8784942626953,109632000,150.0229949951172,1,AMZN,-0.009128157985388907,-0.05358002000529227,-0.06790741227952013,153.1617004394531,155.79000091552734,0.3742823476320605,0.018768950958366882,0.0,0.0,0.0,0.0,0.0,0.0,0.0,0.0
2021-03-05,150.25,150.4499969482422,144.0500030517578,150.0229949951172,107772000,147.59750366210938,0,AMZN,0.007687481916645478,-0.030398841990202152,-0.05034613626695961,152.23699951171875,154.5428009033203,-0.016965849387040266,0.01987530952809379,0.0,0.0,0.0,0.0,0.0,0.0,0.0,0.0
2021-03-08,150.75,153.22950744628906,147.5655059814453,147.59750366210938,83700000,153.1425018310547,1,AMZN,-0.016167463748385735,-0.01765388577631033,-0.03441427984182399,150.29509887695312,153.3988510131836,-0.22336042756931296,0.01721089656602193,0.0,0.0,0.0,0.0,0.0,0.0,0.0,0.0
2021-03-09,150.89950561523438,154.54800415039062,150.25750732421875,153.1425018310547,80600000,152.8820037841797,0,AMZN,0.03756837366056898,0.028640856353877142,-0.009725391821321039,149.97829895019532,152.7406005859375,-0.03703703703703709,0.023122010412844694,0.0,0.0,0.0,0.0,0.0,0.0,0.0,0.0
2021-03-10,154.92250061035156,155.822998046875,151.50250244140625,152.8820037841797,60250000,155.67950439453125,1,AMZN,-0.0017010173123747085,0.01905713713524748,-0.028129726327911442,150.50469970703125,152.23115081787108,-0.2524813895781638,0.02167752782130254,0.0,0.0,0.0,0.0,0.0,0.0,0.0,0.0
2021-03-11,155.20050048828125,156.58900451660156,154.14649963378906,155.67950439453125,55528000,154.47450256347656,0,AMZN,0.018298429776605563,0.05475702862105147,0.006159274078229249,151.86490173339843,152.51330108642577,-0.07837344398340251,0.022292195606890226,0.0,0.0,0.0,0.0,0.0,0.0,0.0,0.0
2021-03-12,153.75,154.94900512695312,152.27499389648438,154.47450256347656,48438000,154.08399963378906,0,AMZN,-0.0077402727850476305,0.008697786156656395,0.028116489607165063,152.7552032470703,152.49610137939453,-0.12768333093214235,0.018682405332248655,0.0,0.0,0.0,0.0,0.0,0.0,0.0,0.0
2021-03-15,153.72850036621094,154.11199951171875,151.60450744628906,154.08399963378906,58272000,154.59300231933594,1,AMZN,-0.0025279442445658162,0.007862245521756739,0.034964790562085346,154.05250244140626,152.17380065917968,0.20302242041372476,0.018058675177106798,0.0,0.0,0.0,0.0,0.0,0.0,0.0,0.0
2021-03-16,155.24850463867188,156.44549560546875,153.79299926757812,154.59300231933594,50776000,156.7864990234375,1,AMZN,0.0033034103914528767,-0.006979095157200965,0.03046204566418287,154.3426025390625,152.16045074462892,-0.12863811092806154,0.018028346626018918,0.0,0.0,0.0,0.0,0.0,0.0,0.0,0.0
2021-03-17,153.66099548339844,158.65249633789062,153.51100158691406,156.7864990234375,62372000,151.39950561523438,0,AMZN,0.014188848597238346,0.014966848389823317,0.06225711907949494,155.12350158691407,152.81410064697266,0.22837561052465727,0.015754680133806622,0.0,0.0,0.0,0.0,0.0,0.0,0.0,0.0
2021-03-18,155.0500030517578,155.8314971923828,151.25,151.39950561523438,72992000,153.7480010986328,1,AMZN,-0.03435878370750434,-0.017422276322881736,-0.011381531547285051,154.2675018310547,153.06620178222656,0.1702687103187328,0.017228503962644897,0.0,0.0,0.0,0.0,0.0,0.0,0.0,0.0
2021-03-19,151.4615020751953,153.864501953125,150.8314971923828,153.7480010986328,92508000,155.5435028076172,1,AMZN,0.015511909856343209,-0.005465973284855652,0.005664481711501024,154.12220153808593,153.43870239257814,0.267371766768961,0.018385455925686103,0.0,0.0,0.0,0.0,0.0,0.0,0.0,0.0
2021-03-22,153.3925018310547,156.32899475097656,153.00250244140625,155.5435028076172,58044000,156.875,1,AMZN,0.01167821172408301,-0.007927954406549365,-0.0008735998193404315,154.41410217285156,154.2333023071289,-0.3725515631080555,0.017493159738456547,0.0,0.0,0.0,0.0,0.0,0.0,0.0,0.0
2021-03-23,156.35000610351562,159.10000610351562,156.04249572753906,156.875,76346000,154.35350036621094,0,AMZN,0.008560288075996736,0.03616586700541147,0.015539764794109123,154.87050170898436,154.60655212402344,0.3153125215353869,0.017374379067868692,0.0,0.0,0.0,0.0,0.0,0.0,0.0,0.0
2021-03-24,157.552001953125,158.0155029296875,154.25750732421875,154.35350036621094,59180000,152.31300354003906,0,AMZN,-0.016073304438495972,0.003938257819623203,0.001749050732473112,154.38390197753907,154.75370178222656,-0.22484478558143195,0.018709458865226115,0.0,0.0,0.0,0.0,0.0,0.0,0.0,0.0
2021-03-25,153.64950561523438,155.48899841308594,151.85699462890625,152.31300354003906,71270000,152.60150146484375,1,AMZN,-0.013219634289670767,-0.020769104522313286,-0.014748395755890598,154.5666015625,154.41705169677735,0.2042919905373437,0.019314830784492153,0.0,0.0,0.0,0.0,0.0,0.0,0.0,0.0
2021-03-26,152.2030029296875,152.83299255371094,149.8000030517578,152.60150146484375,66258000,153.7864990234375,1,AMZN,0.0018941122432061253,-0.027241424925298796,-0.026692333744681385,154.3373016357422,154.22975158691406,-0.07032411954539075,0.018124003917951263,0.0,0.0,0.0,0.0,0.0,0.0,0.0,0.0
2021-03-29,152.77200317382812,154.5625,151.42250061035156,153.7864990234375,54920000,152.76449584960938,0,AMZN,0.007765307334585803,-0.003673394781642192,0.01576619024284942,153.98590087890625,154.20000152587892,-0.17111895922001874,0.01231644075237187,0.0,0.0,0.0,0.0,0.0,0.0,0.0,0.0
2021-03-30,153.50050354003906,153.64999389648438,151.6999969482422,152.76449584960938,46752000,154.70399475097656,1,AMZN,-0.006645597502498379,0.00296424007850149,-0.0063968652730157505,153.16380004882814,154.01715087890625,-0.14872541879096868,0.011147555120507682,0.0,0.0,0.0,0.0,0.0,0.0,0.0,0.0
2021-03-31,153.2030029296875,155.9665069580078,153.125,154.70399475097656,61878000,158.0500030517578,1,AMZN,0.01269600564306872,0.013777671031743877,-0.005397255696877101,153.23389892578126,153.80890045166015,0.32353696098562623,0.011343312682948532,0.0,0.0,0.0,0.0,0.0,0.0,0.0,0.0
2021-04-01,155.89700317382812,158.1219940185547,155.77749633789062,158.0500030517578,58806000,161.3365020751953,1,AMZN,0.02162845443110406,0.02772352615732898,0.007490059294073648,154.381298828125,154.4739501953125,-0.049646077765926555,0.01390978839451669,0.0,0.0,0.0,0.0,0.0,0.0,0.0,0.0
2021-04-05,158.64999389648438,161.79800415039062,158.06199645996094,161.3365020751953,66698000,161.1909942626953,0,AMZN,0.02079404593469847,0.05611255532846293,0.045240319736299384,156.1282989501953,155.23280029296876,0.1342039927898513,0.013266605996323465,0.0,0.0,0.0,0.0,0.0,0.0,0.0,0.0
2021-04-06,161.1875,162.36549377441406,160.8520050048828,161.1909942626953,50756000,163.96949768066406,1,AMZN,-0.0009018902147276409,0.041931687169169285,0.05828780548157497,157.60919799804688,155.79754943847655,-0.23901766169900152,0.010819216620031265,0.0,0.0,0.0,0.0,0.0,0.0,0.0,0.0
2021-04-07,161.69000244140625,165.1804962158203,161.1824951171875,163.96949768066406,66924000,164.96499633789062,1,AMZN,0.01723733655641202,0.03745330284471904,0.07449465507676711,159.8501983642578,156.50699920654296,0.3185436204586649,0.010888484716936105,0.0,0.0,0.0,0.0,0.0,0.0,0.0,0.0
2021-04-08,165.5449981689453,166.22500610351562,164.60000610351562,164.96499633789062,56242000,168.61000061035156,1,AMZN,0.006071242952548017,0.02249022518787558,0.0726884179394025,161.90239868164062,157.56814880371093,-0.15961389038312113,0.010974452134327184,0.0,0.0,0.0,0.0,0.0,0.0,0.0,0.0
2021-04-09,165.23500061035156,168.61000061035156,164.44500732421875,168.61000061035156,86830000,168.96949768066406,1,AMZN,0.02209562242522667,0.0460261839167353,0.10372504862871712,164.01439819335937,159.19784851074218,0.5438640162156396,0.008818809975474148,0.0,0.0,0.0,0.0,0.0,0.0,0.0,0.0
2021-04-12,167.760498046875,169.7519989013672,167.5574951171875,168.96949768066406,65636000,170.0,1,AMZN,0.0021321218730274705,0.030493476352154714,0.09221160030579911,165.54099731445314,160.83464813232422,-0.24408614534147188,0.009955939509451913,0.0,0.0,0.0,0.0,0.0,0.0,0.0,0.0
2021-04-13,170.04249572753906,171.60000610351562,169.781494140625,170.0,66316000,166.64999389648438,0,AMZN,0.006098747605224553,0.03052164867628271,0.07560896372984471,167.30279846191405,162.45599822998048,0.010360168200377773,0.009352600668178935,0.0,0.0,0.0,0.0,0.0,0.0,0.0,0.0
2021-04-14,170.20199584960938,170.2064971923828,166.3000030517578,166.64999389648438,62904000,168.95449829101562,1,AMZN,-0.01970591825597423,-0.011624498587107235,0.03293421980112443,167.83889770507812,163.84454803466798,-0.05145063031545927,0.013523134460768938,0.0,0.0,0.0,0.0,0.0,0.0,0.0,0.0
2021-04-15,168.5500030517578,169.85000610351562,167.60000610351562,168.95449829101562,64672000,169.9720001220703,1,AMZN,0.013828409714570444,-8.876980670668999e-05,0.04816338570173473,168.6367980957031,165.26959838867188,0.028106320742719015,0.013648349636855217,0.0,0.0,0.0,0.0,0.0,0.0,0.0,0.0
2021-04-16,169.0,170.33999633789062,167.7794952392578,169.9720001220703,63720000,168.60049438476562,0,AMZN,0.006022342354579324,-0.0001647051642922337,0.03660743325015425,168.90919799804686,166.46179809570313,-0.01472043542800594,0.012857347487672838,0.0,0.0,0.0,0.0,0.0,0.0,0.0,0.0
2021-04-19,169.51649475097656,171.79649353027344,168.00799560546875,168.60049438476562,54508000,166.7344970703125,0,AMZN,-0.00806900981526193,0.011704173775684668,0.022037996711911978,168.83539733886718,167.18819732666014,-0.1445699937225361,0.013779139004527053,0.0,0.0,0.0,0.0,0.0,0.0,0.0,0.0
2021-04-20,168.67999267578125,169.14950561523438,165.8000030517578,166.7344970703125,52460000,168.1009979248047,1,AMZN,-0.011067567276491497,-0.013139639625807886,-0.011123323250399886,168.1822967529297,167.74254760742187,-0.03757246642694645,0.011751702176488294,0.0,0.0,0.0,0.0,0.0,0.0,0.0,0.0
2021-04-21,165.8000030517578,168.14300537109375,165.1905059814453,168.1009979248047,44224000,165.45199584960938,0,AMZN,0.008195669633476843,-0.011007708304437869,-0.005139979509797388,168.47249755859374,168.15569763183595,-0.1569958063286313,0.01227889992583498,0.0,0.0,0.0,0.0,0.0,0.0,0.0,0.0
2021-04-22,168.58399963378906,168.64349365234375,165.07249450683594,165.45199584960938,51612000,167.04400634765625,1,AMZN,-0.015758395892332966,-0.018674313777342855,-0.026752965590533084,167.7719970703125,168.20439758300782,0.1670586107091172,0.013026757584611132,0.0,0.0,0.0,0.0,0.0,0.0,0.0,0.0
2021-04-23,165.9550018310547,168.75,165.4250030517578,167.04400634765625,63856000,170.4499969482422,1,AMZN,0.00962218974677076,0.0018563001825184777,0.0023643112247373477,167.1863983154297,168.04779815673828,0.23723165155390213,0.011705248500876803,0.0,0.0,0.0,0.0,0.0,0.0,0.0,0.0
2021-04-26,167.39999389648438,171.42250061035156,166.5469970703125,170.4499969482422,97614000,170.8715057373047,1,AMZN,0.020389780364207244,0.013973736339675247,0.008851487662972168,167.556298828125,168.1958480834961,0.5286582310197945,0.01313548234948441,0.0,0.0,0.0,0.0,0.0,0.0,0.0,0.0
2021-04-27,172.17349243164062,173.0,169.90049743652344,170.8715057373047,76542000,172.9250030517578,1,AMZN,0.0024729175512423485,0.032755784297830326,0.005292081134471438,168.38370056152343,168.28299865722656,-0.21587067428852413,0.012992043408561431,0.0,0.0,0.0,0.0,0.0,0.0,0.0,0.0
2021-04-28,171.74000549316406,174.49400329589844,171.25,172.9250030517578,92638000,173.5655059814453,1,AMZN,0.012017786731569835,0.03520627188419967,0.025649442386112886,169.34850158691407,168.9104995727539,0.21028977554806505,0.012917904615288479,0.0,0.0,0.0,0.0,0.0,0.0,0.0,0.0
2021-04-29,175.2550048828125,175.72250366210938,171.75,173.5655059814453,153648000,173.37100219726562,0,AMZN,0.0037039347600635875,0.018278140739123483,0.04096937964944436,170.97120361328126,169.37160034179686,0.6585850299013365,0.011195966951157281,0.0,0.0,0.0,0.0,0.0,0.0,0.0,0.0
2021-04-30,176.25599670410156,177.6999969482422,173.125,173.37100219726562,140186000,169.32449340820312,0,AMZN,-0.001120636171800582,0.01462793020507247,0.031350225980325996,172.23660278320312,169.7115005493164,-0.0876158492137874,0.011416156360602189,0.0,0.0,0.0,0.0,0.0,0.0,0.0,0.0
2021-05-03,174.2364959716797,174.33250427246094,168.63499450683594,169.32449340820312,117510000,165.593505859375,0,AMZN,-0.023340170719312603,-0.020821220644865468,0.02340556569721719,172.01150207519532,169.78390045166014,-0.16175652347595337,0.013772308268725207,0.0,0.0,0.0,0.0,0.0,0.0,0.0,0.0
2021-05-04,167.8094940185547,168.3990020751953,163.60650634765625,165.593505859375,108788000,163.52699279785156,0,AMZN,-0.022034541333801894,-0.045930786056778694,-0.008683343509269248,170.95590209960938,169.6698013305664,-0.07422347034294952,0.01634321878906689,0.0,0.0,0.0,0.0,0.0,0.0,0.0,0.0
2021-05-05,166.9429931640625,167.73500061035156,163.21800231933594,163.52699279785156,74226000,165.31849670410156,1,AMZN,-0.012479432999494278,-0.05678002246427183,-0.04061604150390696,169.07630004882813,169.2124008178711,-0.31770048167077247,0.01362573558302667,0.0,0.0,0.0,0.0,0.0,0.0,0.0,0.0
2021-05-06,163.5,165.72000122070312,162.36000061035156,165.31849670410156,88954000,164.58050537109375,0,AMZN,0.010955401769447537,-0.023658695936234153,-0.032498157075646295,167.42689819335936,169.1990509033203,0.1984210384501388,0.014812292177310702,0.0,0.0,0.0,0.0,0.0,0.0,0.0,0.0
2021-05-07,165.95449829101562,166.54449462890625,164.45350646972656,164.58050537109375,94206000,159.52450561523438,0,AMZN,-0.0044640578502762596,-0.0061173926056103944,-0.048255009590293274,165.668798828125,168.95270080566405,0.05904175191672101,0.012916555567187443,0.0,0.0,0.0,0.0,0.0,0.0,0.0,0.0
2021-05-10,164.11599731445312,164.14999389648438,159.5,159.52450561523438,116772000,161.19549560546875,1,AMZN,-0.03072052637375966,-0.02447600309977549,-0.08089741269046835,163.70880126953125,167.8601516723633,0.2395388828737024,0.014617286469505907,0.0,0.0,0.0,0.0,0.0,0.0,0.0,0.0
2021-05-11,156.81399536132812,161.89999389648438,156.36849975585938,161.19549560546875,92396000,157.5970001220703,0,AMZN,0.010474816917876772,-0.024939744679704168,-0.0702280452756644,162.82919921875,166.89255065917968,-0.2087486726269996,0.016567549469654462,0.0,0.0,0.0,0.0,0.0,0.0,0.0,0.0
2021-05-12,159.25,160.39700317382812,156.65499877929688,157.5970001220703,98728000,158.07350158691406,1,AMZN,-0.022323796765424953,-0.0424321533906894,-0.06926046580786438,161.64320068359376,165.35975036621093,0.06853110524265116,0.016437444601987688,0.0,0.0,0.0,0.0,0.0,0.0,0.0,0.0
2021-05-13,159.27349853515625,160.19200134277344,156.64999389648438,158.07350158691406,67018000,161.14500427246094,1,AMZN,0.0030235440044839024,-0.009095806457598887,-0.04541243470530221,160.19420166015624,163.8105499267578,-0.3211854792966534,0.016126883902457187,0.0,0.0,0.0,0.0,0.0,0.0,0.0,0.0
2021-05-14,159.2779998779297,161.4429931640625,159.14999389648438,161.14500427246094,66500000,163.51950073242188,1,AMZN,0.019430851184491837,-0.0003132304213474546,-0.014566332350617994,159.5071014404297,162.58795013427735,-0.0077292667641528645,0.0184930508508779,0.0,0.0,0.0,0.0,0.0,0.0,0.0,0.0
2021-05-17,162.29649353027344,164.6374969482422,161.72950744628906,163.51950073242188,74478000,161.61399841308594,0,AMZN,0.0147351540352203,0.03758003392046905,-0.010882000547704274,160.30610046386718,162.00745086669923,0.11996992481203006,0.01898127712102249,0.0,0.0,0.0,0.0,0.0,0.0,0.0,0.0
2021-05-18,164.62899780273438,165.60000610351562,161.51849365234375,161.61399841308594,56568000,161.58999633789062,0,AMZN,-0.011653058569779051,0.022397788311314004,-0.01802465578361767,160.38980102539062,161.6095001220703,-0.24047369693063725,0.01936490182181993,0.0,0.0,0.0,0.0,0.0,0.0,0.0,0.0
2021-05-19,159.75,161.7375030517578,159.1999969482422,161.58999633789062,53594000,162.38400268554688,1,AMZN,-0.000148514828115065,0.0027614387888643677,0.012947795792817685,161.1884002685547,161.41580047607422,-0.052573893367274804,0.014840977832378918,0.0,0.0,0.0,0.0,0.0,0.0,0.0,0.0
2021-05-20,162.22000122070312,162.98399353027344,161.8090057373047,162.38400268554688,52664000,160.1540069580078,0,AMZN,0.004913709794237331,-0.006944113954537423,0.007373078730357641,162.05050048828124,161.12235107421876,-0.01735268873381346,0.014451323180289789,0.0,0.0,0.0,0.0,0.0,0.0,0.0,0.0
2021-05-21,162.5,162.83450317382812,159.85049438476562,160.1540069580078,82098000,162.24949645996094,1,AMZN,-0.013732853548741542,-0.009033818044315578,0.01622497150299118,161.85230102539063,160.67970123291016,0.5589017165426098,0.012336653879994618,0.0,0.0,0.0,0.0,0.0,0.0,0.0,0.0
2021-05-24,160.77499389648438,162.8975067138672,160.52499389648438,162.24949645996094,48456000,162.95249938964844,1,AMZN,0.013084215261017773,0.004081317761102543,0.02641805761954852,161.59830017089843,160.95220031738282,-0.409778557333918,0.012994400863227163,0.0,0.0,0.0,0.0,0.0,0.0,0.0,0.0
2021-05-25,163.33349609375,163.99099731445312,160.68800354003906,162.95249938964844,65222000,163.25799560546875,1,AMZN,0.004332851226203749,0.0035009403309416154,0.011216575564026998,161.86600036621093,161.12790069580078,0.3460046227505367,0.011080389466745551,0.0,0.0,0.0,0.0,0.0,0.0,0.0,0.0
2021-05-26,163.72950744628906,164.7864990234375,162.92550659179688,163.25799560546875,47680000,161.5054931640625,0,AMZN,0.0018747562447005706,0.019381273727823833,-0.001599228995818991,162.19960021972656,161.69400024414062,-0.26895832694489585,0.009502494066347025,0.0,0.0,0.0,0.0,0.0,0.0,0.0,0.0
2021-05-27,162.8000030517578,163.01800537109375,161.5019989013672,161.5054931640625,51224000,161.15350341796875,0,AMZN,-0.010734558114025683,-0.004585550723616771,-0.0006713852147021138,162.02389831542968,162.03719940185547,0.07432885906040276,0.009322459835926819,0.0,0.0,0.0,0.0,0.0,0.0,0.0,0.0
2021-05-28,162.10000610351562,162.39950561523438,160.98500061035156,161.15350341796875,46596000,160.9324951171875,0,AMZN,-0.0021794289420000723,-0.011040002322259324,-0.0027012372660072392,162.2237976074219,162.03804931640624,-0.09034827424644698,0.009357261282235123,0.0,0.0,0.0,0.0,0.0,0.0,0.0,0.0
2021-06-01,162.1750030517578,162.5489959716797,160.4530029296875,160.9324951171875,48600000,161.69949340820312,1,AMZN,-0.0013714148069622345,-0.014244328307821963,-0.00893873500070197,161.96039733886718,161.77934875488282,0.043007983517898474,0.009065125778293163,0.0,0.0,0.0,0.0,0.0,0.0,0.0,0.0
2021-06-02,161.15499877929688,161.75,160.39999389648438,161.69949340820312,40290000,159.35049438476562,0,AMZN,0.004765962837133042,0.0012011990449363186,0.009650001767364635,161.7097961425781,161.78789825439452,-0.17098765432098761,0.0073532084283898244,0.0,0.0,0.0,0.0,0.0,0.0,0.0,0.0
2021-06-03,160.2115020751953,160.7220001220703,159.20150756835938,159.35049438476562,47966000,160.31100463867188,1,AMZN,-0.014526941142032901,-0.011188146673590027,-0.017867556685519315,160.9282958984375,161.56394805908204,0.1905187391412262,0.007443519549041493,0.0,0.0,0.0,0.0,0.0,0.0,0.0,0.0
2021-06-04,160.60000610351562,161.0500030517578,159.9405059814453,160.31100463867188,44994000,159.90049743652344,0,AMZN,0.006027657821926935,-0.003861808505877362,-0.01621021316561877,160.68939819335938,161.35664825439454,-0.061960555393403616,0.007726822301593934,0.0,0.0,0.0,0.0,0.0,0.0,0.0,0.0
2021-06-07,159.8665008544922,160.39999389648438,158.61000061035156,159.90049743652344,44316000,163.20550537109375,1,AMZN,-0.0025606925929613222,-0.011125551068599804,-0.02056559714881645,160.4387969970703,161.3312973022461,-0.015068675823443178,0.0075055079017848835,0.0,0.0,0.0,0.0,0.0,0.0,0.0,0.0
2021-06-08,161.1304931640625,163.97650146484375,160.90049743652344,163.20550537109375,68334000,164.0574951171875,1,AMZN,0.020669153552085318,0.02419202401104492,0.01052603334862634,160.89339904785157,161.42689819335936,0.54197129704847,0.010752851633361787,0.0,0.0,0.0,0.0,0.0,0.0,0.0,0.0
2021-06-09,163.64349365234375,164.87899780273438,163.53500366210938,164.0574951171875,49110000,167.4824981689453,1,AMZN,0.005220349302289318,0.023370139105296728,0.01802003454859391,161.36499938964843,161.5373977661133,-0.2813240846430767,0.01068907298288749,0.0,0.0,0.0,0.0,0.0,0.0,0.0,0.0
2021-06-10,164.10049438476562,167.5500030517578,164.0574951171875,167.4824981689453,69530000,167.3415069580078,0,AMZN,0.02087684594544914,0.04741699277972389,0.04070031379920036,162.99140014648438,161.95984802246093,0.41580126247200155,0.012469586035656113,0.0,0.0,0.0,0.0,0.0,0.0,0.0,0.0
2021-06-11,167.4824981689453,168.32899475097656,166.67250061035156,167.3415069580078,56348000,169.19349670410156,1,AMZN,-0.0008418265339896758,0.025342292084508333,0.03489196800117167,164.39750061035156,162.54344940185547,-0.18958722853444554,0.012723279606248042,0.0,0.0,0.0,0.0,0.0,0.0,0.0,0.0
2021-06-14,167.3415069580078,169.25,166.77499389648438,169.19349670410156,51394000,169.156494140625,0,AMZN,0.011067127216432215,0.03130610755238816,0.061769512277565664,166.2561004638672,163.34744873046876,-0.08791793852488106,0.009435842186370197,0.0,0.0,0.0,0.0,0.0,0.0,0.0,0.0
2021-06-15,169.1999969482422,169.84950256347656,168.15550231933594,169.156494140625,48524000,170.7624969482422,1,AMZN,-0.0002186996793457352,0.00999505016930824,0.055177057382243655,167.44629821777343,164.1698486328125,-0.05584309452465264,0.010002090736558271,0.0,0.0,0.0,0.0,0.0,0.0,0.0,0.0
2021-06-16,169.60000610351562,171.3175048828125,168.02650451660156,170.7624969482422,84056000,174.46200561523438,1,AMZN,0.0094941835711142,0.02044316471401708,0.06792974184480371,168.78729858398438,165.0761489868164,0.7322562031159838,0.008910225391796348,0.0,0.0,0.0,0.0,0.0,0.0,0.0,0.0
2021-06-17,170.15899658203125,174.86000061035156,170.0500030517578,174.46200561523438,102730000,174.34500122070312,0,AMZN,0.02166464377780497,0.031138956365130088,0.06897132678548923,170.18320007324218,166.5873001098633,0.22216141619872465,0.00912419793823533,0.0,0.0,0.0,0.0,0.0,0.0,0.0,0.0
2021-06-18,173.99949645996094,175.35000610351562,173.6855010986328,174.34500122070312,104954000,172.697998046875,0,AMZN,-0.0006706583139327593,0.030672822266963884,0.06270671203511413,171.58389892578126,167.9906997680664,0.021648982770368974,0.009840043229581204,0.0,0.0,0.0,0.0,0.0,0.0,0.0,0.0
2021-06-21,173.8209991455078,174.10000610351562,171.6999969482422,172.697998046875,65542000,175.27200317382812,1,AMZN,-0.009446804682075038,0.011334462386196398,0.031140566536502323,172.28479919433593,169.27044982910155,-0.37551689311507896,0.010285225166068054,0.0,0.0,0.0,0.0,0.0,0.0,0.0,0.0
2021-06-22,172.9029998779297,176.18899536132812,172.80450439453125,175.27200317382812,66902000,175.1909942626953,0,AMZN,0.01490466106187549,0.0046428307168504546,0.04739108879789389,173.50790100097657,170.477099609375,0.02075005340087266,0.010654021210408936,0.0,0.0,0.0,0.0,0.0,0.0,0.0,0.0
2021-06-23,175.25,176.0500030517578,174.16000366210938,175.1909942626953,56266000,172.45399475097656,0,AMZN,-0.0004621896804161141,0.00485240778954843,0.03544756551182715,174.3936004638672,171.59044952392577,-0.15897880481898896,0.010754357103048102,0.0,0.0,0.0,0.0,0.0,0.0,0.0,0.0
2021-06-24,175.3820037841797,176.2429962158203,171.54249572753906,172.45399475097656,76640000,170.072998046875,0,AMZN,-0.015622946391951387,-0.0014128901241357017,0.019493786668398627,173.99199829101562,172.0875991821289,0.36210144669960553,0.013287064536442681,0.0,0.0,0.0,0.0,0.0,0.0,0.0,0.0
2021-06-25,173.1999969482422,173.24099731445312,169.70899963378906,170.072998046875,78820000,172.1945037841797,1,AMZN,-0.013806561613952328,-0.029662496193399224,-0.0040377653974934535,173.13759765625,172.36074829101562,0.02844467640918591,0.01422684350636522,0.0,0.0,0.0,0.0,0.0,0.0,0.0,0.0
2021-06-28,170.8000030517578,172.39999389648438,170.67550659179688,172.1945037841797,44856000,172.40699768066406,1,AMZN,0.012474089136242261,-0.01710413535311328,-0.012997109732049816,173.03689880371093,172.66084899902344,-0.43090586145648313,0.012107610068553846,0.0,0.0,0.0,0.0,0.0,0.0,0.0,0.0
2021-06-29,171.9409942626953,172.80149841308594,171.15150451660156,172.40699768066406,41968000,172.00799560546875,0,AMZN,0.0012340341405479016,-0.0002725194645700757,-0.011115911132925094,172.46389770507812,172.98589935302735,-0.06438380595683968,0.012158629065477253,0.0,0.0,0.0,0.0,0.0,0.0,0.0,0.0
2021-06-30,172.05299377441406,173.5800018310547,171.75,172.00799560546875,48080000,171.64849853515625,0,AMZN,-0.0023143032508132766,0.011377453098465606,-0.0039954281416682,171.82729797363282,173.11044921875,0.14563476934807462,0.011674026867934088,0.0,0.0,0.0,0.0,0.0,0.0,0.0,0.0
2021-07-01,171.73049926757812,172.85000610351562,170.4709930419922,171.64849853515625,40742000,175.5489959716797,1,AMZN,-0.0020900020900020966,-0.003170863395894341,-0.02067360772432214,171.66619873046875,172.8290985107422,-0.15262063227953415,0.009497451617637064,0.0,0.0,0.0,0.0,0.0,0.0,0.0,0.0
2021-07-02,172.58200073242188,175.58599853515625,171.8459930419922,175.5489959716797,63388000,183.78700256347656,1,AMZN,0.022723749230608936,0.01822430837079647,0.002043493790825579,172.7613983154297,172.94949798583986,0.5558391831525207,0.013643997165516102,0.0,0.0,0.0,0.0,0.0,0.0,0.0,0.0
2021-07-06,176.5054931640625,184.2740020751953,176.4499969482422,183.78700256347656,134896000,184.82899475097656,1,AMZN,0.04692710742205475,0.06847941525360879,0.06571612231346013,175.07989807128905,174.0583984375,1.1280999558276013,0.020288206549558218,0.0,0.0,0.0,0.0,0.0,0.0,0.0,0.0
2021-07-07,185.86900329589844,186.7100067138672,183.94549560546875,184.82899475097656,106562000,186.57049560546875,1,AMZN,0.005669564076709488,0.07678771634067472,0.08676272467446333,177.56429748535157,175.01409759521485,-0.21004329261060373,0.017769255281517925,0.0,0.0,0.0,0.0,0.0,0.0,0.0,0.0
2021-07-08,182.1779937744141,187.9994964599609,181.05599975585935,186.57049560546875,103612000,185.9669952392578,0,AMZN,0.009422227593882448,0.06278303998712187,0.08348693776723115,180.47679748535157,176.15204772949218,-0.02768341435033128,0.01779565728757628,0.0,0.0,0.0,0.0,0.0,0.0,0.0,0.0
2021-07-09,186.12600708007807,187.3999938964844,184.6699981689453,185.9669952392578,74964000,185.9275054931641,0,AMZN,-0.003234704202571881,0.011861517111517728,0.07865108575064839,183.3404968261719,177.50334777832032,-0.27649307030073733,0.018304600294795578,0.0,0.0,0.0,0.0,0.0,0.0,0.0,0.0
2021-07-12,187.1999969482422,187.864501953125,184.8394927978516,185.9275054931641,51432000,183.8679962158203,0,AMZN,-0.00021234814297510507,0.005943389692010026,0.08092362124620212,185.41619873046875,179.08879852294922,-0.31391067712501997,0.01806517375489139,0.0,0.0,0.0,0.0,0.0,0.0,0.0,0.0
2021-07-13,185.10499572753903,188.6540069580078,183.5659942626953,183.8679962158203,76918000,184.08399963378903,1,AMZN,-0.011076947823728478,-0.014485138075439719,0.07118907409587005,185.4323974609375,180.2561477661133,0.49552807590605075,0.019443387492906455,0.0,0.0,0.0,0.0,0.0,0.0,0.0,0.0
2021-07-14,185.4425048828125,185.88299560546875,183.04150390625,184.08399963378903,65932000,181.55999755859372,0,AMZN,0.0011747744165069296,-0.010125428993710384,0.048618926100188364,185.2833984375,181.4238479614258,-0.14282742661015624,0.018793935178524023,0.0,0.0,0.0,0.0,0.0,0.0,0.0,0.0
2021-07-15,184.7100067138672,184.7700042724609,181.04600524902344,181.55999755859372,63706000,178.68150329589844,0,AMZN,-0.013711143174944485,-0.023490380957813417,-0.012117315010421792,184.281298828125,182.3790481567383,-0.0337620578778135,0.008396836838331753,0.0,0.0,0.0,0.0,0.0,0.0,0.0,0.0
2021-07-16,181.66549682617188,182.3029937744141,178.5229949951172,178.68150329589844,80874000,177.47950744628906,0,AMZN,-0.01585423166667721,-0.02820769805874257,-0.033260427907216394,182.82420043945314,183.0823486328125,0.2694879603177094,0.009151223207545694,0.0,0.0,0.0,0.0,0.0,0.0,0.0,0.0
2021-07-19,176.62899780273438,177.510498046875,174.95799255371094,177.47950744628906,75692000,178.6595001220703,1,AMZN,-0.006727030092302577,-0.035877600446745705,-0.04872682644529147,181.1346008300781,183.27539978027343,-0.06407498083438434,0.006672713982287577,0.0,0.0,0.0,0.0,0.0,0.0,0.0,0.0
2021-07-20,178.36599731445312,179.60000610351562,175.89999389648438,178.6595001220703,65114000,179.25999450683594,1,AMZN,0.0066486136498793424,-0.015975421213515695,-0.039294580781853106,180.09290161132813,182.7626495361328,-0.13975056809174025,0.008437174011303502,0.0,0.0,0.0,0.0,0.0,0.0,0.0,0.0
2021-07-21,178.81900024414062,179.32249450683594,177.1820068359375,179.25999450683594,46380000,181.9015045166016,1,AMZN,0.003361110852517335,0.003237555092535205,-0.03586081020472409,179.1281005859375,182.20574951171875,-0.28771078416316,0.008917547756519716,0.0,0.0,0.0,0.0,0.0,0.0,0.0,0.0
2021-07-22,179.3614959716797,182.00100708007807,179.11349487304688,181.9015045166016,65308000,182.83200073242188,1,AMZN,0.01473563589596627,0.02491553607478192,-0.010695127698626239,179.19640197753907,181.73885040283204,0.40810694264769287,0.01112996025392213,0.0,0.0,0.0,0.0,0.0,0.0,0.0,0.0
2021-07-23,182.0,183.3054962158203,181.1020050048828,182.83200073242188,48726000,184.99099731445312,1,AMZN,0.005115384934792244,0.023354484970016465,-0.006801236956269108,180.02650146484376,181.42535095214845,-0.25390457524346177,0.011383488313358616,0.0,0.0,0.0,0.0,0.0,0.0,0.0,0.0
2021-07-26,183.6584930419922,185.60400390625,182.3625030517578,184.99099731445312,58002000,181.3195037841797,0,AMZN,0.01180863619816197,0.03197033907863167,0.018897333124011206,181.52879943847657,181.33170013427736,0.19037064400935844,0.01066778514994884,0.0,0.0,0.0,0.0,0.0,0.0,0.0,0.0
2021-07-27,184.9250030517578,184.9250030517578,179.3074951171875,181.3195037841797,82638000,181.51600646972656,1,AMZN,-0.019846876786293155,-0.003199537760660953,0.014763702115896615,182.06080017089843,181.07685089111328,0.4247439743457122,0.011866263539858006,0.0,0.0,0.0,0.0,0.0,0.0,0.0,0.0
2021-07-28,181.68899536132807,182.92100524902344,180.0500030517578,181.51600646972656,59988000,179.99600219726562,0,AMZN,0.0010837371680696428,-0.007197833297362899,0.02274346532463234,182.51200256347656,180.82005157470704,-0.2740869817759384,0.011242535237516945,0.0,0.0,0.0,0.0,0.0,0.0,0.0,0.0
2021-07-29,181.3874969482422,181.8975067138672,179.00050354003906,179.99600219726562,110400000,166.37950134277344,0,AMZN,-0.008373940689987869,-0.02700128757453457,0.007480722123828443,182.1309020996094,180.6636520385742,0.840368073614723,0.011904929214338729,0.0,0.0,0.0,0.0,0.0,0.0,0.0,0.0
2021-07-30,167.3975067138672,168.40699768066406,165.3489990234375,166.37950134277344,199312000,166.57400512695312,1,AMZN,-0.07564890713277761,-0.08239600335101838,-0.07185369607702019,178.84040222167968,179.4334518432617,0.8053623188405796,0.031219639158001276,0.0,0.0,0.0,0.0,0.0,0.0,0.0,0.0
2021-08-02,167.65499877929688,167.9459991455078,165.85000610351562,166.57400512695312,67078000,168.31199645996094,1,AMZN,0.0011690369463182027,-0.08231781666739946,-0.08426263119912547,175.1570037841797,178.34290161132813,-0.6634522758288512,0.029805569499286488,0.0,0.0,0.0,0.0,0.0,0.0,0.0,0.0
2021-08-03,167.03599548339844,169.5500030517578,164.98849487304688,168.31199645996094,83146000,167.73599243164062,0,AMZN,0.01043374884144277,-0.06491258469451822,-0.07941719291094584,172.55550231933594,177.3081512451172,0.23954202570142225,0.03037976503055787,0.0,0.0,0.0,0.0,0.0,0.0,0.0,0.0
2021-08-04,168.96749877929688,169.44400024414062,167.2779998779297,167.73599243164062,43678000,168.79949951171875,1,AMZN,-0.0034222398904129037,0.00815299407631076,-0.09327483571258299,169.79949951171875,176.15575103759767,-0.47468308758088185,0.028957716345463798,0.0,0.0,0.0,0.0,0.0,0.0,0.0,0.0
2021-08-05,167.81100463867188,169.4499969482422,167.04600524902344,168.79949951171875,48670000,167.2469940185547,0,AMZN,0.006340362999381677,0.013360394276823007,-0.06904940732334675,167.56019897460936,174.84555053710938,0.11429094738770096,0.02968578429271493,0.0,0.0,0.0,0.0,0.0,0.0,0.0,0.0
2021-08-06,168.75,168.75,166.45199584960938,167.2469940185547,52752000,167.093505859375,0,AMZN,-0.009197334693852421,-0.006327549216966211,-0.07861021586298333,167.73369750976562,173.28704986572265,0.08387096774193559,0.02931102228852612,0.0,0.0,0.0,0.0,0.0,0.0,0.0,0.0
2021-08-09,167.1804962158203,167.74400329589844,166.42599487304688,167.093505859375,42964000,166.03399658203125,0,AMZN,-0.0009177334401756498,-0.0038303441196585464,-0.07168212727163914,167.83759765625,171.49730072021484,-0.18554746739460115,0.029567014191951832,0.0,0.0,0.0,0.0,0.0,0.0,0.0,0.0
2021-08-10,167.25050354003906,167.89999389648438,165.75,166.03399658203125,48252000,164.60549926757812,0,AMZN,-0.006340816609805455,-0.016383359771131922,-0.0020766065407924472,167.38199768066406,169.96875,0.12307978772926176,0.006919127721807171,0.0,0.0,0.0,0.0,0.0,0.0,0.0,0.0
2021-08-11,166.57249450683594,166.88499450683594,163.88949584960938,164.60549926757812,58944000,165.1750030517578,1,AMZN,-0.008603643493863333,-0.015793974453636617,-0.011817605381312157,166.75589904785156,168.27769927978517,0.22158666998259147,0.007537191828636186,0.0,0.0,0.0,0.0,0.0,0.0,0.0,0.0
2021-08-12,164.5,165.72549438476562,163.48350524902344,165.1750030517578,46282000,164.69850158691406,0,AMZN,0.003459810192938395,-0.011481612033634514,-0.018637966836483777,166.03099975585937,166.79559936523438,-0.21481406080347454,0.0059677833006345675,0.0,0.0,0.0,0.0,0.0,0.0,0.0,0.0
2021-08-13,165.2834930419922,165.30349731445312,164.14999389648438,164.69850158691406,41134000,164.94949340820312,1,AMZN,-0.0028848279463596915,-0.008043503274086206,-0.0181087600859694,165.52130126953125,166.62749938964845,-0.1112311481785575,0.00595992676084601,0.0,0.0,0.0,0.0,0.0,0.0,0.0,0.0
2021-08-16,164.14999389648438,165.0,160.55650329589844,164.94949340820312,66394000,162.09800720214844,0,AMZN,0.0015239472057770875,0.0020898095273584882,-0.022808160655999665,165.09249877929688,166.46504821777344,0.6140905333787134,0.004949142057650764,0.0,0.0,0.0,0.0,0.0,0.0,0.0,0.0
2021-08-17,163.875,164.02450561523438,161.28399658203125,162.09800720214844,67758000,160.06100463867188,0,AMZN,-0.01728702615047184,-0.018628701636198564,-0.030786722635116615,164.3053009033203,165.8436492919922,0.020544025062505744,0.007056859251064125,0.0,0.0,0.0,0.0,0.0,0.0,0.0,0.0
2021-08-18,162.09950256347656,162.7050018310547,160.0,160.06100463867188,56086000,159.3874969482422,0,AMZN,-0.012566487390164305,-0.028157493259250432,-0.04208722047295865,163.39640197753906,165.0761505126953,-0.172260102128162,0.007451432857376183,0.0,0.0,0.0,0.0,0.0,0.0,0.0,0.0
2021-08-19,159.7010040283203,161.64999389648438,159.1230010986328,159.3874969482422,75658000,159.99749755859375,1,AMZN,-0.0042078187123096855,-0.033719390978646846,-0.04003095613316321,162.23890075683593,164.13495025634765,0.3489640908604643,0.007483481034558445,0.0,0.0,0.0,0.0,0.0,0.0,0.0,0.0
2021-08-20,160.19349670410156,160.3905029296875,158.78799438476562,159.99749755859375,67168000,163.2935028076172,1,AMZN,0.003827154714335368,-0.012958269381653786,-0.027994214831752018,161.29869995117187,163.41000061035157,-0.11221549604800551,0.008151084448048853,0.0,0.0,0.0,0.0,0.0,0.0,0.0,0.0
2021-08-23,160.59500122070312,164.0449981689453,160.50050354003906,163.2935028076172,65362000,165.28900146484375,1,AMZN,0.02060035500127988,0.02019541346902387,-0.011390950261106148,160.96750183105468,163.03000030517578,-0.02688780371605526,0.012294042812608296,0.0,0.0,0.0,0.0,0.0,0.0,0.0,0.0
2021-08-24,164.0,165.77450561523438,163.72900390625,165.28900146484375,51036000,164.95899963378906,0,AMZN,0.012220318769066596,0.03702614464494647,0.003585338495736501,161.60570068359374,162.95550079345702,-0.21917933967748848,0.013308708202817543,0.0,0.0,0.0,0.0,0.0,0.0,0.0,0.0
2021-08-25,165.49349975585938,166.0500030517578,164.3074951171875,164.95899963378906,33606000,165.8000030517578,1,AMZN,-0.0019965141547840792,0.03100987297240909,5.763112932033465e-05,162.58529968261718,162.99085083007813,-0.34152363037855626,0.013333903468188649,0.0,0.0,0.0,0.0,0.0,0.0,0.0,0.0
2021-08-26,164.9499969482422,166.60000610351562,164.8000030517578,165.8000030517578,41976000,167.48150634765625,1,AMZN,0.005098257262930783,0.015349663036462902,0.022838009630758105,163.8678009033203,163.05335083007813,0.24906266738082494,0.010943411981861212,0.0,0.0,0.0,0.0,0.0,0.0,0.0,0.0
2021-08-27,166.6614990234375,167.61599731445312,165.6875,167.48150634765625,48048000,171.07850646972656,1,AMZN,0.01014175672465778,0.013264674983706204,0.04636045941193312,165.3646026611328,163.33165130615234,0.14465408805031443,0.008570849415106496,0.0,0.0,0.0,0.0,0.0,0.0,0.0,0.0
2021-08-30,167.8715057373047,172.25,167.76100158691406,171.07850646972656,63844000,173.5395050048828,1,AMZN,0.021476998866989616,0.03709713837694739,0.07334960235482457,166.92160339355468,163.94455261230468,0.3287545787545787,0.008706500617498456,0.0,0.0,0.0,0.0,0.0,0.0,0.0,0.0
2021-08-31,171.24000549316406,173.62899780273438,169.7794952392578,173.5395050048828,87128000,173.9499969482422,1,AMZN,0.01438520002272603,0.04667974554083054,0.08463887031314199,168.5717041015625,165.0887023925781,0.3647014598082827,0.008325588934953092,0.0,0.0,0.0,0.0,0.0,0.0,0.0,0.0
2021-09-01,174.82000732421875,176.35000610351562,173.76199340820312,173.9499969482422,72598000,173.156005859375,0,AMZN,0.0023654092095504176,0.0386221185947464,0.06525975594497391,170.36990356445312,166.47760162353515,-0.166766137177486,0.007920925455854936,0.0,0.0,0.0,0.0,0.0,0.0,0.0,0.0
2021-09-02,174.73800659179688,175.59800720214844,172.75,173.156005859375,58474000,173.90249633789062,1,AMZN,-0.004564478889317991,0.01214354411035301,0.04759544993805598,171.84110412597656,167.85445251464844,-0.19455081407201302,0.009247880641773808,0.0,0.0,0.0,0.0,0.0,0.0,0.0,0.0
2021-09-03,172.60000610351562,174.1334991455078,171.82200622558594,173.90249633789062,51514000,175.46449279785156,1,AMZN,0.004311086264728647,0.0020916927992713497,0.054216482422639656,173.12530212402345,169.2449523925781,-0.11902725997879404,0.008539337336677753,0.0,0.0,0.0,0.0,0.0,0.0,0.0,0.0
2021-09-07,173.89999389648438,176.4044952392578,173.8470001220703,175.46449279785156,54758000,176.27499389648438,1,AMZN,0.008982024369138308,0.008706501156536373,0.05829004564660223,174.00249938964845,170.46205139160156,0.06297317234149946,0.008475478070450643,0.0,0.0,0.0,0.0,0.0,0.0,0.0,0.0
2021-09-08,175.58250427246094,177.281494140625,174.7834930419922,176.27499389648438,61068000,174.20799255371094,0,AMZN,0.004619174430729789,0.018012589408203272,0.052504230112276895,174.54959716796876,171.56065063476564,0.1152343036633916,0.00851685339448307,0.0,0.0,0.0,0.0,0.0,0.0,0.0,0.0
2021-09-09,176.30099487304688,177.49949645996094,174.01849365234375,174.20799255371094,54384000,173.45750427246094,0,AMZN,-0.011726004336084506,0.0017567097784882968,0.01829268999690603,174.6011962890625,172.4855499267578,-0.10945175869522494,0.008594969464090427,0.0,0.0,0.0,0.0,0.0,0.0,0.0,0.0
2021-09-10,175.0915069580078,175.42250061035156,173.14549255371094,173.45750427246094,47946000,172.85850524902344,0,AMZN,-0.004308001431212238,-0.011438146221998458,-0.00047251910981060963,174.6614959716797,173.2513000488281,-0.11838040600176525,0.007107179238018034,0.0,0.0,0.0,0.0,0.0,0.0,0.0,0.0
2021-09-13,174.13999938964844,174.8979949951172,171.89999389648438,172.85850524902344,51380000,172.5,0,AMZN,-0.0034532897607970625,-0.01938158426184511,-0.006274743997515042,174.45269775390625,173.78899993896485,0.07162224168856635,0.007118426433518067,0.0,0.0,0.0,0.0,0.0,0.0,0.0,0.0
2021-09-14,173.77749633789062,174.3404998779297,171.885498046875,172.5,38738000,173.7895050048828,1,AMZN,-0.002073980962099431,-0.009804329460856076,-0.0037885250131477477,173.85979919433595,173.9311492919922,-0.2460490463215259,0.006963972735486666,0.0,0.0,0.0,0.0,0.0,0.0,0.0,0.0
2021-09-15,172.12600708007812,174.27099609375,170.10049438476562,173.7895050048828,59150000,174.41200256347656,1,AMZN,0.007475391332653958,0.0019140176945033893,-0.0006497395689379903,173.36270141601562,173.95614929199218,0.526924466931695,0.007417840104172177,0.0,0.0,0.0,0.0,0.0,0.0,0.0,0.0
2021-09-16,172.9980010986328,174.62750244140625,172.3070068359375,174.41200256347656,51672000,173.12600708007812,0,AMZN,0.0035819053548502566,0.00898710371361311,-0.005998308931867813,173.40350341796875,174.00234985351562,-0.1264243448858834,0.006549626947005274,0.0,0.0,0.0,0.0,0.0,0.0,0.0,0.0
2021-09-17,174.42050170898438,174.87049865722656,172.60650634765625,173.12600708007812,92332000,167.7864990234375,0,AMZN,-0.007373319866162298,0.003629026551177583,-0.01786405857574702,173.3372039794922,173.99934997558594,0.7868865149403932,0.006451165189870668,0.0,0.0,0.0,0.0,0.0,0.0,0.0,0.0
2021-09-20,169.8000030517578,170.9499969482422,165.25050354003906,167.7864990234375,93382000,167.18150329589844,0,AMZN,-0.03084174438431353,-0.0345418210453885,-0.036861072997518174,172.322802734375,173.38775024414062,0.011372005371918625,0.012339490752860092,0.0,0.0,0.0,0.0,0.0,0.0,0.0,0.0
2021-09-21,168.75,168.98500061035156,166.6195068359375,167.18150329589844,55618000,169.00250244140625,1,AMZN,-0.0036057473697842513,-0.0414564316750311,-0.03618177837209269,171.25910339355468,172.5594512939453,-0.4044034182176437,0.012351603880839643,0.0,0.0,0.0,0.0,0.0,0.0,0.0,0.0
2021-09-22,167.5500030517578,169.4499969482422,167.05250549316406,169.00250244140625,48228000,170.8000030517578,1,AMZN,0.01089234819407503,-0.023817938784694404,-0.02230727844176461,170.30170288085938,171.8322021484375,-0.13287065338559456,0.013792740380862983,0.0,0.0,0.0,0.0,0.0,0.0,0.0,0.0
2021-09-23,169.00250244140625,171.447998046875,169.00250244140625,170.8000030517578,47588000,171.2760009765625,1,AMZN,0.01063594079605279,0.017960348692294792,-0.009855054772418437,169.5793029785156,171.49140319824218,-0.013270299411130448,0.014758467988535955,0.0,0.0,0.0,0.0,0.0,0.0,0.0,0.0
2021-09-24,170.10049438476562,171.46299743652344,169.6699981689453,171.2760009765625,42324000,170.2899932861328,0,AMZN,0.0027868730462519142,0.024491331875495348,-0.01446292184473219,169.2093017578125,171.27325286865235,-0.11061612171135582,0.014394720340769206,0.0,0.0,0.0,0.0,0.0,0.0,0.0,0.0
2021-09-27,168.5749969482422,170.77850341796875,166.98049926757812,170.2899932861328,72690000,165.79800415039062,0,AMZN,-0.005756835077931344,0.007618176217082606,-0.023633747774001734,169.71000061035156,171.0164016723633,0.7174652679330875,0.01422409096991229,0.0,0.0,0.0,0.0,0.0,0.0,0.0,0.0
2021-09-28,167.885498046875,168.45950317382812,164.5050048828125,165.79800415039062,88616000,165.05599975585938,0,AMZN,-0.0263784679831095,-0.029285707330177435,-0.04232756853392905,169.43330078125,170.34620208740233,0.21909478607786492,0.016720699025306807,0.0,0.0,0.0,0.0,0.0,0.0,0.0,0.0
2021-09-29,166.10549926757812,167.56500244140625,164.89349365234375,165.05599975585938,51246000,164.2519989013672,0,AMZN,-0.004475351789266391,-0.036315661185680526,-0.01627365302613959,168.6440002441406,169.4728515625,-0.4217071409226325,0.012684680456322142,0.0,0.0,0.0,0.0,0.0,0.0,0.0,0.0
2021-09-30,165.8000030517578,166.3925018310547,163.69949340820312,164.2519989013672,56848000,164.16299438476562,0,AMZN,-0.0048710792439015105,-0.0354571297364501,-0.017522897789393865,167.3343994140625,168.45685119628905,0.10931584904187641,0.01271583864547069,0.0,0.0,0.0,0.0,0.0,0.0,0.0,0.0
2021-10-01,164.45050048828125,165.45849609375,162.7969970703125,164.16299438476562,56712000,159.48899841308594,0,AMZN,-0.0005418778291703674,-0.009861456258194345,-0.028635718328008153,165.91179809570312,167.5605499267578,-0.0023923444976076125,0.01138014710902574,0.0,0.0,0.0,0.0,0.0,0.0,0.0,0.0
2021-10-04,163.96949768066406,163.99949645996094,158.8125,159.48899841308594,90462000,161.0500030517578,1,AMZN,-0.028471678341373097,-0.03372795506378323,-0.06622367937103768,163.75159912109376,166.73079986572264,0.5951121455776556,0.012493325771244927,0.0,0.0,0.0,0.0,0.0,0.0,0.0,0.0
2021-10-05,160.22500610351562,163.0364990234375,160.1230010986328,161.0500030517578,65384000,163.10049438476562,1,AMZN,0.00978753803838428,-0.01949441024174181,-0.05970479148566776,162.8019989013672,166.1176498413086,-0.27722137472087727,0.013862159170876196,0.0,0.0,0.0,0.0,0.0,0.0,0.0,0.0
2021-10-06,160.67649841308594,163.2169952392578,159.93099975585938,163.10049438476562,50660000,165.1215057373047,1,AMZN,0.012732016728672857,-0.006472225996985159,-0.042219150771160674,162.41089782714843,165.52744903564454,-0.22519270769607247,0.01609231886845012,0.0,0.0,0.0,0.0,0.0,0.0,0.0,0.0
2021-10-07,164.57699584960938,166.28750610351562,164.1529998779297,165.1215057373047,48182000,164.43099975585938,0,AMZN,0.012391203105561077,0.03531596147861071,-0.004080256674696137,162.58479919433594,164.95959930419923,-0.04891433083300434,0.014516822158340801,0.0,0.0,0.0,0.0,0.0,0.0,0.0,0.0
2021-10-08,165.85000610351562,166.07150268554688,164.41000366210938,164.43099975585938,39964000,162.31500244140625,0,AMZN,-0.004181805261295635,0.020993459422754546,-0.0037865936465469874,162.63840026855468,164.2750991821289,-0.1705616205221867,0.014503818195560066,0.0,0.0,0.0,0.0,0.0,0.0,0.0,0.0
2021-10-11,163.75,164.62950134277344,161.90499877929688,162.31500244140625,40684000,162.3665008544922,1,AMZN,-0.01286860335091844,-0.00481599976948166,-0.011792833407915482,163.20360107421874,163.47760009765625,0.01801621459313374,0.01520794768603382,0.0,0.0,0.0,0.0,0.0,0.0,0.0,0.0
2021-10-12,162.85000610351562,163.37649536132812,161.81399536132812,162.3665008544922,36392000,164.21400451660156,1,AMZN,0.0003172745113595443,-0.016684712693908588,-0.010943352592989397,163.46690063476564,163.13444976806642,-0.1054960180906499,0.01522130864166518,0.0,0.0,0.0,0.0,0.0,0.0,0.0,0.0
2021-10-13,163.48550415039062,164.41900634765625,163.05450439453125,164.21400451660156,48402000,164.9929962158203,1,AMZN,0.011378601203982708,-0.001319673538323074,0.029625906178666783,163.68960266113282,163.0502502441406,0.3300175862826995,0.009994231375768613,0.0,0.0,0.0,0.0,0.0,0.0,0.0,0.0
2021-10-14,165.12249755859375,165.6300048828125,164.53900146484375,164.9929962158203,42190000,170.4510040283203,1,AMZN,0.004743759227551214,0.01649874462701484,0.02448303687889597,163.66390075683594,163.12434997558594,-0.12834180405768358,0.00970372734768275,0.0,0.0,0.0,0.0,0.0,0.0,0.0,0.0
2021-10-15,165.5709991455078,170.52099609375,165.1999969482422,170.4510040283203,103598000,172.33700561523438,1,AMZN,0.03308023939004423,0.04979169429212016,0.04506736580585913,164.86790161132814,163.7531509399414,1.4555107845461008,0.01469417114167347,0.0,0.0,0.0,0.0,0.0,0.0,0.0,0.0
2021-10-18,169.41799926757812,172.45849609375,169.2550048828125,172.33700561523438,63482000,172.20750427246094,0,AMZN,0.011064772529006062,0.04946594611430721,0.04369812306223131,166.87230224609374,165.03795166015624,-0.3872275526554567,0.0146124902519648,0.0,0.0,0.0,0.0,0.0,0.0,0.0,0.0
2021-10-19,171.71449279785156,172.7344970703125,171.10000610351562,172.20750427246094,47722000,170.7530059814453,0,AMZN,-0.0007514424560826072,0.04372614730387481,0.04729342111978774,168.8405029296875,166.15370178222656,-0.24825934910683345,0.014258782538911231,0.0,0.0,0.0,0.0,0.0,0.0,0.0,0.0
2021-10-20,172.63299560546875,173.14300537109375,170.01849365234375,170.7530059814453,42796000,171.75050354003906,1,AMZN,-0.008446195751808605,0.0017717816028517408,0.05198535818083161,170.14830322265624,166.91895294189453,-0.10322283223670425,0.013313393655068862,0.0,0.0,0.0,0.0,0.0,0.0,0.0,0.0
2021-10-21,170.71249389648438,172.01400756835938,170.14999389648438,171.75050354003906,37628000,166.77749633789062,0,AMZN,0.005841756945129006,-0.003403227722923008,0.05779518950129092,171.4998046875,167.58185272216798,-0.12075894943452659,0.012987389482574854,0.0,0.0,0.0,0.0,0.0,0.0,0.0,0.0
2021-10-22,171.0500030517578,171.49200439453125,166.56500244140625,166.77749633789062,62782000,166.01849365234375,0,AMZN,-0.028954833317208384,-0.031531773005542996,0.01561067723081977,170.76510314941407,167.8165023803711,0.6684915488466037,0.018904956834132385,0.0,0.0,0.0,0.0,0.0,0.0,0.0,0.0
2021-10-25,166.75,167.38999938964844,164.88499450683594,166.01849365234375,44520000,168.80349731445312,1,AMZN,-0.004550989805058192,-0.0277272561141092,0.00621539980510466,169.50140075683595,168.18685150146484,-0.2908795514637954,0.019036264695178523,0.0,0.0,0.0,0.0,0.0,0.0,0.0,0.0
2021-10-26,167.47549438476562,170.80599975585938,167.19900512695312,168.80349731445312,53966000,169.62449645996094,1,AMZN,0.01677526160393561,-0.017158646786144205,-0.00966557353685904,168.8205993652344,168.83055114746094,0.21217430368373758,0.01504069073723206,0.0,0.0,0.0,0.0,0.0,0.0,0.0,0.0
2021-10-27,169.39999389648438,171.85000610351562,168.57249450683594,169.62449645996094,54044000,172.32850646972656,1,AMZN,0.004863638245470758,0.017070649125840776,-0.01573956298932966,168.5948974609375,169.37160034179686,0.001445354482451977,0.014358983522093147,0.0,0.0,0.0,0.0,0.0,0.0,0.0,0.0
2021-10-28,170.10499572753906,173.9499969482422,169.3000030517578,172.32850646972656,114174000,168.6215057373047,0,AMZN,0.01594115275917063,0.038007891040118036,0.0007026534515834904,168.710498046875,170.1051513671875,1.1126119458219228,0.01593441948309643,0.0,0.0,0.0,0.0,0.0,0.0,0.0,0.0
2021-10-29,165.00100708007812,168.74099731445312,163.66600036621094,168.6215057373047,129722000,165.90550231933594,0,AMZN,-0.021511245053778105,-0.0010781268163503333,-0.012482944191168355,169.0792999267578,169.92220153808594,0.13617811410653924,0.01777606655348278,0.0,0.0,0.0,0.0,0.0,0.0,0.0,0.0
2021-11-01,168.08999633789062,168.79299926757812,164.6009979248047,165.90550231933594,72178000,165.6374969482422,0,AMZN,-0.01610709978002456,-0.021924864734987448,-0.03403193062162124,169.05670166015625,169.2790512084961,-0.4435947641880329,0.018164557909945877,0.0,0.0,0.0,0.0,0.0,0.0,0.0,0.0
2021-11-02,165.75050354003906,166.55599975585938,164.17750549316406,165.6374969482422,52552000,169.1999969482422,1,AMZN,-0.0016154097805501921,-0.038827061514978056,-0.006835450913226349,168.42350158691406,168.6220504760742,-0.27191110864806456,0.014714949152040295,0.0,0.0,0.0,0.0,0.0,0.0,0.0,0.0
2021-11-03,165.4499969482422,169.74600219726562,164.87600708007812,169.1999969482422,67944000,173.85000610351562,1,AMZN,0.021507811127532195,0.0034307083690661155,0.019163547541641845,168.3386016845703,168.4667495727539,0.2928908509666617,0.016784121017221775,0.0,0.0,0.0,0.0,0.0,0.0,0.0,0.0
2021-11-04,168.5,174.93150329589844,168.25,173.85000610351562,107060000,175.94949340820312,1,AMZN,0.02748232410840923,0.04788571610414749,0.029895759681220824,168.6429016113281,168.67669982910155,0.5757094077475569,0.01865026730496316,0.0,0.0,0.0,0.0,0.0,0.0,0.0,0.0
2021-11-05,173.85000610351562,178.3125,173.8489990234375,175.94949340820312,99940000,174.44900512695312,0,AMZN,0.01207642928374364,0.06225641325154285,0.037288228293931525,170.1084991455078,169.59389953613282,-0.06650476368391556,0.01888018165367494,0.0,0.0,0.0,0.0,0.0,0.0,0.0,0.0
2021-11-08,176.16200256347656,178.9499969482422,174.39300537109375,174.44900512695312,61480000,178.81149291992188,1,AMZN,-0.008527948857282919,0.03102250752591096,0.012304979023299856,171.81719970703125,170.43695068359375,-0.38483089853912344,0.018867624538448303,0.0,0.0,0.0,0.0,0.0,0.0,0.0,0.0
2021-11-09,175.7624969482422,179.68850708007812,175.07150268554688,178.81149291992188,85898000,174.1024932861328,0,AMZN,0.025007238016599764,0.028538893541666166,0.06043112435783948,174.45199890136718,171.43775024414063,0.3971698113207547,0.017380921116875725,0.0,0.0,0.0,0.0,0.0,0.0,0.0,0.0
2021-11-10,178.19349670410156,180.2725067138672,173.1544952392578,174.1024932861328,80548000,173.625,0,AMZN,-0.026334994227121156,-0.010497331286912326,0.04940758957481273,175.4324981689453,171.88554992675782,-0.06228317306572917,0.020027258964986475,0.0,0.0,0.0,0.0,0.0,0.0,0.0,0.0
2021-11-11,175.64999389648438,177.16200256347656,173.37350463867188,173.625,45288000,176.25750732421875,1,AMZN,-0.0027425987825921982,-0.004723472778497495,0.04822279495236348,175.3874969482422,172.01519927978515,-0.4377514028902021,0.02011322042148974,0.0,0.0,0.0,0.0,0.0,0.0,0.0,0.0
2021-11-12,174.25,177.0364990234375,172.3524932861328,176.25750732421875,53788000,177.28399658203125,1,AMZN,0.015162029225161966,-0.01428311767883339,0.04171105498385708,175.4490997314453,172.77879943847657,0.18768768768768762,0.019479370107097695,0.0,0.0,0.0,0.0,0.0,0.0,0.0,0.0
2021-11-15,176.85000610351562,179.69400024414062,176.29049682617188,177.28399658203125,58594000,177.03500366210938,0,AMZN,0.0058238044631160335,0.018273737703857762,0.01975260487751096,176.01609802246094,173.9166488647461,0.08935078456161216,0.017073179764251583,0.0,0.0,0.0,0.0,0.0,0.0,0.0,0.0
2021-11-16,176.9499969482422,178.8249969482422,176.25750732421875,177.03500366210938,44342000,177.4499969482422,1,AMZN,-0.001404486161877938,0.01964004988975887,0.006169442337568221,175.66080017089843,175.0563995361328,-0.24323309553879235,0.016623035801553752,0.0,0.0,0.0,0.0,0.0,0.0,0.0,0.0
2021-11-17,178.23599243164062,179.3625030517578,177.2675018310547,177.4499969482422,51206000,184.8029937744141,1,AMZN,0.0023441312596286235,0.0067656103965541,0.01720268808128278,176.3303009033203,175.88139953613282,0.1547968066393035,0.016083860691906253,0.0,0.0,0.0,0.0,0.0,0.0,0.0,0.0
2021-11-18,178.3175048828125,185.2100067138672,178.0500030517578,184.8029937744141,114070000,183.82850646972656,0,AMZN,0.04143700734081501,0.042412159796407334,0.03350735882047262,178.56589965820314,176.97669830322266,1.2276686325821191,0.02049971025253635,0.0,0.0,0.0,0.0,0.0,0.0,0.0,0.0
2021-11-19,185.63450622558597,188.1074981689453,183.78599548339844,183.82850646972656,98734000,178.6284942626953,0,AMZN,-0.005273114275827551,0.038373782964318925,0.05586372142074558,180.0800994873047,177.764599609375,-0.13444376260191115,0.016258409075454946,0.0,0.0,0.0,0.0,0.0,0.0,0.0,0.0
2021-11-22,183.81900024414065,185.67300415039065,178.375,178.6284942626953,96844000,179.0019989013672,1,AMZN,-0.02828730052206352,0.006641292390649367,0.028817821527402865,180.3489990234375,178.18254852294922,-0.019142342050357475,0.021171496365406432,0.0,0.0,0.0,0.0,0.0,0.0,0.0,0.0
2021-11-23,179.2519989013672,181.0525054931641,176.385498046875,179.0019989013672,73804000,179.02049255371094,1,AMZN,0.0020909577736383245,-0.0313901563744583,0.015570920177034209,180.74239807128907,178.20159912109375,-0.23790838874891573,0.020618638567949186,0.0,0.0,0.0,0.0,0.0,0.0,0.0,0.0
2021-11-24,178.1334991455078,180.6820068359375,176.84249877929688,179.02049255371094,46560000,175.22799682617188,0,AMZN,0.00010331533981333685,-0.026154887554436068,0.009794995629378134,181.0564971923828,178.69339904785156,-0.3691398840171265,0.02057317926208545,0.0,0.0,0.0,0.0,0.0,0.0,0.0,0.0
2021-11-26,180.10499572753906,181.6750030517578,175.20750427246094,175.22799682617188,59826000,178.07850646972656,1,AMZN,-0.021184701669844985,-0.019036702126160154,-0.010207059612834413,179.14149780273436,178.85369873046875,0.28492268041237123,0.02233340241161479,0.0,0.0,0.0,0.0,0.0,0.0,0.0,0.0
2021-11-29,177.3820037841797,179.8000030517578,176.5749969482422,178.07850646972656,65312000,175.35350036621094,0,AMZN,0.016267432688752415,-0.005159117983645989,0.003541896490805163,177.9914978027344,179.03579864501953,0.09169926119078653,0.02330597988098773,0.0,0.0,0.0,0.0,0.0,0.0,0.0,0.0
2021-11-30,178.1750030517578,179.2884979248047,174.60049438476562,175.35350036621094,80022000,172.18600463867188,0,AMZN,-0.015302274022490625,-0.020483644834123127,-0.051132793983510894,177.3364990234375,178.8427490234375,0.22522660460558552,0.015274083332468488,0.0,0.0,0.0,0.0,0.0,0.0,0.0,0.0
2021-12-01,177.25,177.99400329589844,172.0800018310547,172.18600463867188,74916000,171.8679962158203,0,AMZN,-0.0180634873037836,-0.01736019496084118,-0.0633334951941853,175.97330017089843,178.35784912109375,-0.06380745295043866,0.015739465897272695,0.0,0.0,0.0,0.0,0.0,0.0,0.0,0.0
2021-12-02,173.0,174.63499450683594,171.1875,171.8679962158203,64726000,169.489501953125,0,AMZN,-0.0018468889124809706,-0.03487512545463789,-0.03784669447491873,174.5428009033203,177.79964904785157,-0.13601900795557686,0.013392014321857463,0.0,0.0,0.0,0.0,0.0,0.0,0.0,0.0
2021-12-03,172.75,173.49349975585938,166.92999267578125,169.489501953125,80712000,171.36849975585938,1,AMZN,-0.013839076006382012,-0.033441011447387536,-0.053141847614135984,173.39510192871094,176.26829986572267,0.24697957544109017,0.013255880291803192,0.0,0.0,0.0,0.0,0.0,0.0,0.0,0.0
2021-12-06,169.64999389648438,173.69549560546875,166.9344940185547,171.36849975585938,68860000,176.1645050048828,1,AMZN,0.011086219388703134,-0.004747800987240591,-0.04274366966986065,172.0531005859375,175.02229919433594,-0.14684309644166915,0.01488288032723803,0.0,0.0,0.0,0.0,0.0,0.0,0.0,0.0
2021-12-07,174.60000610351562,177.49949645996094,173.33450317382812,176.1645050048828,66410000,176.1580047607422,0,AMZN,0.027986504263362688,0.024998888005113074,0.0053445122678652535,172.21530151367188,174.7759002685547,-0.035579436537902964,0.017890915019473413,0.0,0.0,0.0,0.0,0.0,0.0,0.0,0.0
2021-12-08,176.15049743652344,177.17999267578125,174.75050354003906,176.1580047607422,45254000,174.17100524902344,0,AMZN,-3.689871657430732e-05,0.03934463627995943,-0.010784578931264055,173.00970153808595,174.4915008544922,-0.31856648095166396,0.016569042655964997,0.0,0.0,0.0,0.0,0.0,0.0,0.0,0.0
2021-12-09,175.75,176.96949768066406,174.13949584960938,174.17100524902344,46062000,172.21200561523438,0,AMZN,-0.011279643604146683,0.016353679335214144,-0.006743493085213381,173.47030334472657,174.00655212402344,0.017854775268484557,0.01607000140796668,0.0,0.0,0.0,0.0,0.0,0.0,0.0,0.0
2021-12-10,175.41700744628906,175.927001953125,170.5,172.21200561523438,60690000,169.5675048828125,0,AMZN,-0.011247564604614624,-0.022436411861395555,0.00015100516802779573,174.01480407714843,173.7049530029297,0.31757196821675127,0.01502621296291828,0.0,0.0,0.0,0.0,0.0,0.0,0.0,0.0
2021-12-13,172.0,172.10000610351562,169.1300048828125,169.5675048828125,62170000,169.0915069580078,0,AMZN,-0.015356076499860039,-0.0374124348585857,-0.013385222284892473,173.65460510253905,172.85385284423828,0.02438622507826671,0.016146334071551877,0.0,0.0,0.0,0.0,0.0,0.0,0.0,0.0
2021-12-14,167.5500030517578,169.49899291992188,166.44000244140625,169.0915069580078,55976000,173.31500244140625,1,AMZN,-0.0028071293797337082,-0.029163857002221127,-0.0023481985051042598,172.24000549316406,172.22765350341797,-0.09963004664629238,0.015292623918580326,0.0,0.0,0.0,0.0,0.0,0.0,0.0,0.0
2021-12-15,168.59800720214844,173.60000610351562,165.19500732421875,173.31500244140625,75794000,168.87100219726562,0,AMZN,0.024977573145925636,0.0064048776520044814,0.011358579250678957,171.67140502929686,172.3405532836914,0.35404459053880233,0.01771609847809748,0.0,0.0,0.0,0.0,0.0,0.0,0.0,0.0
2021-12-16,173.36849975585938,174.16600036621094,168.16050720214844,168.87100219726562,60876000,170.0175018310547,1,AMZN,-0.025641174633125208,-0.0041075245285246975,-0.041401659246935285,170.6114044189453,172.04085388183594,-0.19682296751721773,0.015989754631834743,0.0,0.0,0.0,0.0,0.0,0.0,0.0,0.0
2021-12-17,167.7104949951172,170.89849853515625,165.61349487304688,170.0175018310547,85542000,167.07899475097656,0,AMZN,0.00678920370502567,0.005476294402396276,-0.034857927336470085,170.17250366210936,172.0936538696289,0.40518430908732506,0.016604187422331607,0.0,0.0,0.0,0.0,0.0,0.0,0.0,0.0
2021-12-20,166.85000610351562,167.87449645996094,165.60000610351562,167.07899475097656,57372000,170.41700744628906,1,AMZN,-0.017283556389377508,-0.035980772596636235,-0.040718663177645276,169.6748016357422,171.66470336914062,-0.3293119169530757,0.01713302381297885,0.0,0.0,0.0,0.0,0.0,0.0,0.0,0.0
2021-12-21,167.85049438476562,170.7165069580078,165.6475067138672,170.41700744628906,55956000,171.03700256347656,1,AMZN,0.019978649621920752,0.0091549480307902,-0.01042318834004985,169.93990173339844,171.08995361328124,-0.024681029073415628,0.01939299778291023,0.0,0.0,0.0,0.0,0.0,0.0,0.0,0.0
2021-12-22,169.27000427246094,172.0500030517578,168.50050354003906,171.03700256347656,55036000,171.06849670410156,1,AMZN,0.0036381058820253998,0.005996445786122351,0.008666151463864624,169.4843017578125,170.57785339355468,-0.01644148974194004,0.018407960285435822,0.0,0.0,0.0,0.0,0.0,0.0,0.0,0.0
2021-12-23,170.42799377441406,171.97500610351562,170.14999389648438,171.06849670410156,36788000,169.66949462890625,0,AMZN,0.0001841364158221559,0.02387793845103725,0.011691833502818882,169.92380065917968,170.2676025390625,-0.33156479395304894,0.018329143130141935,0.0,0.0,0.0,0.0,0.0,0.0,0.0,0.0
2021-12-27,171.03700256347656,172.9429931640625,169.2154998779297,169.66949462890625,58688000,170.66099548339844,1,AMZN,-0.008178022851368039,-0.004386374509119384,-0.02103400029511271,169.85419921875,170.0133514404297,0.5953028161356964,0.015391939371696757,0.0,0.0,0.0,0.0,0.0,0.0,0.0,0.0
2021-12-28,170.1824951171875,172.17599487304688,169.135498046875,170.66099548339844,54638000,169.2010040283203,0,AMZN,0.005843719029521299,-0.002198396104016065,0.010599767057945408,170.5705993652344,170.1227005004883,-0.06900899672846239,0.011839631999693625,0.0,0.0,0.0,0.0,0.0,0.0,0.0,0.0
2021-12-29,170.83999633789062,171.21200561523438,168.60049438476562,169.2010040283203,35754000,168.64450073242188,0,AMZN,-0.0085549217086347,-0.010916636971513571,-0.004802433831463615,170.32739868164063,170.13365020751954,-0.34562026428492987,0.012128635463379292,0.0,0.0,0.0,0.0,0.0,0.0,0.0,0.0
2021-12-30,169.6999969482422,170.88800048828125,168.5240020751953,168.64450073242188,37584000,166.7169952392578,0,AMZN,-0.0032890070546229833,-0.006041120701904545,0.00936985516209643,169.8488983154297,169.6666000366211,0.05118308441013597,0.009867637213729375,0.0,0.0,0.0,0.0,0.0,0.0,0.0,0.0
2021-12-31,168.95599365234375,169.35000610351562,166.55850219726562,166.7169952392578,47830000,170.4044952392578,1,AMZN,-0.011429400216389607,-0.023110144371121355,-0.02171151965684759,168.97859802246094,169.45119934082032,0.2726160068114092,0.006597143445760989,0.0,0.0,0.0,0.0,0.0,0.0,0.0,0.0
2022-01-03,167.5500030517578,170.70350646972656,166.16050720214844,170.4044952392578,63520000,167.52200317382812,0,AMZN,0.022118320898886212,0.007112790008835024,-0.003698073017761261,169.12559814453124,169.48989868164062,0.3280367969893372,0.011571214137929739,0.0,0.0,0.0,0.0,0.0,0.0,0.0,0.0
2022-01-04,170.43800354003906,171.39999389648438,166.34950256347656,167.52200317382812,70726000,164.35699462890625,0,AMZN,-0.016915587005979504,-0.006655998587079659,-0.020731423953574746,168.4977996826172,169.5341995239258,0.11344458438287153,0.013111965079718717,0.0,0.0,0.0,0.0,0.0,0.0,0.0,0.0
2022-01-05,166.88299560546875,167.12649536132812,164.35699462890625,164.35699462890625,64302000,163.25399780273438,0,AMZN,-0.018893091563845,-0.014155729036291032,-0.031310873010020224,167.52899780273438,168.9281982421875,-0.09082939795831801,0.014391781598970825,0.0,0.0,0.0,0.0,0.0,0.0,0.0,0.0
2022-01-06,163.45050048828125,164.8000030517578,161.93699645996094,163.25399780273438,51958000,162.5540008544922,0,AMZN,-0.006710981961323137,-0.04196190614856565,-0.04340181925977693,166.45089721679688,168.14989776611327,-0.1919691455942273,0.013659442184093158,0.0,0.0,0.0,0.0,0.0,0.0,0.0,0.0
2022-01-07,163.83900451660156,165.24349975585938,162.031005859375,162.5540008544922,46606000,161.48599243164062,0,AMZN,-0.004287778294336242,-0.029655819684659135,-0.039284655620102416,165.61829833984376,167.29844818115234,-0.10300627429847187,0.013634067354004097,0.0,0.0,0.0,0.0,0.0,0.0,0.0,0.0
2022-01-10,160.5854949951172,161.6614990234375,156.30450439453125,161.48599243164062,87798000,165.36199951171875,1,AMZN,-0.006570176170610398,-0.017468086489096035,-0.04244732718643007,163.8345977783203,166.48009796142577,0.8838346993949278,0.013596536010463449,0.0,0.0,0.0,0.0,0.0,0.0,0.0,0.0
2022-01-11,161.5,166.35000610351562,160.70150756835938,165.36199951171875,62806000,165.20700073242188,0,AMZN,0.024002125643924677,0.01291240482534195,-0.008127520086326445,163.40259704589843,165.9501983642578,-0.2846534089614797,0.017356429639846564,0.0,0.0,0.0,0.0,0.0,0.0,0.0,0.0
2022-01-12,166.5749969482422,166.8780059814453,164.41700744628906,165.20700073242188,50030000,161.21400451660156,0,AMZN,-0.0009373300985386912,0.01632072950517216,-0.030500923696516025,163.57259826660157,165.55079803466796,-0.20342005540871888,0.014114941460840769,0.0,0.0,0.0,0.0,0.0,0.0,0.0,0.0
2022-01-13,165.25050354003906,166.22149658203125,161.09100341796875,161.21400451660156,52188000,162.13800048828125,1,AMZN,-0.024169655027437842,-0.0016842817816177247,-0.03765474706436689,163.164599609375,164.80774841308593,0.043134119528283055,0.015400655531833875,0.0,0.0,0.0,0.0,0.0,0.0,0.0,0.0
2022-01-14,160.14999389648438,162.25,159.80050659179688,162.13800048828125,45974000,158.91749572753906,0,AMZN,0.005731487003565627,-0.01949661368970701,-0.013501063010035952,163.0813995361328,164.34984893798827,-0.11906951789683451,0.014586884952239348,0.0,0.0,0.0,0.0,0.0,0.0,0.0,0.0
2022-01-18,159.10499572753906,159.7344970703125,157.6645050048828,158.91749572753906,67292000,156.2989959716797,0,AMZN,-0.019862738846190164,-0.03807045087072092,-0.026562915049928915,162.5677001953125,163.2011489868164,0.46369687214512556,0.01608732407612737,0.0,0.0,0.0,0.0,0.0,0.0,0.0,0.0
2022-01-19,158.76199340820312,159.25,156.25,156.2989959716797,53242000,151.66749572753906,0,AMZN,-0.016477101806013472,-0.030487478799744894,-0.03847955048741969,160.75509948730468,162.07884826660157,-0.20879153539796702,0.016801881336470648,0.0,0.0,0.0,0.0,0.0,0.0,0.0,0.0
2022-01-20,156.76600646972656,158.0,151.3509979248047,151.66749572753906,71974000,142.64300537109375,0,AMZN,-0.02963230963415675,-0.06457773457924787,-0.06080091874382154,158.0471984863281,160.80989837646484,0.35182750460163037,0.01915067183900301,0.0,0.0,0.0,0.0,0.0,0.0,0.0,0.0
2022-01-21,149.9499969482422,150.89999389648438,142.07049560546875,142.64300537109375,163972000,144.54400634765625,1,AMZN,-0.05950180896147472,-0.10240842445911436,-0.13738944985976032,154.33299865722657,158.7487991333008,1.2782115764025899,0.021233327488510947,0.0,0.0,0.0,0.0,0.0,0.0,0.0,0.0
2022-01-24,139.0,144.94500732421875,135.3520050048828,144.54400634765625,155624000,139.98599243164062,0,AMZN,0.01332698348311534,-0.07520835019409444,-0.12507335823033627,150.81419982910157,156.9477996826172,-0.050911131168736135,0.02395525147283774,0.0,0.0,0.0,0.0,0.0,0.0,0.0,0.0
2022-01-25,142.24249267578125,143.60000610351562,138.14500427246094,139.98599243164062,90824000,138.87249755859375,0,AMZN,-0.031533745543573244,-0.07702047983230043,-0.13167598031332883,147.02789916992188,154.79779968261718,-0.4163882177556161,0.02439544931773067,0.0,0.0,0.0,0.0,0.0,0.0,0.0,0.0
2022-01-26,144.75,145.18499755859375,137.31849670410156,138.87249755859375,95602000,139.6374969482422,1,AMZN,-0.007954330670553511,-0.026433177026036536,-0.1434919812728852,143.5425994873047,152.1488494873047,0.052607240376992825,0.02249102788311,0.0,0.0,0.0,0.0,0.0,0.0,0.0,0.0
2022-01-27,140.8000030517578,144.24349975585938,139.35000610351562,139.6374969482422,77516000,143.97799682617188,1,AMZN,0.005508645722495764,-0.033944744741701394,-0.12132080669300283,141.1365997314453,149.5918991088867,-0.1891801426748394,0.024759288225096498,0.0,0.0,0.0,0.0,0.0,0.0,0.0,0.0
2022-01-28,140.86050415039062,143.9980010986328,137.92950439453125,143.97799682617188,74392000,149.57350158691406,1,AMZN,0.031084056738273746,0.02851717036246093,-0.07882967557731657,141.40359802246093,147.86829833984376,-0.04030135713917127,0.030998630363415172,0.0,0.0,0.0,0.0,0.0,0.0,0.0,0.0
2022-01-31,144.75,150.36050415039062,144.30050659179688,149.57350158691406,78308000,151.19349670410156,1,AMZN,0.03886361030218932,0.07705632300452647,-0.013806479302504782,142.4094970703125,146.61184844970703,0.0526400688246047,0.03480369746695262,0.0,0.0,0.0,0.0,0.0,0.0,0.0,0.0
2022-02-01,150.0,151.70799255371094,147.62750244140625,151.19349670410156,59220000,150.6125030517578,0,AMZN,0.010830762802234384,0.0827571390809354,0.05994329207214344,144.6509979248047,145.83944854736328,-0.24375542728712263,0.02360458527274184,0.0,0.0,0.0,0.0,0.0,0.0,0.0,0.0
2022-02-02,155.05050659179688,155.0749969482422,148.86349487304688,150.6125030517578,87330000,138.8455047607422,0,AMZN,-0.0038427158906232384,0.04608000091566722,0.041983731165619265,146.9989990234375,145.2707992553711,0.47467071935157046,0.023920208674516812,0.0,0.0,0.0,0.0,0.0,0.0,0.0,0.0
2022-02-03,141.7375030517578,144.24749755859375,138.33299255371094,138.8455047607422,225532000,157.63949584960938,1,AMZN,-0.0781276325178123,-0.07172391307519177,-0.008147155662416528,146.8406005859375,143.9886001586914,1.5825260506126186,0.03830649180360726,0.0,0.0,0.0,0.0,0.0,0.0,0.0,0.0
2022-02-04,155.60650634765625,161.1999969482422,150.60800170898438,157.63949584960938,253456000,157.9355010986328,1,AMZN,0.13535901735711864,0.04263410322550554,0.13513833639448558,149.572900390625,145.48824920654297,0.12381391554191867,0.0636107454195116,0.0,0.0,0.0,0.0,0.0,0.0,0.0,0.0
2022-02-07,158.52000427246094,162.6909942626953,157.25,157.9355010986328,102624000,161.4134979248047,1,AMZN,0.0018777353189827206,0.048621448408957546,0.13103933076924834,151.24530029296875,146.82739868164063,-0.5951013193611514,0.06376278823773372,0.0,0.0,0.0,0.0,0.0,0.0,0.0,0.0
2022-02-08,156.75050354003906,161.79249572753906,155.55050659179688,161.4134979248047,76040000,161.1894989013672,0,AMZN,0.022021627828944013,0.1625403228066442,0.12109837254982181,153.28930053710937,148.97014923095702,-0.25904271905207354,0.06357858150533424,0.0,0.0,0.0,0.0,0.0,0.0,0.0,0.0
2022-02-09,162.87350463867188,163.83450317382812,160.25,161.1894989013672,68786000,159.0034942626953,0,AMZN,-0.0013877341505965646,0.0225197564393671,0.077660796807002,155.40469970703126,151.20184936523438,-0.09539715938979487,0.06321109506217043,0.0,0.0,0.0,0.0,0.0,0.0,0.0,0.0
2022-02-10,158.35000610351562,160.7165069580078,157.75,159.0034942626953,68268000,153.2935028076172,0,AMZN,-0.013561706274733853,0.006762210881235076,0.05165564477868112,159.43629760742186,153.1384490966797,-0.0075306021574157445,0.06397906367053513,0.0,0.0,0.0,0.0,0.0,0.0,0.0,0.0
2022-02-11,158.13450622558594,159.0,152.73399353027344,153.2935028076172,77100000,155.16700744628906,1,AMZN,-0.03591110674363196,-0.050305552023723776,0.017800645374959734,158.56709899902344,154.06999969482422,0.129372473193883,0.06615515088314089,0.0,0.0,0.0,0.0,0.0,0.0,0.0,0.0
2022-02-14,151.75100708007812,158.44850158691406,151.64999389648438,155.16700744628906,83230000,156.510498046875,1,AMZN,0.012221683270054351,-0.03736280276398973,0.11755153840718147,158.01340026855468,154.6293502807617,0.07950713359273665,0.05531263586729062,0.0,0.0,0.0,0.0,0.0,0.0,0.0,0.0
2022-02-15,157.60549926757812,158.0070037841797,154.6374969482422,156.510498046875,56440000,158.10049438476562,1,AMZN,0.008658352201907249,-0.015678876916387363,-0.007161896811770152,157.03280029296874,155.16105041503906,-0.3218791301213505,0.019074349914697454,0.0,0.0,0.0,0.0,0.0,0.0,0.0,0.0
2022-02-16,155.79049682617188,158.83399963378906,154.7344970703125,158.10049438476562,52704000,154.65249633789062,0,AMZN,0.010159039538768955,0.03135809078080243,0.0010446877680134747,156.41499938964844,155.90984954833985,-0.066194188518781,0.01952458503901753,0.0,0.0,0.0,0.0,0.0,0.0,0.0,0.0
2022-02-17,158.14599609375,160.3489990234375,154.5,154.65249633789062,64032000,152.60150146484375,0,AMZN,-0.021808901106176726,-0.003315853781458933,-0.041886221870141904,155.5447998046875,157.49054870605468,0.2149362477231329,0.018398551258392636,0.0,0.0,0.0,0.0,0.0,0.0,0.0,0.0
2022-02-18,155.49949645996094,155.49949645996094,150.89300537109375,152.60150146484375,63604000,150.19749450683594,0,AMZN,-0.013261957754408193,-0.02497593855244462,-0.05327888910293399,155.40639953613282,156.98674926757812,-0.006684157921039491,0.018455417985665003,0.0,0.0,0.0,0.0,0.0,0.0,0.0,0.0
2022-02-22,150.47850036621094,152.9824981689453,148.48550415039062,150.19749450683594,66128000,144.82699584960938,0,AMZN,-0.015753494788264932,-0.04998719269464358,-0.05538242915159253,154.4124969482422,156.21294860839845,0.03968303880259105,0.018590657289569795,0.0,0.0,0.0,0.0,0.0,0.0,0.0,0.0
2022-02-23,151.65049743652344,151.76300048828125,144.6510009765625,144.82699584960938,64244000,151.35800170898438,1,AMZN,-0.03575624663287669,-0.06353276358898285,-0.055230696689299696,152.07579650878907,154.5542984008789,-0.02849020082264697,0.0185518989083519,0.0,0.0,0.0,0.0,0.0,0.0,0.0,0.0
2022-02-24,139.83749389648438,151.74899291992188,139.5,151.35800170898438,100786000,153.7884979248047,1,AMZN,0.04509522427819257,-0.0081486731383561,-0.024547781129459323,150.7272979736328,153.57114868164064,0.5688001992403959,0.0268220571654127,0.0,0.0,0.0,0.0,0.0,0.0,0.0,0.0
2022-02-25,150.5500030517578,153.99000549316406,149.2135009765625,153.7884979248047,62396000,153.56300354003906,0,AMZN,0.01605793012842116,0.023908544078978133,-0.01739180538071683,150.55449829101562,153.04964904785157,-0.3809060782251503,0.02750614615436597,0.0,0.0,0.0,0.0,0.0,0.0,0.0,0.0
2022-02-28,152.4250030517578,154.4499969482422,150.85000610351562,153.56300354003906,57684000,151.14199829101562,0,AMZN,-0.0014662630028149382,0.060320298982803555,-0.028700042099070067,150.74679870605468,153.07659912109375,-0.07551766138855054,0.02698286879709288,0.0,0.0,0.0,0.0,0.0,0.0,0.0,0.0
2022-03-01,152.7324981689453,154.0989990234375,149.9770050048828,151.14199829101562,44874000,152.05250549316406,1,AMZN,-0.015765550251120253,-0.0014271027334521458,-0.022699265320652362,150.93569946289062,152.6740982055664,-0.22207197836488457,0.026402635039963533,0.0,0.0,0.0,0.0,0.0,0.0,0.0,0.0
2022-03-02,150.8489990234375,152.99949645996094,148.75,152.05250549316406,47334000,147.89849853515625,0,AMZN,0.0060241839623909055,-0.011288181203833902,-0.003597579095944603,152.38080139160155,152.22829895019532,0.0548201631234122,0.026155821211224298,0.0,0.0,0.0,0.0,0.0,0.0,0.0,0.0
2022-03-03,153.531494140625,153.9290008544922,146.8560028076172,147.89849853515625,65198000,145.64100646972656,0,AMZN,-0.027319556126581324,-0.036887172523985434,-0.015306486830744426,151.68890075683595,151.20809936523438,0.3774031351671103,0.027624469277301663,0.0,0.0,0.0,0.0,0.0,0.0,0.0,0.0
2022-03-04,147.15899658203125,147.85000610351562,143.8070068359375,145.64100646972656,60934000,137.4530029296875,0,AMZN,-0.0152637929917393,-0.03639618295040137,0.0056205724308642235,150.0594024658203,150.30695037841798,-0.06540077916500509,0.024324295466714465,0.0,0.0,0.0,0.0,0.0,0.0,0.0,0.0
2022-03-07,145.44349670410156,146.09449768066406,137.41650390625,137.4530029296875,86934000,136.01449584960938,0,AMZN,-0.05622045424233624,-0.09601619201291567,-0.09186827668372621,146.83740234375,148.79210052490234,0.4266911740571766,0.023888261340440232,0.0,0.0,0.0,0.0,0.0,0.0,0.0,0.0
2022-03-08,136.68350219726562,140.69949340820312,133.57249450683594,136.01449584960938,91662000,139.2790069580078,1,AMZN,-0.010465446730283379,-0.08035242279840982,-0.11557432652659083,143.81190185546876,147.3738006591797,0.05438608599627304,0.020261105486242662,0.0,0.0,0.0,0.0,0.0,0.0,0.0,0.0
2022-03-09,139.5,140.25,136.8280029296875,139.2790069580078,82656000,146.8175048828125,1,AMZN,0.024001199930983708,-0.04368274887636936,-0.09301717375114327,141.2572021484375,146.81900177001953,-0.09825227466125552,0.02523544538578374,0.0,0.0,0.0,0.0,0.0,0.0,0.0,0.0
2022-03-10,145.68499755859375,148.67449951171875,143.97799682617188,146.8175048828125,135062000,145.52450561523438,0,AMZN,0.05412515560997311,0.06812875494553805,-0.0286121227527808,141.04100341796874,146.36495208740234,0.634025358110724,0.03582678647335569,0.0,0.0,0.0,0.0,0.0,0.0,0.0,0.0
2022-03-11,149.57449340820312,149.6750030517578,145.36900329589844,145.52450561523438,68900000,141.85299682617188,0,AMZN,-0.008806846762653975,0.06991908991921103,-0.042932537393954195,141.0177032470703,145.5385528564453,-0.4898639143504465,0.035601403968893094,0.0,0.0,0.0,0.0,0.0,0.0,0.0,0.0
2022-03-14,145.9810028076172,147.4499969482422,140.88400268554688,141.85299682617188,74086000,147.3665008544922,1,AMZN,-0.025229488143872714,0.0184808172055686,-0.040876018139882064,141.8977020263672,144.3675521850586,0.07526850507982585,0.035398119385411576,0.0,0.0,0.0,0.0,0.0,0.0,0.0,0.0
2022-03-15,142.85000610351562,147.98500061035156,142.0,147.3665008544922,75584000,153.10400390625,1,AMZN,0.038867730338306705,0.0037393086888235505,0.011847586243674435,144.16810302734376,143.99000244140626,0.020219744621116087,0.03864974875521152,0.0,0.0,0.0,0.0,0.0,0.0,0.0,0.0
2022-03-16,148.5,153.14999389648438,147.35350036621094,153.10400390625,84958000,157.23899841308594,1,AMZN,0.038933563723705156,0.052083999591489905,0.11386438013703182,146.9331024169922,144.09515228271485,0.12402095681625736,0.030501506100529863,0.0,0.0,0.0,0.0,0.0,0.0,0.0,0.0
2022-03-17,152.6405029296875,157.49850463867188,152.13999938964844,157.23899841308594,72934000,161.25050354003906,1,AMZN,0.027007748989816838,0.10846440985500094,0.15604588636599726,149.01740112304688,145.02920227050782,-0.14152875538501375,0.028308841846851805,0.0,0.0,0.0,0.0,0.0,0.0,0.0,0.0
2022-03-18,156.81300354003906,161.593994140625,156.01100158691406,161.25050354003906,102962000,161.4915008544922,1,AMZN,0.025512151358369817,0.09421410296805344,0.15775167458406414,152.1626007080078,146.59015197753905,0.41171470096251395,0.028338870547282943,0.0,0.0,0.0,0.0,0.0,0.0,0.0,0.0
2022-03-21,161.12100219726562,163.08399963378906,159.55299377441406,161.4915008544922,66538000,164.88900756835938,1,AMZN,0.0014945523217748669,0.05478300197412267,0.09994718261553515,156.09030151367188,148.99400177001954,-0.3537615819428527,0.02502432831078274,0.0,0.0,0.0,0.0,0.0,0.0,0.0,0.0
2022-03-22,161.8054962158203,166.16700744628906,161.69900512695312,164.88900756835938,64086000,163.4080047607422,0,AMZN,0.02103830044237709,0.048652110688061745,0.13306694890498094,159.5948028564453,151.88145294189454,-0.03685112266674684,0.02295401529843431,0.0,0.0,0.0,0.0,0.0,0.0,0.0,0.0
2022-03-23,163.7050018310547,166.3699951171875,162.68699645996094,163.4080047607422,55812000,163.64950561523438,1,AMZN,-0.008981816492546923,0.0133798107499703,0.15195313752154305,161.65560302734374,154.29435272216796,-0.12910776144555758,0.01814431392263112,0.0,0.0,0.0,0.0,0.0,0.0,0.0,0.0
2022-03-24,163.74949645996094,164.11849975585938,160.0500030517578,163.64950561523438,56798000,164.77349853515625,1,AMZN,0.0014779010051912955,0.013362961823524033,0.11049325773718288,162.93770446777344,155.97755279541016,0.01766645165914138,0.017339866285012745,0.0,0.0,0.0,0.0,0.0,0.0,0.0,0.0
2022-03-25,164.0,165.36849975585938,162.25,164.77349853515625,49032000,168.99049377441406,1,AMZN,0.006868294014676479,-0.0007005259774836015,0.07621939551660462,163.64230346679688,157.90245208740234,-0.13673016655516035,0.013928585117242601,0.0,0.0,0.0,0.0,0.0,0.0,0.0,0.0
2022-03-28,164.97500610351562,169.03750610351562,164.89999389648438,168.99049377441406,59854000,169.31500244140625,1,AMZN,0.025592678900108856,0.03416288585033289,0.07473651880213272,165.14210205078126,160.61620178222657,0.22071300375265124,0.013658945914594895,0.0,0.0,0.0,0.0,0.0,0.0,0.0,0.0
2022-03-29,170.38400268554688,170.8314971923828,167.86849975585938,169.31500244140625,66154000,166.30099487304688,0,AMZN,0.00192027764251268,0.034619700223796235,0.05001224011287975,166.0273010253906,162.81105194091796,0.10525612323320077,0.012143451371295683,0.0,0.0,0.0,0.0,0.0,0.0,0.0,0.0
2022-03-30,168.50950622558594,168.95050048828125,165.5,166.30099487304688,56168000,162.99749755859375,0,AMZN,-0.01780118433038691,0.00927027921037138,0.029781716022864613,166.60589904785155,164.13075103759766,-0.1509508117422983,0.01537661265329644,0.0,0.0,0.0,0.0,0.0,0.0,0.0,0.0
2022-03-31,166.44500732421875,166.4949951171875,162.95350646972656,162.99749755859375,59966000,163.55999755859375,1,AMZN,-0.019864567358571672,-0.035463510887306926,-0.011471413635511407,166.47549743652343,164.70660095214845,0.06761857285286998,0.015724500138682408,0.0,0.0,0.0,0.0,0.0,0.0,0.0,0.0
2022-04-01,164.14950561523438,165.82699584960938,162.3195037841797,163.55999755859375,57090000,168.34649658203125,1,AMZN,0.003450973226124532,-0.033989928829869065,0.0009301429148107498,166.23279724121093,164.93755035400392,-0.04796051095620857,0.015443641999561353,0.0,0.0,0.0,0.0,0.0,0.0,0.0,0.0
2022-04-04,164.125,168.39450073242188,163.20550537109375,168.34649658203125,49882000,164.05499267578125,0,AMZN,0.029264484561530857,0.012299996825310133,0.02870152860614339,166.10399780273437,165.6230499267578,-0.1262567875284638,0.018982046088058976,0.0,0.0,0.0,0.0,0.0,0.0,0.0,0.0
2022-04-05,167.7415008544922,168.11050415039062,163.26600646972656,164.05499267578125,53728000,158.75599670410156,0,AMZN,-0.025492089193307588,0.006487799708749353,-0.004360566873693572,165.05199584960937,165.5396484375,0.07710196062707997,0.021935875597752074,0.0,0.0,0.0,0.0,0.0,0.0,0.0,0.0
2022-04-06,161.65049743652344,162.1999969482422,157.25450134277344,158.75599670410156,79056000,157.7845001220703,0,AMZN,-0.032300120131985244,-0.029371490133283995,-0.06056256089750567,163.54299621582032,165.07444763183594,0.47141155449672434,0.02140154481061995,0.0,0.0,0.0,0.0,0.0,0.0,0.0,0.0
2022-04-07,158.39999389648438,160.07899475097656,154.51150512695312,157.7845001220703,68136000,154.4604949951172,0,AMZN,-0.0061194323502751224,-0.06273962734243377,-0.0681008897798423,162.50039672851562,164.48794708251953,-0.13812993321190048,0.020948232058523565,0.0,0.0,0.0,0.0,0.0,0.0,0.0,0.0
2022-04-08,156.75,157.36849975585938,154.2310028076172,154.4604949951172,46002000,151.1219940185547,0,AMZN,-0.021066740550443774,-0.05848342390667427,-0.07119921253007933,160.6804962158203,163.45664672851564,-0.3248502994011976,0.021190104812955694,0.0,0.0,0.0,0.0,0.0,0.0,0.0,0.0
2022-04-11,152.71299743652344,154.13650512695312,150.5345001220703,151.1219940185547,52112000,150.78750610351562,0,AMZN,-0.021613947156313595,-0.04808638945321586,-0.0728569684683048,157.235595703125,161.6697967529297,0.13282031216034085,0.021331497729971866,0.0,0.0,0.0,0.0,0.0,0.0,0.0,0.0
2022-04-12,153.6925048828125,155.0989990234375,150.38299560546875,150.78750610351562,55178000,155.54100036621094,1,AMZN,-0.002213363562407644,-0.04434525579598403,-0.07809055787312857,154.58209838867188,159.81704711914062,0.05883481731654894,0.020812824610297667,0.0,0.0,0.0,0.0,0.0,0.0,0.0,0.0
2022-04-13,150.01849365234375,156.02499389648438,149.60000610351562,155.54100036621094,53390000,151.7064971923828,0,AMZN,0.03152445706895657,0.006995350954481339,-0.07606630655114643,153.93909912109376,158.74104766845704,-0.032404219072818874,0.021552470766178968,0.0,0.0,0.0,0.0,0.0,0.0,0.0,0.0
2022-04-14,155.38999938964844,155.89700317382812,151.4720001220703,151.7064971923828,51598000,152.78500366210938,1,AMZN,-0.024652684274885983,0.0038677571562242274,-0.075270464385089,152.72349853515624,157.61194763183593,-0.03356433789099078,0.021460801115240524,0.0,0.0,0.0,0.0,0.0,0.0,0.0,0.0
2022-04-18,151.52349853515625,154.0395050048828,150.25050354003906,152.78500366210938,46514000,158.11549377441406,1,AMZN,0.007109164667870926,0.013247102563142432,-0.03761113385292314,152.38840026855468,156.5344482421875,-0.09853095081204699,0.020039492334291455,0.0,0.0,0.0,0.0,0.0,0.0,0.0,0.0
2022-04-19,152.0294952392578,158.6490020751953,151.55050659179688,158.11549377441406,54926000,153.9980010986328,0,AMZN,0.03488883060861969,0.01655186350956761,0.002097757714399462,153.78710021972657,155.51134796142577,0.18084877671238764,0.02510952063799288,0.0,0.0,0.0,0.0,0.0,0.0,0.0,0.0
2022-04-20,157.6024932861328,157.6024932861328,153.60350036621094,153.9980010986328,59630000,148.29600524902344,0,AMZN,-0.026041044919075107,0.015104850145897686,-0.0029942536212834714,154.42919921875,154.50564880371093,0.08564250081928404,0.025882337012908138,0.0,0.0,0.0,0.0,0.0,0.0,0.0,0.0
2022-04-21,154.71400451660156,156.73800659179688,147.58949279785156,148.29600524902344,63970000,144.35000610351562,0,AMZN,-0.037026427673936824,-0.029381145436325307,-0.01870004950559534,152.9802001953125,153.45964965820312,0.07278215663256749,0.028533119841875475,0.0,0.0,0.0,0.0,0.0,0.0,0.0,0.0
2022-04-22,148.25,149.61500549316406,143.69749450683594,144.35000610351562,73078000,146.07400512695312,1,AMZN,-0.026608937569704394,-0.08705970137586816,-0.04269252915145805,151.50890197753907,152.11620025634767,0.14237924026887594,0.02996821020102032,0.0,0.0,0.0,0.0,0.0,0.0,0.0,0.0
2022-04-25,144.0229949951172,146.22149658203125,142.30650329589844,146.07400512695312,61874000,139.39100646972656,0,AMZN,0.011943186356370372,-0.051455187178725215,-0.06086495018656435,150.1667022705078,151.27755126953124,-0.15331563534853165,0.026628105598124435,0.0,0.0,0.0,0.0,0.0,0.0,0.0,0.0
2022-04-26,144.8000030517578,144.8560028076172,138.92950439453125,139.39100646972656,77530000,138.16700744628906,0,AMZN,-0.0457507730510871,-0.06004881091937242,-0.08117971840743687,146.42180480957032,150.10445251464844,0.2530303520056889,0.02975484459724169,0.0,0.0,0.0,0.0,0.0,0.0,0.0,0.0
2022-04-27,140.19149780273438,141.94850158691406,135.7834930419922,138.16700744628906,71336000,144.59649658203125,1,AMZN,-0.008781047317448887,-0.04283337995006831,-0.09567690457467048,143.25560607910157,148.84240264892577,-0.07989165484328642,0.028672427483482556,0.0,0.0,0.0,0.0,0.0,0.0,0.0,0.0
2022-04-28,142.17799377441406,145.9375,140.3000030517578,144.59649658203125,117316000,124.28150177001952,0,AMZN,0.04653418536434306,-0.010114794508699676,-0.08550077458993732,142.5157043457031,147.74795227050782,0.6445553437254683,0.03210781178776032,0.0,0.0,0.0,0.0,0.0,0.0,0.0,0.0
2022-04-29,129.8489990234375,130.76100158691406,121.625,124.28150177001952,272662000,124.5,1,AMZN,-0.14049437774923412,-0.10839655356809974,-0.19296678604016715,138.50200347900392,145.00545272827148,1.324167206519145,0.05855361705466632,0.0,0.0,0.0,0.0,0.0,0.0,0.0,0.0
2022-05-02,122.4010009765625,124.66799926757812,118.375,124.5,148788000,124.25350189208984,0,AMZN,0.0017580913238786078,-0.09891657711123236,-0.16046288778355433,134.18720245361328,142.17695236206055,-0.454313399006829,0.05945123911821475,0.0,0.0,0.0,0.0,0.0,0.0,0.0,0.0
2022-05-03,124.05349731445312,126.22049713134766,122.8249969482422,124.25350189208984,79134000,125.92849731445312,1,AMZN,-0.0019799044812061073,-0.14068801921767582,-0.13922066755587292,131.15970153808593,138.79075317382814,-0.4681425921445278,0.059932845494394114,0.0,0.0,0.0,0.0,0.0,0.0,0.0,0.0
2022-05-04,123.5999984741211,126.0,119.18299865722656,125.92849731445312,110746000,116.40699768066406,0,AMZN,0.01348046853293483,0.013252137453901636,-0.13791302425774876,128.71199951171874,135.98380279541016,0.3994743093992468,0.060070090195778365,0.0,0.0,0.0,0.0,0.0,0.0,0.0,0.0
2022-05-05,123.0,123.4990005493164,115.07250213623048,116.40699768066406,144392000,114.77249908447266,0,AMZN,-0.07561036490424522,-0.06500403469346139,-0.16488874979214851,123.07409973144532,132.7949020385742,0.3038123273075326,0.0632365924623699,0.0,0.0,0.0,0.0,0.0,0.0,0.0,0.0
2022-05-06,114.8499984741211,119.05049896240234,113.0814971923828,114.77249908447266,124260000,108.78900146484376,0,AMZN,-0.014041240035030156,-0.07630370704441902,-0.16932051141739302,121.17229919433593,129.83715133666993,-0.13942600698099616,0.06306237173751168,0.0,0.0,0.0,0.0,0.0,0.0,0.0,0.0
2022-05-09,111.3125,114.0,107.95700073242188,108.78900146484376,128124000,108.85900115966795,1,AMZN,-0.05213354825727923,-0.13610498191533826,-0.24763736303163808,118.03009948730468,126.10865097045898,0.03109608884596815,0.055106721400716714,0.0,0.0,0.0,0.0,0.0,0.0,0.0,0.0
2022-05-10,111.25,112.64250183105467,107.1709976196289,108.85900115966795,105434000,105.37200164794922,0,AMZN,0.0006434445934941913,-0.06484143282951349,-0.12409329136439462,114.95119934082031,123.05545043945312,-0.17709406512441073,0.03287562938412377,0.0,0.0,0.0,0.0,0.0,0.0,0.0,0.0
2022-05-11,108.10350036621094,110.15599822998048,104.42849731445312,105.37200164794922,109704000,106.93049621582033,1,AMZN,-0.03203225709010693,-0.08190548704184497,-0.1536385409803276,110.83990020751953,119.77594985961915,0.04049926968530082,0.03191152317612004,0.0,0.0,0.0,0.0,0.0,0.0,0.0,0.0
2022-05-12,102.75,110.78050231933594,102.40550231933594,106.93049621582033,132026000,113.05500030517578,1,AMZN,0.014790404884573505,-0.017083576685130497,-0.1394166394707651,108.94459991455078,116.00934982299805,0.20347480492962888,0.03430109609215347,0.0,0.0,0.0,0.0,0.0,0.0,0.0,0.0
2022-05-13,109.06900024414062,113.18399810791016,107.8000030517578,113.05500030517578,93684000,110.8105010986328,0,AMZN,0.05727556035084902,0.03854526590183749,-0.10222862405108535,108.60110015869141,114.88669967651367,-0.29041249450865736,0.04415373143297206,0.0,0.0,0.0,0.0,0.0,0.0,0.0,0.0
2022-05-16,113.0999984741211,113.99250030517578,110.35399627685548,110.8105010986328,74566000,115.36849975585938,1,AMZN,-0.01985316173972207,0.05161237677588937,-0.048076977274029264,109.00540008544922,113.51774978637695,-0.20406899790786048,0.035452134790082884,0.0,0.0,0.0,0.0,0.0,0.0,0.0,0.0
2022-05-17,113.2750015258789,115.8000030517578,111.27649688720705,115.36849975585938,76448000,107.1125030517578,0,AMZN,0.04113327357999652,0.07891110430282144,0.005192887461203277,110.3072998046875,112.6292495727539,0.02523938524260383,0.039403764624919596,0.0,0.0,0.0,0.0,0.0,0.0,0.0,0.0
2022-05-18,111.4394989013672,112.85299682617188,106.2490005493164,107.1125030517578,108380000,107.31900024414062,1,AMZN,-0.07156196640827228,-0.05256288742096382,-0.015410550611844154,110.65540008544922,110.74765014648438,0.4176956885726246,0.04419607081740865,0.0,0.0,0.0,0.0,0.0,0.0,0.0,0.0
2022-05-19,106.28050231933594,110.03399658203124,106.19300079345705,107.31900024414062,88142000,107.59100341796876,1,AMZN,0.0019278532990965047,-0.03150875431367628,-0.01414674853821729,110.73310089111328,109.83885040283204,-0.18673186934858832,0.04420849777734551,0.0,0.0,0.0,0.0,0.0,0.0,0.0,0.0
2022-05-20,109.56849670410156,109.89800262451172,105.0094985961914,107.59100341796876,99500000,107.55699920654295,0,AMZN,0.0025345295167618076,-0.067414383946651,0.021058741746534215,109.64030151367187,109.12070083618164,0.12886024823580122,0.04206777152836339,0.0,0.0,0.0,0.0,0.0,0.0,0.0,0.0
2022-05-23,108.46099853515624,108.81900024414062,103.9499969482422,107.55699920654295,107798000,104.0999984741211,0,AMZN,-0.00031605069518414464,0.00414980643828633,0.005858973940026768,108.9896011352539,108.99750061035157,0.08339698492462322,0.04179356168024272,0.0,0.0,0.0,0.0,0.0,0.0,0.0,0.0
2022-05-24,104.0250015258789,105.4000015258789,101.26000213623048,104.0999984741211,102934000,106.7750015258789,1,AMZN,-0.03214110432537587,-0.029994705156557555,-0.07920925042573923,106.73590087890625,108.52160034179687,-0.04512143082431952,0.03505990488214312,0.0,0.0,0.0,0.0,0.0,0.0,0.0,0.0
2022-05-25,103.65550231933594,108.1750030517578,103.6500015258789,106.7750015258789,93120000,111.07749938964844,1,AMZN,0.025696475417555487,-0.007584294840339623,-0.036418024760684786,106.66840057373047,108.66190032958984,-0.09534264674451587,0.0373355349846757,0.0,0.0,0.0,0.0,0.0,0.0,0.0,0.0
2022-05-26,107.97000122070312,112.66549682617188,107.45349884033205,111.07749938964844,93002000,115.14649963378906,1,AMZN,0.04029499229486544,0.032731483855783505,-0.03719386466229058,107.42010040283203,109.07660064697265,-0.001267182130584188,0.03716506973335536,0.0,0.0,0.0,0.0,0.0,0.0,0.0,0.0
2022-05-27,113.5500030517578,115.18699645996094,112.62799835205078,115.14649963378906,93660000,120.20950317382812,1,AMZN,0.036632083603781895,0.1061143258557693,0.0750052174408542,108.93119964599609,109.28575057983399,0.007075116664157832,0.0254085266328909,0.0,0.0,0.0,0.0,0.0,0.0,0.0,0.0
2022-05-31,116.27999877929688,121.99449920654295,115.6750030517578,120.20950317382812,144634000,121.68399810791016,1,AMZN,0.04397010379074828,0.12582066453722418,0.12011389316302634,111.46170043945312,110.22565078735352,0.5442451420029895,0.02785156867586914,0.0,0.0,0.0,0.0,0.0,0.0,0.0,0.0
2022-06-01,122.25599670410156,125.1790008544922,120.62249755859376,121.68399810791016,127528000,125.51100158691406,1,AMZN,0.012266042992872705,0.09548737391949391,0.13098673906026348,114.97850036621094,110.8572006225586,-0.1182709459739757,0.027265259995990276,0.0,0.0,0.0,0.0,0.0,0.0,0.0,0.0
2022-06-02,121.68399810791016,125.61000061035156,120.04499816894533,125.51100158691406,100560000,122.3499984741211,0,AMZN,0.03145034300738625,0.09001143748258245,0.16692546754575988,118.72570037841797,112.69705047607422,-0.21146728561570793,0.02632485904459497,0.0,0.0,0.0,0.0,0.0,0.0,0.0,0.0
2022-06-03,124.1999969482422,124.4000015258789,121.04650115966795,122.3499984741211,97604000,124.79000091552734,1,AMZN,-0.025185068024527135,0.01780637340458613,0.1753122023775715,120.9802001953125,114.20015029907226,-0.029395385839299903,0.02393728901799548,0.0,0.0,0.0,0.0,0.0,0.0,0.0,0.0
2022-06-06,125.25,128.99000549316406,123.80999755859376,124.79000091552734,135269000,123.0,0,AMZN,0.01994280728922404,0.025525154136230466,0.16871926136458226,122.90890045166016,115.92005004882813,0.38589606983320346,0.023951653050039948,0.0,0.0,0.0,0.0,0.0,0.0,0.0,0.0
2022-06-07,122.01000213623048,124.0999984741211,120.62999725341795,123.0,85156700,121.18000030517578,0,AMZN,-0.014344105316090427,-0.02000622698541088,0.10733497491268373,123.46699981689453,117.46435012817383,-0.3704640383236366,0.026094825696551135,0.0,0.0,0.0,0.0,0.0,0.0,0.0,0.0
2022-06-08,122.61000061035156,123.75,120.75,121.18000030517578,64926600,116.1500015258789,0,AMZN,-0.014796745486375773,-0.009562715026864343,0.05239847229898964,123.36620025634765,119.1723503112793,-0.2375632216842597,0.02621627130067874,0.0,0.0,0.0,0.0,0.0,0.0,0.0,0.0
2022-06-09,119.98999786376952,121.3000030517578,116.0999984741211,116.1500015258789,67029800,109.6500015258789,0,AMZN,-0.04150848957443054,-0.06923631161359645,-0.03377022232659099,121.49400024414062,120.1098503112793,0.03239350281702724,0.02636709683877824,0.0,0.0,0.0,0.0,0.0,0.0,0.0,0.0
2022-06-10,113.41999816894533,114.5,109.0500030517578,109.6500015258789,87266000,103.66999816894533,0,AMZN,-0.05596211721574329,-0.10853657296033414,-0.09889547326805803,118.9540008544922,119.96710052490235,0.30189855855156966,0.03125278097314648,0.0,0.0,0.0,0.0,0.0,0.0,0.0,0.0
2022-06-13,104.19000244140624,106.54000091552734,101.86000061035156,103.66999816894533,99277700,102.30999755859376,0,AMZN,-0.05453719355874531,-0.14449580864939626,-0.1740166450894286,114.73000030517578,118.81945037841797,0.13764467261018032,0.026841004950231857,0.0,0.0,0.0,0.0,0.0,0.0,0.0,0.0
2022-06-14,104.19000244140624,104.87999725341795,101.43000030517578,102.30999755859376,69728800,107.66999816894533,1,AMZN,-0.013118555361940287,-0.11915629604362521,-0.1637924083813217,110.59199981689453,117.02949981689453,-0.29763884538018104,0.02733204064995292,0.0,0.0,0.0,0.0,0.0,0.0,0.0,0.0
2022-06-15,103.86000061035156,109.05999755859376,103.52999877929688,107.66999816894533,85011100,103.66000366210938,0,AMZN,0.052389802934770247,-0.018057485904058757,-0.1371905010095389,107.88999938964844,115.62809982299805,0.21916768967772282,0.037181769879376665,0.0,0.0,0.0,0.0,0.0,0.0,0.0,0.0
2022-06-16,104.47000122070312,104.58000183105467,102.01000213623048,103.66000366210938,82186300,106.22000122070312,1,AMZN,-0.037243378610853695,-9.640693558865543e-05,-0.1572357425844766,105.39199981689453,113.44300003051758,-0.03322860191198562,0.03757892777470318,0.0,0.0,0.0,0.0,0.0,0.0,0.0,0.0
2022-06-17,102.8000030517578,106.9800033569336,102.51000213623048,106.22000122070312,99772100,108.68000030517578,1,AMZN,0.02469609751257895,0.0382172197772761,-0.1234527071034649,104.70599975585938,111.83000030517579,0.21397483522192862,0.04183396126409893,0.0,0.0,0.0,0.0,0.0,0.0,0.0,0.0
2022-06-21,108.1999969482422,111.62999725341795,103.55999755859376,108.68000030517578,70901200,108.9499969482422,1,AMZN,0.023159471438541024,0.009380534535216256,-0.06431339752534371,105.70800018310547,110.21900024414063,-0.2893684707448274,0.04287828096383832,0.0,0.0,0.0,0.0,0.0,0.0,0.0,0.0
2022-06-22,107.43000030517578,112.12999725341795,107.0199966430664,108.9499969482422,60040100,112.44000244140624,1,AMZN,0.0024843268523027096,0.05103215415056428,-0.00638399058728234,107.03600006103515,108.81399993896484,-0.15318640587183296,0.03748315301931832,0.0,0.0,0.0,0.0,0.0,0.0,0.0,0.0
2022-06-23,110.38999938964844,113.0,107.93000030517578,112.44000244140624,64345300,116.45999908447266,1,AMZN,0.032033093996523876,0.05855772123160907,0.08459539333808919,107.99000091552735,107.94000015258788,0.07170541021750454,0.030179360970603128,0.0,0.0,0.0,0.0,0.0,0.0,0.0,0.0
2022-06-24,112.37999725341795,116.70999908447266,111.43000030517578,116.45999908447266,69867600,113.22000122070312,0,AMZN,0.03575237064906056,0.0715862969953116,0.13830516922625358,110.55,107.97099990844727,0.08582289615558558,0.029014949237969025,0.0,0.0,0.0,0.0,0.0,0.0,0.0,0.0
2022-06-27,117.08999633789062,117.9800033569336,112.6999969482422,113.22000122070312,62133200,107.4000015258789,0,AMZN,-0.027820692849391482,0.03919233035398273,0.05154642097280693,111.95,108.32799987792968,-0.11070081124870468,0.029483405522584532,0.0,0.0,0.0,0.0,0.0,0.0,0.0,0.0
2022-06-28,113.5,114.8499984741211,107.04000091552734,107.4000015258789,74942900,108.91999816894533,1,AMZN,-0.05140434227234392,-0.04482391325234747,0.03607946875981649,111.69400024414062,108.70100021362305,0.20616514198528324,0.033309163478249894,0.0,0.0,0.0,0.0,0.0,0.0,0.0,0.0
2022-06-29,107.37999725341795,110.98999786376952,106.91000366210938,108.91999816894533,66375300,106.20999908447266,0,AMZN,0.014152668728781848,-0.0647432678585056,0.025418912796208337,111.68800048828125,109.3620002746582,-0.11432170359033345,0.03252872098536399,0.0,0.0,0.0,0.0,0.0,0.0,0.0,0.0
2022-06-30,108.11000061035156,108.18000030517578,102.5199966430664,106.20999908447266,97679400,109.55999755859376,1,AMZN,-0.024880638358708018,-0.061914874232916306,-0.02272728389554024,110.44199981689454,109.21600036621093,0.47162272712891684,0.0328910260477821,0.0,0.0,0.0,0.0,0.0,0.0,0.0,0.0
2022-07-01,106.29000091552734,109.75,105.8499984741211,109.55999755859376,73021200,113.5,1,AMZN,0.03154127203651269,0.020111694618499598,0.005598904336283184,109.06199951171875,109.80599975585938,-0.25244012555359674,0.035408078421147814,0.0,0.0,0.0,0.0,0.0,0.0,0.0,0.0
2022-07-05,107.5999984741211,114.08000183105467,106.31999969482422,113.5,76583700,114.33000183105467,1,AMZN,0.035962053023039564,0.042049227947567935,0.009427228171274171,109.11799926757813,110.53399963378907,0.04878720152503657,0.03600188520995823,0.0,0.0,0.0,0.0,0.0,0.0,0.0,0.0
2022-07-06,113.20999908447266,115.4800033569336,112.01000213623048,114.33000183105467,66958900,116.33000183105467,1,AMZN,0.007312791463036872,0.07645233797736761,-0.018289518033337893,110.50399932861328,111.09899978637695,-0.1256768737995161,0.03302677543235889,0.0,0.0,0.0,0.0,0.0,0.0,0.0,0.0
2022-07-07,113.8499984741211,116.98999786376952,113.48999786376952,116.33000183105467,57872300,115.54000091552734,0,AMZN,0.01749322109655349,0.06179266541914852,0.027468650210391132,111.98600006103516,111.83700027465821,-0.13570414089837202,0.03156809606663227,0.0,0.0,0.0,0.0,0.0,0.0,0.0,0.0
2022-07-08,114.5999984741211,116.58000183105467,113.69000244140624,115.54000091552734,45719700,111.75,0,AMZN,-0.006791033294013427,0.01797357634825847,0.0757914271322151,113.8520004272461,112.14700012207031,-0.20998992609590428,0.021268083492117333,0.0,0.0,0.0,0.0,0.0,0.0,0.0,0.0
2022-07-11,114.08000183105467,114.3000030517578,110.87000274658205,111.75,53487600,109.22000122070312,0,AMZN,-0.03280250030721621,-0.02256627123007604,0.025982389631195923,114.29000091552734,111.67600021362304,0.1699026896501945,0.026702352956922734,0.0,0.0,0.0,0.0,0.0,0.0,0.0,0.0
2022-07-12,112.16000366210938,113.2300033569336,108.33999633789062,109.22000122070312,54280300,110.4000015258789,1,AMZN,-0.022639810105564928,-0.06111923406205522,0.02834010132922149,113.43400115966797,111.27600021362305,0.014820257405454784,0.026309283323178525,0.0,0.0,0.0,0.0,0.0,0.0,0.0,0.0
2022-07-13,107.02999877929688,111.77999877929688,106.01000213623048,110.4000015258789,61353800,110.62999725341795,1,AMZN,0.010803884746268588,-0.04448675219767695,0.007667068145341016,112.64800109863282,111.57600021362305,0.13031431292752615,0.02377571428039667,0.0,0.0,0.0,0.0,0.0,0.0,0.0,0.0
2022-07-14,110.23999786376952,111.18000030517578,107.58000183105467,110.62999725341795,51163100,113.5500030517578,1,AMZN,0.002083294604711794,-0.010022395942568596,-0.025286367811295563,111.50800018310547,111.74700012207032,-0.16609729144731056,0.018390240227149947,0.0,0.0,0.0,0.0,0.0,0.0,0.0,0.0
2022-07-15,112.5,115.58999633789062,111.58999633789062,113.5500030517578,84317800,113.76000213623048,1,AMZN,0.02639434033114041,0.039644770029849674,-0.006822345550640985,111.11000061035156,112.48100051879882,0.6480197642441525,0.021424925391718825,0.0,0.0,0.0,0.0,0.0,0.0,0.0,0.0
2022-07-18,115.0,117.23999786376952,113.1500015258789,113.76000213623048,59115400,118.20999908447266,1,AMZN,0.0018493974357443044,0.03043478771659225,-0.022092320591179826,111.51200103759766,112.9010009765625,-0.2988977416393691,0.019967526208639078,0.0,0.0,0.0,0.0,0.0,0.0,0.0,0.0
2022-07-19,115.6999969482422,118.9499969482422,114.02999877929688,118.20999908447266,60990000,122.7699966430664,1,AMZN,0.03911741266419089,0.0685166954645342,0.023108864010632724,113.31000061035157,113.37200088500977,0.03171085706939314,0.025337643280712484,0.0,0.0,0.0,0.0,0.0,0.0,0.0,0.0
2022-07-20,118.62000274658205,123.4800033569336,118.31999969482422,122.7699966430664,71268300,124.62999725341795,1,AMZN,0.03857539627705431,0.08119765163815984,0.09861294535182474,115.78399963378907,114.21600036621093,0.16852434825381213,0.022473387502059697,0.0,0.0,0.0,0.0,0.0,0.0,0.0,0.0
2022-07-21,123.1999969482422,124.8499984741211,121.26000213623048,124.62999725341795,60239900,122.41999816894533,0,AMZN,0.01515028639903937,0.09555199466478892,0.14109133730529377,118.58399963378906,115.04599990844727,-0.1547448164190811,0.015836465629667708,0.0,0.0,0.0,0.0,0.0,0.0,0.0,0.0
2022-07-22,125.01000213623048,125.5,121.3499984741211,122.41999816894533,51463800,121.13999938964844,0,AMZN,-0.01773248120979176,0.03561457674544277,0.10887677968236997,120.35799865722656,115.73399963378907,-0.14568583281180747,0.02112845660467508,0.0,0.0,0.0,0.0,0.0,0.0,0.0,0.0
2022-07-25,122.6999969482422,123.63999938964844,120.02999877929688,121.13999938964844,50221300,114.80999755859376,0,AMZN,-0.010455798059483934,-0.013276837158812671,0.0950013775391807,121.83399810791016,116.67299957275391,-0.024143184141085627,0.02287186443151911,0.0,0.0,0.0,0.0,0.0,0.0,0.0,0.0
2022-07-26,115.79000091552734,118.1500015258789,114.52999877929688,114.80999755859376,67075100,120.97000122070312,1,AMZN,-0.052253606265046604,-0.07879322724252791,0.011096384614464938,121.15399780273438,117.23199920654297,0.33559067566948686,0.03259953269085856,0.0,0.0,0.0,0.0,0.0,0.0,0.0,0.0
2022-07-27,117.30999755859376,121.9000015258789,117.16000366210938,120.97000122070312,61582000,122.27999877929688,1,AMZN,0.05365389594199388,-0.011844445106437118,0.06337903436252135,120.79399871826172,118.28899917602538,-0.08189477168129455,0.037985487546265746,0.0,0.0,0.0,0.0,0.0,0.0,0.0,0.0
2022-07-28,121.56999969482422,122.83999633789062,118.08000183105467,122.27999877929688,82245500,134.9499969482422,1,AMZN,0.010829110898360028,0.009410594315603538,0.03443024893279811,120.3239990234375,119.45399932861328,0.33554447728232284,0.03573990509849083,0.0,0.0,0.0,0.0,0.0,0.0,0.0,0.0
2022-07-29,134.89999389648438,137.64999389648438,132.41000366210938,134.9499969482422,148892900,135.38999938964844,1,AMZN,0.10361464095050721,0.17542025797335192,0.09920990989832101,122.82999877929687,121.59399871826172,0.8103470706604008,0.05099978769407488,0.0,0.0,0.0,0.0,0.0,0.0,0.0,0.0
2022-08-01,134.9600067138672,138.8300018310547,133.50999450683594,135.38999938964844,76846900,134.16000366210938,0,AMZN,0.0032604850044939404,0.1192030918693372,0.08633557228081701,125.67999877929688,123.75699844360352,-0.48387800895811683,0.05117944788377437,0.0,0.0,0.0,0.0,0.0,0.0,0.0,0.0
2022-08-02,134.72000122070312,137.44000244140625,134.08999633789062,134.16000366210938,61922400,139.52000427246094,1,AMZN,-0.009084834427092181,0.09715411352149839,0.09589940915504913,129.55,125.35199890136718,-0.19421082698196024,0.05041295078901971,0.0,0.0,0.0,0.0,0.0,0.0,0.0,0.0
2022-08-03,136.2100067138672,140.49000549316406,136.0500030517578,139.52000427246094,71827800,142.57000732421875,1,AMZN,0.039952299225118226,0.0338644492594653,0.15172531761117947,133.26000061035157,127.02699966430664,0.15996473004922285,0.049897743965870885,0.0,0.0,0.0,0.0,0.0,0.0,0.0,0.0
2022-08-04,140.5800018310547,143.55999755859375,139.5500030517578,142.57000732421875,70585000,140.8000030517578,0,AMZN,0.021860686341448332,0.05303204052691113,0.2417908749754789,137.31800231933593,128.8210006713867,-0.017302492906646205,0.03813511412561453,0.0,0.0,0.0,0.0,0.0,0.0,0.0,0.0
2022-08-05,140.10000610351562,142.86000061035156,139.60000610351562,140.8000030517578,50686900,139.41000366210938,0,AMZN,-0.012414983387324718,0.04949313661597454,0.16392495355006198,138.48800354003907,130.65900115966798,-0.28190267053906637,0.040015756528321816,0.0,0.0,0.0,0.0,0.0,0.0,0.0,0.0
2022-08-08,142.0500030517578,144.22999572753906,138.2899932861328,139.41000366210938,52229000,137.8300018310547,0,AMZN,-0.009872154542052702,-0.00078842178170202,0.14008836321408902,139.29200439453126,132.48600158691406,0.030424034612493545,0.04175554111864349,0.0,0.0,0.0,0.0,0.0,0.0,0.0,0.0
2022-08-09,138.0500030517578,138.9499969482422,136.2100067138672,137.8300018310547,40434700,142.69000244140625,1,AMZN,-0.011333489631663474,-0.03324686294211099,0.021341274160362467,140.0260040283203,134.78800201416016,-0.22581898945030543,0.020313397195067813,0.0,0.0,0.0,0.0,0.0,0.0,0.0,0.0
2022-08-10,142.89999389648438,144.60000610351562,141.00999450683594,142.69000244140625,54773800,140.63999938964844,0,AMZN,0.0352608325167747,0.01342329082872018,0.05391833285077885,140.66000366210938,136.96000213623046,0.3546236277256911,0.023656223851363203,0.0,0.0,0.0,0.0,0.0,0.0,0.0,0.0
2022-08-11,143.86000061035156,144.49000549316406,139.75999450683594,140.63999938964844,44867300,143.5500030517578,1,AMZN,-0.014366830308238487,0.008822865613863806,0.04830050350817938,140.2740020751953,138.79600219726564,-0.1808620179720961,0.024357192880739433,0.0,0.0,0.0,0.0,0.0,0.0,0.0,0.0
2022-08-12,142.0500030517578,143.57000732421875,140.1199951171875,143.5500030517578,47643500,143.17999267578125,0,AMZN,0.020691152408548463,0.04150040734755578,0.028884738072591398,140.82400207519532,139.6560028076172,0.06187579818709832,0.020851487281910473,0.0,0.0,0.0,0.0,0.0,0.0,0.0,0.0
2022-08-15,142.8000030517578,143.75999450683594,141.49000549316406,143.17999267578125,39014600,144.77999877929688,1,AMZN,-0.0025775713556979163,0.003433949302623418,0.004278497020592464,141.5779998779297,140.43500213623048,-0.1811138980133702,0.01940959130132788,0.0,0.0,0.0,0.0,0.0,0.0,0.0,0.0
2022-08-16,143.91000366210938,146.57000732421875,142.0,144.77999877929688,59102900,142.10000610351562,0,AMZN,0.0111747882760318,0.029436855856195043,0.028267014497691534,142.96799926757814,141.49700164794922,0.5148918609956272,0.018776461312039548,0.0,0.0,0.0,0.0,0.0,0.0,0.0,0.0
2022-08-17,142.69000244140625,143.3800048828125,140.77999877929688,142.10000610351562,48149800,142.3000030517578,1,AMZN,-0.01851079360669594,-0.010100988627073648,0.019295619903475947,142.85,141.7550018310547,-0.18532254762456668,0.02008889421954355,0.0,0.0,0.0,0.0,0.0,0.0,0.0,0.0
2022-08-18,141.32000732421875,142.77000427246094,140.3800048828125,142.3000030517578,37458700,138.22999572753906,0,AMZN,0.0014074379989574837,-0.006146037638206203,0.03243126432068277,143.18200073242187,141.7280014038086,-0.22203830545505898,0.019138480921146627,0.0,0.0,0.0,0.0,0.0,0.0,0.0,0.0
2022-08-19,140.47000122070312,141.11000061035156,137.91000366210938,138.22999572753906,47792800,133.22000122070312,0,AMZN,-0.02860159688639219,-0.04524107685442558,-0.031256616704443796,142.1179992675781,141.47100067138672,0.27587983565900576,0.01728851736683975,0.0,0.0,0.0,0.0,0.0,0.0,0.0,0.0
2022-08-22,135.72000122070312,136.32000732421875,132.85000610351562,133.22000122070312,50461500,133.6199951171875,1,AMZN,-0.036243902638259384,-0.06249123505556842,-0.052758804046833974,140.1260009765625,140.85200042724608,0.05583895482164669,0.020975321901535452,0.0,0.0,0.0,0.0,0.0,0.0,0.0,0.0
2022-08-23,133.41000366210938,134.99000549316406,132.9499969482422,133.6199951171875,36252100,133.8000030517578,1,AMZN,0.003002506326521548,-0.060997946229229494,-0.06917455746058043,137.8940002441406,140.43099975585938,-0.2815889341379071,0.017841136664628277,0.0,0.0,0.0,0.0,0.0,0.0,0.0,0.0
2022-08-24,132.75,135.47000122070312,132.10000610351562,133.8000030517578,38627000,137.27999877929688,1,AMZN,0.001347163157822573,-0.03204798388703611,-0.06551187389193136,136.23399963378907,139.54199981689453,0.06551068765671508,0.01817366961567207,0.0,0.0,0.0,0.0,0.0,0.0,0.0,0.0
2022-08-25,135.25999450683594,137.4199981689453,134.27999877929688,137.27999877929688,37496300,130.75,0,AMZN,0.026008936084948253,0.030475885913464396,-0.05180273562118909,135.22999877929686,139.20599975585938,-0.02927227069148519,0.021538240624102655,0.0,0.0,0.0,0.0,0.0,0.0,0.0,0.0
2022-08-26,136.5500030517578,137.8300018310547,130.5,130.75,53322700,129.7899932861328,0,AMZN,-0.04756700784791723,-0.021478784778209636,-0.07987336816331647,133.73399963378907,137.9259994506836,0.42207897845920805,0.026313639863808806,0.0,0.0,0.0,0.0,0.0,0.0,0.0,0.0
2022-08-29,129.89999389648438,131.9499969482422,128.77000427246094,129.7899932861328,48101600,128.72999572753906,0,AMZN,-0.007342307563037775,-0.02997017693694526,-0.08791292689624763,133.047998046875,136.58699951171874,-0.09791514683239966,0.025799958963853644,0.0,0.0,0.0,0.0,0.0,0.0,0.0,0.0
2022-08-30,131.25,132.07000732421875,126.8499984741211,128.72999572753906,49203000,126.7699966430664,0,AMZN,-0.008167020675137082,-0.062281491315450355,-0.06872603844049274,132.06999816894532,134.98199920654298,0.022897367239343325,0.024848736982362445,0.0,0.0,0.0,0.0,0.0,0.0,0.0,0.0
2022-08-31,129.4499969482422,130.58999633789062,126.73999786376952,126.7699966430664,53648700,127.81999969482422,1,AMZN,-0.015225659516225343,-0.030439796228937666,-0.04841618764851319,130.66399688720702,133.44899826049806,0.09035424669227488,0.022263491601564562,0.0,0.0,0.0,0.0,0.0,0.0,0.0,0.0
2022-09-01,126.0,128.02000427246094,123.66000366210938,127.81999969482422,56636100,127.51000213623048,0,AMZN,0.008282741023605045,-0.015178316459001473,-0.043406642974927245,128.7719970703125,132.0009979248047,0.05568448070503096,0.022737316482835702,0.0,0.0,0.0,0.0,0.0,0.0,0.0,0.0
2022-09-02,129.5,131.3800048828125,126.38999938964844,127.51000213623048,57429800,126.11000061035156,0,AMZN,-0.002425266463259801,-0.009477150872363338,-0.047010469148451195,128.1239974975586,130.92899856567382,0.01401402992084555,0.022575663419104105,0.0,0.0,0.0,0.0,0.0,0.0,0.0,0.0
2022-09-06,127.91999816894533,128.6199951171875,124.73999786376952,126.11000061035156,43888600,129.47999572753906,1,AMZN,-0.010979542799969266,-0.005206247930834351,-0.08136653750196454,127.38799896240235,130.21799850463867,-0.23578699560158667,0.01739665584948459,0.0,0.0,0.0,0.0,0.0,0.0,0.0,0.0
2022-09-07,126.12000274658205,129.82000732421875,125.4000015258789,129.47999572753906,47900300,129.82000732421875,1,AMZN,0.026722663554652915,0.012986981979957513,-0.00971322579320033,127.53799896240234,129.80399856567382,0.0914064244473507,0.014431722288511669,0.0,0.0,0.0,0.0,0.0,0.0,0.0,0.0
2022-09-08,127.72000122070312,130.27999877929688,127.0999984741211,129.82000732421875,43988500,133.27000427246094,1,AMZN,0.0026259778181887405,0.018116266561742256,0.00023125078695218626,128.14800109863282,129.40599899291993,-0.08166545929774971,0.01422705274066012,0.0,0.0,0.0,0.0,0.0,0.0,0.0,0.0
2022-09-09,130.91000366210938,133.69000244140625,130.75999450683594,133.27000427246094,49387600,136.4499969482422,1,AMZN,0.02657523304266962,0.056775859388281225,0.03526768193584773,129.23800201416014,129.00499954223633,0.12273889766643564,0.016699737597759768,0.0,0.0,0.0,0.0,0.0,0.0,0.0,0.0
2022-09-12,134.10000610351562,136.49000549316406,134.0,136.4499969482422,53826900,126.81999969482422,0,AMZN,0.023861278411006825,0.05383071864915645,0.07635876438831812,131.0260009765625,129.57499923706055,0.08988693518211055,0.015249416237128458,0.0,0.0,0.0,0.0,0.0,0.0,0.0,0.0
2022-09-13,131.00999450683594,131.39999389648438,126.2699966430664,126.81999969482422,72694000,128.5500030517578,1,AMZN,-0.0705752837581286,-0.023108977508391026,-0.007823501818084333,131.16800079345703,129.2779998779297,0.3505143339111114,0.03440297746029146,0.0,0.0,0.0,0.0,0.0,0.0,0.0,0.0
2022-09-14,127.36000061035156,128.83999633789062,126.33000183105467,128.5500030517578,45316800,126.27999877929688,0,AMZN,0.01364140798846103,-0.035416831015127936,0.008156230084728655,130.98200225830078,129.26000061035157,-0.37660879852532536,0.03479457612083508,0.0,0.0,0.0,0.0,0.0,0.0,0.0,0.0
2022-09-15,127.37999725341795,130.3699951171875,125.5,126.27999877929688,52887200,123.52999877929688,0,AMZN,-0.0176585314552421,-0.07453278414365205,0.0013480149720288548,130.2740005493164,129.21100082397462,0.16705504360413803,0.03528817191246663,0.0,0.0,0.0,0.0,0.0,0.0,0.0,0.0
2022-09-16,122.77999877929688,123.87000274658205,120.6999969482422,123.52999877929688,115667800,124.66000366210938,1,AMZN,-0.021777003694830932,-0.025942287678948905,-0.045953020887972484,128.32599945068358,128.78200073242186,1.1870660575715863,0.03407734492939551,0.0,0.0,0.0,0.0,0.0,0.0,0.0,0.0
2022-09-19,122.16000366210938,124.70999908447266,121.8000030517578,124.66000366210938,47279700,122.19000244140624,0,AMZN,0.009147615105472573,-0.030260593522368207,-0.039747368440848474,125.96800079345704,128.49700088500975,-0.5912457918279763,0.034445596307038424,0.0,0.0,0.0,0.0,0.0,0.0,0.0,0.0
2022-09-20,123.3499984741211,124.4000015258789,121.13999938964844,122.19000244140624,47698400,118.54000091552734,0,AMZN,-0.019813903001303257,-0.03238831467712355,-0.08313950233244105,125.04200134277343,128.10500106811523,0.008855809152765293,0.031650084454020184,0.0,0.0,0.0,0.0,0.0,0.0,0.0,0.0
2022-09-21,122.48999786376952,123.76000213623048,118.4499969482422,118.54000091552734,58498900,117.30999755859376,0,AMZN,-0.02987152347123634,-0.040395028843842495,-0.13125684450918973,123.04000091552734,127.01100158691406,0.22643317176257494,0.027820683199434645,0.0,0.0,0.0,0.0,0.0,0.0,0.0,0.0
2022-09-22,117.08000183105467,118.79000091552734,116.26000213623048,117.30999755859376,55229200,113.77999877929688,0,AMZN,-0.010376272544574183,-0.05896041944165009,-0.07498818923762052,121.24600067138672,125.76000061035157,-0.055893358678539284,0.01636969450480121,0.0,0.0,0.0,0.0,0.0,0.0,0.0,0.0
2022-09-23,116.0,116.0500030517578,112.05999755859376,113.77999877929688,65126700,115.1500015258789,1,AMZN,-0.0300912015408894,-0.06882726486679802,-0.11489695777380982,119.29600067138672,123.81100006103516,0.17920773793572975,0.013512353157723284,0.0,0.0,0.0,0.0,0.0,0.0,0.0,0.0
2022-09-26,113.3000030517578,117.33999633789062,113.12999725341795,115.1500015258789,62723300,114.41000366210938,0,AMZN,0.012040804722097675,-0.028597936253300538,-0.0881374513858697,117.39400024414063,121.68100051879883,-0.03690345127267314,0.017438729392202066,0.0,0.0,0.0,0.0,0.0,0.0,0.0,0.0
2022-09-27,117.1999969482422,118.31999969482422,113.0500030517578,114.41000366210938,60094700,118.01000213623048,1,AMZN,-0.006426381710496365,-0.02472077364962777,-0.07382818106783606,115.83800048828125,120.44000091552735,-0.041907871556502885,0.017107675928317845,0.0,0.0,0.0,0.0,0.0,0.0,0.0,0.0
2022-09-28,114.37999725341795,118.6999969482422,113.8000030517578,118.01000213623048,55763800,114.8000030517578,0,AMZN,0.0314657666190894,0.037177038164138976,-0.05334510934159531,115.73200073242188,119.38600082397461,-0.07206791946710778,0.022627536385136017,0.0,0.0,0.0,0.0,0.0,0.0,0.0,0.0
2022-09-29,115.5999984741211,116.06999969482422,113.05999755859376,114.8000030517578,58969700,113.0,0,AMZN,-0.027201076403397306,-0.003039500386306515,-0.06047957477693122,115.2300018310547,118.23800125122071,0.05749070185317362,0.02345040185954033,0.0,0.0,0.0,0.0,0.0,0.0,0.0,0.0
2022-09-30,114.08000183105467,116.91999816894533,112.83999633789062,113.0,59479600,115.87999725341795,1,AMZN,-0.015679468675155572,-0.012324129158089892,-0.04673528659304804,115.07400207519531,117.18500137329102,0.008646813533051745,0.02186873552052674,0.0,0.0,0.0,0.0,0.0,0.0,0.0,0.0
2022-10-03,113.58000183105467,116.91000366210938,112.4499969482422,115.87999725341795,50941900,121.08999633789062,1,AMZN,0.02548670135768094,-0.01804935890394832,-0.01218992698777921,115.22000122070312,116.30700073242187,-0.1435399700065233,0.024838493717010718,0.0,0.0,0.0,0.0,0.0,0.0,0.0,0.0
2022-10-04,119.88999938964844,123.0,119.79000091552734,121.08999633789062,62812600,120.9499969482422,0,AMZN,0.04496029692750958,0.054790880826866895,0.06424677128686929,116.55599975585938,116.1970001220703,0.2330242884541016,0.02657094732950747,0.0,0.0,0.0,0.0,0.0,0.0,0.0,0.0
2022-10-05,118.58000183105467,121.75,117.69000244140624,120.9499969482422,48217500,120.3000030517578,0,AMZN,-0.001156159830559167,0.07035395529417876,0.05036904338259873,117.14399871826171,116.4379997253418,-0.23235943106956247,0.02680584925880428,0.0,0.0,0.0,0.0,0.0,0.0,0.0,0.0
2022-10-06,120.7699966430664,121.52999877929688,119.5,120.3000030517578,42253800,114.55999755859376,0,AMZN,-0.005374071210291542,0.038142957396467114,0.051481506871055904,118.24399871826172,116.7370002746582,-0.12368331000155541,0.026718522055121187,0.0,0.0,0.0,0.0,0.0,0.0,0.0,0.0
2022-10-07,118.0,118.16999816894533,113.87999725341795,114.55999755859376,54678000,113.66999816894533,0,AMZN,-0.04771409266460669,-0.05392682283246164,-0.029234848870302033,118.55599822998047,116.81500015258788,0.29403745935276837,0.03125679618106433,0.0,0.0,0.0,0.0,0.0,0.0,0.0,0.0
2022-10-10,115.0999984741211,116.25,112.43000030517578,113.66999816894533,42339700,112.20999908447266,0,AMZN,-0.007768849586377025,-0.06019015264971184,-0.00984324784645696,118.11399841308594,116.66699981689453,-0.2256538278649548,0.029655109413583406,0.0,0.0,0.0,0.0,0.0,0.0,0.0,0.0
2022-10-11,112.70999908447266,115.4800033569336,110.38999938964844,112.20999908447266,56432200,112.9000015258789,1,AMZN,-0.01284419027000161,-0.06724857657571714,-0.006991158544489728,116.33799896240234,116.44699935913086,0.33284364320011717,0.02944034000867777,0.0,0.0,0.0,0.0,0.0,0.0,0.0,0.0
2022-10-12,112.48999786376952,113.83000183105467,111.4000015258789,112.9000015258789,45728700,112.52999877929688,0,AMZN,0.006149206372302096,-0.0144901891418584,-0.025716221937959638,114.72799987792969,115.93599929809571,-0.18967008197447555,0.027419140012024817,0.0,0.0,0.0,0.0,0.0,0.0,0.0,0.0
2022-10-13,107.87999725341795,113.44000244140624,105.3499984741211,112.52999877929688,86868100,106.9000015258789,0,AMZN,-0.00327726077574253,-0.010029026198752011,-0.07069120338155643,113.1739990234375,115.70899887084961,0.8996407070395616,0.01751409872484009,0.0,0.0,0.0,0.0,0.0,0.0,0.0,0.0
2022-10-14,114.0999984741211,114.95999908447266,106.5999984741211,106.9000015258789,67737300,113.79000091552734,1,AMZN,-0.05003107895219994,-0.04732196419141166,-0.1161636690935649,111.64199981689453,115.0989990234375,-0.220228138983125,0.022344871512310127,0.0,0.0,0.0,0.0,0.0,0.0,0.0,0.0
2022-10-17,110.11000061035156,114.19000244140624,110.08999633789062,113.79000091552734,62782000,116.36000061035156,1,AMZN,0.06445275295885255,0.007883076861114446,-0.05411472960170749,111.66600036621094,114.88999938964844,-0.07315467253640162,0.038374736412966355,0.0,0.0,0.0,0.0,0.0,0.0,0.0,0.0
2022-10-18,119.05999755859376,119.5199966430664,114.79000091552734,116.36000061035156,65607400,115.06999969482422,0,AMZN,0.022585461588422673,0.034035384987130435,0.0157123174765883,112.49600067138672,114.41699981689453,0.04500334490777602,0.03509089378775935,0.0,0.0,0.0,0.0,0.0,0.0,0.0,0.0
2022-10-19,114.70999908447266,116.58999633789062,113.22000122070312,115.06999969482422,47198100,115.25,1,AMZN,-0.01108629175628062,0.07642654866536636,0.012316367981268783,112.93000030517578,113.82900009155273,-0.2805979203565452,0.03527856935708177,0.0,0.0,0.0,0.0,0.0,0.0,0.0,0.0
2022-10-20,113.83000183105467,118.23999786376952,113.51000213623048,115.25,48795100,119.31999969482422,1,AMZN,0.0015642678860967596,0.012830644808206726,0.027092067911334672,113.4740005493164,113.32399978637696,0.033836107809424476,0.03466416291512767,0.0,0.0,0.0,0.0,0.0,0.0,0.0,0.0
2022-10-21,114.79000091552734,119.58999633789062,114.5,119.31999969482422,55660500,119.81999969482422,1,AMZN,0.03531453097461368,0.025438286945224764,0.05686446485542085,115.95800018310547,113.8,0.14069855374822482,0.03661613503876843,0.0,0.0,0.0,0.0,0.0,0.0,0.0,0.0
2022-10-24,119.9800033569336,120.38999938964844,116.56999969482422,119.81999969482422,49531500,120.5999984741211,1,AMZN,0.004190412347291339,0.04127922145300622,0.064782733445373,117.16399993896485,114.4150001525879,-0.11011399466407956,0.03632332216630766,0.0,0.0,0.0,0.0,0.0,0.0,0.0,0.0
2022-10-25,119.6500015258789,121.31999969482422,118.9499969482422,120.5999984741211,50934600,115.66000366210938,0,AMZN,0.006509754475742646,0.04642081105528062,0.1281571258436851,118.01199951171876,115.25400009155274,0.028327428000363364,0.02554956907548101,0.0,0.0,0.0,0.0,0.0,0.0,0.0,0.0
2022-10-26,116.0,119.3499984741211,114.76000213623048,115.66000366210938,68802300,110.95999908447266,0,AMZN,-0.040961814879887926,-0.030673785133051745,0.01643380553244067,118.13000030517578,115.53000030517578,0.35079690426546994,0.024404551630267276,0.0,0.0,0.0,0.0,0.0,0.0,0.0,0.0
2022-10-27,113.91999816894533,114.12000274658205,109.7699966430664,110.95999908447266,129605400,103.41000366210938,0,AMZN,-0.04063638620803933,-0.07394425499013146,-0.046407713110638404,117.27200012207031,115.37300033569336,0.8837364448572214,0.027297580586449113,0.0,0.0,0.0,0.0,0.0,0.0,0.0,0.0
2022-10-28,97.91000366210938,103.95999908447266,97.66000366210938,103.41000366210938,223133400,102.44000244140624,0,AMZN,-0.06804249715805744,-0.14253727221812884,-0.10132959123697038,114.09000091552734,115.02400054931641,0.7216365984750635,0.03601014151322477,0.0,0.0,0.0,0.0,0.0,0.0,0.0,0.0
2022-10-31,103.55999755859376,104.87000274658205,100.73999786376952,102.44000244140624,99251400,96.79000091552734,0,AMZN,-0.009380148789788323,-0.11430054298912373,-0.11114965343682226,110.61400146484375,113.8890007019043,-0.5551925440117884,0.03542519333037758,0.0,0.0,0.0,0.0,0.0,0.0,0.0,0.0
2022-11-01,103.98999786376952,104.58000183105467,96.05999755859376,96.79000091552734,153370000,92.12000274658205,0,AMZN,-0.05515425020719411,-0.12770366155246493,-0.18881997013845253,105.852001953125,111.93200073242187,0.5452678753146052,0.029536148363662938,0.0,0.0,0.0,0.0,0.0,0.0,0.0,0.0
2022-11-02,97.31999969482422,97.73999786376952,92.01000213623048,92.12000274658205,135761800,89.30000305175781,0,AMZN,-0.04824876665742572,-0.10917706716670506,-0.23118007860785128,101.14400177001953,109.63700103759766,-0.11480863271826303,0.026151042013189123,0.0,0.0,0.0,0.0,0.0,0.0,0.0,0.0
2022-11-03,92.47000122070312,93.5,89.0199966430664,89.30000305175781,136683300,90.9800033569336,1,AMZN,-0.030612240672440283,-0.12827019793526706,-0.25953562038460376,96.81200256347657,107.04200134277343,0.006787623617247274,0.018649545750076726,0.0,0.0,0.0,0.0,0.0,0.0,0.0,0.0
2022-11-04,91.48999786376952,92.44000244140624,88.04000091552734,90.9800033569336,129101300,90.52999877929688,0,AMZN,0.01881299269611514,-0.0600268364876283,-0.21338405260020787,94.32600250244141,104.20800170898437,-0.05547129751769231,0.029600341133339415,0.0,0.0,0.0,0.0,0.0,0.0,0.0,0.0
2022-11-07,91.9499969482422,92.0999984741211,89.04000091552734,90.52999877929688,77495700,89.9800033569336,0,AMZN,-0.00494619214148917,-0.017260138079448373,-0.18412040801859275,91.94400177001953,101.27900161743165,-0.3997295147299059,0.03116320429874372,0.0,0.0,0.0,0.0,0.0,0.0,0.0,0.0
2022-11-08,90.79000091552734,91.72000122070312,88.2300033569336,89.9800033569336,88703400,86.13999938964844,0,AMZN,-0.006075283660437414,0.0076147847921310685,-0.12987138409798438,90.58200225830078,98.2170021057129,0.1446235081430325,0.026405231326529246,0.0,0.0,0.0,0.0,0.0,0.0,0.0,0.0
2022-11-09,89.47000122070312,89.4800033569336,85.87000274658203,86.13999938964844,90796200,96.62999725341795,1,AMZN,-0.042676192754212194,-0.05319854680920166,-0.1591175582124873,89.38600158691406,95.2650016784668,0.023593233179336925,0.02728947168501085,0.0,0.0,0.0,0.0,0.0,0.0,0.0,0.0
2022-11-10,92.94000244140624,98.69000244140624,91.6500015258789,96.62999725341795,173414900,100.79000091552734,1,AMZN,0.12177847617944271,0.06738096273470928,-0.0016531011529695716,90.8520004272461,93.83200149536133,0.9099356581002289,0.05819849950499581,0.0,0.0,0.0,0.0,0.0,0.0,0.0,0.0
2022-11-11,97.87999725341795,101.19000244140624,96.66000366210938,100.79000091552734,111590500,98.48999786376952,0,AMZN,0.04305085149903842,0.12013777678705506,0.0941163472692903,92.81399993896484,93.57000122070312,-0.35651146470113004,0.05544889724729478,0.0,0.0,0.0,0.0,0.0,0.0,0.0,0.0
2022-11-14,98.7699966430664,100.12000274658205,97.29000091552734,98.48999786376952,99533100,98.94000244140624,1,AMZN,-0.022819754250081536,0.14337123939665597,0.1029114725414424,94.40599975585937,93.17500076293945,-0.1080504164781052,0.05446907733705376,0.0,0.0,0.0,0.0,0.0,0.0,0.0,0.0
2022-11-15,103.20999908447266,103.79000091552734,97.33999633789062,98.94000244140624,111336300,97.12000274658205,0,AMZN,0.004569038353104293,0.023905673741562383,0.08749174313880714,96.1979995727539,93.39000091552734,0.11858567652368901,0.054582066258397406,0.0,0.0,0.0,0.0,0.0,0.0,0.0,0.0
2022-11-16,96.8499984741211,98.48999786376952,95.54000091552734,97.12000274658205,87958800,94.8499984741211,0,AMZN,-0.018394983322362668,-0.03641232399651573,0.0727935939041704,98.39400024414063,93.89000091552734,-0.2099719498492405,0.05555804754930951,0.0,0.0,0.0,0.0,0.0,0.0,0.0,0.0
2022-11-17,95.37000274658205,96.97000122070312,94.02999877929688,94.8499984741211,82617900,94.13999938964844,0,AMZN,-0.023373189953300733,-0.03695806141333502,0.05412308219048567,98.03800048828126,94.44500045776367,-0.06072047367631206,0.056832217564218454,0.0,0.0,0.0,0.0,0.0,0.0,0.0,0.0
2022-11-18,95.9499969482422,95.98999786376952,92.4800033569336,94.13999938964844,72428200,92.45999908447266,0,AMZN,-0.007485493894513584,-0.04851428070865904,0.0928720693833831,96.70800018310547,94.76100006103516,-0.12333525785574317,0.05293477253606252,0.0,0.0,0.0,0.0,0.0,0.0,0.0,0.0
2022-11-21,93.97000122070312,95.0199966430664,90.58999633789062,92.45999908447266,84330300,93.1999969482422,1,AMZN,-0.017845764989037338,-0.04798191443907662,-0.043154282184332815,95.50200042724609,94.95400009155273,0.1643296395602818,0.023799769332236723,0.0,0.0,0.0,0.0,0.0,0.0,0.0,0.0
2022-11-22,92.62000274658205,93.3499984741211,90.87000274658205,93.1999969482422,62192000,94.12999725341795,1,AMZN,0.008003437930963697,-0.01739590461173368,-0.07530512846851112,94.35399932861328,95.2759994506836,-0.26251892854644177,0.012975700917607172,0.0,0.0,0.0,0.0,0.0,0.0,0.0,0.0
2022-11-23,93.23999786376952,94.58000183105467,92.83000183105467,94.12999725341795,59414700,93.41000366210938,0,AMZN,0.009978544373689502,-0.00010624746436516119,-0.04426846080738345,93.75599822998046,96.07499923706055,-0.04465686905068178,0.01390550931167038,0.0,0.0,0.0,0.0,0.0,0.0,0.0,0.0
2022-11-25,93.79000091552734,94.43000030517578,93.06999969482422,93.41000366210938,35088600,93.9499969482422,1,AMZN,-0.007648928209040617,0.010274763000687193,-0.055892446359821046,93.46799926757812,95.75299987792968,-0.4094289796969437,0.013044614994482602,0.0,0.0,0.0,0.0,0.0,0.0,0.0,0.0
2022-11-28,93.93000030517578,96.4000015258789,93.43000030517578,93.9499969482422,74943100,92.41999816894533,0,AMZN,0.00578089353348199,0.00804721056392843,-0.032640091728698084,93.42999877929688,95.06899948120117,1.135824740799006,0.013067942704950857,0.0,0.0,0.0,0.0,0.0,0.0,0.0,0.0
2022-11-29,94.04000091552734,94.41000366210938,91.44000244140624,92.41999816894533,65567300,96.54000091552734,1,AMZN,-0.016285245651894598,-0.018166356468373723,-0.025619402680736703,93.4219985961914,94.46199951171874,-0.12510558010010264,0.01156397340298982,0.0,0.0,0.0,0.0,0.0,0.0,0.0,0.0
2022-11-30,92.47000122070312,96.54000091552734,91.52999877929688,96.54000091552734,102805800,95.5,0,AMZN,0.04457912603558567,0.0335081589841284,0.025493961561920297,94.08999938964844,94.22199935913086,0.5679431667919832,0.02131407338992091,0.0,0.0,0.0,0.0,0.0,0.0,0.0,0.0
2022-12-01,96.98999786376952,97.2300033569336,94.91999816894533,95.5,68488000,94.12999725341795,0,AMZN,-0.010772746070691896,0.01649817032577139,0.03287909307407588,94.36399993896484,94.05999908447265,-0.3338119055539668,0.02025871828293231,0.0,0.0,0.0,0.0,0.0,0.0,0.0,0.0
2022-12-02,94.4800033569336,95.36000061035156,93.77999877929688,94.12999725341795,72496400,91.01000213623048,0,AMZN,-0.014345578498241363,0.01850247909923919,0.009978544373689502,94.50799865722657,93.98799896240234,0.05852704123350083,0.021399591496019894,0.0,0.0,0.0,0.0,0.0,0.0,0.0,0.0
2022-12-05,93.0500030517578,94.05999755859376,90.81999969482422,91.01000213623048,71535500,88.25,0,AMZN,-0.03314559872755318,-0.05728194247828544,-0.03314559872755318,93.91999969482421,93.67499923706055,-0.013254451255510613,0.024563190298466885,0.0,0.0,0.0,0.0,0.0,0.0,0.0,0.0
2022-12-06,90.5,91.04000091552734,87.9000015258789,88.25,75503600,88.45999908447266,1,AMZN,-0.03032636052572668,-0.0759162303664922,-0.055240375332545555,93.08600006103515,93.25399932861328,0.05547036086977797,0.026462331712160714,0.0,0.0,0.0,0.0,0.0,0.0,0.0,0.0
2022-12-07,88.33999633789062,89.88999938964844,87.4800033569336,88.45999908447266,68086900,90.3499984741211,1,AMZN,0.0023795930251859776,-0.06023582635066327,-0.058435317105907214,91.46999969482422,92.77999954223633,-0.0982297532832872,0.02620159937287478,0.0,0.0,0.0,0.0,0.0,0.0,0.0,0.0
2022-12-08,89.23999786376953,90.86000061035156,87.87999725341797,90.3499984741211,73305900,89.08999633789062,0,AMZN,0.021365582288144003,-0.007251990403444264,-0.02239774654658877,90.43999938964843,92.40199966430664,0.07665204319773711,0.02808007218061844,0.0,0.0,0.0,0.0,0.0,0.0,0.0,0.0
2022-12-09,88.9000015258789,90.3000030517578,88.62999725341797,89.08999633789062,67398500,90.5500030517578,1,AMZN,-0.01394579034322141,0.009518372100743688,-0.07717013162404551,89.43199920654297,91.96999893188476,-0.08058560088614963,0.018752529663752026,0.0,0.0,0.0,0.0,0.0,0.0,0.0,0.0
2022-12-12,89.20999908447266,90.58000183105467,87.87000274658203,90.5500030517578,61999800,92.48999786376952,1,AMZN,0.01638799835988114,0.02362654294501354,-0.05183242877740524,89.33999938964844,91.62999954223633,-0.08010118919560527,0.021480635472047937,0.0,0.0,0.0,0.0,0.0,0.0,0.0,0.0
2022-12-13,95.2300033569336,96.25,90.5199966430664,92.48999786376952,100212000,91.58000183105467,0,AMZN,0.02142456926150338,0.023685660495737393,-0.017422707293119455,90.18799896240235,91.63699951171876,0.616327794605789,0.023687545584983247,0.0,0.0,0.0,0.0,0.0,0.0,0.0,0.0
2022-12-14,92.5,93.45999908447266,89.87000274658203,91.58000183105467,70298000,88.44999694824219,0,AMZN,-0.009838858835905628,0.02794932759588664,0.006263044516480409,90.81199951171875,91.14099960327148,-0.2985071648106016,0.019969909052727792,0.0,0.0,0.0,0.0,0.0,0.0,0.0,0.0
2022-12-15,89.88999938964844,89.97000122070312,87.47000122070312,88.44999694824219,84802900,87.86000061035156,0,AMZN,-0.03417782070573294,-0.02319167347035056,0.002266254371016352,90.43199920654297,90.43599929809571,0.2063344618623575,0.021005135474001773,0.0,0.0,0.0,0.0,0.0,0.0,0.0,0.0
2022-12-16,88.2699966430664,89.3499984741211,86.7300033569336,87.86000061035156,146144100,84.91999816894531,0,AMZN,-0.006670394101153776,-0.05005943734843177,-0.0067827094769483676,90.18600006103516,89.80899963378906,0.7233384707362602,0.021149160755582735,0.0,0.0,0.0,0.0,0.0,0.0,0.0,0.0
2022-12-19,87.51000213623047,87.62999725341797,84.51000213623047,84.91999816894531,83531500,85.19000244140625,1,AMZN,-0.033462353983410575,-0.07272334056506824,-0.06009961701029909,89.05999908447265,89.19999923706055,-0.42843056955429604,0.02172583342355568,0.0,0.0,0.0,0.0,0.0,0.0,0.0,0.0
2022-12-20,85.33000183105469,86.61000061035156,84.33000183105469,85.19000244140625,74348300,86.7699966430664,1,AMZN,0.0031795134041781026,-0.036856920512315816,-0.04377589018741135,87.6,88.89399948120118,-0.10993696988561197,0.021987717470446665,0.0,0.0,0.0,0.0,0.0,0.0,0.0,0.0
2022-12-21,86.18000030517578,87.2300033569336,85.20999908447266,86.7699966430664,59267200,83.79000091552734,0,AMZN,0.018546709195681466,-0.012406145683053094,-0.04174496169294184,86.63799896240235,88.72499923706054,-0.20284391169670324,0.02236859734132904,0.0,0.0,0.0,0.0,0.0,0.0,0.0,0.0
2022-12-22,85.5199966430664,85.68000030517578,82.25,83.79000091552734,81431300,85.25,1,AMZN,-0.034343619255829294,-0.013306609488731747,-0.09406419233630625,85.70599975585938,88.06899948120117,0.3739690756438636,0.020916641891393542,0.0,0.0,0.0,0.0,0.0,0.0,0.0,0.0
2022-12-23,83.25,85.77999877929688,82.93000030517578,85.25,57433700,83.04000091552734,0,AMZN,0.01742450254827599,0.0007042793388227775,-0.06911991378567739,85.18399963378906,87.68499984741212,-0.29469749346995566,0.024081214810964372,0.0,0.0,0.0,0.0,0.0,0.0,0.0,0.0
2022-12-27,84.97000122070312,85.3499984741211,83.0,83.04000091552734,57284000,81.81999969482422,0,AMZN,-0.025923742926365456,-0.042987159984373635,-0.06116445697426742,84.80800018310546,86.93399963378906,-0.002606483649843172,0.02286745941062287,0.0,0.0,0.0,0.0,0.0,0.0,0.0,0.0
2022-12-28,82.80000305175781,83.4800033569336,81.69000244140625,81.81999969482422,58228600,84.18000030517578,1,AMZN,-0.01469172937442731,-0.02351117316121254,-0.06874574178884896,84.13399963378906,85.86699981689453,0.016489770267439363,0.022946725646321137,0.0,0.0,0.0,0.0,0.0,0.0,0.0,0.0
2022-12-29,82.87000274658203,84.55000305175781,82.55000305175781,84.18000030517578,54995900,84.0,0,AMZN,0.02884381103830358,-0.012551316068319274,-0.008714058875711861,83.61600036621094,85.12699966430664,-0.05551739179715809,0.024324578463092685,0.0,0.0,0.0,0.0,0.0,0.0,0.0,0.0
2022-12-30,83.12000274658203,84.05000305175781,82.47000122070312,84.0,62401200,85.81999969482422,1,AMZN,-0.002138278742257471,0.011560682489023755,-0.01396880393593991,83.65800018310547,84.68199996948242,0.13465185586561912,0.024255418842537835,0.0,0.0,0.0,0.0,0.0,0.0,0.0,0.0
2023-01-03,85.45999908447266,86.95999908447266,84.20999908447266,85.81999969482422,76706000,85.13999938964844,0,AMZN,0.021666663033621747,0.04888780267562187,-0.010948449752165579,83.77200012207031,84.47799987792969,0.22923918129779564,0.024714955022111955,0.0,0.0,0.0,0.0,0.0,0.0,0.0,0.0
2023-01-04,86.55000305175781,86.9800033569336,83.36000061035156,85.13999938964844,68885100,83.12000274658203,0,AMZN,-0.007923564525679994,0.011404123081401707,0.01611168945423569,84.19199981689454,84.5,-0.10195942951007742,0.02048462344614163,0.0,0.0,0.0,0.0,0.0,0.0,0.0,0.0
2023-01-05,85.33000183105469,85.41999816894531,83.06999969482422,83.12000274658203,67930800,86.08000183105469,1,AMZN,-0.023725589118479662,-0.0104761577787853,-0.024985305025430726,84.45200042724609,84.29300003051758,-0.013853503878197171,0.021361983454524912,0.0,0.0,0.0,0.0,0.0,0.0,0.0,0.0
2023-01-06,83.02999877929688,86.4000015258789,81.43000030517578,86.08000183105469,83303400,87.36000061035156,1,AMZN,0.035611152390083056,0.0030296217333376507,0.03660887381997724,84.83200073242188,84.2240005493164,0.22629793849034607,0.02314176359768534,0.0,0.0,0.0,0.0,0.0,0.0,0.0,0.0
2023-01-09,87.45999908447266,89.4800033569336,87.08000183105469,87.36000061035156,65266100,89.87000274658203,1,AMZN,0.01486987397850048,0.026074715017827987,0.06770961789526608,85.50400085449219,84.58100051879883,-0.21652537591502863,0.021508671234723307,0.0,0.0,0.0,0.0,0.0,0.0,0.0,0.0
2023-01-10,87.56999969482422,90.19000244140624,87.29000091552734,89.87000274658203,67756600,95.08999633789062,1,AMZN,0.028731709234134817,0.0812078895206434,0.067593281311219,86.31400146484376,85.04300079345703,0.03815916685691345,0.021491990755003253,0.0,0.0,0.0,0.0,0.0,0.0,0.0,0.0
2023-01-11,90.93000030517578,95.26000213623048,90.93000030517578,95.08999633789062,103126200,95.2699966430664,1,AMZN,0.058083825879343465,0.10467000830831119,0.1320237659272694,88.30400085449219,86.24800033569336,0.5220096640032115,0.027288846247911117,0.0,0.0,0.0,0.0,0.0,0.0,0.0,0.0
2023-01-12,96.93000030517578,97.19000244140624,93.5,95.2699966430664,85254800,98.12000274658205,1,AMZN,0.0018929468094222024,0.0905448257492063,0.11011415732750374,90.73399963378907,87.59300003051757,-0.1732964077024074,0.02788561880989495,0.0,0.0,0.0,0.0,0.0,0.0,0.0,0.0
2023-01-13,94.18000030517578,98.37000274658205,94.12000274658205,98.12000274658205,85549400,96.0500030517578,0,AMZN,0.029915043601747238,0.09179926280033168,0.15245482088307072,93.14199981689453,88.9870002746582,0.0034555239118501113,0.026238057919281816,0.0,0.0,0.0,0.0,0.0,0.0,0.0,0.0
2023-01-17,98.68000030517578,98.88999938964844,95.7300033569336,96.0500030517578,72755000,95.45999908447266,0,AMZN,-0.02109661268732843,0.010095769805857469,0.1555582275977181,94.88000030517578,90.19200057983399,-0.1495556953058701,0.025503564581054454,0.0,0.0,0.0,0.0,0.0,0.0,0.0,0.0
2023-01-18,97.25,99.31999969482422,95.37999725341795,95.45999908447266,79570400,93.68000030517578,0,AMZN,-0.00614267515397382,0.0019943575952678927,0.10896836726174408,95.99799957275391,91.15600051879883,0.09367603601127072,0.02642221182916155,0.0,0.0,0.0,0.0,0.0,0.0,0.0,0.0
2023-01-19,94.73999786376952,95.44000244140624,92.86000061035156,93.68000030517578,69002700,97.25,1,AMZN,-0.01864654092151996,-0.045250737027327737,0.0723443183455672,95.71600036621093,92.01000061035157,-0.1328094366749445,0.02936098145414872,0.0,0.0,0.0,0.0,0.0,0.0,0.0,0.0
2023-01-20,93.86000061035156,97.3499984741211,93.1999969482422,97.25,67481500,97.5199966430664,1,AMZN,0.03810845093076898,0.012493460802865064,0.08211858270693839,96.11200103759765,93.42300033569336,-0.02204551416104006,0.030527901245300786,0.0,0.0,0.0,0.0,0.0,0.0,0.0,0.0
2023-01-23,97.55999755859376,97.77999877929688,95.86000061035156,97.5199966430664,76501100,96.31999969482422,0,AMZN,0.002776315095798454,0.02157969388592651,0.025554741810495774,95.99199981689453,94.56699981689454,0.1336603365366804,0.022679981206259598,0.0,0.0,0.0,0.0,0.0,0.0,0.0,0.0
2023-01-24,96.93000030517578,98.08999633789062,96.0,96.31999969482422,66929500,97.18000030517578,1,AMZN,-0.012305137300550828,0.02818103523749227,0.011021340282940217,96.0459991455078,95.4629997253418,-0.1251171551781608,0.02350201892317511,0.0,0.0,0.0,0.0,0.0,0.0,0.0,0.0
2023-01-25,92.55999755859376,97.23999786376952,91.5199966430664,97.18000030517578,94261600,99.22000122070312,1,AMZN,0.008928577793566816,-0.0007197912064187406,-0.009580130606335557,96.38999938964844,96.19399948120117,0.4083714953794664,0.020459571971728326,0.0,0.0,0.0,0.0,0.0,0.0,0.0,0.0
2023-01-26,98.23999786376952,99.48999786376952,96.91999816894533,99.22000122070312,68523600,102.23999786376952,1,AMZN,0.02099198301215366,0.017432369115627733,0.03300362382328226,97.49799957275391,96.60699996948242,-0.2730486221324484,0.01981093997408922,0.0,0.0,0.0,0.0,0.0,0.0,0.0,0.0
2023-01-27,99.52999877929688,103.48999786376952,99.52999877929688,102.23999786376952,87775600,100.5500030517578,0,AMZN,0.03043737760442844,0.061461775204546765,0.07102450077856415,98.4959991455078,97.30400009155274,0.28095429895685564,0.021213423556999247,0.0,0.0,0.0,0.0,0.0,0.0,0.0,0.0
2023-01-30,101.08999633789062,101.73999786376952,99.01000213623048,100.5500030517578,70691900,103.12999725341795,1,AMZN,-0.01652968356145279,0.03467794542085967,0.07333478569814278,99.1020004272461,97.54700012207032,-0.19462925915630314,0.02074624329333883,0.0,0.0,0.0,0.0,0.0,0.0,0.0,0.0
2023-01-31,101.16000366210938,103.3499984741211,101.13999938964844,103.12999725341795,66527300,105.1500015258789,1,AMZN,0.025658817736008643,0.039407337075288984,0.06046269669324378,100.46399993896485,98.25499954223632,-0.0589119828438619,0.018366528649797757,0.0,0.0,0.0,0.0,0.0,0.0,0.0,0.0
2023-02-01,102.52999877929688,106.23999786376952,101.23999786376952,105.1500015258789,80450100,112.91000366210938,1,AMZN,0.019586971068148662,0.02846247772801047,0.078240413714729,102.05800018310546,99.22399978637694,0.20927949879222507,0.018581193200660324,0.0,0.0,0.0,0.0,0.0,0.0,0.0,0.0
2023-02-02,110.25,114.0,108.87999725341795,112.91000366210938,158154200,103.38999938964844,0,AMZN,0.07379935352944922,0.12292392078784231,0.17223841382732719,104.79600067138672,101.1470001220703,0.9658670405630323,0.02713773064274788,0.0,0.0,0.0,0.0,0.0,0.0,0.0,0.0
2023-02-03,105.26000213623048,108.77999877929688,102.5199966430664,103.38999938964844,144374800,102.18000030517578,0,AMZN,-0.08431497620839845,0.0025211106676517048,0.06390202783465027,105.0260009765625,101.76100006103515,-0.08712636148771258,0.0492359886416926,0.0,0.0,0.0,0.0,0.0,0.0,0.0,0.0
2023-02-06,102.93000030517578,103.9499969482422,100.6500015258789,102.18000030517578,81945200,102.11000061035156,0,AMZN,-0.011703250716856073,-0.028245374965326753,0.029832685426887773,105.3520004272461,102.22700042724608,-0.43241341286706547,0.04956331617425732,0.0,0.0,0.0,0.0,0.0,0.0,0.0,0.0
2023-02-07,101.16999816894533,102.41000366210938,98.08000183105467,102.11000061035156,119501300,100.0500030517578,0,AMZN,-0.0006850625818668465,-0.09565142769880275,-0.0012714911593716405,105.14800109863282,102.80600051879883,0.4583075030630226,0.048310150904845826,0.0,0.0,0.0,0.0,0.0,0.0,0.0,0.0
2023-02-08,102.04000091552734,102.66999816894533,98.77999877929688,100.0500030517578,75878300,98.23999786376952,0,AMZN,-0.02017429777965285,-0.03230482984435579,-0.004972650271752088,104.1280014038086,103.09300079345704,-0.3650420539358149,0.048547486463639204,0.0,0.0,0.0,0.0,0.0,0.0,0.0,0.0
2023-02-09,101.31999969482422,101.77999877929688,97.56999969482422,98.23999786376952,64622500,97.61000061035156,0,AMZN,-0.01809100582487666,-0.03855942874964635,-0.04741587821080229,101.19400024414061,102.99500045776367,-0.14834017103704222,0.04754597643346612,0.0,0.0,0.0,0.0,0.0,0.0,0.0,0.0
2023-02-10,97.55999755859376,98.81999969482422,96.2300033569336,97.61000061035156,52740100,99.54000091552734,1,AMZN,-0.006412838631079554,-0.04407012019490486,-0.07170709278279608,100.03800048828124,102.53200073242188,-0.18387403768037447,0.0462163926688323,0.0,0.0,0.0,0.0,0.0,0.0,0.0,0.0
2023-02-13,97.8499984741211,99.68000030517578,96.91000366210938,99.54000091552734,52841500,99.6999969482422,1,AMZN,0.019772567289289666,-0.0050974724705067365,-0.11841291571110601,99.51000061035155,102.43100051879883,0.001922635717414245,0.03240407021329853,0.0,0.0,0.0,0.0,0.0,0.0,0.0,0.0
2023-02-14,98.41000366210938,100.91999816894533,97.5199966430664,99.6999969482422,56202900,101.16000366210938,1,AMZN,0.0016073541414836079,0.01486155452178739,-0.03569012925031201,99.02799987792969,102.08800048828125,0.06361288002800825,0.013689728514679386,0.0,0.0,0.0,0.0,0.0,0.0,0.0,0.0
2023-02-15,99.08999633789062,101.16999816894533,98.4499969482422,101.16000366210938,47957600,98.1500015258789,0,AMZN,0.014643999584324163,0.03636925550209802,-0.00998235114523427,99.25,101.68900070190429,-0.14670595289566912,0.015118449014687813,0.0,0.0,0.0,0.0,0.0,0.0,0.0,0.0
2023-02-16,99.20999908447266,100.62999725341795,98.0999984741211,98.1500015258789,56339200,97.1999969482422,0,AMZN,-0.02975486385196624,-0.013964229223064173,-0.03878169680542731,99.23200073242188,100.21300048828125,0.17477104775885355,0.018520244853493222,0.0,0.0,0.0,0.0,0.0,0.0,0.0,0.0
2023-02-17,97.8000030517578,97.94000244140624,95.6500015258789,97.1999969482422,60029400,94.58000183105467,0,AMZN,-0.009679109147911924,-0.025075226444568832,-0.028485817257209223,99.15,99.59400024414063,0.06549968760649771,0.017531488649180603,0.0,0.0,0.0,0.0,0.0,0.0,0.0,0.0
2023-02-21,95.33999633789062,95.61000061035156,94.2699966430664,94.58000183105467,56580400,95.79000091552734,1,AMZN,-0.02695468312187954,-0.0650454882646403,-0.03725566075225495,98.15800018310547,98.83400039672851,-0.05745518029498875,0.01898013924151873,0.0,0.0,0.0,0.0,0.0,0.0,0.0,0.0
2023-02-22,95.0999984741211,97.01000213623048,94.8000030517578,95.79000091552734,59534100,95.81999969482422,1,AMZN,0.012793392483054333,-0.02404483518759104,-0.018645627327567138,97.3760009765625,98.20200042724609,0.05220358993573737,0.020137610741743688,0.0,0.0,0.0,0.0,0.0,0.0,0.0,0.0
2023-02-23,96.12000274658205,96.43000030517578,93.66999816894533,95.81999969482422,48467000,93.5,0,AMZN,0.000313172345862478,-0.014197503052935434,-0.037371922709344085,96.30800018310546,97.77900009155273,-0.1858951424477736,0.017750562407596024,0.0,0.0,0.0,0.0,0.0,0.0,0.0,0.0
2023-02-24,93.52999877929688,94.13999938964844,92.31999969482422,93.5,57053800,93.76000213623048,1,AMZN,-0.024212061179431754,-0.011418923769782152,-0.062186530973123655,95.37799987792968,97.30500030517578,0.17716796995894124,0.01873377367996684,0.0,0.0,0.0,0.0,0.0,0.0,0.0,0.0
2023-02-27,94.27999877929688,94.77999877929688,93.13999938964844,93.76000213623048,47470300,94.2300033569336,1,AMZN,0.0027807715104863906,-0.021192178305614817,-0.07315145569385395,94.69000091552735,96.92000045776368,-0.16797303597656943,0.016662714144764446,0.0,0.0,0.0,0.0,0.0,0.0,0.0,0.0
2023-02-28,93.13999938964844,94.69000244140624,92.91999816894533,94.2300033569336,43959300,92.16999816894533,0,AMZN,0.005012811540044737,-0.016593574858636884,-0.039938849801359755,94.62000122070313,96.3890007019043,-0.0739620352093836,0.015139036729616237,0.0,0.0,0.0,0.0,0.0,0.0,0.0,0.0
2023-03-01,93.87000274658205,94.68000030517578,91.58999633789062,92.16999816894533,52299500,92.12999725341795,0,AMZN,-0.021861457228067538,-0.014224618513953735,-0.051748960259487276,93.89600067138672,95.63600082397461,0.18972549608387768,0.016325550172328666,0.0,0.0,0.0,0.0,0.0,0.0,0.0,0.0
2023-03-02,91.41000366210938,92.2300033569336,90.38999938964844,92.12999725341795,55509400,94.9000015258789,1,AMZN,-0.0004339906295109941,-0.01738486396837091,-0.02590404451474937,93.15800018310547,94.73300018310547,0.06137534775667075,0.013948051225514705,0.0,0.0,0.0,0.0,0.0,0.0,0.0,0.0
2023-03-03,92.73999786376952,94.94000244140624,92.66000366210938,94.9000015258789,55759600,93.75,0,AMZN,0.030066258059702644,0.007110242439527736,-0.009291151280322985,93.43800048828125,94.40800018310547,0.004507344701978333,0.018217899094701284,0.0,0.0,0.0,0.0,0.0,0.0,0.0,0.0
2023-03-06,95.19000244140624,96.5500030517578,93.73999786376952,93.75,52112400,93.5500030517578,0,AMZN,-0.012118034851298809,0.017142257377054104,-0.02160300251948377,93.43600006103516,94.06300048828125,-0.06540936448611534,0.018647703700540655,0.0,0.0,0.0,0.0,0.0,0.0,0.0,0.0
2023-03-07,94.05999755859376,95.08999633789062,92.77999877929688,93.5500030517578,49100700,93.91999816894533,1,AMZN,-0.0021333007812501803,0.015413066760806338,0.0005347919974096893,93.3,93.96000061035156,-0.05779238722453772,0.01615603056354869,0.0,0.0,0.0,0.0,0.0,0.0,0.0,0.0
2023-03-08,93.5999984741211,94.16999816894533,92.18000030517578,93.91999816894533,44899100,92.25,0,AMZN,0.003955051898638873,-0.010326694849065232,0.0017064422895636255,93.65,93.77300033569335,-0.08557108147134362,0.01619349742892966,0.0,0.0,0.0,0.0,0.0,0.0,0.0,0.0
2023-03-09,93.68000030517578,96.20999908447266,92.18000030517578,92.25,56218700,90.7300033569336,0,AMZN,-0.017781071140368865,-0.016000000000000014,-0.02101245130421514,93.6740005493164,93.41600036621094,0.25211195770071115,0.017351225873103143,0.0,0.0,0.0,0.0,0.0,0.0,0.0,0.0
2023-03-10,92.66999816894533,93.56999969482422,90.25,90.7300033569336,69827500,92.43000030517578,1,AMZN,-0.0164769283801236,-0.030144303611235657,-0.015623248786142518,92.84000091552734,93.1390007019043,0.2420689201280002,0.016467415045509127,0.0,0.0,0.0,0.0,0.0,0.0,0.0,0.0
2023-03-13,89.97000122070312,94.0199966430664,88.12000274658203,92.43000030517578,72397100,94.87999725341795,1,AMZN,0.01873687738723384,-0.01586454315181418,0.0032563015380606686,92.5760009765625,93.00600051879883,0.036799255307722545,0.018290103519463256,0.0,0.0,0.0,0.0,0.0,0.0,0.0,0.0
2023-03-14,93.83000183105467,95.06999969482422,92.70999908447266,94.87999725341795,60912700,96.1999969482422,1,AMZN,0.0265065123894086,0.02850945532160387,-0.00021079317322769686,92.84199981689453,93.07099990844726,-0.15863066338292553,0.017360365641124368,0.0,0.0,0.0,0.0,0.0,0.0,0.0,0.0
2023-03-15,93.22000122070312,96.66999816894533,93.06999969482422,96.1999969482422,70731800,100.04000091552734,1,AMZN,0.013912307472971452,0.060288696009296316,0.02613330078125009,93.29799957275391,93.47399978637695,0.16119955280261755,0.017093260321251146,0.0,0.0,0.0,0.0,0.0,0.0,0.0,0.0
2023-03-16,95.75,100.98999786376952,95.61000061035156,100.04000091552734,84446900,98.9499969482422,0,AMZN,0.039916882423095545,0.08233258233501739,0.06937464085574496,94.85599975585937,94.26500015258789,0.19390288385139365,0.021479698831003244,0.0,0.0,0.0,0.0,0.0,0.0,0.0,0.0
2023-03-17,99.79000091552734,100.66000366210938,97.45999908447266,98.9499969482422,87300200,97.70999908447266,0,AMZN,-0.010895681300578275,0.04289628807591095,0.053556206104782955,96.4999984741211,94.66999969482421,0.03378809642509073,0.022845955193728684,0.0,0.0,0.0,0.0,0.0,0.0,0.0,0.0
2023-03-20,98.41000366210938,98.4800033569336,95.6999969482422,97.70999908447266,62388900,100.61000061035156,1,AMZN,-0.012531560404374309,0.01569648840054394,0.05918698194550309,97.55599822998047,95.06599960327148,-0.2853521526869355,0.021938140115806977,0.0,0.0,0.0,0.0,0.0,0.0,0.0,0.0
2023-03-21,98.13999938964844,100.8499984741211,98.0,100.61000061035156,58597300,98.6999969482422,0,AMZN,0.029679680207260972,0.005697717808954339,0.10889448790770873,98.70199890136719,95.77199935913086,-0.06077363120683321,0.02005180471108684,0.0,0.0,0.0,0.0,0.0,0.0,0.0,0.0
2023-03-22,100.4499969482422,102.0999984741211,98.61000061035156,98.6999969482422,57475400,98.70999908447266,1,AMZN,-0.018984232685839375,-0.0025265286276943133,0.06783508192540078,99.20199890136719,96.24999923706056,-0.01914593334505177,0.02364193676561811,0.0,0.0,0.0,0.0,0.0,0.0,0.0,0.0
2023-03-23,100.43000030517578,101.05999755859376,97.62000274658205,98.70999908447266,57559300,98.12999725341795,0,AMZN,0.0001013387693993284,0.010234367100295128,0.04036679955654954,98.93599853515624,96.89599914550783,0.0014597549560333434,0.022588654690466555,0.0,0.0,0.0,0.0,0.0,0.0,0.0,0.0
2023-03-24,98.06999969482422,98.3000030517578,96.4000015258789,98.12999725341795,56095400,98.04000091552734,0,AMZN,-0.00587581639584811,-0.02464967042926791,0.02006237387111498,98.77199859619141,97.63599853515625,-0.02543290137301879,0.02265482150942752,0.0,0.0,0.0,0.0,0.0,0.0,0.0,0.0
2023-03-27,99.06999969482422,99.33999633789062,97.08000183105467,98.04000091552734,46721300,97.23999786376952,0,AMZN,-0.0009171134251455548,-0.006686890102549414,-0.019992003015761428,98.83799896240234,98.1969985961914,-0.16710995910538118,0.01580359429854838,0.0,0.0,0.0,0.0,0.0,0.0,0.0,0.0
2023-03-28,98.11000061035156,98.44000244140624,96.29000091552734,97.23999786376952,38720100,100.25,1,AMZN,-0.008159965772002842,-0.014892120700408129,-0.017281446561005276,98.16399841308593,98.43299865722656,-0.17125379644830085,0.015601834951730188,0.0,0.0,0.0,0.0,0.0,0.0,0.0,0.0
2023-03-29,98.69000244140624,100.41999816894533,98.55999755859376,100.25,49783300,102.0,1,AMZN,0.0309543624265336,0.021604023294805597,0.02599530180459264,98.4739990234375,98.83799896240234,0.28572240257643955,0.019143433812328425,0.0,0.0,0.0,0.0,0.0,0.0,0.0,0.0
2023-03-30,101.5500030517578,103.04000091552734,101.01000213623048,102.0,53633400,103.29000091552734,1,AMZN,0.0174563591022443,0.040391667151091104,0.013815717932770033,99.13199920654297,99.03399887084962,0.07733717933523887,0.0168073039393389,0.0,0.0,0.0,0.0,0.0,0.0,0.0,0.0
2023-03-31,102.16000366210938,103.48999786376952,101.9499969482422,103.29000091552734,56750300,102.41000366210938,0,AMZN,0.012647067799287592,0.06221722732073398,0.04650460090380881,100.16399993896485,99.46799926757812,0.058114906010060974,0.014258358378801751,0.0,0.0,0.0,0.0,0.0,0.0,0.0,0.0
2023-04-03,102.3000030517578,103.29000091552734,101.43000030517578,102.41000366210938,41135700,103.9499969482422,1,AMZN,-0.008519675143944028,0.021546171193110863,0.037483584357754784,101.03800048828126,99.9379997253418,-0.27514568204925793,0.015251090784135782,0.0,0.0,0.0,0.0,0.0,0.0,0.0,0.0
2023-04-04,102.75,104.1999969482422,102.11000061035156,103.9499969482422,48662500,101.0999984741211,0,AMZN,0.015037527888524194,0.01911761713962945,0.05930907834221433,102.38000030517578,100.27199935913086,0.18297488556168973,0.014720251137590682,0.0,0.0,0.0,0.0,0.0,0.0,0.0,0.0
2023-04-05,103.91000366210938,103.91000366210938,100.75,101.0999984741211,45175400,102.05999755859376,1,AMZN,-0.027417013542964774,-0.021202463181283937,0.031211725112388455,102.55,100.51199951171876,-0.07165887490367329,0.019973155503098278,0.0,0.0,0.0,0.0,0.0,0.0,0.0,0.0
2023-04-06,100.75,102.37999725341795,99.8000030517578,102.05999755859376,43808000,102.16999816894533,1,AMZN,0.009495540049077267,-0.003417694473192512,0.0495680769304101,102.56199951171875,100.84699935913086,-0.03026868605479971,0.019197204129604253,0.0,0.0,0.0,0.0,0.0,0.0,0.0,0.0
2023-04-10,100.95999908447266,102.1999969482422,99.56999969482422,102.16999816894533,37261200,99.91999816894533,0,AMZN,0.0010778033801970288,-0.01712360588315509,0.019152101435863544,102.33799896240234,101.2509994506836,-0.14944302410518628,0.016075474898723213,0.0,0.0,0.0,0.0,0.0,0.0,0.0,0.0
2023-04-11,100.8000030517578,101.0,99.01000213623048,99.91999816894533,60417800,97.83000183105467,0,AMZN,-0.02202212039075757,-0.01167161545979467,-0.020392174814261477,101.83999786376954,101.43899917602539,0.6214668341330929,0.01698630559809662,0.0,0.0,0.0,0.0,0.0,0.0,0.0,0.0
2023-04-12,100.4000015258789,100.51000213623048,97.70999908447266,97.83000183105467,56735000,102.4000015258789,1,AMZN,-0.020916697119598426,-0.041446167242073506,-0.05286086780982768,100.61599884033203,101.49799957275391,-0.060955546213202094,0.01662784131129712,0.0,0.0,0.0,0.0,0.0,0.0,0.0,0.0
2023-04-13,98.9499969482422,102.56999969482422,98.70999908447266,102.4000015258789,67925100,102.51000213623048,1,AMZN,0.04671368301429957,0.0022511829407421136,-9.766757028417672e-05,100.8759994506836,101.7129997253418,0.19723451132457925,0.02637310279847896,0.0,0.0,0.0,0.0,0.0,0.0,0.0,0.0
2023-04-14,102.06999969482422,103.1999969482422,101.11000061035156,102.51000213623048,51450500,102.73999786376952,1,AMZN,0.001074224694457504,0.025920776768890263,-0.013852764351005242,100.96600036621095,101.76399993896486,-0.2425406808381585,0.025587336930915576,0.0,0.0,0.0,0.0,0.0,0.0,0.0,0.0
2023-04-17,103.16000366210938,103.7300033569336,101.58999633789062,102.73999786376952,39919500,102.3000030517578,0,AMZN,0.0022436418178333195,0.05018906205474738,0.016221557016820487,101.08000030517579,101.70899963378908,-0.22411832732432146,0.022940432633712263,0.0,0.0,0.0,0.0,0.0,0.0,0.0,0.0
2023-04-18,103.9499969482422,104.1999969482422,101.5199966430664,102.3000030517578,39790500,104.3000030517578,1,AMZN,-0.004282604839014548,-0.000976547584287224,0.0023516117862558694,101.55600128173828,101.69799957275391,-0.0032315034005937493,0.02283338567444357,0.0,0.0,0.0,0.0,0.0,0.0,0.0,0.0
2023-04-19,101.58000183105467,105.12000274658205,101.38999938964844,104.3000030517578,58398900,103.80999755859376,0,AMZN,0.019550341547772243,0.017461719619793703,0.02084765509431019,102.85000152587891,101.73300018310547,0.46765936592905333,0.02394426656743809,0.0,0.0,0.0,0.0,0.0,0.0,0.0,0.0
2023-04-20,103.52999877929688,105.25,103.20999908447266,103.80999755859376,57696900,106.95999908447266,1,AMZN,-0.004698039106680318,0.01041463614047422,0.03893113952095151,103.13200073242187,102.00400009155274,-0.0120207743639007,0.02169297856987347,0.0,0.0,0.0,0.0,0.0,0.0,0.0,0.0
2023-04-21,106.0999984741211,108.1500015258789,105.08000183105467,106.95999908447266,86774200,106.20999908447266,0,AMZN,0.030343912917452087,0.04555225702541943,0.09332512606086651,104.02200012207031,102.49400024414062,0.5039664176064917,0.01979125504973623,0.0,0.0,0.0,0.0,0.0,0.0,0.0,0.0
2023-04-24,107.66000366210938,109.2300033569336,105.06999969482422,106.20999908447266,69575600,102.56999969482422,0,AMZN,-0.007011967150520215,0.018312521350234645,0.037207006853714475,104.71600036621093,102.89800033569335,-0.19819946481788364,0.014147072176116587,0.0,0.0,0.0,0.0,0.0,0.0,0.0,0.0
2023-04-25,104.91000366210938,105.4499969482422,102.4499969482422,102.56999969482422,65026800,104.9800033569336,1,AMZN,-0.03427172037496595,-0.0119448790379717,0.000585284921894802,104.76999969482422,103.16300048828126,-0.06537924214810942,0.020702786234513396,0.0,0.0,0.0,0.0,0.0,0.0,0.0,0.0
2023-04-26,105.04000091552734,106.62000274658205,104.0999984741211,104.9800033569336,73803800,109.81999969482422,1,AMZN,0.023496184744855597,-0.018511553332899222,0.021802662446365417,104.90599975585937,103.87800064086915,0.13497511795136785,0.022519502552697003,0.0,0.0,0.0,0.0,0.0,0.0,0.0,0.0
2023-04-27,108.16000366210938,110.86000061035156,106.8000030517578,109.81999969482422,149961200,105.4499969482422,0,AMZN,0.046103983455159314,0.03398927258704143,0.0735092514050244,106.10800018310547,104.62000045776367,1.031889956885689,0.027246988598988983,0.0,0.0,0.0,0.0,0.0,0.0,0.0,0.0
2023-04-28,107.7300033569336,109.4800033569336,104.33000183105467,105.4499969482422,130715900,102.0500030517578,0,AMZN,-0.039792412663683274,0.028078358798740544,0.011025828023358164,105.80599975585938,104.91399993896485,-0.12833519603737498,0.0326571669620721,0.0,0.0,0.0,0.0,0.0,0.0,0.0,0.0
2023-05-01,104.9499969482422,105.2300033569336,101.81999969482422,102.0500030517578,74728100,103.62999725341795,1,AMZN,-0.0322427121373291,-0.02791008012462859,-0.0169539981526593,104.9740005493164,104.84500045776367,-0.4283166776191726,0.03516530808214018,0.0,0.0,0.0,0.0,0.0,0.0,0.0,0.0
2023-05-02,101.47000122070312,103.9000015258789,101.1500015258789,103.62999725341795,73469400,103.6500015258789,1,AMZN,0.015482549283793778,-0.05636498323263062,-0.031133151267370596,105.18600006103516,104.97799987792969,-0.016843730805413237,0.033292160465994376,0.0,0.0,0.0,0.0,0.0,0.0,0.0,0.0
2023-05-03,103.73999786376952,105.95999908447266,103.27999877929688,103.6500015258789,65051900,104.0,1,AMZN,0.00019303553981608879,-0.017069658363734086,-0.02410316901102405,104.91999969482421,104.91299972534179,-0.1145715086825263,0.03329611414027383,0.0,0.0,0.0,0.0,0.0,0.0,0.0,0.0
2023-05-04,104.04000091552734,105.38999938964844,103.30999755859376,104.0,45345500,105.66000366210938,1,AMZN,0.0033767339022539034,0.019108249778818642,0.013941701369118098,103.75599975585938,104.93199996948242,-0.302933503863838,0.030310552076325645,0.0,0.0,0.0,0.0,0.0,0.0,0.0,0.0
2023-05-05,104.2699966430664,105.76000213623048,103.5500030517578,105.66000366210938,56951700,105.83000183105467,1,AMZN,0.015961573674128537,0.019588984488026373,0.006477426971151612,103.79800109863281,104.8020004272461,0.2559504250697424,0.02955994318838315,0.0,0.0,0.0,0.0,0.0,0.0,0.0,0.0
2023-05-08,105.04000091552734,106.0999984741211,104.6999969482422,105.83000183105467,49430900,106.62000274658205,1,AMZN,0.0016089169321718,0.021032322943395965,-0.03633216057965072,104.55400085449219,104.7640007019043,-0.13205575952956627,0.022182540151086592,0.0,0.0,0.0,0.0,0.0,0.0,0.0,0.0
2023-05-09,105.4800033569336,106.79000091552734,105.16000366210938,106.62000274658205,44089400,110.19000244140624,1,AMZN,0.007464810562779034,0.02519233410175037,0.011095361139878523,105.152001953125,105.16900100708008,-0.10805993821678339,0.016246959394914436,0.0,0.0,0.0,0.0,0.0,0.0,0.0,0.0
2023-05-10,108.0999984741211,110.66999816894533,108.0500030517578,110.19000244140624,78627600,112.18000030517578,1,AMZN,0.033483395262233095,0.042873354365795535,0.07976481279985848,106.46000213623047,105.69000091552735,0.7833674307203091,0.011731450724081592,0.0,0.0,0.0,0.0,0.0,0.0,0.0,0.0
2023-05-11,111.02999877929688,113.27999877929688,110.48999786376952,112.18000030517578,74924800,110.26000213623048,0,AMZN,0.01805969525073503,0.060001874366950814,0.08250509773583747,108.09600219726562,105.9260009765625,-0.04709287832771192,0.011931320126489899,0.0,0.0,0.0,0.0,0.0,0.0,0.0,0.0
2023-05-12,112.16000366210938,112.63999938964844,109.31999969482422,110.26000213623048,49852700,111.1999969482422,1,AMZN,-0.01711533396079612,0.034139929618085985,0.06377231561063912,109.01600189208985,106.40700149536133,-0.3346301892030409,0.0158145042495914,0.0,0.0,0.0,0.0,0.0,0.0,0.0,0.0
2023-05-15,111.1500015258789,112.29000091552734,109.25,111.1999969482422,53011100,113.4000015258789,1,AMZN,0.008525256609829501,0.009165935969309258,0.06923073988694428,110.09000091552734,107.32200088500977,0.06335464277762282,0.015629269763549603,0.0,0.0,0.0,0.0,0.0,0.0,0.0,0.0
2023-05-16,111.0500030517578,114.79000091552734,111.0500030517578,113.4000015258789,71472900,115.5,1,AMZN,0.0197842143706235,0.010875389707472038,0.07325381029250488,111.44600067138671,108.29900131225585,0.34826291097524864,0.015947541856201276,0.0,0.0,0.0,0.0,0.0,0.0,0.0,0.0
2023-05-17,114.88999938964844,115.83000183105467,114.22000122070312,115.5,65655200,118.1500015258789,1,AMZN,0.018518504813616277,0.04752401380597915,0.09137293774578548,112.50800018310547,109.48400115966797,-0.08139728484502518,0.015697675903567434,0.0,0.0,0.0,0.0,0.0,0.0,0.0,0.0
2023-05-18,116.69000244140624,118.5999984741211,116.33999633789062,118.1500015258789,73174100,116.25,0,AMZN,0.022943736154795724,0.0625000428810405,0.10814104747963427,113.70200042724609,110.89900131225586,0.11452101280629723,0.01593002715051357,0.0,0.0,0.0,0.0,0.0,0.0,0.0,0.0
2023-05-19,118.16000366210938,118.30999755859376,115.6999969482422,116.25,55056300,115.01000213623048,0,AMZN,-0.01608126535201726,0.025132261338380202,0.05499589277000139,114.9,111.95800094604492,-0.24759853554741362,0.017246817852104464,0.0,0.0,0.0,0.0,0.0,0.0,0.0,0.0
2023-05-22,116.7699966430664,116.7699966430664,114.25,115.01000213623048,70741100,114.98999786376952,0,AMZN,-0.010666648290490466,-0.004242405746922251,0.025227329500409512,115.66200103759766,112.8760009765625,0.2848865615742431,0.017808573211946063,0.0,0.0,0.0,0.0,0.0,0.0,0.0,0.0
2023-05-23,114.2699966430664,117.13999938964844,113.77999877929688,114.98999786376952,67576300,116.75,1,AMZN,-0.00017393506729324049,-0.026745692943704658,0.0428985637211845,115.98000030517578,113.71300048828125,-0.04473778326884936,0.015511062623914041,0.0,0.0,0.0,0.0,0.0,0.0,0.0,0.0
2023-05-24,115.3499984741211,117.33999633789062,115.0199966430664,116.75,63487900,115.0,0,AMZN,0.015305697616549097,0.004301075268817289,0.04991010075603719,116.23000030517578,114.36900024414062,-0.06050050091526171,0.0158932023589177,0.0,0.0,0.0,0.0,0.0,0.0,0.0,0.0
2023-05-25,116.62999725341795,116.87000274658205,114.30999755859376,115.0,66496700,120.11000061035156,1,AMZN,-0.01498929336188437,-8.696753364667575e-05,0.014109333797107215,115.6,114.65100021362305,0.04739170771123313,0.016679208720508747,0.0,0.0,0.0,0.0,0.0,0.0,0.0,0.0
2023-05-26,116.04000091552734,121.5,116.0199966430664,120.11000061035156,96779900,121.66000366210938,1,AMZN,0.04443478791610045,0.04452563563526457,0.03991342519784902,116.37200012207032,115.63600006103516,0.45540906541226867,0.022710979108277782,0.0,0.0,0.0,0.0,0.0,0.0,0.0,0.0
2023-05-30,122.37000274658205,122.91999816894533,119.86000061035156,121.66000366210938,64314800,120.58000183105467,0,AMZN,0.01290486257498391,0.04205570588530505,0.0297080160042289,117.70200042724609,116.68200073242187,-0.33545291945951583,0.02174627268141098,0.0,0.0,0.0,0.0,0.0,0.0,0.0,0.0
2023-05-31,121.4499969482422,122.04000091552734,119.16999816894533,120.58000183105467,72800800,122.7699966430664,1,AMZN,-0.00887721353399129,0.04852175505264933,0.03724732757896487,118.82000122070312,117.40000076293946,0.13194474677679158,0.02076425531999638,0.0,0.0,0.0,0.0,0.0,0.0,0.0,0.0
2023-06-01,120.69000244140624,123.48999786376952,119.93000030517578,122.7699966430664,54375100,124.25,1,AMZN,0.01816217265513198,0.022146332688350645,0.06747234468915253,120.02400054931641,118.12700042724609,-0.2530974934341381,0.019882128289786142,0.0,0.0,0.0,0.0,0.0,0.0,0.0,0.0
2023-06-02,124.91999816894533,126.38999938964844,124.0199966430664,124.25,61264400,125.3000030517578,1,AMZN,0.01205508998453797,0.021288807002537213,0.08052876170326528,121.8740005493164,118.7370002746582,0.1266995371042996,0.01941837742690897,0.0,0.0,0.0,0.0,0.0,0.0,0.0,0.0
2023-06-05,123.36000061035156,125.8000030517578,123.02999877929688,125.3000030517578,47950100,126.61000061035156,1,AMZN,0.00845072878678299,0.03914414620192441,0.07323343085017386,122.91200103759766,119.64200057983399,-0.21732523292483075,0.019354571358334936,0.0,0.0,0.0,0.0,0.0,0.0,0.0,0.0
2023-06-06,125.06999969482422,127.4000015258789,125.0,126.61000061035156,45695200,121.2300033569336,0,AMZN,0.01045488848114906,0.031278032681301804,0.10095652704653535,123.9020004272461,120.8020004272461,-0.047025970748757584,0.015891751305845983,0.0,0.0,0.0,0.0,0.0,0.0,0.0,0.0
2023-06-07,127.01000213623048,127.37000274658205,120.62999725341795,121.2300033569336,95663300,124.25,1,AMZN,-0.04249267220189956,-0.02430580799248616,0.009324808433024856,124.03200073242188,121.4260009765625,1.093508727393687,0.0211764400505006,0.0,0.0,0.0,0.0,0.0,0.0,0.0,0.0
2023-06-08,123.01000213623048,125.62999725341795,122.26000213623048,124.25,62159300,123.43000030517578,0,AMZN,0.024911297199049942,-0.008379912419667512,0.021288807002537213,124.3280014038086,122.1760009765625,-0.3502283529838507,0.02268454913247711,0.0,0.0,0.0,0.0,0.0,0.0,0.0,0.0
2023-06-09,124.08000183105467,125.8000030517578,123.19000244140624,123.43000030517578,51396000,126.56999969482422,1,AMZN,-0.006599595129369917,-0.02511650177589353,0.023635747477548152,124.16400146484375,123.01900100708008,-0.1731567118677334,0.022497379584307975,0.0,0.0,0.0,0.0,0.0,0.0,0.0,0.0
2023-06-12,124.0199966430664,126.77999877929688,123.52999877929688,126.56999969482422,51338000,126.66000366210938,1,AMZN,0.025439515368102628,0.044048471418154156,0.030952212720227523,124.41800079345703,123.66500091552734,-0.0011284924896879378,0.023433135534627423,0.0,0.0,0.0,0.0,0.0,0.0,0.0,0.0
2023-06-13,128.1199951171875,128.41000366210938,125.18000030517578,126.66000366210938,50564800,126.41999816894533,0,AMZN,0.0007111003199982147,0.019396407743335065,0.019396407743335065,124.4280014038086,124.16500091552734,-0.015060968483384674,0.02322317409819374,0.0,0.0,0.0,0.0,0.0,0.0,0.0,0.0
2023-06-14,126.6999969482422,126.9499969482422,124.12000274658205,126.41999816894533,52422500,127.11000061035156,1,AMZN,-0.001894879884926537,0.02422423929658013,0.008938508299356496,125.46600036621093,124.7490005493164,0.03673899629781974,0.023146221273853972,0.0,0.0,0.0,0.0,0.0,0.0,0.0,0.0
2023-06-15,125.20999908447266,127.69000244140624,124.31999969482422,127.11000061035156,60458500,125.48999786376952,0,AMZN,0.005458016543269828,0.004266421085797223,0.003949135120366876,126.03800048828126,125.18300094604493,0.1532929562687777,0.022899914839938928,0.0,0.0,0.0,0.0,0.0,0.0,0.0,0.0
2023-06-16,127.70999908447266,127.9000015258789,125.3000030517578,125.48999786376952,84247100,125.77999877929688,1,AMZN,-0.012744888197649185,-0.009237373792133186,0.03513977059204865,126.45,125.30700073242187,0.3934699008410727,0.014887342340880738,0.0,0.0,0.0,0.0,0.0,0.0,0.0,0.0
2023-06-20,124.97000122070312,127.25,124.5,125.77999877929688,56930100,124.83000183105467,0,AMZN,0.002310948445805039,-0.005062485357681834,0.012313873475226389,126.29199981689453,125.35500030517578,-0.32424854980171425,0.01203752972870925,0.0,0.0,0.0,0.0,0.0,0.0,0.0,0.0
2023-06-21,125.63999938964844,126.7300033569336,123.8499984741211,124.83000183105467,52137700,130.14999389648438,1,AMZN,-0.007552845901271921,-0.017937210041294005,0.011342473648362938,125.92599945068359,125.1770004272461,-0.08418042476651189,0.012153376042049932,0.0,0.0,0.0,0.0,0.0,0.0,0.0,0.0
2023-06-22,125.30999755859376,130.3300018310547,125.13999938964844,130.14999389648438,90354600,129.3300018310547,0,AMZN,0.04261789623803569,0.03713440204034191,0.02828469787700061,126.6719985961914,126.06899948120117,0.7329993459627102,0.01805376010198146,0.0,0.0,0.0,0.0,0.0,0.0,0.0,0.0
2023-06-23,129.11000061035156,130.83999633789062,128.27999877929688,129.3300018310547,71927800,127.33000183105467,0,AMZN,-0.006300361919969633,0.02822390750684378,0.0210800417791559,127.11599884033203,126.57699966430664,-0.20393870372952794,0.018464835202442832,0.0,0.0,0.0,0.0,0.0,0.0,0.0,0.0
2023-06-26,129.3300018310547,131.49000549316406,127.0999984741211,127.33000183105467,59989300,129.17999267578125,1,AMZN,-0.015464315871677181,0.02002723674861029,0.007198257200520031,127.48399963378907,126.96699981689453,-0.1659789399926037,0.0197477141939682,0.0,0.0,0.0,0.0,0.0,0.0,0.0,0.0
2023-06-27,128.6300048828125,130.08999633789062,127.5500030517578,129.17999267578125,46801000,129.0399932861328,0,AMZN,0.014529104045574393,-0.007452948645350066,0.01628504488624083,128.16399841308595,127.22799911499024,-0.21984420554998974,0.020362581965427732,0.0,0.0,0.0,0.0,0.0,0.0,0.0,0.0
2023-06-28,128.94000244140625,131.47999572753906,128.44000244140625,129.0399932861328,52149500,127.9000015258789,0,AMZN,-0.001083754432466999,-0.0022423918720786418,0.028289070705197705,129.00599670410156,127.46599807739258,0.11428174611653596,0.019361332534427046,0.0,0.0,0.0,0.0,0.0,0.0,0.0,0.0
2023-06-29,128.77000427246094,129.25999450683594,127.26000213623048,127.9000015258789,40761000,130.36000061035156,1,AMZN,-0.008834406537251538,0.004476554516825715,0.01685484788644298,128.55599822998047,127.61399841308594,-0.2183817678021841,0.019986060003641507,0.0,0.0,0.0,0.0,0.0,0.0,0.0,0.0
2023-06-30,129.47000122070312,131.25,128.9499969482422,130.36000061035156,54350700,130.22000122070312,0,AMZN,0.019233769000189582,0.00913460289111434,0.04430023790900206,128.76199798583986,127.93899841308594,0.3333995731213659,0.020289421313065055,0.0,0.0,0.0,0.0,0.0,0.0,0.0,0.0
2023-07-03,130.82000732421875,131.85000610351562,130.07000732421875,130.22000122070312,28264800,130.3800048828125,1,AMZN,-0.0010739443770555468,0.009144513297933754,0.000537897253183317,129.33999786376953,128.4119987487793,-0.4799551799700832,0.012517337154704008,0.0,0.0,0.0,0.0,0.0,0.0,0.0,0.0
2023-07-05,130.24000549316406,131.39999389648438,129.63999938964844,130.3800048828125,35895400,128.36000061035156,0,AMZN,0.0012287180203460757,0.019390174568776564,0.008118789429303774,129.5800003051758,128.87199935913085,0.26996829979338255,0.012190536965008589,0.0,0.0,0.0,0.0,0.0,0.0,0.0,0.0
2023-07-06,128.25,128.72999572753906,127.37000274658205,128.36000061035156,40639900,129.77999877929688,1,AMZN,-0.015493205988729275,-0.015342129415740313,0.008089207291958722,129.44400177001953,129.22499923706056,0.13217571053672605,0.012197129772911739,0.0,0.0,0.0,0.0,0.0,0.0,0.0,0.0
2023-07-07,128.58999633789062,130.97000122070312,128.1300048828125,129.77999877929688,41992300,127.12999725341795,0,AMZN,0.011062622017709689,-0.0033789159674519897,0.004644729350786747,129.82000122070312,129.1879997253418,0.03327764093907715,0.011623358421763099,0.0,0.0,0.0,0.0,0.0,0.0,0.0,0.0
2023-07-10,129.07000732421875,129.27999877929688,125.91999816894533,127.12999725341795,61889300,128.77999877929688,1,AMZN,-0.02041918285409683,-0.024927193646876344,-0.014801581928787333,129.1740005493164,128.96799926757814,0.4738249631480056,0.014146947675651583,0.0,0.0,0.0,0.0,0.0,0.0,0.0,0.0
2023-07-11,127.75,129.77000427246094,127.3499984741211,128.77999877929688,49951500,130.8000030517578,1,AMZN,0.012978852839820698,0.0032720330862279212,0.006880353736664402,128.88600006103516,129.11299896240234,-0.1928895624930319,0.01478930991885908,0.0,0.0,0.0,0.0,0.0,0.0,0.0,0.0
2023-07-12,130.30999755859375,131.25999450683594,128.8300018310547,130.8000030517578,54022800,134.3000030517578,1,AMZN,0.01568569880112225,0.00785948745611842,0.0033752871996481915,128.96999969482422,129.275,0.08150505990811086,0.01410831836319471,0.0,0.0,0.0,0.0,0.0,0.0,0.0,0.0
2023-07-13,134.0399932861328,134.6699981689453,132.7100067138672,134.3000030517578,61170900,134.67999267578125,1,AMZN,0.026758409161619312,0.056399008520761074,0.03133160645682764,130.15800018310546,129.8010009765625,0.13231635531664399,0.017160506079200187,0.0,0.0,0.0,0.0,0.0,0.0,0.0,0.0
2023-07-14,134.05999755859375,136.64999389648438,134.05999755859375,134.67999267578125,54487100,133.55999755859375,0,AMZN,0.002829408900884234,0.04581452051879409,0.032980423622730015,131.13799896240235,130.47900009155273,-0.10926437243852882,0.01711959547566085,0.0,0.0,0.0,0.0,0.0,0.0,0.0,0.0
2023-07-17,134.55999755859375,135.6199951171875,133.2100067138672,133.55999755859375,48450200,132.8300018310547,0,AMZN,-0.008315972513331604,0.0211008749422108,0.04051103866871464,132.4239990234375,130.79899978637695,-0.11079503221863529,0.015873162134556345,0.0,0.0,0.0,0.0,0.0,0.0,0.0,0.0
2023-07-18,132.7100067138672,133.86000061035156,131.35000610351562,132.8300018310547,54882900,135.36000061035156,1,AMZN,-0.005465676406731013,-0.010945652921069526,0.023501333644983635,133.23399963378907,131.05999984741212,0.13276931777371415,0.016185602309255934,0.0,0.0,0.0,0.0,0.0,0.0,0.0,0.0
2023-07-19,133.38999938964844,135.99000549316406,132.52999877929688,135.36000061035156,54531000,129.9600067138672,0,AMZN,0.019046892602732513,0.005049064237828693,0.064736911309202,134.1459991455078,131.55799942016603,-0.006411833193945671,0.013063738636644171,0.0,0.0,0.0,0.0,0.0,0.0,0.0,0.0
2023-07-20,134.07000732421875,134.7899932861328,129.3300018310547,129.9600067138672,59820600,130.0,1,AMZN,-0.03989357175040831,-0.026954109842261875,0.009162975196114198,133.2779998779297,131.71800003051757,0.09700170545194475,0.022387424993112467,0.0,0.0,0.0,0.0,0.0,0.0,0.0,0.0
2023-07-21,131.33999633789062,131.3699951171875,128.4199981689453,130.0,133307300,128.8000030517578,0,AMZN,0.00030773533446226686,-0.021305441481918708,-0.00611623113985138,132.34200134277344,131.7400001525879,1.2284514030283882,0.021502802295805853,0.0,0.0,0.0,0.0,0.0,0.0,0.0,0.0
2023-07-24,130.30999755859375,131.66000366210938,128.35000610351562,128.8000030517578,45591100,129.1300048828125,1,AMZN,-0.009230745755709147,-0.0484633387190756,-0.040953089166203216,131.39000244140624,131.90700073242186,-0.6579999744950202,0.01784059331117088,0.0,0.0,0.0,0.0,0.0,0.0,0.0,0.0
2023-07-25,129.30999755859375,129.5800018310547,128.52999877929688,129.1300048828125,39236700,128.14999389648438,0,AMZN,0.002562125956798944,-0.006386594245736732,-0.04120870281252087,130.6500030517578,131.94200134277344,-0.13937808037094956,0.017819275862694047,0.0,0.0,0.0,0.0,0.0,0.0,0.0,0.0
2023-07-26,126.51000213623048,129.0800018310547,126.11000061035156,128.14999389648438,53910100,128.25,1,AMZN,-0.007589335934878205,-0.014230816180889394,-0.04050616772238236,129.20800170898437,131.6770004272461,0.3739713074748896,0.017804664814500205,0.0,0.0,0.0,0.0,0.0,0.0,0.0,0.0
2023-07-27,131.0,132.6300048828125,127.79000091552734,128.25,52610700,132.2100067138672,1,AMZN,0.0007803832093540297,-0.004270209927998203,-0.03448017592350827,128.86600036621093,131.0720001220703,-0.02410309014451839,0.017977072063401395,0.0,0.0,0.0,0.0,0.0,0.0,0.0,0.0
2023-07-28,129.69000244140625,133.00999450683594,129.3300018310547,132.2100067138672,46317400,133.67999267578125,1,AMZN,0.030877245332297854,0.023851945439403055,-0.02327123139982823,129.30800170898436,130.82500152587892,-0.11962015331482001,0.020915131055789415,0.0,0.0,0.0,0.0,0.0,0.0,0.0,0.0
2023-07-31,133.1999969482422,133.8699951171875,132.3800048828125,133.67999267578125,41901500,131.69000244140625,0,AMZN,0.011118568090654923,0.043152548128592594,0.028624082561832687,130.28399963378905,130.83700103759764,-0.09533998022341494,0.013591630016236247,0.0,0.0,0.0,0.0,0.0,0.0,0.0,0.0
2023-08-01,133.5500030517578,133.69000244140625,131.6199951171875,131.69000244140625,42098500,128.2100067138672,0,AMZN,-0.014886223394710907,0.026822631122076057,0.013000018780048084,130.7959991455078,130.7230010986328,0.004701502332852048,0.01539511417466057,0.0,0.0,0.0,0.0,0.0,0.0,0.0,0.0
2023-08-02,130.14999389648438,130.22999572753906,126.81999969482422,128.2100067138672,51027600,128.91000366210938,1,AMZN,-0.026425663778747666,-0.03025489597513542,-0.004580716800554274,130.80800170898436,130.00800170898438,0.212100193593596,0.018528807437683266,0.0,0.0,0.0,0.0,0.0,0.0,0.0,0.0
2023-08-03,127.4800033569336,129.83999633789062,126.41000366210938,128.91000366210938,88585200,139.57000732421875,1,AMZN,0.005459768439170398,-0.035682145983061964,-0.0017037188289644734,130.94000244140625,129.9030014038086,0.7360252098864144,0.018640882731516113,0.0,0.0,0.0,0.0,0.0,0.0,0.0,0.0
2023-08-04,141.05999755859375,143.6300048828125,139.32000732421875,139.57000732421875,153128500,142.22000122070312,1,AMZN,0.08269337801006271,0.05983753312115403,0.08911442818295501,132.41200256347656,130.86000213623046,0.7286013916545879,0.03586601945691612,0.0,0.0,0.0,0.0,0.0,0.0,0.0,0.0
2023-08-07,140.99000549316406,142.5399932861328,138.9499969482422,142.22000122070312,71213100,139.94000244140625,0,AMZN,0.01898684357254843,0.10927379902648915,0.1089278847618178,134.12000427246093,132.202001953125,-0.5349454869602981,0.035507251730942525,0.0,0.0,0.0,0.0,0.0,0.0,0.0,0.0
2023-08-08,140.6199951171875,140.83999633789062,138.4199981689453,139.94000244140625,51710500,137.85000610351562,0,AMZN,-0.016031491771390738,0.08556355958384732,0.058467554156233836,135.77000427246094,133.2830017089844,-0.2738625337192174,0.036512455761582095,0.0,0.0,0.0,0.0,0.0,0.0,0.0,0.0
2023-08-09,139.97000122070312,140.32000732421875,137.10000610351562,137.85000610351562,50017300,138.55999755859375,1,AMZN,-0.01493494570121734,-0.01232357333554901,0.031193998026675995,137.69800415039063,134.2530029296875,-0.0327438334574216,0.03753856098301609,0.0,0.0,0.0,0.0,0.0,0.0,0.0,0.0
2023-08-10,139.07000732421875,140.41000366210938,137.49000549316406,138.55999755859375,58928400,138.41000366210938,0,AMZN,0.005150463718840648,-0.02573480263461414,0.052167932187898725,139.6280029296875,135.28400268554688,0.1781603565166452,0.036521366727816404,0.0,0.0,0.0,0.0,0.0,0.0,0.0,0.0
2023-08-11,137.39999389648438,139.3300018310547,137.0,138.41000366210938,42905800,140.57000732421875,1,AMZN,-0.0010825194798443905,-0.01093324819640118,0.07955694886598086,139.39600219726563,135.90400238037108,-0.27189945764690704,0.03370571304450202,0.0,0.0,0.0,0.0,0.0,0.0,0.0,0.0
2023-08-14,138.3000030517578,140.58999633789062,137.75,140.57000732421875,47148700,137.6699981689453,0,AMZN,0.015605834874352187,0.019731600292136386,0.0904507278788993,139.06600341796874,136.59300384521484,0.0988887283304356,0.03362257998144818,0.0,0.0,0.0,0.0,0.0,0.0,0.0,0.0
2023-08-15,140.0500030517578,141.27999877929688,137.22999572753906,137.6699981689453,42781500,135.07000732421875,0,AMZN,-0.020630355012962953,-0.006423205869876547,-0.013613305549664001,138.61200256347655,137.19100341796874,-0.09262609573540737,0.015882421938571773,0.0,0.0,0.0,0.0,0.0,0.0,0.0,0.0
2023-08-16,137.19000244140625,137.27000427246094,135.00999450683594,135.07000732421875,41675900,133.97999572753906,0,AMZN,-0.018885675014943426,-0.024131177295857342,-0.0502741796872066,138.05600280761718,137.87700347900392,-0.02584294613325855,0.013933136962254858,0.0,0.0,0.0,0.0,0.0,0.0,0.0,0.0
2023-08-17,135.4600067138672,136.08999633789062,133.52999877929688,133.97999572753906,48354100,133.22000122070312,0,AMZN,-0.008069975106044458,-0.04688063778413343,-0.04258972852571363,137.14000244140624,138.38400268554688,0.16024129053001857,0.013412866881515826,0.0,0.0,0.0,0.0,0.0,0.0,0.0,0.0
2023-08-18,131.6199951171875,134.07000732421875,131.14999389648438,133.22000122070312,48497700,134.67999267578125,1,AMZN,-0.005672447612115605,-0.03232365081302069,-0.03358726643316712,136.102001953125,137.7490020751953,0.0029697585106536195,0.012843219582678094,0.0,0.0,0.0,0.0,0.0,0.0,0.0,0.0
2023-08-21,133.74000549316406,135.19000244140625,132.7100067138672,134.67999267578125,41442500,134.25,0,AMZN,0.01095925117625085,-0.002887500016945377,-0.02800234520191691,134.9239990234375,136.99500122070313,-0.14547494004870332,0.013748856201275849,0.0,0.0,0.0,0.0,0.0,0.0,0.0,0.0
2023-08-22,135.0800018310547,135.64999389648438,133.72999572753906,134.25,32905400,135.52000427246094,1,AMZN,-0.0031926989840012077,0.00201525810621761,-0.030055657481701248,134.23999938964843,136.4260009765625,-0.20599867285998674,0.013698085760509054,0.0,0.0,0.0,0.0,0.0,0.0,0.0,0.0
2023-08-23,134.5,135.9499969482422,133.22000122070312,135.52000427246094,42801000,131.83999633789062,0,AMZN,0.009459994580714559,0.017264697723185174,-0.03592518167912018,134.3299987792969,136.19300079345703,0.3007287557665308,0.012341665616760476,0.0,0.0,0.0,0.0,0.0,0.0,0.0,0.0
2023-08-24,136.39999389648438,136.77999877929688,131.8300018310547,131.83999633789062,43646300,133.25999450683594,1,AMZN,-0.027154721211281152,-0.021086995042592704,-0.04234765677776975,133.9019989013672,135.52100067138673,0.01974953856218309,0.013858927952652426,0.0,0.0,0.0,0.0,0.0,0.0,0.0,0.0
2023-08-25,132.47000122070312,133.8699951171875,130.5800018310547,133.25999450683594,44147500,133.13999938964844,0,AMZN,0.010770617478674804,-0.007374342593400862,-0.013400553188970377,133.90999755859374,135.00599975585936,0.01148321850878542,0.013824516106247355,0.0,0.0,0.0,0.0,0.0,0.0,0.0,0.0
2023-08-28,133.77999877929688,133.9499969482422,131.85000610351562,133.13999938964844,34108400,134.91000366210938,1,AMZN,-0.0009004586682715976,-0.01756201894760523,-0.006269565343163919,133.60199890136718,134.26299896240235,-0.22739905996942067,0.013549116887378485,0.0,0.0,0.0,0.0,0.0,0.0,0.0,0.0
2023-08-29,133.3800048828125,135.13999938964844,133.25,134.91000366210938,38646100,135.07000732421875,1,AMZN,0.013294308852149106,0.02328585717152687,0.01268580112536144,133.73399963378907,133.98699951171875,0.13303760950381727,0.01429274918255324,0.0,0.0,0.0,0.0,0.0,0.0,0.0,0.0
2023-08-30,134.92999267578125,135.67999267578125,133.9199981689453,135.07000732421875,36137000,138.00999450683594,1,AMZN,0.0011860029483812262,0.013582567101861676,0.00289586181799395,133.6440002441406,133.98699951171875,-0.06492505065194154,0.013725358196750786,0.0,0.0,0.0,0.0,0.0,0.0,0.0,0.0
2023-08-31,135.05999755859375,138.7899932861328,135.0,138.00999450683594,58781300,138.1199951171875,1,AMZN,0.021766395374215985,0.03657800164873781,0.028007407872148615,134.87799987792968,134.38999938964844,0.6266236820986799,0.015706718596608545,0.0,0.0,0.0,0.0,0.0,0.0,0.0,0.0
2023-09-01,139.4600067138672,139.9600067138672,136.8800048828125,138.1199951171875,40991500,137.27000427246094,0,AMZN,0.0007970481467276525,0.023793576220765278,0.019185291932985127,135.85,134.87999877929687,-0.3026438680328608,0.015550869826884297,0.0,0.0,0.0,0.0,0.0,0.0,0.0,0.0
2023-09-05,137.72999572753906,137.8000030517578,135.82000732421875,137.27000427246094,40636700,135.36000061035156,0,AMZN,-0.006154002858205887,0.01628782726694733,0.041186347735127526,136.6760009765625,135.13899993896484,-0.008655452959760002,0.009745996256465933,0.0,0.0,0.0,0.0,0.0,0.0,0.0,0.0
2023-09-06,136.32000732421875,137.4499969482422,134.61000061035156,135.36000061035156,41785500,137.85000610351562,1,AMZN,-0.013914209970579572,-0.01920146367626374,0.015758713718151185,136.76600036621093,135.25,0.02827001208267399,0.011887870891528806,0.0,0.0,0.0,0.0,0.0,0.0,0.0,0.0
2023-09-07,133.89999389648438,138.02999877929688,133.16000366210938,137.85000610351562,48498900,138.22999572753906,1,AMZN,0.018395430569861038,-0.0019547424212026376,0.03537634621795993,137.3220001220703,135.48300018310547,0.16066338801737445,0.013188985111001528,0.0,0.0,0.0,0.0,0.0,0.0,0.0,0.0
2023-09-08,136.86000061035156,138.85000610351562,136.75,138.22999572753906,38348200,143.10000610351562,1,AMZN,0.0027565441218631026,0.006993453960798979,0.024608939109844075,137.36600036621093,136.12200012207032,-0.20929753045945376,0.012683236498885128,0.0,0.0,0.0,0.0,0.0,0.0,0.0,0.0
2023-09-11,138.75,143.6199951171875,138.63999938964844,143.10000610351562,56764500,141.22999572753906,0,AMZN,0.035231212663680456,0.057180891387881294,0.059450642954522515,138.36200256347655,137.1060012817383,0.4802389681914667,0.017310298904773133,0.0,0.0,0.0,0.0,0.0,0.0,0.0,0.0
2023-09-12,142.32000732421875,143.0,140.61000061035156,141.22999572753906,42668500,144.85000610351562,1,AMZN,-0.013067856717097759,0.02451932879484464,0.023331652408287162,139.15400085449218,137.91500091552734,-0.24832421671995697,0.01783031621093695,0.0,0.0,0.0,0.0,0.0,0.0,0.0,0.0
2023-09-13,140.9499969482422,144.97999572753906,140.8699951171875,144.85000610351562,60465200,144.72000122070312,0,AMZN,0.025632022130484877,0.04789127237640267,0.04872582699281214,141.052001953125,138.90900115966798,0.41709223431805675,0.019600872128402384,0.0,0.0,0.0,0.0,0.0,0.0,0.0,0.0
2023-09-14,145.0800018310547,145.86000061035156,142.9499969482422,144.72000122070312,64033600,140.38999938964844,0,AMZN,-0.0008975138235036706,0.01132072011244789,0.05427257752141568,142.4260009765625,139.8740005493164,0.05901576443971068,0.019108210875436727,0.0,0.0,0.0,0.0,0.0,0.0,0.0,0.0
2023-09-15,142.69000244140625,143.57000732421875,140.08999633789062,140.38999938964844,102909300,139.97999572753906,0,AMZN,-0.029919857618376344,-0.005947719063244539,0.03716015629887792,142.85800170898438,140.11200103759765,0.6071140776092552,0.022742406212588998,0.0,0.0,0.0,0.0,0.0,0.0,0.0,0.0
2023-09-18,140.47999572753906,141.75,139.22000122070312,139.97999572753906,42823500,137.6300048828125,0,AMZN,-0.0029204620264398073,-0.03362105744404498,0.015451501847769,142.23399963378907,140.29800109863282,-0.583871428529783,0.022138771322718385,0.0,0.0,0.0,0.0,0.0,0.0,0.0,0.0
2023-09-19,138.6999969482422,138.83999633789062,135.55999755859375,137.6300048828125,61482500,135.2899932861328,0,AMZN,-0.016788047695762587,-0.048991129616411055,-0.004340525669328521,141.51400146484374,140.33400115966796,0.43571870585075945,0.023289173972170278,0.0,0.0,0.0,0.0,0.0,0.0,0.0,0.0
2023-09-20,138.5500030517578,139.3699951171875,135.1999969482422,135.2899932861328,46263700,129.3300018310547,0,AMZN,-0.01700219075536713,-0.03632741737793377,-0.05457730596973709,139.60199890136718,140.3270004272461,-0.2475305981376814,0.017661819098628503,0.0,0.0,0.0,0.0,0.0,0.0,0.0,0.0
2023-09-21,131.94000244140625,132.24000549316406,129.30999755859375,129.3300018310547,70343300,129.1199951171875,0,AMZN,-0.04405345369833069,-0.07608225619047604,-0.08425967752234342,136.5239990234375,139.475,0.5204858236587215,0.02242699959570079,0.0,0.0,0.0,0.0,0.0,0.0,0.0,0.0
2023-09-22,131.11000061035156,132.02999877929688,128.52000427246094,129.1199951171875,59904300,131.27000427246094,1,AMZN,-0.0016238050792075631,-0.06183251808260126,-0.10859516964802074,134.2699981689453,138.56399993896486,-0.14840077164420773,0.016268635174788278,0.0,0.0,0.0,0.0,0.0,0.0,0.0,0.0
2023-09-25,129.36000061035156,131.77999877929688,128.77000427246094,131.27000427246094,46017800,125.9800033569336,0,AMZN,0.01665124873434287,-0.02971386808460963,-0.09293806546982031,132.5279998779297,137.38099975585936,-0.23181140585901183,0.01995026813426342,0.0,0.0,0.0,0.0,0.0,0.0,0.0,0.0
2023-09-26,130.1199951171875,130.38999938964844,125.27999877929688,125.9800033569336,73048200,125.9800033569336,0,AMZN,-0.040298626825268746,-0.025902717286722332,-0.10264261055176949,130.1979995727539,135.85600051879882,0.5873900968755568,0.021671086021733562,0.0,0.0,0.0,0.0,0.0,0.0,0.0,0.0
2023-09-27,125.76000213623048,127.4800033569336,124.12999725341795,125.9800033569336,66553400,125.9800033569336,0,AMZN,0.0,-0.024318400549845798,-0.10001423630456052,128.33600158691405,133.96900024414063,-0.08891115729066557,0.02197174716049293,0.0,0.0,0.0,0.0,0.0,0.0,0.0,0.0
2023-09-28,124.04000091552734,126.58000183105467,123.04000091552734,125.9800033569336,54555000,127.12000274658205,1,AMZN,0.0,-0.040298626825268746,-0.08464725069070878,127.66600189208984,132.09500045776366,-0.18028229962706643,0.022616528303164192,0.0,0.0,0.0,0.0,0.0,0.0,0.0,0.0
2023-09-29,128.1999969482422,129.14999389648438,126.31999969482422,127.12000274658205,62411700,129.4600067138672,1,AMZN,0.009049050319664964,0.009049050319664964,-0.06038872751121782,127.26600341796875,130.76800079345702,0.14401429749793793,0.023830832063248288,0.0,0.0,0.0,0.0,0.0,0.0,0.0,0.0
2023-10-02,127.27999877929688,130.47000122070312,126.54000091552734,129.4600067138672,48029700,124.72000122070312,0,AMZN,0.01840783446134764,0.027623458201329498,0.0010052182863364845,126.90400390625,129.71600189208985,-0.23043756218785905,0.01968049526128117,0.0,0.0,0.0,0.0,0.0,0.0,0.0,0.0
2023-10-03,128.05999755859375,128.52000427246094,124.25,124.72000122070312,51565000,127.0,1,AMZN,-0.03661366636292884,-0.010001604243973228,-0.03407678177567308,126.65200347900391,128.4250015258789,0.07360653928714944,0.024182663353027347,0.0,0.0,0.0,0.0,0.0,0.0,0.0,0.0
2023-10-04,126.05999755859376,127.36000061035156,125.68000030517578,127.0,44203900,125.95999908447266,0,AMZN,0.018280939360016735,-0.0009440115165925134,-0.03252840811674096,126.85600280761719,127.59600219726562,-0.14275380587607878,0.024428913721291037,0.0,0.0,0.0,0.0,0.0,0.0,0.0,0.0
2023-10-05,126.70999908447266,126.7300033569336,124.33000183105467,125.95999908447266,39660600,127.95999908447266,1,AMZN,-0.008188983586829512,-0.027035435253222717,-0.0001587892675654068,126.852001953125,127.25900192260742,-0.10278052389042591,0.01898429836305977,0.0,0.0,0.0,0.0,0.0,0.0,0.0,0.0
2023-10-06,124.16000366210938,128.4499969482422,124.12999725341795,127.95999908447266,46836700,128.25999450683594,1,AMZN,0.015878056641289273,0.02597817376569833,0.0157167461087393,127.02000122070312,127.14300231933593,0.18093775686701674,0.019892526199345572,0.0,0.0,0.0,0.0,0.0,0.0,0.0,0.0
2023-10-09,126.22000122070312,128.7899932861328,124.76000213623048,128.25999450683594,38773700,129.47999572753906,1,AMZN,0.0023444468936362206,0.009921216589259263,0.018098040078968314,126.77999877929688,126.84200134277344,-0.1721513257765812,0.019865064018137236,0.0,0.0,0.0,0.0,0.0,0.0,0.0,0.0
2023-10-10,128.82000732421875,130.74000549316406,128.0500030517578,129.47999572753906,42178600,131.8300018310547,1,AMZN,0.009511938819224852,0.02794535303787815,0.018565079688219743,127.73199768066407,127.19200057983399,0.0878146785063072,0.019890332630516323,0.0,0.0,0.0,0.0,0.0,0.0,0.0,0.0
2023-10-11,129.74000549316406,132.0500030517578,129.61000061035156,131.8300018310547,40741800,132.3300018310547,1,AMZN,0.01814956889912689,0.0302438478764544,0.01830677424902083,128.697998046875,127.7770004272461,-0.0340646678647466,0.019856773615856076,0.0,0.0,0.0,0.0,0.0,0.0,0.0,0.0
2023-10-12,132.1699981689453,134.47999572753906,131.22999572753906,132.3300018310547,55528600,129.7899932861328,0,AMZN,0.0037927633547389927,0.03173247698838644,0.0610166816538511,129.9719985961914,128.4120002746582,0.36293929085116505,0.009855636814758149,0.0,0.0,0.0,0.0,0.0,0.0,0.0,0.0
2023-10-13,132.97999572753906,133.30999755859375,128.9499969482422,129.7899932861328,45786600,132.5500030517578,1,AMZN,-0.019194502454286222,0.002394173376758957,0.02196845107191181,130.33799743652344,128.6789993286133,-0.17544112403338097,0.013268808676707006,0.0,0.0,0.0,0.0,0.0,0.0,0.0,0.0
2023-10-16,130.69000244140625,133.07000732421875,130.42999267578125,132.5500030517578,42832900,131.47000122070312,0,AMZN,0.021265196921155027,0.005461588490500269,0.05231822812943743,131.1959991455078,128.98799896240234,-0.06451014052146264,0.013723292772823279,0.0,0.0,0.0,0.0,0.0,0.0,0.0,0.0
2023-10-17,130.38999938964844,132.5800018310547,128.7100067138672,131.47000122070312,49344600,128.1300048828125,0,AMZN,-0.008147882355257097,-0.006498908776934265,0.027430463905468994,131.59400024414063,129.66299896240236,0.15202566251643024,0.014242000733220284,0.0,0.0,0.0,0.0,0.0,0.0,0.0,0.0
2023-10-18,129.89999389648438,130.6699981689453,127.51000213623048,128.1300048828125,42699500,128.39999389648438,1,AMZN,-0.025405007278304192,-0.01278980267500851,-0.0010134853390821874,130.8540008544922,129.7759994506836,-0.13466721789213,0.018104827533217075,0.0,0.0,0.0,0.0,0.0,0.0,0.0,0.0
2023-10-19,130.57000732421875,132.24000549316406,127.47000122070312,128.39999389648438,60961400,125.16999816894533,0,AMZN,0.002107149015711185,-0.03130900837213069,-0.008341070950661056,130.06799926757813,130.01999893188477,0.42768416491996386,0.017667199890186103,0.0,0.0,0.0,0.0,0.0,0.0,0.0,0.0
2023-10-20,128.0500030517578,128.1699981689453,124.97000122070312,125.16999816894533,56406400,126.55999755859376,1,AMZN,-0.025155731161039308,-0.047919700260607545,-0.05051963566415185,129.1440002441406,129.74099884033203,-0.07471941261191506,0.01739881281596852,0.0,0.0,0.0,0.0,0.0,0.0,0.0,0.0
2023-10-23,124.62999725341795,127.87999725341795,123.9800033569336,126.55999755859376,48260000,128.55999755859375,1,AMZN,0.011104892625885654,-0.012253237059146826,-0.043603145111623776,127.94599914550781,129.5709991455078,-0.1444233278493221,0.01836485941446083,0.0,0.0,0.0,0.0,0.0,0.0,0.0,0.0
2023-10-24,127.73999786376952,128.8000030517578,126.33999633789062,128.55999755859375,46477400,121.38999938964844,0,AMZN,0.015802781594350446,0.001246134499339302,-0.009476814786694931,127.36399841308594,129.47899932861327,-0.03693742229589725,0.018991926604774088,0.0,0.0,0.0,0.0,0.0,0.0,0.0,0.0
2023-10-25,126.04000091552734,126.33999633789062,120.79000091552734,121.38999938964844,74577500,119.56999969482422,0,AMZN,-0.055771610960691276,-0.03019892014534442,-0.08419466922042729,126.01599731445313,128.43499908447265,0.6045970729860104,0.025129981513968936,0.0,0.0,0.0,0.0,0.0,0.0,0.0,0.0
2023-10-26,120.62999725341795,121.63999938964844,118.3499984741211,119.56999969482422,100419500,127.73999786376952,1,AMZN,-0.01499299533713827,-0.05523070479306358,-0.09051495714145441,124.2499984741211,127.15899887084962,0.3465120176997083,0.025078727424216494,0.0,0.0,0.0,0.0,0.0,0.0,0.0,0.0
2023-10-27,126.1999969482422,130.02000427246094,125.5199966430664,127.73999786376952,125309300,132.7100067138672,1,AMZN,0.0683281608245998,-0.006378342489081867,-0.0030438383218643894,124.76399841308594,126.95399932861328,0.2478582347054108,0.03875996293786283,0.0,0.0,0.0,0.0,0.0,0.0,0.0,0.0
2023-10-30,129.72000122070312,133.0,128.55999755859375,132.7100067138672,72485500,133.08999633789062,1,AMZN,0.03890722509168998,0.09325321180604651,0.033567079612616846,125.99400024414062,126.96999969482422,-0.42154732330321854,0.04146267126029673,0.0,0.0,0.0,0.0,0.0,0.0,0.0,0.0
2023-10-31,132.75,133.57000732421875,131.7100067138672,133.08999633789062,51589400,137.0,1,AMZN,0.002863308000901066,0.11307181297627489,0.06327393372855572,126.9,127.13199920654297,-0.28827972491049936,0.03931107626301192,0.0,0.0,0.0,0.0,0.0,0.0,0.0,0.0
2023-11-01,133.9600067138672,137.35000610351562,133.7100067138672,137.0,61529400,138.07000732421875,1,AMZN,0.02937864429857373,0.0724910152739,0.08249053921301486,130.02200012207032,128.0189987182617,0.19267523948718157,0.04003830065243558,0.0,0.0,0.0,0.0,0.0,0.0,0.0,0.0
2023-11-02,138.72999572753906,138.80999755859375,136.47000122070312,138.07000732421875,52236700,138.60000610351562,1,AMZN,0.007810272439553012,0.04038882027870083,0.07397331943235774,133.7220016479492,128.98600006103516,-0.15102861396340617,0.04002819267723356,0.0,0.0,0.0,0.0,0.0,0.0,0.0,0.0
2023-11-03,138.99000549316406,139.49000549316406,137.4499969482422,138.60000610351562,44059800,139.74000549316406,1,AMZN,0.0038386235328597973,0.04140063053000698,0.14177450202157904,135.89400329589844,130.3290008544922,-0.15653553918987995,0.028008548586355177,0.0,0.0,0.0,0.0,0.0,0.0,0.0,0.0
2023-11-06,138.75999450683594,140.72999572753906,138.36000061035156,139.74000549316406,44970400,142.7100067138672,1,AMZN,0.008225103459209127,0.020000040096088023,0.16868784686643212,137.3000030517578,131.64700164794922,0.020667365716594333,0.024391429104838176,0.0,0.0,0.0,0.0,0.0,0.0,0.0,0.0
2023-11-07,140.5500030517578,143.3699951171875,140.5,142.7100067138672,53553500,142.0800018310547,0,AMZN,0.02125376487729147,0.033606135608819754,0.11719124080511323,139.22400512695313,133.06200256347657,0.19086109974561039,0.01401970388044295,0.0,0.0,0.0,0.0,0.0,0.0,0.0,0.0
2023-11-08,142.97000122070312,143.1199951171875,141.22000122070312,142.0800018310547,44521700,140.60000610351562,0,AMZN,-0.004414580990635519,0.025108193176701432,0.07060503837807741,140.24000549316406,135.1310028076172,-0.16865004154723784,0.011594850566785024,0.0,0.0,0.0,0.0,0.0,0.0,0.0,0.0
2023-11-09,142.02000427246094,142.64999389648438,139.83999633789062,140.60000610351562,36235400,143.55999755859375,1,AMZN,-0.010416636461610618,0.006154290657972128,0.05642805599421985,140.74600524902343,137.23400344848633,-0.18611822998672556,0.013804538419632415,0.0,0.0,0.0,0.0,0.0,0.0,0.0,0.0
2023-11-10,140.4600067138672,143.64999389648438,139.91000366210938,143.55999755859375,49287800,142.58999633789062,0,AMZN,0.021052569890351647,0.0059560703856653685,0.047883193858348605,141.73800354003907,138.81600341796874,0.36021128509689415,0.01187461434134105,0.0,0.0,0.0,0.0,0.0,0.0,0.0,0.0
2023-11-13,142.0800018310547,143.22999572753906,140.6699981689453,142.58999633789062,35680600,145.8000030517578,1,AMZN,-0.006756765374750118,0.0035894883182951975,0.03273693614760198,142.30800170898436,139.8040023803711,-0.2760764327074854,0.012893446451360431,0.0,0.0,0.0,0.0,0.0,0.0,0.0,0.0
2023-11-14,145.0,147.25999450683594,144.67999267578125,145.8000030517578,56674600,143.1999969482422,0,AMZN,0.02251214528584833,0.03698432946307073,0.05194802764196682,142.9260009765625,141.07500305175782,0.5883869665868848,0.014518902145122612,0.0,0.0,0.0,0.0,0.0,0.0,0.0,0.0
2023-11-15,147.05999755859375,147.2899932861328,142.58999633789062,143.1999969482422,63875700,142.8300018310547,0,AMZN,-0.017832688951265996,-0.002507666595665925,0.024760206949092867,143.15,141.69500274658202,0.12706044683156126,0.017326442270724784,0.0,0.0,0.0,0.0,0.0,0.0,0.0,0.0
2023-11-16,140.91000366210938,143.32000732421875,139.52000427246094,142.8300018310547,49653500,145.17999267578125,1,AMZN,-0.0025837648398919777,0.0016831860532160459,0.0008408318375885404,143.59599914550782,142.17100219726564,-0.22265431142046188,0.015534847697215923,0.0,0.0,0.0,0.0,0.0,0.0,0.0,0.0
2023-11-17,142.66000366210938,145.22999572753906,142.5399932861328,145.17999267578125,49636700,146.1300048828125,1,AMZN,0.016453061783939793,-0.004252471625507903,0.0218186289750526,143.9199981689453,142.8290008544922,-0.00033834472897176227,0.016470643824738358,0.0,0.0,0.0,0.0,0.0,0.0,0.0,0.0
2023-11-20,145.1300048828125,146.6300048828125,144.72999572753906,146.1300048828125,41951200,143.89999389648438,0,AMZN,0.0065436854591447435,0.02046094969980561,0.03933142631036213,144.62799987792968,143.46800079345704,-0.1548350313376997,0.015341835904199066,0.0,0.0,0.0,0.0,0.0,0.0,0.0,0.0
2023-11-21,143.91000366210938,144.0500030517578,141.5,143.89999389648438,71226000,146.7100067138672,1,AMZN,-0.015260459261028925,0.007491367721855324,0.00236832226018846,144.247998046875,143.58699951171874,0.6978298594557486,0.015395805090516525,0.0,0.0,0.0,0.0,0.0,0.0,0.0,0.0
2023-11-22,144.57000732421875,147.74000549316406,144.57000732421875,146.7100067138672,45669100,146.74000549316406,1,AMZN,0.019527539517508297,0.010538738912205359,0.028894105349533072,144.95,144.05,-0.3588141970628703,0.016512957566801496,0.0,0.0,0.0,0.0,0.0,0.0,0.0,0.0
2023-11-24,146.6999969482422,147.1999969482422,145.32000732421875,146.74000549316406,22378400,147.72999572753906,1,AMZN,0.0002044767086364363,0.0041743693284670425,0.006447204538621021,145.73200073242188,144.66399993896485,-0.5099881539158863,0.014406872432534634,0.0,0.0,0.0,0.0,0.0,0.0,0.0,0.0
2023-11-27,147.52999877929688,149.25999450683594,146.8800048828125,147.72999572753906,53762400,147.02999877929688,0,AMZN,0.006746559883569869,0.02661571920433725,0.031634070361985955,146.24200134277345,145.08099975585938,1.4024237657741394,0.011811229480879426,0.0,0.0,0.0,0.0,0.0,0.0,0.0,0.0
2023-11-28,146.97999572753906,147.60000610351562,145.52999877929688,147.02999877929688,42711700,146.32000732421875,0,AMZN,-0.00473835354015173,0.0021811195609429124,0.029405565318203486,146.4220001220703,145.525,-0.20554699938990817,0.012052771661034517,0.0,0.0,0.0,0.0,0.0,0.0,0.0,0.0
2023-11-29,147.85000610351562,148.5399932861328,145.97000122070312,146.32000732421875,40610900,146.08999633789062,0,AMZN,-0.0048288883967405605,-0.0028621926756359217,0.007852422550973737,146.9060028076172,145.5770004272461,-0.04918558615086732,0.011096255374533771,0.0,0.0,0.0,0.0,0.0,0.0,0.0,0.0
2023-11-30,144.75999450683594,146.92999267578125,144.3300018310547,146.08999633789062,65814000,147.02999877929688,1,AMZN,-0.001571972217158657,-0.011101329703367191,-0.00027378733719995996,146.78200073242186,145.86600036621093,0.620599395728733,0.010862816256593306,0.0,0.0,0.0,0.0,0.0,0.0,0.0,0.0
2023-12-01,146.0,147.25,145.5500030517578,147.02999877929688,39951800,144.83999633789062,0,AMZN,0.006434406632690459,0.0,0.02175125097687003,146.83999938964843,146.28600006103517,-0.39295894490533934,0.008648674086551622,0.0,0.0,0.0,0.0,0.0,0.0,0.0,0.0
2023-12-04,145.25,145.35000610351562,142.80999755859375,144.83999633789062,48294200,146.8800048828125,1,AMZN,-0.014894936132684111,-0.01011489141774502,-0.012746304208299142,146.26199951171876,146.2520004272461,0.20881161799968972,0.007463289733041578,0.0,0.0,0.0,0.0,0.0,0.0,0.0,0.0
2023-12-05,143.5500030517578,148.57000732421875,143.1300048828125,146.8800048828125,46822400,144.52000427246094,0,AMZN,0.014084566393959497,0.005407684062738172,0.0009540642252119369,146.23200073242188,146.3270004272461,-0.030475709298425024,0.009619220613033455,0.0,0.0,0.0,0.0,0.0,0.0,0.0,0.0
2023-12-06,147.5800018310547,147.85000610351562,144.27999877929688,144.52000427246094,39679000,146.8800048828125,1,AMZN,-0.016067541747663228,-0.017071308764707416,-0.021728772408538877,145.87200012207032,146.38900146484374,-0.15256373018042646,0.01081278603226718,0.0,0.0,0.0,0.0,0.0,0.0,0.0,0.0
2023-12-07,146.14999389648438,147.9199981689453,145.33999633789062,146.8800048828125,52352800,147.4199981689453,1,AMZN,0.016329923474831087,0.014084566393959497,-0.0010201584556192023,146.03000183105468,146.40600128173827,0.3194082512160086,0.012988581348633522,0.0,0.0,0.0,0.0,0.0,0.0,0.0,0.0
2023-12-08,145.47999572753906,147.83999633789062,145.39999389648438,147.4199981689453,41906000,145.88999938964844,0,AMZN,0.0036764247561378305,0.0036764247561378305,0.007517706326306994,146.10800170898438,146.4740005493164,-0.19954615607952197,0.012866838595364638,0.0,0.0,0.0,0.0,0.0,0.0,0.0,0.0
2023-12-11,145.66000366210938,146.19000244140625,143.63999938964844,145.88999938964844,50907300,147.47999572753906,1,AMZN,-0.010378502226973785,0.00947962272824654,-0.0013689982425600933,146.31800231933593,146.29000091552734,0.2147974037130722,0.01358677288653321,0.0,0.0,0.0,0.0,0.0,0.0,0.0,0.0
2023-12-12,145.52000427246094,147.5,145.3000030517578,147.47999572753906,44944300,148.83999633789062,1,AMZN,0.010898597193382598,0.00408490485280999,0.0030605791469648924,146.43800048828126,146.33500061035156,-0.11713447776645003,0.014042634939579366,0.0,0.0,0.0,0.0,0.0,0.0,0.0,0.0
2023-12-13,148.1199951171875,149.4600067138672,146.82000732421875,148.83999633789062,52766200,147.4199981689453,0,AMZN,0.009221593773735215,0.009632330664649524,0.027616681173262325,147.3019989013672,146.58699951171874,0.1740354171719216,0.012504169643885971,0.0,0.0,0.0,0.0,0.0,0.0,0.0,0.0
2023-12-14,149.92999267578125,150.5399932861328,145.52000427246094,147.4199981689453,58400800,149.97000122070312,1,AMZN,-0.00954043404920335,0.010487345162093709,0.0036764247561378305,147.40999755859374,146.71999969482422,0.10678426720135237,0.012506333153523598,0.0,0.0,0.0,0.0,0.0,0.0,0.0,0.0
2023-12-15,148.3800048828125,150.57000732421875,147.8800048828125,149.97000122070312,110089300,154.07000732421875,1,AMZN,0.01729753821347546,0.016883682975989522,0.037711021222829544,147.9199981689453,147.01399993896484,0.8850649306173888,0.011408986123883236,0.0,0.0,0.0,0.0,0.0,0.0,0.0,0.0
2023-12-18,150.55999755859375,154.85000610351562,150.0500030517578,154.07000732421875,62512800,153.7899932861328,0,AMZN,0.027338841569267247,0.03513847833249839,0.048951540048917774,149.55599975585938,147.93700103759767,-0.43216279874610886,0.013701903913558584,0.0,0.0,0.0,0.0,0.0,0.0,0.0,0.0
2023-12-19,154.39999389648438,155.1199951171875,152.69000244140625,153.7899932861328,43171300,152.1199951171875,0,AMZN,-0.0018174467759756174,0.04320984395812699,0.04320984395812699,150.81799926757813,148.62799987792968,-0.30940063475000323,0.014071719076242443,0.0,0.0,0.0,0.0,0.0,0.0,0.0,0.0
2023-12-20,152.89999389648438,155.6300048828125,151.55999755859375,152.1199951171875,50322100,153.83999633789062,1,AMZN,-0.01085895208954335,0.01433615975851299,0.042703377569422996,151.4739990234375,149.38799896240235,0.16563781956994572,0.014166601941980767,0.0,0.0,0.0,0.0,0.0,0.0,0.0,0.0
2023-12-21,153.3000030517578,153.97000122070312,152.10000610351562,153.83999633789062,36305700,153.4199981689453,0,AMZN,0.011306871390431628,-0.001492899171764761,0.043124496844312965,152.75799865722655,150.08399810791016,-0.2785336859948213,0.014190580914503401,0.0,0.0,0.0,0.0,0.0,0.0,0.0,0.0
2023-12-22,153.77000427246094,154.35000610351562,152.7100067138672,153.4199981689453,29514100,153.41000366210938,0,AMZN,-0.0027300973670256745,-0.0024058465006829843,0.03077131109743747,153.447998046875,150.68399810791016,-0.18706704456875922,0.01447355383768307,0.0,0.0,0.0,0.0,0.0,0.0,0.0,0.0
2023-12-26,153.55999755859375,153.97999572753906,153.02999877929688,153.41000366210938,25067200,153.33999633789062,0,AMZN,-6.514474615582078e-05,0.008480203696615396,0.04063224506555363,153.3159973144531,151.43599853515624,-0.15067035755791303,0.013348826558097526,0.0,0.0,0.0,0.0,0.0,0.0,0.0,0.0
2023-12-27,153.55999755859375,154.77999877929688,153.1199951171875,153.33999633789062,31434700,153.3800048828125,1,AMZN,-0.0004563413242133496,-0.00325013008256847,0.0224711281573442,153.2259979248047,152.0219985961914,0.25401720176166465,0.012452680950325453,0.0,0.0,0.0,0.0,0.0,0.0,0.0,0.0
2023-12-28,153.72000122070312,154.0800018310547,152.9499969482422,153.3800048828125,27057000,151.94000244140625,0,AMZN,0.0002609139551152939,-0.00026067844225086123,-0.004478499439246719,153.47799987792968,152.4759994506836,-0.1392632982023051,0.006507475065553636,0.0,0.0,0.0,0.0,0.0,0.0,0.0,0.0
2023-12-29,153.10000610351562,153.88999938964844,151.02999877929688,151.94000244140625,39823200,149.92999267578125,0,AMZN,-0.009388462612883952,-0.009582173167408614,-0.012029331721762793,153.0980010986328,152.9279998779297,0.47182614480541085,0.0073178223952025286,0.0,0.0,0.0,0.0,0.0,0.0,0.0,0.0
2024-01-02,151.5399932861328,152.3800048828125,148.38999938964844,149.92999267578125,47339400,148.47000122070312,0,AMZN,-0.013228970207501023,-0.022238187971488577,-0.014396545567327612,152.4,152.9239990234375,0.1887392273850419,0.007847614670254749,0.0,0.0,0.0,0.0,0.0,0.0,0.0,0.0
2024-01-03,149.1999969482422,151.0500030517578,148.3300018310547,148.47000122070312,49425500,144.57000732421875,0,AMZN,-0.00973782115920796,-0.03201201920589836,-0.03490636534723368,151.41199951171876,152.36399841308594,0.04406688720178109,0.0055861691336998925,0.0,0.0,0.0,0.0,0.0,0.0,0.0,0.0
2024-01-04,145.58999633789062,147.3800048828125,144.0500030517578,144.57000732421875,56039800,145.24000549316406,1,AMZN,-0.026267891590348702,-0.0485059562904091,-0.05768472787348755,149.6580017089844,151.44199981689454,0.13382363354948357,0.009599733342672435,0.0,0.0,0.0,0.0,0.0,0.0,0.0,0.0
2024-01-05,144.69000244140625,146.58999633789062,144.52999877929688,145.24000549316406,45153100,149.10000610351562,1,AMZN,0.00463442024626004,-0.03128118062914287,-0.05325596749831263,148.03000183105468,150.75400085449218,-0.19426728860559817,0.010410834587765042,0.0,0.0,0.0,0.0,0.0,0.0,0.0,0.0
2024-01-08,146.74000549316406,149.39999389648438,146.14999389648438,149.10000610351562,46757100,151.3699951171875,1,AMZN,0.026576703830634596,0.004243314323652436,-0.027650908671159824,147.46200256347657,150.28000183105468,0.03552358531307931,0.01668597954539872,0.0,0.0,0.0,0.0,0.0,0.0,0.0,0.0
2024-01-09,148.3300018310547,151.7100067138672,148.2100067138672,151.3699951171875,43812600,153.72999572753906,1,AMZN,0.015224607114340927,0.04703595108575187,-0.013104770515301012,147.7500030517578,150.07500152587892,-0.06297439319376097,0.018194984940593625,0.0,0.0,0.0,0.0,0.0,0.0,0.0,0.0
2024-01-10,152.05999755859375,154.4199981689453,151.8800048828125,153.72999572753906,44421800,155.17999267578125,1,AMZN,0.015590940651907248,0.05845490163365907,0.011780921793937082,148.802001953125,150.10700073242188,0.013904675823849688,0.018881744474198568,0.0,0.0,0.0,0.0,0.0,0.0,0.0,0.0
2024-01-11,155.0399932861328,157.1699981689453,153.1199951171875,155.17999267578125,49072700,154.6199951171875,0,AMZN,0.009432101662268044,0.040777909613527896,0.03501634266969478,150.9239990234375,150.29100036621094,0.10469859393360914,0.017780593494134262,0.0,0.0,0.0,0.0,0.0,0.0,0.0,0.0
2024-01-12,155.38999938964844,156.1999969482422,154.00999450683594,154.6199951171875,40484200,153.16000366210938,0,AMZN,-0.0036086969005325598,0.021470569497501257,0.04142246814790762,152.79999694824218,150.41499938964844,-0.1750158438398539,0.017066748053610376,0.0,0.0,0.0,0.0,0.0,0.0,0.0,0.0
2024-01-16,153.52999877929688,154.99000549316406,152.14999389648438,153.16000366210938,41384600,151.7100067138672,0,AMZN,-0.009442449238027617,-0.003707747877908618,0.05941755483643529,153.61199645996095,150.53699951171876,0.02224077541361824,0.0122913389486236,0.0,0.0,0.0,0.0,0.0,0.0,0.0,0.0
2024-01-17,151.49000549316406,152.14999389648438,149.91000366210938,151.7100067138672,34953400,153.5,1,AMZN,-0.009467203666572499,-0.02236103960362934,0.044546963481130186,153.67999877929688,150.71500091552736,-0.1554008012642384,0.014032881627647086,0.0,0.0,0.0,0.0,0.0,0.0,0.0,0.0
2024-01-18,152.77000427246094,153.77999877929688,151.82000732421875,153.5,37850200,155.33999633789062,1,AMZN,0.011798781932089941,-0.0072435335180204286,0.029510353563832803,153.63399963378907,151.21800079345704,0.0828760578370058,0.011330593884271599,0.0,0.0,0.0,0.0,0.0,0.0,0.0,0.0
2024-01-19,153.8300018310547,155.75999450683594,152.74000549316406,155.33999633789062,51651600,154.77999877929688,0,AMZN,0.011986946826648914,0.014233433165688592,0.02622713449669889,153.66600036621094,152.2949996948242,0.36463215518015746,0.010862855017305158,0.0,0.0,0.0,0.0,0.0,0.0,0.0,0.0
2024-01-22,156.88999938964844,157.0500030517578,153.89999389648438,154.77999877929688,43687500,156.02000427246094,1,AMZN,-0.003604979862209201,0.020235923337738937,0.006830176809597743,153.6980010986328,153.2489990234375,-0.15418883442139253,0.0097423369869139,0.0,0.0,0.0,0.0,0.0,0.0,0.0,0.0
2024-01-23,154.85000610351562,156.2100067138672,153.92999267578125,156.02000427246094,37986000,156.8699951171875,1,AMZN,0.008011406531487353,0.01641696594437092,0.005413143680414567,154.27000122070314,153.94099884033204,-0.13050643776824034,0.009550639444077224,0.0,0.0,0.0,0.0,0.0,0.0,0.0,0.0
2024-01-24,157.8000030517578,158.50999450683594,156.47999572753906,156.8699951171875,48547300,157.75,1,AMZN,0.005447960655367012,0.009849355062226728,0.014551804883286446,155.3019989013672,154.49099884033203,0.2780313799820986,0.00946525799949533,0.0,0.0,0.0,0.0,0.0,0.0,0.0,0.0
2024-01-25,156.9499969482422,158.50999450683594,154.5500030517578,157.75,43638600,159.1199951171875,1,AMZN,0.005609771850602074,0.01918853368734097,0.02996863559769003,156.1519989013672,154.89299926757812,-0.10111169931180519,0.008001447323520448,0.0,0.0,0.0,0.0,0.0,0.0,0.0,0.0
2024-01-26,158.4199981689453,160.72000122070312,157.91000366210938,159.1199951171875,51047400,161.25999450683594,1,AMZN,0.008684596622424712,0.01986918830814144,0.048843109059351075,156.90799865722656,155.28699951171876,0.16977629896467805,0.005297856876848029,0.0,0.0,0.0,0.0,0.0,0.0,0.0,0.0
2024-01-29,159.33999633789062,161.2899932861328,158.89999389648438,161.25999450683594,45270400,159.0,0,AMZN,0.01344896590822775,0.02798495267606116,0.05055371014225374,158.20399780273436,155.95099945068358,-0.11316932889823972,0.005583874600177816,0.0,0.0,0.0,0.0,0.0,0.0,0.0,0.0
2024-01-30,160.6999969482422,161.72999572753906,158.49000549316406,159.0,45207400,155.1999969482422,0,AMZN,-0.014014601164705653,0.007923930269413626,0.023561244678725668,158.79999694824218,156.53499908447264,-0.0013916378030678356,0.009233835777815197,0.0,0.0,0.0,0.0,0.0,0.0,0.0,0.0
2024-01-31,157.0,159.00999450683594,154.80999755859375,155.1999969482422,50284400,159.27999877929688,1,AMZN,-0.023899390262627773,-0.024635484472321334,0.002713517071053717,158.46599731445312,156.88399810791014,0.11230462269451458,0.013830366141134573,0.0,0.0,0.0,0.0,0.0,0.0,0.0,0.0
2024-02-01,155.8699951171875,159.75999450683594,155.6199951171875,159.27999877929688,76542400,171.80999755859375,1,AMZN,0.026288672108771616,-0.012278282245973493,0.020894721302166852,158.7719970703125,157.46199798583984,0.5221897845057315,0.016880409179787084,0.0,0.0,0.0,0.0,0.0,0.0,0.0,0.0
2024-02-02,169.19000244140625,172.5,167.3300018310547,171.80999755859375,117218300,170.30999755859375,0,AMZN,0.07866649218561839,0.08056602238109267,0.09523811376576852,161.30999755859375,159.10899810791017,0.5314165743431092,0.03329520575670488,0.0,0.0,0.0,0.0,0.0,0.0,0.0,0.0
2024-02-05,170.1999969482422,170.5500030517578,167.6999969482422,170.30999755859375,55081300,169.14999389648438,0,AMZN,-0.008730574595861018,0.097358253269751,0.0796196358706418,163.1199981689453,160.66199798583983,-0.5300964098609176,0.03429080262052555,0.0,0.0,0.0,0.0,0.0,0.0,0.0,0.0
2024-02-06,169.38999938964844,170.7100067138672,167.64999389648438,169.14999389648438,42505500,170.52999877929688,1,AMZN,-0.00681113075414308,0.061966318387933095,0.06303418229688895,165.14999694824218,161.9749969482422,-0.2283134203441095,0.03499518097824991,0.0,0.0,0.0,0.0,0.0,0.0,0.0,0.0
2024-02-07,169.47999572753906,170.8800048828125,168.94000244140625,170.52999877929688,47174100,169.83999633789062,0,AMZN,0.008158468416245013,-0.0074500832168415965,0.057484835596146366,168.21599731445312,163.34099731445312,0.10983519779793194,0.03494719288280108,0.0,0.0,0.0,0.0,0.0,0.0,0.0,0.0
2024-02-08,169.64999389648438,171.42999267578125,168.8800048828125,169.83999633789062,42316500,174.4499969482422,1,AMZN,-0.004046223223746481,-0.0027596807435888993,0.06817607759679634,170.32799682617187,164.54999694824218,-0.10297175780778012,0.034067807059137756,0.0,0.0,0.0,0.0,0.0,0.0,0.0,0.0
2024-02-09,170.89999389648438,175.0,170.5800018310547,174.4499969482422,56986000,172.33999633789062,0,AMZN,0.02714319777292107,0.03133315544191673,0.12403350759355813,170.85599670410156,166.08299713134767,0.34666146774898676,0.030934529973602007,0.0,0.0,0.0,0.0,0.0,0.0,0.0,0.0
2024-02-12,174.8000030517578,175.38999938964844,171.5399932861328,172.33999633789062,51050400,168.63999938964844,0,AMZN,-0.012095159915523457,0.010613953976134516,0.08199395817857891,171.26199645996093,167.1909973144531,-0.1041589162250377,0.032428763512510735,0.0,0.0,0.0,0.0,0.0,0.0,0.0,0.0
2024-02-13,167.72999572753906,170.9499969482422,165.75,168.63999938964844,56345100,170.97999572753906,1,AMZN,-0.021469171561243172,-0.007065455570635093,-0.018450603655146613,171.15999755859374,168.15499725341797,0.10371515208499837,0.015832444755964455,0.0,0.0,0.0,0.0,0.0,0.0,0.0,0.0
2024-02-14,169.2100067138672,171.2100067138672,168.27999877929688,170.97999572753906,42815500,169.8000030517578,0,AMZN,0.013875689909627953,-0.019891093616542954,0.003933992006046605,171.2499969482422,169.73299713134764,-0.24012025890450106,0.016646317377465615,0.0,0.0,0.0,0.0,0.0,0.0,0.0,0.0
2024-02-15,170.5800018310547,171.1699981689453,167.58999633789062,169.8000030517578,49855200,169.50999450683594,0,AMZN,-0.006901349311422389,-0.01473826935189726,0.003842797391238717,171.24199829101562,170.78499755859374,0.16441942754376337,0.016653117007673836,0.0,0.0,0.0,0.0,0.0,0.0,0.0,0.0
2024-02-16,168.74000549316406,170.4199981689453,167.1699981689453,169.50999450683594,48107700,167.0800018310547,0,AMZN,-0.0017079419299743659,0.005158889470684436,-0.005981377351565231,170.25399780273438,170.55499725341798,-0.03505150917055788,0.016327683577661397,0.0,0.0,0.0,0.0,0.0,0.0,0.0,0.0
2024-02-20,167.8300018310547,168.7100067138672,165.74000549316406,167.0800018310547,41980300,168.58999633789062,1,AMZN,-0.01433539469369316,-0.022809650216035315,-0.016250556796674864,169.20199890136718,170.23199768066405,-0.12736838385539118,0.01711859454124146,0.0,0.0,0.0,0.0,0.0,0.0,0.0,0.0
2024-02-21,168.94000244140625,170.22999572753906,167.13999938964844,168.58999633789062,44420100,174.5800018310547,1,AMZN,0.00903755380828164,-0.007126070036043264,-0.0335912909880427,169.19199829101564,170.17599792480468,0.05811773617625415,0.012755653447124041,0.0,0.0,0.0,0.0,0.0,0.0,0.0,0.0
2024-02-22,173.10000610351562,174.8000030517578,171.77000427246094,174.5800018310547,55392400,174.99000549316406,1,AMZN,0.035530017339574504,0.029909784015799135,0.012997595107129278,169.91199951171876,170.58099822998048,0.24701205085085354,0.019258985349727798,0.0,0.0,0.0,0.0,0.0,0.0,0.0,0.0
2024-02-23,174.27999877929688,175.75,173.6999969482422,174.99000549316406,59715200,174.72999572753906,0,AMZN,0.0023485144793740087,0.047342611775331944,0.0376542109019089,170.95,171.09599914550782,0.0780395866580974,0.016296881839887548,0.0,0.0,0.0,0.0,0.0,0.0,0.0,0.0
2024-02-26,175.6999969482422,176.3699951171875,174.25999450683594,174.72999572753906,44368600,173.5399932861328,0,AMZN,-0.0014858549486425066,0.03641971364269181,0.021932390301235616,171.99400024414064,171.1239990234375,-0.2569965435935909,0.015997934728070217,0.0,0.0,0.0,0.0,0.0,0.0,0.0,0.0
2024-02-27,174.0800018310547,174.6199951171875,172.86000061035156,173.5399932861328,31141700,173.16000366210938,0,AMZN,-0.006810521779339163,-0.005957203196322092,0.02202585493025566,173.28599853515624,171.2439987182617,-0.2981139815094459,0.01598839883215721,0.0,0.0,0.0,0.0,0.0,0.0,0.0,0.0
2024-02-28,172.44000244140625,174.0500030517578,172.27000427246094,173.16000366210938,28180500,176.75999450683594,1,AMZN,-0.0021896371944472026,-0.010457750577796188,0.021532707648847405,174.2,171.6959991455078,-0.09508793675361327,0.016014185403533804,0.0,0.0,0.0,0.0,0.0,0.0,0.0,0.0
2024-02-29,173.00999450683594,177.22000122070312,172.85000610351562,176.75999450683594,53805400,178.22000122070312,1,AMZN,0.02078996747858297,0.011617918096113788,0.05793627345999974,174.63599853515626,172.2739990234375,0.9093131775518533,0.015096633138567583,0.0,0.0,0.0,0.0,0.0,0.0,0.0,0.0
2024-03-01,176.75,178.72999572753906,176.07000732421875,178.22000122070312,31981200,177.5800018310547,0,AMZN,0.00825982552183624,0.02696789279491285,0.05712085587517235,175.28199768066406,173.11599884033203,-0.40561356295093054,0.015092082239434071,0.0,0.0,0.0,0.0,0.0,0.0,0.0,0.0
2024-03-04,177.52999877929688,180.13999938964844,177.49000549316406,177.5800018310547,37381500,174.1199951171875,0,AMZN,-0.003591063770984282,0.025525514411342654,0.01718409880017746,175.85199890136718,173.9229995727539,0.1688585794154065,0.009393113550931548,0.0,0.0,0.0,0.0,0.0,0.0,0.0,0.0
2024-03-05,176.92999267578125,176.92999267578125,173.3000030517578,174.1199951171875,37228300,173.50999450683594,0,AMZN,-0.01948421375262155,-0.014935502781690424,-0.0049717718079078654,175.96799926757814,174.6269989013672,-0.004098283910490497,0.012539641230307777,0.0,0.0,0.0,0.0,0.0,0.0,0.0,0.0
2024-03-06,175.5399932861328,176.4600067138672,173.25999450683594,173.50999450683594,32090900,176.82000732421875,1,AMZN,-0.0035033346396604603,-0.02642804781509589,-0.0069822082672370556,176.03799743652343,175.1189987182617,-0.13799716882049406,0.012585303669608045,0.0,0.0,0.0,0.0,0.0,0.0,0.0,0.0
2024-03-07,174.8300018310547,177.99000549316406,173.72000122070312,176.82000732421875,34063300,175.35000610351562,0,AMZN,0.019076784751165476,-0.004279730256782965,0.018900623285595275,176.05,175.34299926757814,0.06146290693000189,0.01426203812257785,0.0,0.0,0.0,0.0,0.0,0.0,0.0,0.0
2024-03-08,176.44000244140625,178.7899932861328,174.3300018310547,175.35000610351562,37893200,171.9600067138672,0,AMZN,-0.008313545751684748,0.007064157022864004,0.012647276478924274,175.4760009765625,175.37899932861328,0.11243479052235106,0.014794528792815934,0.0,0.0,0.0,0.0,0.0,0.0,0.0,0.0
2024-03-11,174.30999755859375,174.47000122070312,171.47000122070312,171.9600067138672,28484800,175.38999938964844,1,AMZN,-0.019332758891648982,-0.008933132626591678,-0.02715539682132717,174.352001953125,175.10200042724608,-0.2482872916512725,0.014003212235942355,0.0,0.0,0.0,0.0,0.0,0.0,0.0,0.0
2024-03-12,173.5,176.75999450683594,171.97999572753906,175.38999938964844,36610600,176.55999755859375,1,AMZN,0.019946455814511488,-0.008087364977585554,-0.01587926053007982,174.6060028076172,175.28700103759766,0.2852679323709486,0.016209288022258215,0.0,0.0,0.0,0.0,0.0,0.0,0.0,0.0
2024-03-13,175.89999389648438,177.6199951171875,175.5500030517578,176.55999755859375,30772600,178.75,1,AMZN,0.0066708374081581034,0.006900435773944835,-0.005743914077843915,175.21600341796875,175.6270004272461,-0.15946201373372737,0.01652058072585776,0.0,0.0,0.0,0.0,0.0,0.0,0.0,0.0
2024-03-14,177.69000244140625,179.52999877929688,176.47000122070312,178.75,43705800,174.4199981689453,0,AMZN,0.012403729449981915,0.03948588637491168,0.026590885668796194,175.602001953125,175.8260009765625,0.4202829790137981,0.014784777981416693,0.0,0.0,0.0,0.0,0.0,0.0,0.0,0.0
2024-03-15,176.63999938964844,177.92999267578125,173.89999389648438,174.4199981689453,72147400,174.47999572753906,1,AMZN,-0.024223786467438835,-0.005530538936533991,0.005244675758856676,175.41600036621094,175.4460006713867,0.6507511588850907,0.018185430048818396,0.0,0.0,0.0,0.0,0.0,0.0,0.0,0.0
2024-03-18,175.8000030517578,176.69000244140625,174.27999877929688,174.47999572753906,31250700,175.89999389648438,1,AMZN,0.00034398325434925603,-0.011780708313412935,-0.013233862118267048,175.9199981689453,175.13600006103516,-0.5668492558290389,0.016348572040323223,0.0,0.0,0.0,0.0,0.0,0.0,0.0,0.0
2024-03-19,174.22000122070312,176.08999633789062,173.52000427246094,175.89999389648438,26880900,178.14999389648438,1,AMZN,0.00813845829732096,-0.01594409008959785,0.0031365142504988786,176.0219970703125,175.31399993896486,-0.13983046779752129,0.016436181876310473,0.0,0.0,0.0,0.0,0.0,0.0,0.0,0.0
2024-03-20,176.13999938964844,178.52999877929688,174.63999938964844,178.14999389648438,29947200,178.14999389648438,0,AMZN,0.012791359170393646,0.02138513798128905,0.035996667486277945,176.33999633789062,175.7779998779297,0.11406984141155996,0.014300949619778036,0.0,0.0,0.0,0.0,0.0,0.0,0.0,0.0
2024-03-21,179.99000549316406,181.4199981689453,178.14999389648438,178.14999389648438,32824300,178.8699951171875,1,AMZN,0.0,0.021033919410889057,0.015736327706486364,176.2199951171875,175.91099853515624,0.09607242079393075,0.012766968739286922,0.0,0.0,0.0,0.0,0.0,0.0,0.0,0.0
2024-03-22,177.75,179.25999450683594,176.75,178.8699951171875,27995400,179.7100067138672,1,AMZN,0.0040415450203241665,0.01688460104467615,0.013083357445262456,177.10999450683593,176.26299743652345,-0.14711357134805614,0.012655253014767186,0.0,0.0,0.0,0.0,0.0,0.0,0.0,0.0
2024-03-25,178.00999450683594,180.9900054931641,177.24000549316406,179.7100067138672,29815500,178.3000030517578,0,AMZN,0.004696213001679439,0.008756737978275142,0.005370666930725632,178.15599670410157,177.03799743652343,0.06501425234145608,0.011904946859255418,0.0,0.0,0.0,0.0,0.0,0.0,0.0,0.0
2024-03-26,180.1499938964844,180.4499969482422,177.9499969482422,178.3000030517578,29659000,179.8300018310547,1,AMZN,-0.007845994154095037,0.0008420385091936211,0.022245183600187124,178.63599853515626,177.32899780273436,-0.0052489476949908465,0.0065794168882732885,0.0,0.0,0.0,0.0,0.0,0.0,0.0,0.0
2024-03-27,179.8800048828125,180.0,177.30999755859375,179.8300018310547,33272600,180.3800048828125,1,AMZN,0.008581036192426339,0.005367064013381606,0.030662575851216678,178.9720001220703,177.65599822998047,0.121838227856637,0.006725450279487049,0.0,0.0,0.0,0.0,0.0,0.0,0.0,0.0
2024-03-28,180.1699981689453,181.6999969482422,179.25999450683594,180.3800048828125,38051600,180.97000122070312,1,AMZN,0.0030584610251771505,0.0037282184848619337,0.025469079828192465,179.41800231933593,177.81899871826172,0.1436316969518463,0.006518567692564517,0.0,0.0,0.0,0.0,0.0,0.0,0.0,0.0
2024-04-01,180.7899932861328,183.0,179.9499969482422,180.97000122070312,29174500,180.69000244140625,0,AMZN,0.003270852211551434,0.014974751111867635,0.015829398938163042,179.83800354003907,178.4739990234375,-0.23329110996646663,0.005130993557700956,0.0,0.0,0.0,0.0,0.0,0.0,0.0,0.0
2024-04-02,179.07000732421875,180.7899932861328,178.3800048828125,180.69000244140625,32611500,182.41000366210935,1,AMZN,-0.0015472110151306673,0.004782297734498675,0.014257696502632422,180.03400268554688,179.09499969482422,0.11780836004044626,0.005275729614195682,0.0,0.0,0.0,0.0,0.0,0.0,0.0,0.0
2024-04-03,179.89999389648438,182.8699951171875,179.8000030517578,182.41000366210935,31046600,180.0,0,AMZN,0.009519072430478559,0.011254012220565546,0.019790957911093976,180.8560028076172,179.74600067138672,-0.047986139858638865,0.005981685537300447,0.0,0.0,0.0,0.0,0.0,0.0,0.0,0.0
2024-04-04,184.0,185.1000061035156,180.0,180.0,41624300,185.07000732421875,1,AMZN,-0.013212014767422287,-0.005360011129801334,0.0016136735590608353,180.89000244140624,179.93100128173828,0.3407039740261413,0.008389825315906263,0.0,0.0,0.0,0.0,0.0,0.0,0.0,0.0
2024-04-05,182.3800048828125,186.2700042724609,181.97000122070312,185.07000732421875,42374000,185.19000244140625,1,AMZN,0.028166707356770848,0.024240438450560342,0.03796973727754627,181.8280029296875,180.6230026245117,0.01801111370041064,0.012583689363147514,0.0,0.0,0.0,0.0,0.0,0.0,0.0,0.0
2024-04-08,186.8999938964844,187.2899932861328,184.80999755859372,185.19000244140625,39221300,185.6699981689453,1,AMZN,0.0006483768975988902,0.015240385524285749,0.02980593091127881,182.67200317382813,181.2550033569336,-0.07440175579364705,0.012607196464056676,0.0,0.0,0.0,0.0,0.0,0.0,0.0,0.0
2024-04-09,187.2400054931641,187.33999633789065,184.1999969482422,185.6699981689453,36520100,185.9499969482422,1,AMZN,0.002591909504893186,0.03149998982747393,0.029326938368637645,183.66800231933593,181.85100250244142,-0.06887074115340386,0.012615911779124784,0.0,0.0,0.0,0.0,0.0,0.0,0.0,0.0
2024-04-10,182.7700042724609,186.2700042724609,182.6699981689453,185.9499969482422,35879200,189.0500030517578,1,AMZN,0.0015080453603608657,0.004754901330293881,0.027518349416739474,184.3760009765625,182.61600189208986,-0.01754924000755753,0.012655208029734404,0.0,0.0,0.0,0.0,0.0,0.0,0.0,0.0
2024-04-11,186.7400054931641,189.7700042724609,185.50999450683597,189.0500030517578,40020700,186.1300048828125,0,AMZN,0.016671181255133227,0.020843461091118343,0.04626709002930318,186.18600158691407,183.53800201416016,0.11542899507235393,0.013197156514071585,0.0,0.0,0.0,0.0,0.0,0.0,0.0,0.0
2024-04-12,187.72000122070312,188.3800048828125,185.0800018310547,186.1300048828125,38608800,183.6199951171875,0,AMZN,-0.015445639364236818,0.0024775500533404937,0.020393625053557685,186.39800109863282,184.11300201416014,-0.03527924299175178,0.015444833328185272,0.0,0.0,0.0,0.0,0.0,0.0,0.0,0.0
2024-04-15,187.42999267578125,188.69000244140625,183.0,183.6199951171875,48052400,183.32000732421875,0,AMZN,-0.013485250630092094,-0.012530260119892445,0.020111083984375,186.08399963378906,184.37800140380858,0.2445970866745406,0.015492875151061222,0.0,0.0,0.0,0.0,0.0,0.0,0.0,0.0
2024-04-16,183.2700042724609,184.8300018310547,182.25999450683597,183.32000732421875,32891300,181.27999877929688,0,AMZN,-0.001633742516860992,-0.03030941885766758,-0.009455881184109005,185.61400146484374,184.64100189208983,-0.31551181626724156,0.010789517642637747,0.0,0.0,0.0,0.0,0.0,0.0,0.0,0.0
2024-04-17,184.30999755859372,184.57000732421875,179.82000732421875,181.27999877929688,31359700,179.22000122070312,0,AMZN,-0.011128128209780819,-0.026057089003834633,-0.021113470546805013,184.68000183105468,184.5280014038086,-0.046565505163979504,0.011338091895542642,0.0,0.0,0.0,0.0,0.0,0.0,0.0,0.0
2024-04-18,181.47000122070312,182.38999938964844,178.64999389648438,179.22000122070312,30723800,174.6300048828125,0,AMZN,-0.011363622972558218,-0.023962498711952773,-0.03473903706496073,182.71400146484376,184.45000152587892,-0.020277617451697538,0.011419900742086403,0.0,0.0,0.0,0.0,0.0,0.0,0.0,0.0
2024-04-19,178.74000549316406,179.0,173.44000244140625,174.6300048828125,56000700,177.22999572753906,1,AMZN,-0.02561096030926935,-0.04740345894726683,-0.06087653805437021,180.41400146484375,183.40600128173827,0.8227139872021039,0.01329680867975455,0.0,0.0,0.0,0.0,0.0,0.0,0.0,0.0
2024-04-22,176.94000244140625,178.8699951171875,174.55999755859375,177.22999572753906,37924900,179.5399932861328,1,AMZN,0.014888568814227066,-0.022341146728981243,-0.06252317975886357,179.13600158691406,182.61000061035156,-0.3227781081307912,0.012731471592188745,0.0,0.0,0.0,0.0,0.0,0.0,0.0,0.0
2024-04-23,178.0800018310547,179.92999267578125,175.97999572753906,179.5399932861328,37046500,176.58999633789062,0,AMZN,0.01303389727631088,0.0017854707245295032,-0.03540542321926421,178.37999877929687,181.99700012207032,-0.023161564038402194,0.0147589313849464,0.0,0.0,0.0,0.0,0.0,0.0,0.0,0.0
2024-04-24,179.94000244140625,180.32000732421875,176.17999267578125,176.58999633789062,34185100,173.6699981689453,0,AMZN,-0.016430862529557833,0.011223680926959911,-0.0382855841751345,177.44199829101564,181.06100006103514,-0.0772380656742202,0.0150782962951915,0.0,0.0,0.0,0.0,0.0,0.0,0.0,0.0
2024-04-25,169.67999267578125,173.9199981689453,166.32000732421875,173.6699981689453,49249400,179.6199951171875,1,AMZN,-0.016535467634067658,-0.02008687944712606,-0.05264023985230637,176.33199768066407,179.52299957275392,0.4406685953821987,0.01549369220599512,0.0,0.0,0.0,0.0,0.0,0.0,0.0,0.0
2024-04-26,177.8000030517578,180.82000732421875,176.1300048828125,179.6199951171875,43919800,180.9600067138672,1,AMZN,0.034260361668536854,0.0004455933722087302,-0.009157125293951407,177.32999572753906,178.87199859619142,-0.10821654680057013,0.02192857427752599,0.0,0.0,0.0,0.0,0.0,0.0,0.0,0.0
2024-04-29,182.75,183.52999877929688,179.38999938964844,180.9600067138672,54063900,175.0,0,AMZN,0.007460258507441919,0.024746647412659195,0.009708768448345895,178.07599792480468,178.6059997558594,0.23096872025828907,0.021613278711635882,0.0,0.0,0.0,0.0,0.0,0.0,0.0,0.0
2024-04-30,181.08999633789065,182.9900054931641,174.8000030517578,175.0,94639800,179.0,1,AMZN,-0.03293549122868411,0.007658212961808575,0.002118737369536161,177.16799926757812,177.7739990234375,0.7505174432477124,0.02326342527664059,0.0,0.0,0.0,0.0,0.0,0.0,0.0,0.0
2024-05-01,181.63999938964844,185.1499938964844,176.55999755859375,179.0,94645100,184.72000122070312,1,AMZN,0.02285714285714291,-0.0034517043427320093,0.009987046860747029,177.65,177.5459991455078,5.600180896414564e-05,0.02425665611080132,0.0,0.0,0.0,0.0,0.0,0.0,0.0,0.0
2024-05-02,180.8500061035156,185.1000061035156,179.91000366210938,184.72000122070312,54303500,186.2100067138672,1,AMZN,0.031955314082140474,0.020778041375635103,0.028851554685729086,179.86000061035156,178.09599914550782,-0.4262407668225825,0.02666808740169836,0.0,0.0,0.0,0.0,0.0,0.0,0.0,0.0
2024-05-03,186.9900054931641,187.8699951171875,185.4199981689453,186.2100067138672,39172000,188.6999969482422,1,AMZN,0.008066292135759712,0.06405718122209825,0.054476530808514445,181.1780029296875,179.25399932861328,-0.27864686438259045,0.025040264799024367,0.0,0.0,0.0,0.0,0.0,0.0,0.0,0.0
2024-05-06,186.27999877929688,188.75,184.8000030517578,188.6999969482422,34725300,188.75999450683597,1,AMZN,0.013371946429286963,0.0541899270851518,0.08654343834722544,182.7260009765625,180.4009994506836,-0.11351730828142548,0.022614989336196493,0.0,0.0,0.0,0.0,0.0,0.0,0.0,0.0
2024-05-07,188.9199981689453,189.94000244140625,187.30999755859372,188.75999450683597,34048900,188.0,0,AMZN,0.00031795209095974997,0.021870903310063694,0.05088520007856223,185.47799987792968,181.3229995727539,-0.019478593417479484,0.02063586831811714,0.0,0.0,0.0,0.0,0.0,0.0,0.0,0.0
2024-05-08,187.44000244140625,188.42999267578125,186.38999938964844,188.0,26136400,189.5,1,AMZN,-0.004026247769404523,0.009612766347639523,0.03890358656575654,187.2779998779297,182.46399993896483,-0.23238636196764062,0.021072978017320634,0.0,0.0,0.0,0.0,0.0,0.0,0.0,0.0
2024-05-09,188.8800048828125,191.6999969482422,187.44000244140625,189.5,43368400,187.47999572753903,0,AMZN,0.007978723404255428,0.004239549892400163,0.08285714285714296,188.23399963378907,184.0470001220703,0.6593103870464181,0.01252464897423499,0.0,0.0,0.0,0.0,0.0,0.0,0.0,0.0
2024-05-10,189.16000366210935,189.88999938964844,186.92999267578125,187.47999572753903,34141800,186.57000732421875,0,AMZN,-0.010659653152828352,-0.006781091420568819,0.0473742778074806,188.48799743652344,184.83300018310547,-0.21274937512105585,0.01380209268985956,0.0,0.0,0.0,0.0,0.0,0.0,0.0,0.0
2024-05-13,188.0,188.30999755859372,185.3600006103516,186.57000732421875,24898600,187.07000732421875,1,AMZN,-0.004853789332504355,-0.007606344020113065,0.01001519105289117,188.06199951171874,185.3940002441406,-0.27072972133865236,0.00862345973626676,0.0,0.0,0.0,0.0,0.0,0.0,0.0,0.0
2024-05-14,183.82000732421875,187.72000122070312,183.4499969482422,187.07000732421875,38698200,185.9900054931641,0,AMZN,0.002679959159411549,-0.012823180347130592,0.004618444655732468,187.7240020751953,186.6010009765625,0.5542319648494294,0.008163401736002161,0.0,0.0,0.0,0.0,0.0,0.0,0.0,0.0
2024-05-15,185.97000122070312,186.72000122070312,182.72999572753903,185.9900054931641,75459900,183.6300048828125,0,AMZN,-0.005773249525686142,-0.007947462493760216,-0.014361375192928127,187.32200317382814,187.3000015258789,0.9499589128176504,0.006168609802739482,0.0,0.0,0.0,0.0,0.0,0.0,0.0,0.0
2024-05-16,185.6000061035156,187.30999755859372,183.4600067138672,183.6300048828125,38834500,184.6999969482422,1,AMZN,-0.01268885714634993,-0.015758172943077353,-0.027177313908205658,186.14800415039062,187.19100189208984,-0.48536242428097576,0.00720845919465027,0.0,0.0,0.0,0.0,0.0,0.0,0.0,0.0
2024-05-17,183.75999450683597,185.3000030517578,183.3500061035156,184.6999969482422,33175700,183.5399932861328,0,AMZN,0.005826891232250109,-0.012669109334394801,-0.017553207722115993,185.59200439453124,187.04000091552734,-0.14571579394610468,0.00808929292868046,0.0,0.0,0.0,0.0,0.0,0.0,0.0,0.0
2024-05-20,184.33999633789065,186.6699981689453,183.27999877929688,183.5399932861328,30511800,183.1499938964844,0,AMZN,-0.006280474722663021,-0.013172816466857529,-0.031451222764470654,184.98600158691406,186.5240005493164,-0.08029672320403192,0.006684593682890607,0.0,0.0,0.0,0.0,0.0,0.0,0.0,0.0
2024-05-21,182.3000030517578,183.25999450683597,180.75,183.1499938964844,50839100,183.1300048828125,0,AMZN,-0.0021248741632043933,-0.00261401172773712,-0.02309580717799531,184.20199890136718,185.96300048828124,0.6662111052117541,0.006137374560780934,0.0,0.0,0.0,0.0,0.0,0.0,0.0,0.0
2024-05-22,183.8800048828125,185.22000122070312,181.97000122070312,183.1300048828125,28148800,181.0500030517578,0,AMZN,-0.0001091401274257997,-0.008500227890472778,-0.01843813210248879,183.62999877929687,185.4760009765625,-0.4463159261277245,0.006200949425161996,0.0,0.0,0.0,0.0,0.0,0.0,0.0,0.0
2024-05-23,183.66000366210935,184.75999450683597,180.0800018310547,181.0500030517578,33670200,180.75,0,AMZN,-0.011358061353112014,-0.013566472297365628,-0.03218048878368529,183.11399841308594,184.6310012817383,0.19615045756835103,0.006458871323007155,0.0,0.0,0.0,0.0,0.0,0.0,0.0,0.0
2024-05-24,181.6499938964844,182.44000244140625,180.3000030517578,180.75,27471600,182.1499938964844,1,AMZN,-0.0016570176564539851,-0.013103980215477762,-0.028173586420785823,182.3239990234375,183.95800170898437,-0.18409751055829782,0.006525950959043525,0.0,0.0,0.0,0.0,0.0,0.0,0.0,0.0
2024-05-28,179.92999267578125,182.2400054931641,179.49000549316406,182.1499938964844,29927000,182.0200042724609,0,AMZN,0.007745471073219434,-0.005351449572423839,-0.008059744850916872,182.0459991455078,183.51600036621093,0.08937957745453495,0.006590679151284111,0.0,0.0,0.0,0.0,0.0,0.0,0.0,0.0
2024-05-29,181.6999969482422,184.0800018310547,181.5500030517578,182.0200042724609,32009300,179.32000732421875,0,AMZN,-0.000713640562059914,0.0053576426641970265,-0.014509976827624338,181.82000122070312,183.01100006103516,0.06957930965349024,0.00586227903464845,0.0,0.0,0.0,0.0,0.0,0.0,0.0,0.0
2024-05-30,181.30999755859372,181.33999633789065,178.36000061035156,179.32000732421875,29184700,176.44000244140625,0,AMZN,-0.0148335176621609,-0.007911439423409439,-0.022992187622755567,181.05800170898436,182.34400024414063,-0.08824310434779892,0.007537767365792002,0.0,0.0,0.0,0.0,0.0,0.0,0.0,0.0
2024-05-31,178.3000030517578,179.2100067138672,173.8699951171875,176.44000244140625,58903900,178.33999633789062,1,AMZN,-0.016060700229647673,-0.0313477444216832,-0.0366365912022395,180.13600158691406,181.625,1.0183143907595418,0.008895825368532801,0.0,0.0,0.0,0.0,0.0,0.0,0.0,0.0
2024-06-03,177.6999969482422,178.6999969482422,175.9199981689453,178.33999633789062,30786600,179.33999633789062,1,AMZN,0.01076849847083472,-0.020217601627246284,-0.026156328385329664,179.65400085449218,180.98899993896484,-0.47734190775143925,0.010714555262185996,0.0,0.0,0.0,0.0,0.0,0.0,0.0,0.0
2024-06-04,177.63999938964844,179.82000732421875,176.44000244140625,179.33999633789062,27198400,181.27999877929688,1,AMZN,0.00560726713319748,0.000111471184783829,-0.009444941646194471,179.09200134277344,180.56900024414062,-0.11655070712582749,0.010619831449134904,0.0,0.0,0.0,0.0,0.0,0.0,0.0,0.0
2024-06-05,180.10000610351562,181.5,178.75,181.27999877929688,32116400,185.0,1,AMZN,0.010817455564965828,0.02743140031126412,0.0029322200790975472,178.94400024414062,180.3820007324219,0.18081945996823334,0.011556494350629297,0.0,0.0,0.0,0.0,0.0,0.0,0.0,0.0
2024-06-06,181.75,185.0,181.4900054931641,185.0,31371200,184.3000030517578,0,AMZN,0.020520748266509736,0.03734441964152024,0.01564647926991003,180.0799987792969,180.56900024414062,-0.02320309872837556,0.013704931979878227,0.0,0.0,0.0,0.0,0.0,0.0,0.0,0.0
2024-06-07,184.8999938964844,186.2899932861328,183.3600006103516,184.3000030517578,28021500,187.05999755859372,1,AMZN,-0.003783767287795614,0.02765700242639757,0.012526089032961707,181.6519989013672,180.8940002441406,-0.10677627887999186,0.013865664988223418,0.0,0.0,0.0,0.0,0.0,0.0,0.0,0.0
2024-06-10,184.07000732421875,187.22999572753903,183.7899932861328,187.05999755859372,34445600,187.22999572753903,1,AMZN,0.014975553234585659,0.03188437123906773,0.04316300422841679,183.3959991455078,181.525,0.22925610691790244,0.012381491301229286,0.0,0.0,0.0,0.0,0.0,0.0,0.0,0.0
2024-06-11,187.05999755859372,187.7700042724609,184.5399932861328,187.22999572753903,27265100,186.88999938964844,0,AMZN,0.0009087895389929823,0.012054030959670392,0.0611538944504153,184.9739990234375,182.03300018310546,-0.20845913556448425,0.008304808332112208,0.0,0.0,0.0,0.0,0.0,0.0,0.0,0.0
2024-06-12,188.0200042724609,188.3500061035156,185.42999267578125,186.88999938964844,33984200,183.8300018310547,0,AMZN,-0.0018159287809063063,0.014053154069472606,0.04794215110085909,186.09599914550782,182.5199996948242,0.24643591991226876,0.009070082132509072,0.0,0.0,0.0,0.0,0.0,0.0,0.0,0.0
2024-06-13,186.08999633789065,187.6699981689453,182.6699981689453,183.8300018310547,39721500,183.66000366210935,0,AMZN,-0.016373254687715777,-0.01726716438412912,0.025036275146925524,185.86199951171875,182.97099914550782,0.1688225704886388,0.012634820056871334,0.0,0.0,0.0,0.0,0.0,0.0,0.0,0.0
2024-06-14,183.0800018310547,183.72000122070312,182.22999572753903,183.66000366210935,25456400,184.05999755859372,1,AMZN,-0.0009247574783879386,-0.019067415194650827,0.013128888453436405,185.73399963378907,183.69299926757813,-0.3591279282000931,0.012292837627434355,0.0,0.0,0.0,0.0,0.0,0.0,0.0,0.0
2024-06-17,182.5200042724609,185.0,181.22000122070312,184.05999755859372,35601900,182.80999755859372,0,AMZN,0.002177904217078641,-0.015142607096672034,-0.005081094277871734,185.13399963378905,184.26499938964844,0.39854417749563953,0.009247064910890715,0.0,0.0,0.0,0.0,0.0,0.0,0.0,0.0
2024-06-18,183.7400054931641,184.2899932861328,181.42999267578125,182.80999755859372,36659200,186.1000061035156,1,AMZN,-0.006791263808433312,-0.005548627875216927,-0.008084674272879178,184.24999999999997,184.61199951171875,0.02969785320446383,0.009481617655228805,0.0,0.0,0.0,0.0,0.0,0.0,0.0,0.0
2024-06-20,182.91000366210935,186.50999450683597,182.72000122070312,186.1000061035156,44726800,189.0800018310547,1,AMZN,0.017996874289478493,0.013285431736652198,-0.0051319975815642405,184.09200134277341,185.0940002441406,0.22007026885474867,0.010364144824507626,0.0,0.0,0.0,0.0,0.0,0.0,0.0,0.0
2024-06-21,187.8000030517578,189.27999877929688,185.8600006103516,189.0800018310547,70792500,185.57000732421875,0,AMZN,0.01601287280926522,0.027273738666995673,0.009880927980193022,185.14200134277343,185.50200042724606,0.5827758748669702,0.012167554208175408,0.0,0.0,0.0,0.0,0.0,0.0,0.0,0.0
2024-06-24,189.3300018310547,191.0,185.3300018310547,185.57000732421875,50610400,186.33999633789065,1,AMZN,-0.0185635417434159,0.015097695982083215,-0.007062935789718838,185.5240020751953,185.62900085449218,-0.2850881096161316,0.014368580546662202,0.0,0.0,0.0,0.0,0.0,0.0,0.0,0.0
2024-06-25,186.80999755859372,188.83999633789065,185.4199981689453,186.33999633789065,45366400,193.6100006103516,1,AMZN,0.004149318226444931,0.0012895767141543057,0.013653889364276584,185.9800018310547,185.55700073242187,-0.10361506725890335,0.012686023241178136,0.0,0.0,0.0,0.0,0.0,0.0,0.0,0.0
2024-06-26,186.9199981689453,194.8000030517578,186.25999450683597,193.6100006103516,65103900,197.8500061035156,1,AMZN,0.03901472799901873,0.023958106280031144,0.05417617744660319,188.14000244140624,186.19500122070312,0.43506868519432884,0.01870210129702168,0.0,0.0,0.0,0.0,0.0,0.0,0.0,0.0
2024-06-27,195.00999450683597,199.83999633789065,194.1999969482422,197.8500061035156,74397500,193.25,0,AMZN,0.02189972356695158,0.06617448022105132,0.07492126875929106,190.49000244140626,187.29100189208984,0.14275028070514972,0.019207810430551316,0.0,0.0,0.0,0.0,0.0,0.0,0.0,0.0
2024-06-28,197.72999572753903,198.8500061035156,192.5,193.25,76930200,197.1999969482422,1,AMZN,-0.023249966952787804,0.03708277234040214,0.057108487395827856,191.32400207519532,188.23300170898438,0.03404281057831238,0.02242038665286355,0.0,0.0,0.0,0.0,0.0,0.0,0.0,0.0
2024-07-01,193.4900054931641,198.3000030517578,192.82000732421875,197.1999969482422,41192000,200.0,1,AMZN,0.02043982896891161,0.018542411686241378,0.05964530080967534,193.65,189.58700103759764,-0.4645535823382755,0.022616816127343693,0.0,0.0,0.0,0.0,0.0,0.0,0.0,0.0
2024-07-02,197.27999877929688,200.42999267578125,195.92999267578125,200.0,45600000,197.58999633789065,0,AMZN,0.014198798656638534,0.010866787112250753,0.05775332167969016,196.3820007324219,191.18100128173828,0.10701107011070121,0.022526985122261898,0.0,0.0,0.0,0.0,0.0,0.0,0.0,0.0
2024-07-03,199.94000244140625,200.02999877929688,196.75999450683597,197.58999633789065,31597900,200.0,1,AMZN,-0.01205001831054675,0.022457937065410993,0.06477333911331473,197.1779998779297,192.65900115966798,-0.30706359649122805,0.021336962243075425,0.0,0.0,0.0,0.0,0.0,0.0,0.0,0.0
2024-07-05,198.6499938964844,200.5500030517578,198.1699981689453,200.0,39858900,199.2899932861328,0,AMZN,0.012196992290986808,0.014198798656638534,0.07330687952434878,197.60799865722657,194.04900054931642,0.2614414249048196,0.02123601746057518,0.0,0.0,0.0,0.0,0.0,0.0,0.0,0.0
2024-07-08,200.0399932861328,201.1999969482422,197.9600067138672,199.2899932861328,34767300,199.33999633789065,1,AMZN,-0.0035500335693359197,-0.0035500335693359197,0.029337289695135382,198.8159973144531,195.06999969482425,-0.12774060498408135,0.01740944797190295,0.0,0.0,0.0,0.0,0.0,0.0,0.0,0.0
2024-07-09,199.3999938964844,200.57000732421875,199.0500030517578,199.33999633789065,32700100,199.7899932861328,1,AMZN,0.00025090598345323123,0.008856723682546086,0.007530908205256814,199.2439971923828,196.44699859619143,-0.059458169026642804,0.015582561159505683,0.0,0.0,0.0,0.0,0.0,0.0,0.0,0.0
2024-07-10,200.0,200.1100006103516,197.69000244140625,199.7899932861328,32883800,195.0500030517578,0,AMZN,0.002257434315787732,-0.001050033569335973,0.033842138608707995,199.20199584960938,197.79199829101563,0.0056177198234868,0.011317090888761136,0.0,0.0,0.0,0.0,0.0,0.0,0.0,0.0
2024-07-11,200.08999633789065,200.2700042724609,192.8600006103516,195.0500030517578,44565000,194.4900054931641,0,AMZN,-0.023724863074531144,-0.02127547983950895,-0.010902606134667758,198.69399719238282,197.93599853515624,0.35522658573522525,0.013295945670837521,0.0,0.0,0.0,0.0,0.0,0.0,0.0,0.0
2024-07-12,194.8000030517578,196.47000122070312,193.8300018310547,194.4900054931641,30598500,192.72000122070312,0,AMZN,-0.0028710461411535215,-0.024330244475903373,-0.027549972534179568,197.59199829101564,197.5999984741211,-0.3133961629081118,0.01136428032819674,0.0,0.0,0.0,0.0,0.0,0.0,0.0,0.0
2024-07-15,194.55999755859372,196.19000244140625,190.8300018310547,192.72000122070312,40683200,193.0200042724609,1,AMZN,-0.009100746683475047,-0.03538711798895888,-0.024646972050445082,196.27799987792972,197.5469985961914,0.32958151543376313,0.011063635661854893,0.0,0.0,0.0,0.0,0.0,0.0,0.0,0.0
2024-07-16,195.58999633789065,196.6199951171875,192.2400054931641,193.0200042724609,33994700,187.92999267578125,0,AMZN,0.0015566783408962337,-0.010407581376752018,-0.03489997863769545,195.01400146484374,197.12899932861328,-0.164404471624651,0.009104020633467307,0.0,0.0,0.0,0.0,0.0,0.0,0.0,0.0
2024-07-17,191.3500061035156,191.5800018310547,185.9900054931641,187.92999267578125,48076100,183.75,0,AMZN,-0.02637038381521717,-0.03372930552780207,-0.05700236335520026,192.64200134277343,195.9219985961914,0.4142233936466566,0.01208518415475344,0.0,0.0,0.0,0.0,0.0,0.0,0.0,0.0
2024-07-18,189.58999633789065,189.67999267578125,181.4499969482422,183.75,51043600,183.1300048828125,0,AMZN,-0.022242286163404512,-0.046544215254703536,-0.07820806975166628,190.3820007324219,194.53799896240236,0.06172505673297124,0.012422636664384541,0.0,0.0,0.0,0.0,0.0,0.0,0.0,0.0
2024-07-19,181.13999938964844,184.92999267578125,180.11000061035156,183.1300048828125,43081800,182.5500030517578,0,AMZN,-0.0033741230867346816,-0.05123820936035206,-0.08338750169264186,188.11000061035156,192.8509994506836,-0.1559803775595765,0.0115338007231125,0.0,0.0,0.0,0.0,0.0,0.0,0.0,0.0
2024-07-22,185.0,185.05999755859372,182.47999572753903,182.5500030517578,39931900,186.41000366210935,1,AMZN,-0.003167158934036185,-0.028627626423127994,-0.06408613075839353,186.0760009765625,191.1770004272461,-0.0731144009767466,0.010730297555345093,0.0,0.0,0.0,0.0,0.0,0.0,0.0,0.0
2024-07-23,184.1000061035156,189.38999938964844,183.55999755859372,186.41000366210935,47537700,180.8300018310547,0,AMZN,0.021144894800451564,0.014476210406037193,-0.04154456066041268,184.75400085449218,189.88400115966797,0.1904692739388809,0.015796726548141717,0.0,0.0,0.0,0.0,0.0,0.0,0.0,0.0
2024-07-24,183.1999969482422,185.4499969482422,180.41000366210935,180.8300018310547,41532400,179.85000610351562,0,AMZN,-0.029934025650088403,-0.012559400373683305,-0.06169572080913388,183.33400268554686,187.98800201416014,-0.12632710459277585,0.018262432692437887,0.0,0.0,0.0,0.0,0.0,0.0,0.0,0.0
2024-07-25,182.91000366210935,183.8999938964844,176.8000030517578,179.85000610351562,44464200,182.5,1,AMZN,-0.005419431054668911,-0.014790451400193416,-0.06823126037420935,182.55400390625,186.46800231933594,0.07059067137945307,0.01777988754077627,0.0,0.0,0.0,0.0,0.0,0.0,0.0,0.0
2024-07-26,180.38999938964844,183.19000244140625,180.2400054931641,182.5,29506000,183.1999969482422,1,AMZN,0.014734466536293178,-0.020975288800469616,-0.028893699182701127,182.4280029296875,185.26900177001954,-0.3364099657702151,0.018219455297954205,0.0,0.0,0.0,0.0,0.0,0.0,0.0,0.0
2024-07-29,183.83999633789065,184.75,182.3800048828125,183.1999969482422,33270100,181.7100067138672,0,AMZN,0.003835599716395466,0.01310620523800976,-0.002993213887117374,182.55800170898436,184.31700134277344,0.1275706635938454,0.016457398824923863,0.0,0.0,0.0,0.0,0.0,0.0,0.0,0.0
2024-07-30,184.72000122070312,185.8600006103516,179.3800048828125,181.7100067138672,39508600,186.97999572753903,1,AMZN,-0.008133134602594794,0.010341954669053521,-0.007754044291398254,181.61800231933594,183.18600158691407,0.18751070781272072,0.016701495394829843,0.0,0.0,0.0,0.0,0.0,0.0,0.0,0.0
2024-07-31,185.0500030517578,187.94000244140625,184.4600067138672,186.97999572753903,41667300,184.07000732421875,0,AMZN,0.029002194810164417,0.024547921794734417,0.024267283493417446,182.8480010986328,183.09100189208985,0.05463873688260268,0.020085957009828067,0.0,0.0,0.0,0.0,0.0,0.0,0.0,0.0
2024-08-01,189.2899932861328,190.6000061035156,181.8699951171875,184.07000732421875,70435600,167.89999389648438,0,AMZN,-0.015563100170141286,0.0047489650134784345,-0.012552954733760502,183.69200134277344,183.1230026245117,0.6904287054836766,0.019527326794107677,0.0,0.0,0.0,0.0,0.0,0.0,0.0,0.0
2024-08-02,166.75,168.77000427246094,160.5500030517578,167.89999389648438,141448400,161.02000427246094,0,AMZN,-0.0878470841762542,-0.0760002878604753,-0.07150366534116681,180.77200012207032,181.6000015258789,1.0081947197155983,0.03750537556786257,0.0,0.0,0.0,0.0,0.0,0.0,0.0,0.0
2024-08-05,154.2100067138672,162.9600067138672,151.61000061035156,161.02000427246094,83149400,161.92999267578125,1,AMZN,-0.04097671157906757,-0.13883833590897132,-0.10469836637212437,176.33600158691405,179.4470016479492,-0.4121573662197664,0.0391664593219324,0.0,0.0,0.0,0.0,0.0,0.0,0.0,0.0
2024-08-06,161.7100067138672,165.0800018310547,158.5399932861328,161.92999267578125,59950800,162.77000427246094,1,AMZN,0.005651399696776416,-0.12028040293082809,-0.11271236889982872,172.37999877929687,176.9990005493164,-0.27899900660738386,0.038154861105958456,0.0,0.0,0.0,0.0,0.0,0.0,0.0,0.0
2024-08-07,166.5500030517578,167.5800018310547,161.42999267578125,162.77000427246094,48408200,165.8000030517578,1,AMZN,0.0051874985158653075,-0.03055384044377174,-0.11151742912721307,167.53800048828126,175.19300079345703,-0.19253454499356137,0.03827693597895189,0.0,0.0,0.0,0.0,0.0,0.0,0.0,0.0
2024-08-08,165.1699981689453,166.69000244140625,162.5500030517578,165.8000030517578,44616200,166.94000244140625,1,AMZN,0.018615215947435537,0.029685744953829918,-0.08755711339091155,163.88399963378907,173.78800048828126,-0.07833383600299126,0.040476426608091316,0.0,0.0,0.0,0.0,0.0,0.0,0.0,0.0
2024-08-09,166.39999389648438,168.5500030517578,165.85000610351562,166.94000244140625,36401000,166.8000030517578,0,AMZN,0.00687575011257735,0.0309393564640994,-0.10717720474940207,163.69200134277344,172.23200073242188,-0.1841304279611442,0.037467799125766296,0.0,0.0,0.0,0.0,0.0,0.0,0.0,0.0
2024-08-12,168.13999938964844,168.5500030517578,166.11000061035156,166.8000030517578,30072800,170.22999572753906,1,AMZN,-0.000838620987187122,0.024758854048753776,-0.09382302159656986,164.8480010986328,170.59200134277344,-0.17384687233867202,0.037870682190677504,0.0,0.0,0.0,0.0,0.0,0.0,0.0,0.0
2024-08-13,167.80999755859375,171.0399932861328,167.10000610351562,170.22999572753906,39237900,170.10000610351562,0,AMZN,0.020563504874259175,0.026718893813278966,0.013877319331477844,166.50800170898438,169.44400024414062,0.3047637732435955,0.020505383048862028,0.0,0.0,0.0,0.0,0.0,0.0,0.0,0.0
2024-08-14,172.11000061035156,172.27999877929688,168.86000061035156,170.10000610351562,28843800,177.58999633789062,1,AMZN,-0.0007636117446156998,0.01892897817117567,0.056390520370937613,167.9740020751953,167.7560012817383,-0.26489949767953946,0.008564119121402038,0.0,0.0,0.0,0.0,0.0,0.0,0.0,0.0
2024-08-15,174.86000061035156,177.91000366210938,173.99000549316406,177.58999633789062,51698500,177.05999755859375,0,AMZN,0.04403286281963403,0.06468820796594765,0.09670848125994835,170.33200073242188,167.10800018310547,0.7923609233180093,0.015969979585569553,0.0,0.0,0.0,0.0,0.0,0.0,0.0,0.0
2024-08-16,177.0399932861328,178.33999633789062,176.25999450683594,177.05999755859375,31489200,178.22000122070312,1,AMZN,-0.002984395462729106,0.040122199391853464,0.08779254722026542,172.3559997558594,168.0240005493164,-0.3909068928498892,0.01693815852383392,0.0,0.0,0.0,0.0,0.0,0.0,0.0,0.0
2024-08-19,177.63999938964844,178.3000030517578,176.16000366210938,178.22000122070312,31129800,178.8800048828125,1,AMZN,0.006551472258579993,0.04773659509598138,0.07490951713111937,174.63999938964844,169.74400024414064,-0.011413436987919634,0.016791439815866175,0.0,0.0,0.0,0.0,0.0,0.0,0.0,0.0
2024-08-20,177.9199981689453,179.00999450683594,177.42999267578125,178.8800048828125,26255200,180.11000061035156,1,AMZN,0.003703308593809629,0.007263970783959239,0.07152271634593421,176.37000122070313,171.43900146484376,-0.1565895058753991,0.016947367669456443,0.0,0.0,0.0,0.0,0.0,0.0,0.0,0.0
2024-08-21,179.9199981689453,182.38999938964844,178.88999938964844,180.11000061035156,35599100,176.1300048828125,0,AMZN,0.006876093995775934,0.01722581663737177,0.07979614697287318,178.37200012207032,173.17300109863282,0.35588759560010974,0.01636295230377951,0.0,0.0,0.0,0.0,0.0,0.0,0.0,0.0
2024-08-22,181.3800048828125,181.47000122070312,175.67999267578125,176.1300048828125,32047500,177.0399932861328,1,AMZN,-0.022097583221652117,-0.011727058262683054,0.034659045428848456,178.0800018310547,174.20600128173828,-0.09976656713231513,0.019842743977691035,0.0,0.0,0.0,0.0,0.0,0.0,0.0,0.0
2024-08-23,177.33999633789062,178.97000122070312,175.24000549316406,177.0399932861328,29150100,175.5,0,AMZN,0.005166572293719973,-0.010286289951105032,0.040799452872410935,178.0760009765625,175.21600036621095,-0.09040954832670256,0.019679314602561854,0.0,0.0,0.0,0.0,0.0,0.0,0.0,0.0
2024-08-26,176.6999969482422,177.47000122070312,174.3000030517578,175.5,22366200,173.1199951171875,0,AMZN,-0.00869856159361615,-0.025595472737378944,-0.011768660290493504,177.53200073242186,176.08600006103515,-0.23272304383175357,0.010682133437516223,0.0,0.0,0.0,0.0,0.0,0.0,0.0,0.0
2024-08-27,174.14999389648438,174.88999938964844,172.25,173.1199951171875,29842000,170.8000030517578,0,AMZN,-0.013561281383547064,-0.01708970466234705,-0.022252357933656874,176.37999877929687,176.375,0.33424542389856127,0.011611535569681194,0.0,0.0,0.0,0.0,0.0,0.0,0.0,0.0
2024-08-28,173.69000244140625,173.69000244140625,168.9199981689453,170.8000030517578,29045000,172.1199951171875,1,AMZN,-0.013401063602498708,-0.03524621820500129,-0.04163392502593788,174.51799926757812,176.44499969482422,-0.026707325246297153,0.011276845359207357,0.0,0.0,0.0,0.0,0.0,0.0,0.0,0.0
2024-08-29,173.22000122070312,174.2899932861328,170.80999755859375,172.1199951171875,26407800,178.5,1,AMZN,0.007728290643119529,-0.019259287081552667,-0.03779075123602327,173.71599731445312,175.89799957275392,-0.09079703907729386,0.011937442855590232,0.0,0.0,0.0,0.0,0.0,0.0,0.0,0.0
2024-08-30,172.77999877929688,178.89999389648438,172.60000610351562,178.5,43429400,176.25,0,AMZN,0.037067191865004956,0.031076738877971355,-0.008938985091864082,174.00799865722655,176.04199981689453,0.6445671354675513,0.019913053462644714,0.0,0.0,0.0,0.0,0.0,0.0,0.0,0.0
2024-09-03,177.5500030517578,178.25999450683594,175.25999450683594,176.25,37817500,173.3300018310547,0,AMZN,-0.012605042016806678,0.031908646667826224,0.000681287196167002,174.15799865722656,175.84499969482422,-0.12921891621804582,0.01852041489247328,0.0,0.0,0.0,0.0,0.0,0.0,0.0,0.0
2024-09-04,174.47999572753906,175.97999572753906,172.5399932861328,173.3300018310547,30309200,177.88999938964844,1,AMZN,-0.016567365497562103,0.007030018290689277,-0.02095566875153465,174.2,175.28999938964844,-0.19854035829972894,0.01936005536726658,0.0,0.0,0.0,0.0,0.0,0.0,0.0,0.0
2024-09-05,175.0,179.8800048828125,175.0,177.88999938964844,40170500,171.38999938964844,0,AMZN,0.026308183871355473,-0.0034173703661152244,0.01361823014044683,175.6179992675781,175.06799926757813,0.32535665738455655,0.021949470384225896,0.0,0.0,0.0,0.0,0.0,0.0,0.0,0.0
2024-09-06,177.24000549316406,178.3800048828125,171.16000366210938,171.38999938964844,41466500,175.39999389648438,1,AMZN,-0.03653943460735232,-0.027574471548094004,-0.009993043994531048,175.4720001220703,174.59399871826173,0.03226248117399577,0.026028008025551195,0.0,0.0,0.0,0.0,0.0,0.0,0.0,0.0
2024-09-09,174.52999877929688,175.85000610351562,173.50999450683594,175.39999389648438,29037400,179.5500030517578,1,AMZN,0.023396899008788496,0.011942491453079906,0.026932030225623738,174.85199890136718,174.42999877929688,-0.29973834299977087,0.026843170828372856,0.0,0.0,0.0,0.0,0.0,0.0,0.0,0.0
2024-09-10,177.49000549316406,180.5,176.7899932861328,179.5500030517578,36233800,184.5200042724609,1,AMZN,0.023660258265018275,0.009331630039940197,0.04316760484167803,175.51199951171876,174.83499908447266,0.2478321061803055,0.027857103160674968,0.0,0.0,0.0,0.0,0.0,0.0,0.0,0.0
2024-09-11,180.10000610351562,184.9900054931641,175.72999572753906,184.5200042724609,42564700,187.0,1,AMZN,0.027680318219044597,0.07660893243229383,0.033725514131433654,177.75,175.97499999999997,0.17472360061599934,0.026317561099485503,0.0,0.0,0.0,0.0,0.0,0.0,0.0,0.0
2024-09-12,184.8000030517578,187.41000366210935,183.5399932861328,187.0,33544200,186.4900054931641,0,AMZN,0.013440254011034769,0.06613458669993788,0.06099290780141842,179.5720001220703,177.59499969482422,-0.21192443503654435,0.0252243011295796,0.0,0.0,0.0,0.0,0.0,0.0,0.0,0.0
2024-09-13,187.0,188.5,185.91000366210935,186.4900054931641,26495400,184.88999938964844,0,AMZN,-0.0027272433520636463,0.03865219896100869,0.07592455733622216,182.59200134277344,179.03200073242186,-0.21013468796394008,0.02338259904526637,0.0,0.0,0.0,0.0,0.0,0.0,0.0,0.0
2024-09-16,185.2899932861328,185.80999755859372,183.3600006103516,184.88999938964844,26065500,186.8800048828125,1,AMZN,-0.00857958097692424,0.0020051761793871137,0.039350160346379504,184.49000244140626,179.6710006713867,-0.016225458004030857,0.023230242991680305,0.0,0.0,0.0,0.0,0.0,0.0,0.0,0.0
2024-09-17,186.8500061035156,189.4499969482422,186.13999938964844,186.8800048828125,26091700,186.42999267578125,0,AMZN,0.010763186217390919,-0.0006416851186497041,0.09037870090627709,185.95600280761718,180.73400115966797,0.0010051600774971803,0.013867537267087912,0.0,0.0,0.0,0.0,0.0,0.0,0.0,0.0
2024-09-18,186.4499969482422,188.8000030517578,185.05999755859372,186.42999267578125,34448100,189.8699951171875,1,AMZN,-0.0024080275860086653,-0.0003218017889169422,0.06288482989233413,186.33800048828124,182.04400024414062,0.3202704308266613,0.013923716598000636,0.0,0.0,0.0,0.0,0.0,0.0,0.0,0.0
2024-09-19,190.0399932861328,190.9900054931641,188.47000122070312,189.8699951171875,39543200,191.6000061035156,1,AMZN,0.01845197970580159,0.02693491126604375,0.05747698072973462,186.91199951171876,183.24199981689452,0.14790656088434484,0.013114995163915164,0.0,0.0,0.0,0.0,0.0,0.0,0.0,0.0
2024-09-20,190.22999572753903,191.83999633789065,187.41000366210935,191.6000061035156,100378600,193.8800048828125,1,AMZN,0.009111555436973173,0.025256855187171467,0.03836983344418532,187.93399963378906,185.26300048828125,1.5384541463513322,0.009999802095155422,0.0,0.0,0.0,0.0,0.0,0.0,0.0,0.0
2024-09-23,191.63999938964844,194.4499969482422,190.57000732421875,193.8800048828125,36993100,193.9600067138672,1,AMZN,0.011899784481557374,0.039961446654066535,0.03679146996156413,189.73200073242188,187.11100158691406,-0.631464276250117,0.009809431914551525,0.0,0.0,0.0,0.0,0.0,0.0,0.0,0.0
2024-09-24,194.2700042724609,195.3699951171875,190.1300048828125,193.9600067138672,43478900,192.52999877929688,0,AMZN,0.0004126358007008335,0.021541116036556174,0.0400557724310695,191.14800109863282,188.552001953125,0.17532458755822034,0.009450915512910087,0.0,0.0,0.0,0.0,0.0,0.0,0.0,0.0
2024-09-25,193.75,193.9499969482422,192.16000366210935,192.52999877929688,26391100,191.16000366210935,0,AMZN,-0.007372694808574054,0.00485382383171129,0.041321863891337074,192.36800231933594,189.3530014038086,-0.39301362269974627,0.009154100505183381,0.0,0.0,0.0,0.0,0.0,0.0,0.0,0.0
2024-09-26,194.30999755859372,194.52999877929688,189.5399932861328,191.16000366210935,36334900,187.97000122070312,0,AMZN,-0.007115748848874226,-0.014029302414899414,0.022902390129862837,192.62600402832032,189.76900177001954,0.3767861135003845,0.010005195095274432,0.0,0.0,0.0,0.0,0.0,0.0,0.0,0.0
2024-09-27,190.67999267578125,190.8999938964844,187.33999633789065,187.97000122070312,36002300,186.3300018310547,0,AMZN,-0.016687603998192024,-0.030882683469900085,0.008260519258830312,191.9000030517578,189.91700134277343,-0.009153733738086478,0.012502833987352996,0.0,0.0,0.0,0.0,0.0,0.0,0.0,0.0
2024-09-30,187.13999938964844,188.4900054931641,184.6499938964844,186.3300018310547,41583900,185.1300048828125,0,AMZN,-0.008724793206352333,-0.032202757947084604,-0.018644300717171935,190.39000244140624,190.06100158691407,0.15503453945997903,0.010292502014003568,0.0,0.0,0.0,0.0,0.0,0.0,0.0,0.0
2024-10-01,184.8999938964844,186.19000244140625,183.4499969482422,185.1300048828125,36044900,184.75999450683597,0,AMZN,-0.006440170323887107,-0.03154424913045806,-0.03376827251877823,188.6240020751953,189.88600158691406,-0.13320058965128334,0.008920191261032035,0.0,0.0,0.0,0.0,0.0,0.0,0.0,0.0
2024-10-02,184.44000244140625,186.6000061035156,184.0399932861328,184.75999450683597,23704100,181.9600067138672,0,AMZN,-0.0019986515757440815,-0.017077228775979836,-0.04703945815087518,187.07000122070312,189.71900177001953,-0.3423729848050626,0.005432716932033726,0.0,0.0,0.0,0.0,0.0,0.0,0.0,0.0
2024-10-03,183.0500030517578,183.44000244140625,180.8800048828125,181.9600067138672,30204300,186.50999450683597,1,AMZN,-0.015154729791167942,-0.02345298703506571,-0.06186842433812956,185.2300018310547,188.9280029296875,0.27422260284085875,0.005144429145783691,0.0,0.0,0.0,0.0,0.0,0.0,0.0,0.0
2024-10-04,185.75,187.6000061035156,183.6000061035156,186.50999450683597,40890300,180.8000030517578,0,AMZN,0.02500542770436165,0.007454165114385347,-0.03126787674975173,184.93800048828126,188.41900177001952,0.3537906854322066,0.013948250852901871,0.0,0.0,0.0,0.0,0.0,0.0,0.0,0.0
2024-10-07,182.9499969482422,183.6000061035156,180.25,180.8000030517578,42364200,182.72000122070312,1,AMZN,-0.03061493551686778,-0.021433165040127933,-0.05419544053087422,183.83200073242188,187.11100158691406,0.036045223439299834,0.01715691752261512,0.0,0.0,0.0,0.0,0.0,0.0,0.0,0.0
2024-10-08,181.9199981689453,183.08999633789065,180.9199981689453,182.72000122070312,26372100,185.1699981689453,1,AMZN,0.010619458719785868,0.004176711798164812,-0.027929988646623216,183.35,185.98700103759765,-0.3774909003356608,0.01788873651749202,0.0,0.0,0.0,0.0,0.0,0.0,0.0,0.0
2024-10-09,182.82000732421875,185.8500061035156,182.0500030517578,185.1699981689453,26343100,186.6499938964844,1,AMZN,0.013408477078997505,-0.007184581938538104,-0.006225533465948008,183.43200073242187,185.2510009765625,-0.001099646975401991,0.01882558588262659,0.0,0.0,0.0,0.0,0.0,0.0,0.0,0.0
2024-10-10,187.1300048828125,188.1300048828125,185.8300018310547,186.6499938964844,27785000,188.82000732421875,1,AMZN,0.007992632403596822,0.03235614350654581,0.008210387152715048,184.3699981689453,184.8,0.054735395606439585,0.018887407405872834,0.0,0.0,0.0,0.0,0.0,0.0,0.0,0.0
2024-10-11,186.6300048828125,189.92999267578125,186.3000030517578,188.82000732421875,25751600,187.5399932861328,0,AMZN,0.011626110360002606,0.0333844464906039,0.021974523371359744,184.83200073242188,184.8850006103516,-0.07318337232319594,0.019187754038760777,0.0,0.0,0.0,0.0,0.0,0.0,0.0,0.0
2024-10-14,189.77999877929688,189.8300018310547,187.3600006103516,187.5399932861328,22614400,187.69000244140625,1,AMZN,-0.006779016992029097,0.01279902327927429,0.030666005530765705,186.17999877929688,185.0059997558594,-0.12182543997266193,0.018076355639347452,0.0,0.0,0.0,0.0,0.0,0.0,0.0,0.0
2024-10-15,187.6300048828125,188.41000366210935,184.5800018310547,187.69000244140625,32178900,186.88999938964844,0,AMZN,0.0007998782160802964,0.00557197202748716,0.006326781241350776,187.1739990234375,185.26199951171878,0.4229384816753927,0.015643807748899924,0.0,0.0,0.0,0.0,0.0,0.0,0.0,0.0
2024-10-16,187.0500030517578,187.77999877929688,185.6100006103516,186.88999938964844,23456800,187.52999877929688,1,AMZN,-0.004262363692000948,-0.010221416479750167,0.03368360749500221,187.51799926757812,185.47500000000002,-0.27105028450319935,0.008133841690329187,0.0,0.0,0.0,0.0,0.0,0.0,0.0,0.0
2024-10-17,188.22000122070312,188.94000244140625,186.0,187.52999877929688,25039400,188.9900054931641,1,AMZN,0.0034244710350397334,-5.329266926379361e-05,0.026324417285789492,187.69400024414062,186.031999206543,0.06746870843422803,0.007715637320571602,0.0,0.0,0.0,0.0,0.0,0.0,0.0,0.0
2024-10-18,187.1499938964844,190.7400054931641,186.27999877929688,188.9900054931641,37417700,189.07000732421875,1,AMZN,0.007785456851548744,0.006926330837273342,0.02062973139273616,187.72799987792968,186.28000030517578,0.4943528998298681,0.006777465352534611,0.0,0.0,0.0,0.0,0.0,0.0,0.0,0.0
2024-10-21,188.0500030517578,189.4600067138672,186.3999938964844,189.07000732421875,24639400,189.6999969482422,1,AMZN,0.00042331249658356107,0.011664658043179621,0.012965515707846542,188.03400268554688,187.10700073242188,-0.3415041544509684,0.006432202841514105,0.0,0.0,0.0,0.0,0.0,0.0,0.0,0.0
2024-10-22,188.3500061035156,191.5200042724609,186.97999572753903,189.6999969482422,29650600,184.7100067138672,0,AMZN,0.003332044214411578,0.011571472207490219,0.004660468117197114,188.43600158691407,187.80500030517578,0.20338157585006122,0.0049192977491455,0.0,0.0,0.0,0.0,0.0,0.0,0.0,0.0
2024-10-23,188.8500061035156,189.16000366210935,183.69000244140625,184.7100067138672,31937100,186.3800048828125,1,AMZN,-0.026304640562205495,-0.0226466937663099,-0.015090043049899582,188.0000030517578,187.75900115966797,0.07711479700242152,0.011277296522699045,0.0,0.0,0.0,0.0,0.0,0.0,0.0,0.0
2024-10-24,185.25,187.1100006103516,183.8600006103516,186.3800048828125,21647400,187.8300018310547,1,AMZN,0.009041189476714617,-0.014227547137042218,-0.0069795809129615805,187.77000427246094,187.73200225830078,-0.3221864226870943,0.012036876449655608,0.0,0.0,0.0,0.0,0.0,0.0,0.0,0.0
2024-10-25,187.8500061035156,190.4499969482422,187.52999877929688,187.8300018310547,29362100,188.38999938964844,1,AMZN,0.007779788122410869,-0.009857644424199452,0.005029709692739859,187.53800354003906,187.63300170898438,0.3563799809676913,0.012339177318127571,0.0,0.0,0.0,0.0,0.0,0.0,0.0,0.0
2024-10-28,189.57000732421875,190.2100067138672,188.2100067138672,188.38999938964844,27930800,190.8300018310547,1,AMZN,0.002981406341556969,0.019923082356235744,0.004585936201939145,187.402001953125,187.71800231933594,-0.04874651336246383,0.012324497538609109,0.0,0.0,0.0,0.0,0.0,0.0,0.0,0.0
2024-10-29,188.5800018310547,191.4600067138672,187.82000732421875,190.8300018310547,35690200,192.72999572753903,1,AMZN,0.012951868195294036,0.02387593535604937,0.009735945205616492,187.6280029296875,188.0320022583008,0.27780801122774856,0.01295663518213835,0.0,0.0,0.0,0.0,0.0,0.0,0.0,0.0
2024-10-30,194.6999969482422,195.6100006103516,192.4199981689453,192.72999572753903,37707600,186.3999938964844,0,AMZN,0.009956473710912794,0.026087386725852646,0.019357847683604934,189.23200073242188,188.61600189208986,0.056525320676264146,0.013325537109501458,0.0,0.0,0.0,0.0,0.0,0.0,0.0,0.0
2024-10-31,190.50999450683597,190.6000061035156,185.22999572753903,186.3999938964844,75146800,197.92999267578125,1,AMZN,-0.032843885079535395,-0.01056322256813691,-0.01739590461173368,189.23599853515626,188.50300140380858,0.992882071518739,0.018930108181529615,0.0,0.0,0.0,0.0,0.0,0.0,0.0,0.0
2024-11-01,199.0,200.5,197.0200042724609,197.92999267578125,99687800,195.77999877929688,0,AMZN,0.06185621865256041,0.03720584172614694,0.07157157425906568,191.25599670410156,189.39700012207032,0.32657411892455834,0.027652807283586874,0.0,0.0,0.0,0.0,0.0,0.0,0.0,0.0
2024-11-04,196.4499969482422,197.3300018310547,194.30999755859372,195.77999877929688,38492100,199.5,1,AMZN,-0.01086239567545566,0.01582526394111272,0.05043456191770512,192.73399658203124,190.06799926757813,-0.6138735131079229,0.0287969676791612,0.0,0.0,0.0,0.0,0.0,0.0,0.0,0.0
2024-11-05,196.0399932861328,199.82000732421875,195.9900054931641,199.5,30564800,207.08999633789065,1,AMZN,0.0190009257528736,0.0702790050024924,0.062130639701755364,194.4679962158203,191.0479995727539,-0.20594615518508996,0.02913182447907999,0.0,0.0,0.0,0.0,0.0,0.0,0.0,0.0
2024-11-06,200.00999450683597,207.5500030517578,199.13999938964844,207.08999633789065,72292200,210.0500030517578,1,AMZN,0.03804509442551707,0.04627900773539628,0.09926215302737429,197.33999633789065,193.28599853515624,1.3652109616290633,0.030885079750499263,0.0,0.0,0.0,0.0,0.0,0.0,0.0,0.0
2024-11-07,207.44000244140625,212.25,207.19000244140625,210.0500030517578,52878400,208.17999267578125,0,AMZN,0.01429333510169939,0.07288795771496326,0.10071792190055606,202.06999816894532,195.6529983520508,-0.26854626086908406,0.03088154605492403,0.0,0.0,0.0,0.0,0.0,0.0,0.0,0.0
2024-11-08,209.72000122070312,209.9600067138672,207.44000244140625,208.17999267578125,36075800,206.83999633789065,0,AMZN,-0.008902691496347037,0.043508735216948535,0.08016394588667852,204.1199981689453,197.68799743652343,-0.3177592362855155,0.03211225891661178,0.0,0.0,0.0,0.0,0.0,0.0,0.0,0.0
2024-11-11,208.5,209.6499938964844,205.58999633789065,206.83999633789065,35456000,208.91000366210935,1,AMZN,-0.006436720074140423,-0.0012072046183828622,0.10965666904880611,206.33199768066407,199.53299713134766,-0.017180492185897456,0.02720985009087625,0.0,0.0,0.0,0.0,0.0,0.0,0.0,0.0
2024-11-12,208.3699951171875,209.5399932861328,206.00999450683597,208.91000366210935,38942900,214.1000061035156,1,AMZN,0.01000777103494599,-0.005427276234638123,0.055474215089341694,208.21399841308593,201.34099731445312,0.09834442689530687,0.017875359019300683,0.0,0.0,0.0,0.0,0.0,0.0,0.0,0.0
2024-11-13,209.3999938964844,215.08999633789065,209.13999938964844,214.1000061035156,46212900,211.47999572753903,0,AMZN,0.024843245179395845,0.028436995081242866,0.09357445826154542,209.61600036621093,203.47799835205078,0.1866835803188771,0.016691651005144952,0.0,0.0,0.0,0.0,0.0,0.0,0.0,0.0
2024-11-14,214.16000366210935,215.8999938964844,210.8800048828125,211.47999572753903,42620300,202.6100006103516,0,AMZN,-0.012237320417028852,0.022432795744535605,0.06005010389743881,209.9019989013672,205.98599853515626,-0.07774019808321919,0.018849598995543837,0.0,0.0,0.0,0.0,0.0,0.0,0.0,0.0
2024-11-15,206.75999450683597,207.33999633789065,199.6100006103516,202.6100006103516,86591100,201.6999969482422,0,AMZN,-0.04194247823144048,-0.03015654081337038,-0.021633086130483314,208.78800048828126,206.4539993286133,1.0316867783661778,0.021954306831269435,0.0,0.0,0.0,0.0,0.0,0.0,0.0,0.0
2024-11-18,204.1499938964844,204.6699981689453,200.9499969482422,201.6999969482422,36409900,204.6100006103516,1,AMZN,-0.004491405455644193,-0.057916902390362845,-0.03975246837515223,207.76000061035157,207.0459991455078,-0.5795191422675079,0.020607684894829444,0.0,0.0,0.0,0.0,0.0,0.0,0.0,0.0
2024-11-19,199.3300018310547,205.3000030517578,198.77999877929688,204.6100006103516,31197900,202.8800048828125,0,AMZN,0.014427385751801136,-0.03248531897096507,-0.017148583874673995,206.9,207.55699920654297,-0.1431478801095306,0.02183354871856047,0.0,0.0,0.0,0.0,0.0,0.0,0.0,0.0
2024-11-20,202.97999572753903,203.1300048828125,199.4499969482422,202.8800048828125,32769000,198.3800048828125,0,AMZN,-0.008455088814713463,0.0013326305298235752,-0.019145192057580473,204.65599975585937,207.13600006103516,0.05035915878953401,0.02191106938012612,0.0,0.0,0.0,0.0,0.0,0.0,0.0,0.0
2024-11-21,203.4900054931641,203.4900054931641,195.75,198.3800048828125,58800000,197.1199951171875,0,AMZN,-0.022180598835253806,-0.01646005015201668,-0.05040447367148604,202.0360015869141,205.96900024414063,0.794378833653758,0.022212004785878085,0.0,0.0,0.0,0.0,0.0,0.0,0.0,0.0
2024-11-22,198.25,199.25999450683597,196.75,197.1199951171875,31530800,201.4499969482422,1,AMZN,-0.006351495788949668,-0.03660625321744493,-0.07930878328942415,200.93800048828126,204.86300048828124,-0.4637619047619047,0.01731288193434907,0.0,0.0,0.0,0.0,0.0,0.0,0.0,0.0
2024-11-25,199.27999877929688,201.9499969482422,199.0,201.4499969482422,40685700,207.8600006103516,1,AMZN,0.021966324768223133,-0.007048540517318624,-0.047427647919092264,200.88800048828125,204.3240005493164,0.29034785035584254,0.021439384246861974,0.0,0.0,0.0,0.0,0.0,0.0,0.0,0.0
2024-11-26,201.8999938964844,208.0,201.7899932861328,207.8600006103516,41673700,205.7400054931641,0,AMZN,0.03181932866326287,0.047787052597055624,0.02591185027483678,201.53800048828126,204.21900024414063,0.024283716391754417,0.019257102017647486,0.0,0.0,0.0,0.0,0.0,0.0,0.0,0.0
2024-11-27,206.97999572753903,207.63999938964844,205.0500030517578,205.7400054931641,28061600,207.88999938964844,1,AMZN,-0.010199148999145757,0.04372976151329544,0.02002978981679715,202.11000061035156,203.38300018310548,-0.32663526396744225,0.01978134579298474,0.0,0.0,0.0,0.0,0.0,0.0,0.0,0.0
2024-11-29,205.8300018310547,208.1999969482422,204.58999633789065,207.88999938964844,24892400,210.7100067138672,1,AMZN,0.010450052683389277,0.03196824293355971,0.016030491029336735,204.01199951171876,203.0240005493164,-0.11293725233058705,0.019452928033972965,0.0,0.0,0.0,0.0,0.0,0.0,0.0,0.0
2024-12-02,209.9600067138672,212.9900054931641,209.50999450683597,210.7100067138672,39523200,213.44000244140625,1,AMZN,0.01356490130596999,0.013711181060073852,0.038594250998650326,206.7300018310547,203.83400115966796,0.58776172647073,0.019176735211268055,0.0,0.0,0.0,0.0,0.0,0.0,0.0,0.0
2024-12-03,210.30999755859372,214.0200042724609,209.6499938964844,213.44000244140625,32214800,218.16000366210935,1,AMZN,0.012956175029913197,0.0374258614885572,0.07591489660205442,209.1280029296875,205.00800170898438,-0.18491417698971746,0.014797385667574676,0.0,0.0,0.0,0.0,0.0,0.0,0.0,0.0
2024-12-04,215.9600067138672,220.0,215.75,218.16000366210935,48745700,220.5500030517578,1,AMZN,0.022113948494724367,0.04940114629185133,0.10673705897980357,211.18800354003906,206.36300201416014,0.5131461315916908,0.013185782216107842,0.0,0.0,0.0,0.0,0.0,0.0,0.0,0.0
2024-12-05,218.02999877929688,222.1499938964844,217.3000030517578,220.5500030517578,41140200,227.02999877929688,1,AMZN,0.010955259211262947,0.046699236032263114,0.09481264032197001,214.1500030517578,208.1300018310547,-0.15602401852881387,0.012821684802989432,0.0,0.0,0.0,0.0,0.0,0.0,0.0,0.0
2024-12-06,220.75,227.1499938964844,220.6000061035156,227.02999877929688,44178100,226.08999633789065,0,AMZN,0.029381072944344444,0.0636712714694676,0.09222552733885925,217.9780029296875,210.99500122070313,0.07384261622452004,0.012248516052920985,0.0,0.0,0.0,0.0,0.0,0.0,0.0,0.0
2024-12-09,227.2100067138672,230.0800018310547,225.6699981689453,226.08999633789065,46819400,225.0399932861328,0,AMZN,-0.004140432746599365,0.0363494340972943,0.09891120006508758,221.0540008544922,213.89200134277343,0.05978754179106849,0.010436986825531382,0.0,0.0,0.0,0.0,0.0,0.0,0.0,0.0
2024-12-10,226.08999633789065,229.05999755859372,224.1999969482422,225.0399932861328,31199900,230.25999450683597,1,AMZN,-0.004644181824783655,0.020358150860334767,0.08249552141438099,223.3739990234375,216.2510009765625,-0.3336117079672102,0.01254534045382238,0.0,0.0,0.0,0.0,0.0,0.0,0.0,0.0
2024-12-11,226.41000366210935,231.1999969482422,226.25999450683597,230.25999450683597,35385800,228.97000122070312,0,AMZN,0.02319588240507131,0.014227175901450284,0.09278148721012869,225.79399719238282,218.49100036621093,0.13416389155093444,0.013319499590145032,0.0,0.0,0.0,0.0,0.0,0.0,0.0,0.0
2024-12-12,229.8300018310547,231.08999633789065,227.6300048828125,228.97000122070312,28204100,227.4600067138672,0,AMZN,-0.0056023335225717785,0.012738311864574081,0.07276048820117587,227.47799682617188,220.81399993896486,-0.20295429239977614,0.015027906056565994,0.0,0.0,0.0,0.0,0.0,0.0,0.0,0.0
2024-12-13,228.3999938964844,230.1999969482422,225.8600006103516,227.4600067138672,28768100,232.92999267578125,1,AMZN,-0.006594726378065796,0.010753703785697288,0.04262927619932522,227.56399841308593,222.77100067138673,0.019997092621285573,0.01514514497061046,0.0,0.0,0.0,0.0,0.0,0.0,0.0,0.0
2024-12-16,230.22999572753903,233.0,228.00999450683597,232.92999267578125,37552100,231.1499938964844,0,AMZN,0.024048121869595374,0.01159557992114002,0.05613234845940207,228.93199768066407,224.9929992675781,0.30533820446953386,0.0165875662697562,0.0,0.0,0.0,0.0,0.0,0.0,0.0,0.0
2024-12-17,232.38999938964844,232.72999572753903,227.8500061035156,231.1499938964844,35948100,220.5200042724609,0,AMZN,-0.007641775792155969,0.009520865895790376,0.018147359993569534,230.15399780273438,226.76399841308594,-0.04271398936411008,0.014369028504235475,0.0,0.0,0.0,0.0,0.0,0.0,0.0,0.0
2024-12-18,230.7700042724609,231.3999938964844,220.1100006103516,220.5200042724609,43281400,223.2899932861328,1,AMZN,-0.04598741035997567,-0.030510868884904396,-0.02463617212459679,228.20599975585938,226.9999984741211,0.20399687327007543,0.023483959339465964,0.0,0.0,0.0,0.0,0.0,0.0,0.0,0.0
2024-12-19,224.91000366210935,226.08999633789065,222.9199981689453,223.2899932861328,39918700,224.9199981689453,1,AMZN,0.012561168873593376,-0.041385822748324586,-0.007776395539502712,227.06999816894532,227.27399749755858,-0.07769388236055208,0.024211155313510646,0.0,0.0,0.0,0.0,0.0,0.0,0.0,0.0
2024-12-20,219.83999633789065,226.2100067138672,218.72999572753903,224.9199981689453,88279200,225.05999755859372,1,AMZN,0.00729994595290151,-0.02695217777219172,-0.023191159842280484,226.56199645996094,227.06299743652343,1.2114748225768874,0.022244390154312548,0.0,0.0,0.0,0.0,0.0,0.0,0.0,0.0
2024-12-23,225.00999450683597,226.8800048828125,223.8999938964844,225.05999755859372,28070000,229.0500030517578,1,AMZN,0.0006224408269079884,0.020587670951264236,-0.0170764888031798,224.98799743652344,226.95999755859376,-0.682031554431848,0.02225354954115095,0.0,0.0,0.0,0.0,0.0,0.0,0.0,0.0
2024-12-24,226.94000244140625,229.13999938964844,226.1300048828125,229.0500030517578,15007500,227.0500030517578,0,AMZN,0.017728630305015924,0.025796094490647015,0.006990223735862111,224.56799926757813,227.36099853515626,-0.4653544709654436,0.02333335391928472,0.0,0.0,0.0,0.0,0.0,0.0,0.0,0.0
2024-12-26,228.5,228.5,226.6699981689453,227.0500030517578,16146700,223.75,0,AMZN,-0.00873171784917226,0.009470055575994563,-0.025243591675237265,225.8739990234375,227.03999938964844,0.07590871231051133,0.021181504629441864,0.0,0.0,0.0,0.0,0.0,0.0,0.0,0.0
2024-12-27,225.6000061035156,226.02999877929688,220.8999938964844,223.75,27367100,221.3000030517578,0,AMZN,-0.014534256804240364,-0.0058206592588835315,-0.03201381826468197,225.96600036621095,226.51799926757812,0.6949036025937187,0.021565568644816083,0.0,0.0,0.0,0.0,0.0,0.0,0.0,0.0
2024-12-30,220.05999755859372,223.0,218.42999267578125,221.3000030517578,28321200,219.38999938964844,0,AMZN,-0.010949707031249978,-0.03383540666554263,0.00353708853702539,225.24200134277345,225.9019989013672,0.03486302896543658,0.012455693611522807,0.0,0.0,0.0,0.0,0.0,0.0,0.0,0.0
2024-12-31,222.97000122070312,223.22999572753903,218.94000244140625,219.38999938964844,24819700,220.22000122070312,1,AMZN,-0.008630834323407832,-0.033737077996705445,-0.017466048697877712,224.10800170898438,224.5479995727539,-0.1236352979393529,0.011601832744354073,0.0,0.0,0.0,0.0,0.0,0.0,0.0,0.0
2025-01-02,222.02999877929688,225.1499938964844,218.19000244140625,220.22000122070312,33956600,224.19000244140625,1,AMZN,0.003783225458606987,-0.015776530857192772,-0.020896305293012896,222.34200134277344,223.4550003051758,0.3681309604870324,0.011177315680900511,0.0,0.0,0.0,0.0,0.0,0.0,0.0,0.0
2025-01-03,222.50999450683597,225.3600006103516,221.6199951171875,224.19000244140625,27515600,227.6100006103516,1,AMZN,0.018027432561515733,0.013059192723881452,-0.0038656141767751118,221.77000122070314,223.8220001220703,-0.1896833016261934,0.013747228922823566,0.0,0.0,0.0,0.0,0.0,0.0,0.0,0.0
2025-01-06,226.77999877929688,228.83999633789065,224.83999633789065,227.6100006103516,31849800,222.1100006103516,0,AMZN,0.015254909370185699,0.03746752925644525,-0.006286847510239224,222.54200134277343,224.25400085449218,0.1575179171088401,0.013223174649620879,0.0,0.0,0.0,0.0,0.0,0.0,0.0,0.0
2025-01-07,227.8999938964844,228.3800048828125,221.4600067138672,222.1100006103516,28084200,222.1300048828125,1,AMZN,-0.02416414035082548,0.008582323945018677,-0.021757332636018978,222.7040008544922,223.9730010986328,-0.11822994178927337,0.015796963494347085,0.0,0.0,0.0,0.0,0.0,0.0,0.0,0.0
2025-01-08,223.19000244140625,223.5200042724609,220.1999969482422,222.1300048828125,25033300,218.94000244140625,0,AMZN,9.006470850447812e-05,-0.009188623650299266,-0.007240201641061428,223.252001953125,223.68000183105468,-0.10863403621965373,0.014967254982671251,0.0,0.0,0.0,0.0,0.0,0.0,0.0,0.0
2025-01-10,221.4600067138672,221.7100067138672,216.5,218.94000244140625,36811500,218.4600067138672,0,AMZN,-0.014360970473526025,-0.03809146410832631,-0.010664259276126686,222.99600219726562,222.66900177001952,0.47050129227868487,0.015396803431251948,0.0,0.0,0.0,0.0,0.0,0.0,0.0,0.0
2025-01-13,218.05999755859372,219.3999938964844,216.47000122070312,218.4600067138672,27262700,217.75999450683597,0,AMZN,-0.0021923619356289947,-0.016433271291046436,-0.0042389930186814695,221.85000305175782,221.81000213623048,-0.2593971992448012,0.015083979950500176,0.0,0.0,0.0,0.0,0.0,0.0,0.0,0.0
2025-01-14,220.44000244140625,221.82000732421875,216.1999969482422,217.75999450683597,24711700,223.3500061035156,1,AMZN,-0.003204303696411004,-0.019673210642038197,-0.011170677959454589,219.8800018310547,221.21100158691405,-0.09357106962993389,0.014983476474271508,0.0,0.0,0.0,0.0,0.0,0.0,0.0,0.0
2025-01-15,222.8300018310547,223.57000732421875,220.75,223.3500061035156,31291300,220.66000366210935,0,AMZN,0.02567051679689558,0.020142521297767724,-0.0037468055164957548,220.1280029296875,221.41600189208984,0.26625444627443673,0.01681123794156425,0.0,0.0,0.0,0.0,0.0,0.0,0.0,0.0
2025-01-16,224.4199981689453,224.6499938964844,220.30999755859372,220.66000366210935,24757300,225.94000244140625,1,AMZN,-0.012043887924316987,0.010070479175273706,-0.030534673035478965,219.83400268554686,221.54300231933593,-0.2088120340158447,0.015699897320585385,0.0,0.0,0.0,0.0,0.0,0.0,0.0,0.0
2025-01-17,225.83999633789065,226.50999450683597,223.0800018310547,225.94000244140625,42370100,230.7100067138672,1,AMZN,0.023928209424767477,0.03756432834734258,0.017243716269100595,221.23400268554687,222.11500244140626,0.7114184503156644,0.016084162568932008,0.0,0.0,0.0,0.0,0.0,0.0,0.0,0.0
2025-01-21,228.8999938964844,231.77999877929688,226.94000244140625,230.7100067138672,39951500,235.00999450683597,1,AMZN,0.021111818274402117,0.03295276655125967,0.03862603719646596,223.6840026855469,222.76700286865236,-0.05708270690888151,0.017451538171232153,0.0,0.0,0.0,0.0,0.0,0.0,0.0,0.0
2025-01-22,232.0200042724609,235.44000244140625,231.19000244140625,235.00999450683597,41448200,235.4199981689453,1,AMZN,0.018638063663626525,0.06503213362898497,0.07339906771824589,227.13400268554688,223.5070022583008,0.03746292379510163,0.015524545018162313,0.0,0.0,0.0,0.0,0.0,0.0,0.0,0.0
2025-01-23,234.1000061035156,235.5200042724609,231.50999450683597,235.4199981689453,26404400,234.8500061035156,0,AMZN,0.0017446222360446573,0.04195802259494763,0.07763430803740579,229.54800109863282,224.83800201416017,-0.3629542416799765,0.015062126990569219,0.0,0.0,0.0,0.0,0.0,0.0,0.0,0.0
2025-01-24,234.5,236.3999938964844,232.92999267578125,234.8500061035156,25890700,235.4199981689453,1,AMZN,-0.002421170970448583,0.017944602614410776,0.0784809516338556,232.38600158691406,226.11000213623046,-0.019455090818196963,0.014942904753783345,0.0,0.0,0.0,0.0,0.0,0.0,0.0,0.0
2025-01-27,226.2100067138672,235.6100006103516,225.8600006103516,235.4199981689453,49428300,238.1499938964844,1,AMZN,0.0024270472668350695,0.0017446222360446573,0.05404070622606416,234.28200073242186,227.75800170898438,0.9091140834353648,0.01365262319810519,0.0,0.0,0.0,0.0,0.0,0.0,0.0,0.0
2025-01-28,234.2899932861328,241.7700042724609,233.97999572753903,238.1499938964844,41587200,237.07000732421875,0,AMZN,0.011596277923594078,0.011596277923594078,0.07926216778803741,235.7699981689453,229.72700042724608,-0.15863584221994287,0.010546471049830761,0.0,0.0,0.0,0.0,0.0,0.0,0.0,0.0
2025-01-29,239.0200042724609,240.38999938964844,236.1499938964844,237.07000732421875,26091700,234.63999938964844,0,AMZN,-0.004534900692607535,0.009452847191856684,0.04926088679537344,236.18200073242187,231.6580017089844,-0.3726026277316097,0.010214610153824098,0.0,0.0,0.0,0.0,0.0,0.0,0.0,0.0
2025-01-30,237.13999938964844,237.9499969482422,232.22000122070312,234.63999938964844,32020700,237.67999267578125,1,AMZN,-0.010250170242948609,-0.0033132222638839748,0.017034339913375884,236.0260009765625,232.78700103759766,0.22723701406960828,0.009832064926443534,0.0,0.0,0.0,0.0,0.0,0.0,0.0,0.0
2025-01-31,236.5,240.2899932861328,236.41000366210935,237.67999267578125,36110200,237.4199981689453,0,AMZN,0.012955989149507907,-0.0019735512607548245,0.0113612111457142,236.5919982910156,234.48899993896484,0.1277142598381671,0.008404442509502532,0.0,0.0,0.0,0.0,0.0,0.0,0.0,0.0
2025-02-03,234.05999755859372,239.25,232.8999938964844,237.4199981689453,37285900,242.05999755859372,1,AMZN,-0.0010938846972727845,0.0014763185300277204,0.008495454997687668,236.99199829101562,235.63699951171876,0.032558667634075666,0.008467099623227956,0.0,0.0,0.0,0.0,0.0,0.0,0.0,0.0
2025-02-04,239.00999450683597,242.5200042724609,238.02999877929688,242.05999755859372,29713800,236.1699981689453,0,AMZN,0.019543422733693472,0.0316229039730922,0.030700409911422977,237.7739990234375,236.7719985961914,-0.20308213024226318,0.010668070601410477,0.0,0.0,0.0,0.0,0.0,0.0,0.0,0.0
2025-02-05,237.0200042724609,238.32000732421875,235.1999969482422,236.1699981689453,38727300,238.8300018310547,1,AMZN,-0.024332807771026532,-0.006353056855297523,0.0031857956241327923,237.5939971923828,236.88799896240235,0.3033439008137633,0.015280898409742527,0.0,0.0,0.0,0.0,0.0,0.0,0.0,0.0
2025-02-06,238.00999450683597,239.66000366210935,236.00999450683597,238.8300018310547,60897100,229.1499938964844,0,AMZN,0.011263088803542765,0.005938858027898952,0.002855376661759834,238.43199768066407,237.22899932861327,0.5724592212728488,0.015241240781753923,0.0,0.0,0.0,0.0,0.0,0.0,0.0,0.0
2025-02-07,232.5,234.80999755859372,228.05999755859372,229.1499938964844,77539300,233.13999938964844,1,AMZN,-0.04053095448794497,-0.05333389982780734,-0.033407909828521154,236.7259979248047,236.65899810791015,0.27328394948199497,0.021860851869524484,0.0,0.0,0.0,0.0,0.0,0.0,0.0,0.0
2025-02-10,230.5500030517578,233.9199981689453,229.1999969482422,233.13999938964844,35419900,232.75999450683597,0,AMZN,0.017412199866636113,-0.012829736218778143,-0.006392771922527407,235.8699981689453,236.43099822998047,-0.5432006737228734,0.02313949440426905,0.0,0.0,0.0,0.0,0.0,0.0,0.0,0.0
2025-02-11,231.9199981689453,233.44000244140625,230.1300048828125,232.75999450683597,23713700,228.92999267578125,0,AMZN,-0.0016299428832774465,-0.025415598030738895,-0.020700093910119954,234.00999755859374,235.89199829101562,-0.3304978274924548,0.02234983593800449,0.0,0.0,0.0,0.0,0.0,0.0,0.0,0.0
2025-02-12,230.4600067138672,231.17999267578125,228.16000366210935,228.92999267578125,32285200,230.3699951171875,1,AMZN,-0.01645472556041938,-0.0009600751759240023,-0.03575943710993823,232.56199645996094,235.07799682617187,0.36145772275098365,0.022905378297094568,0.0,0.0,0.0,0.0,0.0,0.0,0.0,0.0
2025-02-13,228.8500061035156,230.4199981689453,227.5200042724609,230.3699951171875,31346500,228.67999267578125,0,AMZN,0.006290143220533118,-0.011881291411652617,-0.0482938220247503,230.8699951171875,234.65099639892577,-0.02907524190650823,0.021011729061169753,0.0,0.0,0.0,0.0,0.0,0.0,0.0,0.0
2025-02-14,229.1999969482422,229.88999938964844,227.22999572753903,228.67999267578125,27031100,226.6499938964844,0,AMZN,-0.007336035409240549,-0.017528793294995904,-0.031714466491235105,230.77599487304687,233.7509963989258,-0.13766768219737446,0.019589259057534628,0.0,0.0,0.0,0.0,0.0,0.0,0.0,0.0
2025-02-18,228.82000732421875,229.3000030517578,223.72000122070312,226.6499938964844,42975100,226.6300048828125,0,AMZN,-0.008877028355405603,-0.009959371214962931,-0.05099865109571233,229.47799377441407,232.6739959716797,0.5898391112459351,0.018339974176736617,0.0,0.0,0.0,0.0,0.0,0.0,0.0,0.0
2025-02-19,225.5200042724609,226.8300018310547,223.7100067138672,226.6300048828125,28566700,222.8800048828125,0,AMZN,-8.81933122002243e-05,-0.016234710742049963,-0.0109971157791533,228.2519958496094,231.13099670410156,-0.3352732163508636,0.011049031458806787,0.0,0.0,0.0,0.0,0.0,0.0,0.0,0.0
2025-02-20,224.77999877929688,225.1300048828125,221.80999755859372,222.8800048828125,30001700,216.5800018310547,0,AMZN,-0.016546793977871843,-0.025362900029439306,-0.04400786880713825,227.04199829101563,229.80199737548827,0.050233313613403,0.008511710649509466,0.0,0.0,0.0,0.0,0.0,0.0,0.0,0.0
2025-02-21,223.27999877929688,223.30999755859372,214.7400054931641,216.5800018310547,55323900,212.7100067138672,0,AMZN,-0.028266344731418536,-0.04442970366912469,-0.06951363231496421,224.28399963378905,227.57699737548828,0.8440255052213708,0.011474029445775346,0.0,0.0,0.0,0.0,0.0,0.0,0.0,0.0
2025-02-24,217.4499969482422,217.72000122070312,212.4199981689453,212.7100067138672,42387600,212.8000030517578,1,AMZN,-0.017868663239768212,-0.061421691166371195,-0.07085129288797642,221.09000244140626,225.93299865722656,-0.23382841773627672,0.011614432130206931,0.0,0.0,0.0,0.0,0.0,0.0,0.0,0.0
2025-02-25,211.6300048828125,213.33999633789065,204.16000366210935,212.8000030517578,58958000,214.3500061035156,1,AMZN,0.000423094048469963,-0.045226137877889205,-0.07626857853815538,218.32000427246095,223.8989990234375,0.39092564806688745,0.010353829605060082,0.0,0.0,0.0,0.0,0.0,0.0,0.0,0.0
2025-02-26,214.94000244140625,218.16000366210935,213.08999633789065,214.3500061035156,39120600,208.7400054931641,0,AMZN,0.007283848822975836,-0.010296406448821682,-0.0626639278958806,215.86400451660157,222.05800018310546,-0.33646663726720716,0.012517101171719948,0.0,0.0,0.0,0.0,0.0,0.0,0.0,0.0
2025-02-27,218.3500061035156,219.97000122070312,208.3699951171875,208.7400054931641,40548600,212.27999877929688,1,AMZN,-0.02617215045770649,-0.01866391375767973,-0.07902046717680555,213.03600463867187,220.03900146484375,0.03650250763025098,0.014068626906418035,0.0,0.0,0.0,0.0,0.0,0.0,0.0,0.0
2025-02-28,208.6499938964844,212.6199951171875,206.9900054931641,212.27999877929688,51771700,205.0200042724609,0,AMZN,0.016958863624484843,-0.0024436290648663928,-0.06331909188695395,212.1760040283203,218.2300018310547,0.27678144251589454,0.017460915602980773,0.0,0.0,0.0,0.0,0.0,0.0,0.0,0.0
2025-03-03,213.3500061035156,214.00999450683597,202.5500030517578,205.0200042724609,42948400,203.8000030517578,0,AMZN,-0.03420008737791658,-0.04352694922037448,-0.08013280787454291,210.63800354003905,215.86400299072267,-0.17042708661295647,0.019819515443921104,0.0,0.0,0.0,0.0,0.0,0.0,0.0,0.0
2025-03-04,200.1100006103516,206.8000030517578,197.42999267578125,203.8000030517578,60853100,208.3600006103516,1,AMZN,-0.005950644792113935,-0.023665815423043357,-0.059008212536936,208.83800354003907,213.57900390625,0.41688863845917434,0.018457047386558567,0.0,0.0,0.0,0.0,0.0,0.0,0.0,0.0
2025-03-05,204.8000030517578,209.97999572753903,203.25999450683597,208.3600006103516,38610100,200.6999969482422,0,AMZN,0.022374865016246748,-0.018466168228222113,-0.020450406498116136,207.64000244140624,211.75200347900392,-0.3655195873340882,0.021128156184347036,0.0,0.0,0.0,0.0,0.0,0.0,0.0,0.0
2025-03-06,204.3999938964844,205.7700042724609,198.3000030517578,200.6999969482422,49863800,199.25,0,AMZN,-0.03676331176651404,-0.021071150298473618,-0.05686093012213267,206.03200073242186,209.53400268554688,0.2914703665621172,0.024587739331994096,0.0,0.0,0.0,0.0,0.0,0.0,0.0,0.0
2025-03-07,199.4900054931641,202.2700042724609,192.52999877929688,199.25,59802800,194.5399932861328,0,AMZN,-0.007224698407026442,-0.022325824257236504,-0.07044555947539088,203.4260009765625,207.8010025024414,0.19932295573141245,0.023672533023170864,0.0,0.0,0.0,0.0,0.0,0.0,0.0,0.0
2025-03-10,195.6000061035156,196.72999572753903,190.8500061035156,194.5399932861328,62350900,196.58999633789065,1,AMZN,-0.02363867861413893,-0.06632754503616656,-0.06802726757375843,201.3299987792969,205.98400115966797,0.04260837285210717,0.023404409898042502,0.0,0.0,0.0,0.0,0.0,0.0,0.0,0.0
2025-03-11,193.8999938964844,200.17999267578125,193.3999938964844,196.58999633789065,54002900,198.88999938964844,1,AMZN,0.010537694677220655,-0.02047832921199022,-0.07391182651041373,199.88799743652345,204.36300048828124,-0.1338874017856999,0.022280709227179354,0.0,0.0,0.0,0.0,0.0,0.0,0.0,0.0
2025-03-12,200.72000122070312,201.5200042724609,195.2899932861328,198.88999938964844,43679300,193.88999938964844,0,AMZN,0.011699491808345286,-0.001806778471024173,-0.029899545191043986,197.9939971923828,202.81699981689454,-0.19116751137438914,0.02092301362458333,0.0,0.0,0.0,0.0,0.0,0.0,0.0,0.0
2025-03-13,198.1699981689453,198.8800048828125,191.82000732421875,193.88999938964844,41270800,197.9499969482422,1,AMZN,-0.025139524437347016,-0.003341183915475665,-0.0486261212645448,196.63199768066406,201.33199920654297,-0.05514053567708277,0.02240466992493335,0.0,0.0,0.0,0.0,0.0,0.0,0.0,0.0
2025-03-14,197.41000366210935,198.6499938964844,195.32000732421875,197.9499969482422,38096700,195.7400054931641,0,AMZN,0.02093969555611075,0.006917954299231033,-0.04996162234409318,196.3719970703125,199.8989990234375,-0.07690909795787826,0.022096801766622792,0.0,0.0,0.0,0.0,0.0,0.0,0.0,0.0
2025-03-17,198.7700042724609,199.0,194.32000732421875,195.7400054931641,47341800,192.82000732421875,0,AMZN,-0.011164392468548168,-0.015837869707632457,-0.024713460540595866,196.61199951171878,198.97099914550782,0.24267456236366924,0.01812822260611918,0.0,0.0,0.0,0.0,0.0,0.0,0.0,0.0
2025-03-18,192.5200042724609,194.0,189.3800048828125,192.82000732421875,40414900,195.5399932861328,1,AMZN,-0.014917738259935365,-0.005518552110980179,-0.03227097955222713,195.85800170898438,197.8729995727539,-0.14631678558905659,0.018623244811134115,0.0,0.0,0.0,0.0,0.0,0.0,0.0,0.0
2025-03-19,193.3800048828125,195.97000122070312,191.9600067138672,195.5399932861328,39442900,194.9499969482422,0,AMZN,0.014106347155876442,-0.012174810301914363,0.005140331214719351,195.18800048828126,196.59099884033202,-0.024050535817235708,0.017603552228737787,0.0,0.0,0.0,0.0,0.0,0.0,0.0,0.0
2025-03-20,193.07000732421875,199.32000732421875,192.3000030517578,194.9499969482422,38921100,196.2100067138672,1,AMZN,-0.003017266841301769,-0.004036009618634151,-0.008342232159309404,195.4,196.01599884033203,-0.013229250384733326,0.01710067542471402,0.0,0.0,0.0,0.0,0.0,0.0,0.0,0.0
2025-03-21,192.8999938964844,196.9900054931641,192.5200042724609,196.2100067138672,60056900,203.25999450683597,1,AMZN,0.006463245885351521,0.017581159946479463,-0.013474748272942705,195.052001953125,195.71199951171874,0.5430422058986,0.016554790387209015,0.0,0.0,0.0,0.0,0.0,0.0,0.0,0.0
2025-03-24,200.0,203.63999938964844,199.9499969482422,203.25999450683597,41625400,205.7100067138672,1,AMZN,0.03593082692897398,0.039480420812976647,0.04832634559122995,196.55599975585938,196.58399963378906,-0.30690062257625683,0.01822412357181217,0.0,0.0,0.0,0.0,0.0,0.0,0.0,0.0
2025-03-25,203.6000061035156,206.2100067138672,203.22000122070312,205.7100067138672,31171200,201.1300048828125,0,AMZN,0.012053587883713357,0.05519369035169408,0.039201868579235244,199.13399963378907,197.49600067138672,-0.2511495385029333,0.01737326230737987,0.0,0.0,0.0,0.0,0.0,0.0,0.0,0.0
2025-03-26,205.83999633789065,206.00999450683597,199.92999267578125,201.1300048828125,32855300,201.3600006103516,1,AMZN,-0.022264360904062586,0.02507516436773849,0.02753652415646135,200.252001953125,197.72000122070312,0.05402743558156242,0.01953443694489691,0.0,0.0,0.0,0.0,0.0,0.0,0.0,0.0
2025-03-27,200.88999938964844,203.7899932861328,199.27999877929688,201.3600006103516,27317700,192.72000122070312,0,AMZN,0.0011435177345771042,-0.009347603797266069,0.04428997490791087,201.53400268554688,198.46700134277344,-0.16854510535590905,0.017801519653528233,0.0,0.0,0.0,0.0,0.0,0.0,0.0,0.0
2025-03-28,198.4199981689453,199.25999450683597,191.8800048828125,192.72000122070312,52548200,190.25999450683597,0,AMZN,-0.04290822091507429,-0.06314717354140453,-0.014421561635747815,200.83600158691405,197.94400177001953,0.9235953246429971,0.025174856370116957,0.0,0.0,0.0,0.0,0.0,0.0,0.0,0.0
2025-03-31,188.19000244140625,191.3300018310547,184.3999938964844,190.25999450683597,63547600,192.1699981689453,1,AMZN,-0.01276466738421178,-0.054044698016638026,-0.024057463528206036,198.23600158691406,197.39600067138673,0.20932020506887006,0.02552062283211326,0.0,0.0,0.0,0.0,0.0,0.0,0.0,0.0
2025-04-01,187.8600006103516,193.92999267578125,187.1999969482422,192.1699981689453,41267300,196.00999450683597,1,AMZN,0.010038913682617112,-0.045639662363677225,-0.02059022683187317,195.5279998779297,197.33099975585938,-0.3506080481402917,0.025780554920331267,0.0,0.0,0.0,0.0,0.0,0.0,0.0,0.0
2025-04-02,187.66000366210935,198.33999633789065,187.66000366210935,196.00999450683597,53679200,178.41000366210938,0,AMZN,0.019982288465834053,0.017071363975164955,-0.0356686027547648,194.5039978027344,197.37799987792968,0.3007684050083237,0.022264401619027218,0.0,0.0,0.0,0.0,0.0,0.0,0.0,0.0
2025-04-03,183.0,184.1300048828125,176.9199981689453,178.41000366210938,95553600,171.0,0,AMZN,-0.08979129298487265,-0.06228314510069444,-0.13271110865175761,189.91399841308595,195.7240005493164,0.7800861413731948,0.03741517036166724,0.0,0.0,0.0,0.0,0.0,0.0,0.0,0.0
2025-04-04,167.14999389648438,178.13999938964844,166.0,171.0,123159400,175.25999450683594,1,AMZN,-0.041533565999713695,-0.11016286814101861,-0.1498036302458582,185.56999816894535,193.2029998779297,0.28890381942700216,0.03834886270589177,0.0,0.0,0.0,0.0,0.0,0.0,0.0,0.0
2025-04-07,162.0,183.41000366210935,161.3800048828125,175.25999450683594,109327100,170.66000366210938,0,AMZN,0.024912248577988017,-0.10586194878586341,-0.12961862348233377,182.56999816894532,190.4029998779297,-0.11231217430419438,0.04167471051506334,0.0,0.0,0.0,0.0,0.0,0.0,0.0,0.0
2025-04-08,185.22999572753903,185.8999938964844,168.57000732421875,170.66000366210938,87710400,191.1000061035156,1,AMZN,-0.026246667744515673,-0.043439268207615345,-0.11446657025147389,178.26799926757812,186.89799957275392,-0.19772499224803364,0.0405328829226093,0.0,0.0,0.0,0.0,0.0,0.0,0.0,0.0
2025-04-09,172.1199951171875,192.6499938964844,169.92999267578125,191.1000061035156,116804300,181.22000122070312,0,AMZN,0.11977031526306248,0.11754389534219656,0.004415072116747298,177.28600158691407,185.8949996948242,0.33170410806472206,0.06570145944406808,0.0,0.0,0.0,0.0,0.0,0.0,0.0,0.0
2025-04-10,185.44000244140625,186.8699951171875,175.85000610351562,181.22000122070312,68302000,184.8699951171875,1,AMZN,-0.051700704171933065,0.03400665811178438,-0.056980782913967465,177.8480010986328,183.88099975585936,-0.41524413056711096,0.06859293505096407,0.0,0.0,0.0,0.0,0.0,0.0,0.0,0.0
2025-04-11,179.92999267578125,185.8600006103516,178.0,184.8699951171875,50594300,182.1199951171875,0,AMZN,0.020141230945248445,0.0832649194313424,-0.056833833487301866,180.62200012207032,183.09599914550782,-0.25925595150947267,0.06860313874320996,0.0,0.0,0.0,0.0,0.0,0.0,0.0,0.0
2025-04-14,186.83999633789065,187.44000244140625,179.22999572753906,182.1199951171875,48002500,179.58999633789062,0,AMZN,-0.014875318183769082,-0.04699116012306026,0.020794750176141852,181.99400024414064,182.28199920654296,-0.05122711451685269,0.05851890033169528,0.0,0.0,0.0,0.0,0.0,0.0,0.0,0.0
2025-04-15,181.41000366210935,182.3500061035156,177.92999267578125,179.58999633789062,43642000,174.3300018310547,0,AMZN,-0.013891933050343641,-0.008994619091892364,0.050233896712810644,183.77999877929688,181.0239990234375,-0.09083901880110412,0.05577476541823191,0.0,0.0,0.0,0.0,0.0,0.0,0.0,0.0
2025-04-16,176.2899932861328,179.10000610351562,171.41000366210938,174.3300018310547,51875300,172.61000061035156,0,AMZN,-0.029288905919567454,-0.05701300137673293,-0.005306360292878898,180.42599792480468,178.8559997558594,0.188655423674442,0.05683655966448789,0.0,0.0,0.0,0.0,0.0,0.0,0.0,0.0
2025-04-17,176.0,176.2100067138672,172.0,172.61000061035156,44726500,167.32000732421875,0,AMZN,-0.009866352335440198,-0.052218288830485626,0.011426209459733716,178.70399780273436,178.2759994506836,-0.13780739581265067,0.055878147009320964,0.0,0.0,0.0,0.0,0.0,0.0,0.0,0.0
2025-04-21,169.60000610351562,169.60000610351562,165.2899932861328,167.32000732421875,48126100,173.17999267578125,1,AMZN,-0.030647084568839134,-0.06832222987847514,-0.12443745693244834,175.19400024414062,177.90800018310546,0.07600863023040039,0.022242000734277963,0.0,0.0,0.0,0.0,0.0,0.0,0.0,0.0
2025-04-22,169.85000610351562,176.77999877929688,169.35000610351562,173.17999267578125,56607200,180.6000061035156,1,AMZN,0.03502262189247651,-0.006596736896658406,-0.04436601087498149,173.40599975585937,177.7,0.1762266213135908,0.02473793186673387,0.0,0.0,0.0,0.0,0.0,0.0,0.0,0.0
2025-04-23,183.4499969482422,187.3800048828125,180.19000244140625,180.6000061035156,63470100,186.5399932861328,1,AMZN,0.042845673527805994,0.04628935441116533,-0.02309725280711561,173.60800170898435,178.69400024414062,0.1212372277731455,0.029748402904643954,0.0,0.0,0.0,0.0,0.0,0.0,0.0,0.0
2025-04-24,180.9199981689453,186.7400054931641,180.17999267578125,186.5399932861328,43763200,188.9900054931641,1,AMZN,0.032890293365840595,0.11486962180602345,0.02426970287420227,176.05,178.23799896240234,-0.310491081627412,0.03195539109598361,0.0,0.0,0.0,0.0,0.0,0.0,0.0,0.0
2025-04-25,187.6199951171875,189.94000244140625,185.4900054931641,188.9900054931641,36414300,187.6999969482422,0,AMZN,0.013133978209558528,0.09129237490488595,0.052341496447206204,179.3260009765625,179.01499938964844,-0.16792419201520914,0.03107269072929691,0.0,0.0,0.0,0.0,0.0,0.0,0.0,0.0
2025-04-28,190.1100006103516,190.22000122070312,184.88999938964844,187.6999969482422,33224700,187.38999938964844,0,AMZN,-0.006825802991833663,0.03931334775624018,0.07669359821463506,183.4019989013672,179.2979995727539,-0.0875919624982493,0.027575916891560512,0.0,0.0,0.0,0.0,0.0,0.0,0.0,0.0
2025-04-29,183.9900054931641,188.0200042724609,183.67999267578125,187.38999938964844,41667300,184.4199981689453,0,AMZN,-0.0016515586767922308,0.004556696333808619,0.08562654960335192,186.24400024414064,179.825,0.25410613188380937,0.026704095832606547,0.0,0.0,0.0,0.0,0.0,0.0,0.0,0.0
2025-04-30,182.1699981689453,185.0500030517578,178.85000610351562,184.4199981689453,55176500,190.1999969482422,1,AMZN,-0.015849304820837684,-0.02418121165875131,0.10219931924573511,187.00799865722655,180.30800018310546,0.3242158719187469,0.023097376312741606,0.0,0.0,0.0,0.0,0.0,0.0,0.0,0.0
2025-05-01,190.6300048828125,191.80999755859372,187.5,190.1999969482422,74266000,189.97999572753903,0,AMZN,0.031341496782804956,0.013319126481868615,0.09827927585333085,187.73999938964843,181.8949996948242,0.34597156398104256,0.022581042044194744,0.0,0.0,0.0,0.0,0.0,0.0,0.0,0.0
2025-05-02,191.44000244140625,192.8800048828125,186.3999938964844,189.97999572753903,77903500,186.3500061035156,0,AMZN,-0.0011566836184704332,0.013821422414891593,0.0519379252880372,187.93799743652343,183.63199920654296,0.04897934451835284,0.018946763374565457,0.0,0.0,0.0,0.0,0.0,0.0,0.0,0.0
2025-05-05,186.50999450683597,188.17999267578125,185.52999877929688,186.3500061035156,35217500,185.00999450683597,0,AMZN,-0.01910722026349243,0.010465285509883904,-0.0010184796261132334,187.66799926757812,185.53499908447264,-0.5479343033368205,0.01742475437806673,0.0,0.0,0.0,0.0,0.0,0.0,0.0,0.0
2025-05-06,184.57000732421875,187.92999267578125,183.8500061035156,185.00999450683597,29314100,188.7100067138672,1,AMZN,-0.007190832051463758,-0.027287079519872637,-0.02105937282737469,187.19199829101564,186.71799926757814,-0.16762689004046283,0.01653912893857303,0.0,0.0,0.0,0.0,0.0,0.0,0.0,0.0
2025-05-07,185.55999755859372,190.9900054931641,185.00999450683597,188.7100067138672,43948600,192.0800018310547,1,AMZN,0.0199989855515319,-0.006684856522963689,0.005380979126512697,188.05,187.52899932861328,0.49923074561388536,0.018477396025504356,0.0,0.0,0.0,0.0,0.0,0.0,0.0,0.0
2025-05-08,191.42999267578125,194.3300018310547,188.82000732421875,192.0800018310547,41043600,193.05999755859372,1,AMZN,0.01785806262143419,0.030748567426158946,0.02502802954630523,188.4260009765625,188.08300018310547,-0.06609994402552077,0.01947092799084953,0.0,0.0,0.0,0.0,0.0,0.0,0.0,0.0
2025-05-09,193.3800048828125,194.69000244140625,191.16000366210935,193.05999755859372,29663100,208.63999938964844,1,AMZN,0.005102018524557161,0.04351117934582893,0.04684957963036851,189.04200134277343,188.48999938964843,-0.27727830892027017,0.017472917986183154,0.0,0.0,0.0,0.0,0.0,0.0,0.0,0.0
2025-05-12,210.7100067138672,211.66000366210935,205.75,208.63999938964844,75205000,211.3699951171875,1,AMZN,0.08070031092964336,0.10561174270954399,0.09695059273015771,193.5,190.58399963378906,1.535304806308174,0.03254069761888437,0.0,0.0,0.0,0.0,0.0,0.0,0.0,0.0
2025-05-13,211.0800018310547,214.83999633789065,210.1000061035156,211.3699951171875,56193700,210.25,0,AMZN,0.01308471882441209,0.10042686954521929,0.1125907983508172,198.77200012207032,192.98199920654298,-0.2527930323781663,0.03189259584547237,0.0,0.0,0.0,0.0,0.0,0.0,0.0,0.0
2025-05-14,211.4499969482422,211.92999267578125,208.8500061035156,210.25,38492100,205.1699981689453,0,AMZN,-0.005298742220089303,0.08903969055624339,0.12825324987222264,203.0799987792969,195.56499938964845,-0.31501040152187876,0.029728878109666287,0.0,0.0,0.0,0.0,0.0,0.0,0.0,0.0
2025-05-15,206.4499969482422,206.8800048828125,202.6699981689453,205.1699981689453,64347300,205.58999633789065,1,AMZN,-0.024161720956264898,-0.01663152430432424,0.10896710588986291,205.697998046875,197.06199951171874,0.6717014660151044,0.03265032388994917,0.0,0.0,0.0,0.0,0.0,0.0,0.0,0.0
2025-05-16,206.8500061035156,206.8500061035156,204.3699951171875,205.58999633789065,43318500,206.16000366210935,1,AMZN,0.002047074000553817,-0.027345408112879555,0.08944936157846617,208.20399780273436,198.6229995727539,-0.3268015907427352,0.03292598929692412,0.0,0.0,0.0,0.0,0.0,0.0,0.0,0.0
2025-05-19,201.6499938964844,206.6199951171875,201.25999450683597,206.16000366210935,34314800,204.07000732421875,0,AMZN,0.0027725440652368594,-0.019453014686756975,0.07330279933794892,207.70799865722657,200.60399932861327,-0.2078488405646548,0.033030349107541226,0.0,0.0,0.0,0.0,0.0,0.0,0.0,0.0
2025-05-20,204.6300048828125,205.58999633789065,202.6499938964844,204.07000732421875,29470400,201.1199951171875,0,AMZN,-0.0101377391383638,-0.005361363038180578,0.057028954236278295,206.2480010986328,202.51000061035157,-0.14117523634117057,0.03394326730961524,0.0,0.0,0.0,0.0,0.0,0.0,0.0,0.0
2025-05-21,201.6100006103516,203.4600067138672,200.05999755859372,201.1199951171875,42460900,203.1000061035156,1,AMZN,-0.014455883280997672,-0.0217423089660288,-0.036042965368384916,204.4220001220703,203.7509994506836,0.44079822465931917,0.012382869828642798,0.0,0.0,0.0,0.0,0.0,0.0,0.0,0.0
2025-05-22,201.3800048828125,205.75999450683597,200.16000366210935,203.1000061035156,38938900,200.9900054931641,0,AMZN,0.009844923599835909,-0.014842828406275155,-0.03912565266932455,204.00800170898438,204.85299987792968,-0.08294689938272626,0.011624426536158368,0.0,0.0,0.0,0.0,0.0,0.0,0.0,0.0
2025-05-23,198.8999938964844,202.3699951171875,197.8500061035156,200.9900054931641,33393500,206.0200042724609,1,AMZN,-0.010388973643240984,-0.015092868724022046,-0.04404278005629447,203.08800354003907,205.64600067138673,-0.14241285706581341,0.011758898111674779,0.0,0.0,0.0,0.0,0.0,0.0,0.0,0.0
2025-05-27,203.08999633789065,206.69000244140625,202.19000244140625,206.0200042724609,34892000,204.72000122070312,0,AMZN,0.02502611394509313,0.02436361015431765,0.004142935668477454,203.06000366210938,205.38400115966797,0.044874002425621784,0.013854102615478033,0.0,0.0,0.0,0.0,0.0,0.0,0.0,0.0
2025-05-28,205.9199981689453,207.66000366210935,204.41000366210935,204.72000122070312,28549800,205.6999969482422,1,AMZN,-0.00631008166584901,0.007976342040885376,-0.004231699657981758,203.19000244140625,204.71900177001953,-0.18176659406167606,0.014074254562564057,0.0,0.0,0.0,0.0,0.0,0.0,0.0,0.0
2025-05-29,208.02999877929688,208.80999755859372,204.22999572753903,205.6999969482422,34650000,205.00999450683597,0,AMZN,0.004787005283780621,0.023433958536999366,-0.002231309204966392,204.1060028076172,204.26400146484374,0.21366874724166185,0.01417307788835663,0.0,0.0,0.0,0.0,0.0,0.0,0.0,0.0
2025-05-30,204.83999633789065,205.9900054931641,201.6999969482422,205.00999450683597,51679400,206.6499938964844,1,AMZN,-0.0033544115296211263,-0.004902483956311432,0.0046061995828901026,204.48800048828124,204.2480010986328,0.4914689754689754,0.0136034913188344,0.0,0.0,0.0,0.0,0.0,0.0,0.0,0.0
2025-06-02,204.97999572753903,207.0,202.67999267578125,206.6499938964844,29113300,205.7100067138672,0,AMZN,0.007999607012299847,0.009427474913409117,0.027496016873283624,205.6199981689453,204.3540008544922,-0.4366556113267569,0.01197415388043339,0.0,0.0,0.0,0.0,0.0,0.0,0.0,0.0
2025-06-03,207.1100006103516,208.9499969482422,205.02999877929688,205.7100067138672,33139100,207.22999572753903,1,AMZN,-0.00454869204152053,4.8661962924079205e-05,0.01285081502666885,205.55799865722656,204.30900115966796,0.1382804422720887,0.012027571052572758,0.0,0.0,0.0,0.0,0.0,0.0,0.0,0.0
2025-06-04,206.5500030517578,208.17999267578125,205.17999267578125,207.22999572753903,29915600,207.91000366210935,1,AMZN,0.00738898917924824,0.010828746305971082,0.031046271276345516,206.05999755859375,204.625,-0.09727180279488579,0.010819645215800104,0.0,0.0,0.0,0.0,0.0,0.0,0.0,0.0
2025-06-05,209.5500030517578,212.80999755859372,207.55999755859372,207.91000366210935,51864200,213.57000732421875,1,AMZN,0.0032814165352026414,0.006097313345463373,0.009173863462059284,206.5019989013672,205.3040008544922,0.7336840979288397,0.0059417572248497506,0.0,0.0,0.0,0.0,0.0,0.0,0.0,0.0
2025-06-06,212.3999938964844,213.8699951171875,210.5,213.57000732421875,39832500,216.97999572753903,1,AMZN,0.027223334916139486,0.038209131076858416,0.043229806812938865,208.21400146484376,206.3510009765625,-0.23198468307618747,0.010519135997706909,0.0,0.0,0.0,0.0,0.0,0.0,0.0,0.0
2025-06-09,214.75,217.8500061035156,212.8800048828125,216.97999572753903,38102500,217.6100006103516,1,AMZN,0.015966607137600564,0.04704917338713388,0.05483713634733345,210.28000183105468,207.95,-0.043431870959643515,0.011116337683895562,0.0,0.0,0.0,0.0,0.0,0.0,0.0,0.0
2025-06-10,216.77999877929688,217.69000244140625,214.1499938964844,217.6100006103516,31303300,213.1999969482422,0,AMZN,0.0029035159702170965,0.04665478705876258,0.06146044798364936,212.66000061035157,209.10899963378907,-0.17844498392493935,0.010300063548679185,0.0,0.0,0.0,0.0,0.0,0.0,0.0,0.0
2025-06-11,217.41000366210935,218.3999938964844,212.88999938964844,213.1999969482422,39326000,213.2400054931641,1,AMZN,-0.020265629565462295,-0.0017325015839646518,0.03169612022848067,213.8540008544922,209.95699920654297,0.25628927301594406,0.015029966511707977,0.0,0.0,0.0,0.0,0.0,0.0,0.0,0.0
2025-06-12,211.77999877929688,213.5800018310547,211.3300018310547,213.2400054931641,27640000,212.1000061035156,0,AMZN,0.0001876573428452044,-0.017236567001647662,0.03660492214056843,214.9200012207031,210.71100006103515,-0.2971570970858973,0.0146532350064155,0.0,0.0,0.0,0.0,0.0,0.0,0.0,0.0
2025-06-13,209.9600067138672,214.0500030517578,209.6199951171875,212.1000061035156,29337800,216.1000061035156,1,AMZN,-0.005346085913907173,-0.025320502235106734,0.02350050898220135,214.6260009765625,211.4200012207031,0.06142547033285095,0.015125053153773983,0.0,0.0,0.0,0.0,0.0,0.0,0.0,0.0
2025-06-16,212.30999755859372,217.05999755859372,211.6000061035156,216.1000061035156,33284200,214.82000732421875,0,AMZN,0.018859028217320217,0.013602294544016402,0.03939205568346038,214.45000305175782,212.36500244140626,0.13451588053637287,0.016208195690420025,0.0,0.0,0.0,0.0,0.0,0.0,0.0,0.0
2025-06-17,215.1999969482422,217.41000366210935,214.55999755859372,214.82000732421875,32086300,212.5200042724609,0,AMZN,-0.005923177895162612,0.007409500048551232,0.005852881758356521,213.89200439453126,213.2760025024414,-0.035990049332716434,0.013463550272252607,0.0,0.0,0.0,0.0,0.0,0.0,0.0,0.0
2025-06-18,215.08999633789065,217.9600067138672,212.33999633789065,212.5200042724609,44360500,209.69000244140625,0,AMZN,-0.010706651956707836,0.001980189329840565,-0.02055485087518627,213.756005859375,213.80500335693358,0.3825370952711904,0.012208614237519093,0.0,0.0,0.0,0.0,0.0,0.0,0.0,0.0
2025-06-20,214.67999267578125,214.88999938964844,208.2700042724609,209.69000244140625,75350700,208.47000122070312,0,AMZN,-0.013316402099382896,-0.02966220953755483,-0.03639537772497292,213.04600524902344,213.98300323486328,0.6985989788212486,0.012460461751243743,0.0,0.0,0.0,0.0,0.0,0.0,0.0,0.0
2025-06-23,209.7899932861328,210.38999938964844,207.30999755859372,208.47000122070312,37311700,212.7700042724609,1,AMZN,-0.005818118205440093,-0.02955965872364874,-0.02218572136606245,212.32000427246095,213.4730026245117,-0.5048260998238902,0.01061153567881791,0.0,0.0,0.0,0.0,0.0,0.0,0.0,0.0
2025-06-24,212.13999938964844,214.33999633789065,211.0500030517578,212.7700042724609,38378800,211.9900054931641,0,AMZN,0.02062648355436747,0.0011763598483627291,-0.0022040949568360446,211.65400390625,213.0520034790039,0.028599608165803314,0.013965503353783047,0.0,0.0,0.0,0.0,0.0,0.0,0.0,0.0
2025-06-25,214.6199951171875,216.02999877929688,211.1100006103516,211.9900054931641,31755700,217.1199951171875,1,AMZN,-0.0036659245365150417,0.01096858708082915,-0.0005186261536354042,211.08800354003907,212.49000396728516,-0.1725718365347536,0.013877120455243568,0.0,0.0,0.0,0.0,0.0,0.0,0.0,0.0
2025-06-26,213.1199951171875,218.0399932861328,212.00999450683597,217.1199951171875,50480800,223.3000030517578,1,AMZN,0.024199205109171285,0.041492751215206125,0.004719986047493796,212.00800170898438,212.8820037841797,0.5896610687215209,0.015172492706456743,0.0,0.0,0.0,0.0,0.0,0.0,0.0,0.0
2025-06-27,219.9199981689453,223.3000030517578,216.7400054931641,223.3000030517578,119217100,219.38999938964844,0,AMZN,0.028463559660798277,0.04949005295790099,0.039474887991883145,214.7300018310547,213.88800354003905,1.3616325414811175,0.017955442684672366,0.0,0.0,0.0,0.0,0.0,0.0,0.0,0.0
2025-06-30,223.5200042724609,223.82000732421875,219.1199951171875,219.38999938964844,58887800,220.4600067138672,1,AMZN,-0.017510092291414314,0.03490727725238418,0.032326345657229805,216.91400146484375,214.61700286865235,-0.5060456931094617,0.019135813758147015,0.0,0.0,0.0,0.0,0.0,0.0,0.0,0.0
2025-07-01,219.5,221.8800048828125,217.92999267578125,220.4600067138672,39256800,219.9199981689453,0,AMZN,0.00487719279454657,0.015383251988730695,0.051361553469724486,218.452001953125,215.0530029296875,-0.3333627678398582,0.017439519337494873,0.0,0.0,0.0,0.0,0.0,0.0,0.0,0.0
2025-07-02,219.72999572753903,221.6000061035156,219.05999755859372,219.9199981689453,30894200,223.41000366210935,1,AMZN,-0.002449462616694653,-0.015136609210117502,0.054923954915317985,220.03800048828126,215.56300201416016,-0.21302296672168897,0.01705919738085957,0.0,0.0,0.0,0.0,0.0,0.0,0.0,0.0
2025-07-03,221.82000732421875,224.00999450683597,221.3600006103516,223.41000366210935,29632400,223.47000122070312,1,AMZN,0.015869432167251007,0.0183235529588619,0.05000704599330397,221.29600219726564,216.652001953125,-0.04084261770817821,0.01654983037824511,0.0,0.0,0.0,0.0,0.0,0.0,0.0,0.0
2025-07-07,223.0,224.2899932861328,222.3699951171875,223.47000122070312,36604100,219.3600006103516,0,AMZN,0.0002685535903061975,0.013653245101922673,0.05415347624918687,221.3300018310547,218.03000183105468,0.23527287698600174,0.016185585511713542,0.0,0.0,0.0,0.0,0.0,0.0,0.0,0.0
2025-07-08,223.9199981689453,224.0,218.42999267578125,219.3600006103516,45692000,222.5399932861328,1,AMZN,-0.018391733064396565,-0.0025463694218637034,0.01031690099272109,221.32400207519532,219.11900177001954,0.2482754664095006,0.016926521044621508,0.0,0.0,0.0,0.0,0.0,0.0,0.0,0.0
2025-07-09,221.07000732421875,224.2899932861328,220.47000122070312,222.5399932861328,38155100,222.25999450683597,0,AMZN,0.014496684294917683,-0.0038942319579043927,-0.003403536745357094,221.73999938964843,220.09600067138672,-0.16495010067407856,0.013757174767922374,0.0,0.0,0.0,0.0,0.0,0.0,0.0,0.0
2025-07-10,221.5500030517578,222.7899932861328,219.6999969482422,222.25999450683597,30370600,225.0200042724609,1,AMZN,-0.0012581953255333955,-0.005414627051763099,0.013081704385669246,222.20799865722657,221.1229995727539,-0.20402252909833807,0.011590164156294583,0.0,0.0,0.0,0.0,0.0,0.0,0.0,0.0
2025-07-11,223.5800018310547,226.67999267578125,222.3699951171875,225.0200042724609,50518300,225.69000244140625,1,AMZN,0.012417933203629383,0.025802350685452335,0.020684012608745306,222.52999877929688,221.91300048828126,0.6633948621364083,0.012243291363119564,0.0,0.0,0.0,0.0,0.0,0.0,0.0,0.0
2025-07-14,225.07000732421875,226.66000366210935,224.2400054931641,225.69000244140625,35702600,226.3500061035156,1,AMZN,0.0029775049161144818,0.014154800262006217,0.026236833032475593,222.9739990234375,222.1520004272461,-0.2932739225191663,0.012010815166047496,0.0,0.0,0.0,0.0,0.0,0.0,0.0,0.0
2025-07-15,226.1999969482422,227.2700042724609,225.4600067138672,226.3500061035156,34907300,223.19000244140625,0,AMZN,0.0029243814744550622,0.018401924312806628,0.0131596723209082,224.37200012207032,222.8480010986328,-0.022275688605311705,0.010769566577915845,0.0,0.0,0.0,0.0,0.0,0.0,0.0,0.0
2025-07-16,225.8800048828125,226.1000061035156,222.17999267578125,223.19000244140625,39535900,223.8800048828125,1,AMZN,-0.013960696164789121,-0.008132618417511228,-0.0012529591344134783,224.502001953125,223.12100067138672,0.13259690666422208,0.012358710231135663,0.0,0.0,0.0,0.0,0.0,0.0,0.0,0.0
2025-07-17,223.32000732421875,224.5,222.50999450683597,223.8800048828125,31855800,226.1300048828125,1,AMZN,0.0030915472640284936,-0.00801983933277528,0.020605416939662557,224.8260040283203,223.51700134277343,-0.19425635941005515,0.009369004388757167,0.0,0.0,0.0,0.0,0.0,0.0,0.0,0.0
2025-07-18,225.13999938964844,226.3999938964844,222.97999572753903,226.1300048828125,37833800,229.3000030517578,1,AMZN,0.010050026580880944,-0.0009719514679512598,0.016131983935417038,225.04800415039062,223.78900146484375,0.18765813446844848,0.008573009869076519,0.0,0.0,0.0,0.0,0.0,0.0,0.0,0.0
2025-07-21,225.83999633789065,229.69000244140625,225.6499938964844,229.3000030517578,40297600,227.47000122070312,0,AMZN,0.014018476542235536,0.027375780919916437,0.0316746545438491,225.77000427246094,224.37200164794922,0.06512166369754024,0.009413460322396651,0.0,0.0,0.0,0.0,0.0,0.0,0.0,0.0
2025-07-22,229.67999267578125,230.0,226.3500061035156,227.47000122070312,37483700,228.2899932861328,1,AMZN,-0.007980819043607368,0.01603535938714029,0.010887907304790945,225.99400329589844,225.18300170898436,-0.06982797983006428,0.00970759309489471,0.0,0.0,0.0,0.0,0.0,0.0,0.0,0.0
2025-07-23,228.47000122070312,228.7899932861328,227.08999633789065,228.2899932861328,28294900,232.22999572753903,1,AMZN,0.003604836070819184,0.009551976105248272,0.011520186169529545,227.01400146484374,225.75800170898438,-0.24514122138422834,0.009725431206075517,0.0,0.0,0.0,0.0,0.0,0.0,0.0,0.0
2025-07-24,229.1699981689453,236.0,228.63999938964844,232.22999572753903,42902300,231.44000244140625,0,AMZN,0.01725876103762425,0.0127779879493497,0.025977421981311366,228.68399963378906,226.7550018310547,0.516255579627424,0.011397002904158286,0.0,0.0,0.0,0.0,0.0,0.0,0.0,0.0
2025-07-25,232.22000122070312,232.47999572753903,231.17999267578125,231.44000244140625,28712100,232.7899932861328,1,AMZN,-0.003401771091877559,0.017452856198172828,0.03696402128122145,229.74599914550782,227.39700164794922,-0.3307561599261578,0.009141556034268921,0.0,0.0,0.0,0.0,0.0,0.0,0.0,0.0
2025-07-28,233.3500061035156,234.2899932861328,232.25,232.7899932861328,26300100,231.00999450683597,0,AMZN,0.005833005662313484,0.019711770696667408,0.039798053461648664,230.44399719238282,228.10700073242188,-0.08400639451659753,0.009093046183453003,0.0,0.0,0.0,0.0,0.0,0.0,0.0,0.0
2025-07-29,234.1499938964844,234.72000122070312,230.30999755859372,231.00999450683597,33716200,230.19000244140625,0,AMZN,-0.007646371539299701,-0.005253417918219427,0.02158046043713857,231.15199584960936,228.5729995727539,0.28197991642617337,0.010066030956225418,0.0,0.0,0.0,0.0,0.0,0.0,0.0,0.0
2025-07-30,231.63999938964844,231.8000030517578,229.2899932861328,230.19000244140625,32993300,234.1100006103516,1,AMZN,-0.0035495956232554082,-0.0054009677964658165,0.0038813753938220508,231.53199768066406,229.27299957275392,-0.021440731755061337,0.009025825563424898,0.0,0.0,0.0,0.0,0.0,0.0,0.0,0.0
2025-07-31,235.7700042724609,236.52999877929688,231.3999938964844,234.1100006103516,104357300,214.75,0,AMZN,0.017029402351838252,0.005670378290686617,0.029190659665078167,231.90799865722656,230.2959991455078,2.1629846059654536,0.0099692431878397,0.0,0.0,0.0,0.0,0.0,0.0,0.0,0.0
2025-08-01,217.2100067138672,220.44000244140625,212.8000030517578,214.75,122258800,211.6499938964844,0,AMZN,-0.08269617085933045,-0.07038654124704902,-0.05931049842014813,228.56999816894532,229.15799865722656,0.17154046722174687,0.03434196743796906,0.0,0.0,0.0,0.0,0.0,0.0,0.0,0.0
2025-08-04,217.3999938964844,217.44000244140625,211.4199981689453,211.6499938964844,77890100,213.75,1,AMZN,-0.014435418409851408,-0.08054219709060173,-0.08861905098254341,224.3419982910156,227.39299774169922,-0.36290802788838106,0.03246924503915461,0.0,0.0,0.0,0.0,0.0,0.0,0.0,0.0
2025-08-05,213.0500030517578,216.3000030517578,212.8699951171875,213.75,51505100,222.30999755859372,1,AMZN,0.009922070229506863,-0.08696766715334991,-0.07643450680434916,220.88999938964844,226.0209976196289,-0.3387465159243601,0.03347965957536126,0.0,0.0,0.0,0.0,0.0,0.0,0.0,0.0
2025-08-06,214.6999969482422,222.6499938964844,213.7400054931641,222.30999755859372,54823000,223.1300048828125,1,AMZN,0.040046772203947256,0.03520371389333521,-0.0450190988865129,219.31399841308593,225.422998046875,0.06441886337469493,0.03844103838381714,0.0,0.0,0.0,0.0,0.0,0.0,0.0,0.0
2025-08-07,221.0,226.22000122070312,220.82000732421875,223.1300048828125,40603500,222.69000244140625,0,AMZN,0.0036885760119835798,0.05424054484945007,-0.034111033337954955,217.1179992675781,224.51299896240235,-0.25937106688798495,0.038593851112686935,0.0,0.0,0.0,0.0,0.0,0.0,0.0,0.0
2025-08-08,223.13999938964844,223.8000030517578,221.8800048828125,222.69000244140625,32970500,221.3000030517578,0,AMZN,-0.001971955504762035,0.041824572825292394,-0.03258177992290989,218.70599975585938,223.63799896240235,-0.18798872018422053,0.038603466093955804,0.0,0.0,0.0,0.0,0.0,0.0,0.0,0.0
2025-08-11,221.77999877929688,223.0500030517578,220.3999938964844,221.3000030517578,31646200,221.47000122070312,1,AMZN,-0.006241858073597895,-0.004543180774268629,-0.05471785709793109,220.63600158691406,222.48899993896484,-0.040166209187000534,0.037470033478160344,0.0,0.0,0.0,0.0,0.0,0.0,0.0,0.0
2025-08-12,222.22999572753903,223.5,219.0500030517578,221.47000122070312,37185800,224.55999755859372,1,AMZN,0.0007681796954406295,-0.007439625446076681,0.03129220591712745,222.18000183105468,221.53500061035157,0.17504787304636893,0.01743258268049296,0.0,0.0,0.0,0.0,0.0,0.0,0.0,0.0
2025-08-13,222.0,224.9199981689453,222.0,224.55999755859372,36508300,230.97999572753903,1,AMZN,0.013952211680404059,0.008397301615188146,0.06099694795372135,222.6300018310547,220.9720001220703,-0.018219320278170748,0.015474709612641727,0.0,0.0,0.0,0.0,0.0,0.0,0.0,0.0
2025-08-14,227.3999938964844,233.1100006103516,227.0200042724609,230.97999572753903,61545800,231.02999877929688,1,AMZN,0.02858923333961183,0.043741493638919104,0.08060816714638142,224.2,220.65899963378905,0.6858029543966715,0.01724834777121396,0.0,0.0,0.0,0.0,0.0,0.0,0.0,0.0
2025-08-15,232.5800018310547,234.0800018310547,229.80999755859372,231.02999877929688,39649200,231.4900054931641,1,AMZN,0.00021648217457248542,0.043166106045517516,0.039224512241762044,225.8679992675781,222.28699951171876,-0.35577732355416614,0.01191501175600841,0.0,0.0,0.0,0.0,0.0,0.0,0.0,0.0
2025-08-18,230.22999572753903,231.91000366210935,228.3300018310547,231.4900054931641,25248900,228.00999450683597,0,AMZN,0.0019911124801876845,0.03086038479654918,0.03746694943489226,227.90599975585937,224.27100067138673,-0.3631926999788142,0.01197683427828701,0.0,0.0,0.0,0.0,0.0,0.0,0.0,0.0
2025-08-19,230.08999633789065,230.52999877929688,227.1199951171875,228.00999450683597,29891000,223.80999755859372,0,AMZN,-0.01503309388634011,-0.012858261648798552,0.023889676263439297,229.21399841308593,225.6970001220703,0.1838535540162145,0.014128041323906907,0.0,0.0,0.0,0.0,0.0,0.0,0.0,0.0
2025-08-20,227.1199951171875,227.2700042724609,220.9199981689453,223.80999755859372,36604300,221.9499969482422,0,AMZN,-0.018420231785569063,-0.031251358087052705,0.011342044610134439,229.06399841308593,225.8470001220703,0.22459268676190147,0.01613029108104667,0.0,0.0,0.0,0.0,0.0,0.0,0.0,0.0
2025-08-21,222.6499938964844,222.77999877929688,220.5,221.9499969482422,32140500,228.83999633789065,1,AMZN,-0.008310623433453124,-0.04121131935954625,0.002167317130507218,227.25799865722655,225.72899932861327,-0.12194742147780457,0.01657866205556035,0.0,0.0,0.0,0.0,0.0,0.0,0.0,0.0
2025-08-22,222.7899932861328,229.13999938964844,220.82000732421875,228.83999633789065,37315300,227.94000244140625,0,AMZN,0.031043025385826706,0.0036401993379715503,0.01905948889307485,226.81999816894532,226.34399871826173,0.1610055848540004,0.019840249390456356,0.0,0.0,0.0,0.0,0.0,0.0,0.0,0.0
2025-08-25,227.3500061035156,229.6000061035156,227.30999755859372,227.94000244140625,22633700,228.7100067138672,1,AMZN,-0.003932852258726305,0.01845317424540549,-0.013161283844332239,226.10999755859376,227.00799865722655,-0.3934471919025172,0.016306357785262376,0.0,0.0,0.0,0.0,0.0,0.0,0.0,0.0
2025-08-26,227.1100006103516,229.0,226.0200042724609,228.7100067138672,26105400,229.1199951171875,1,AMZN,0.0033781006590050122,0.030457354622993815,-0.01004195159800858,226.25,227.73199920654298,0.1533863221656202,0.0164142388800087,0.0,0.0,0.0,0.0,0.0,0.0,0.0,0.0
2025-08-27,228.57000732421875,229.8699951171875,227.80999755859372,229.1199951171875,21254500,231.6000061035156,1,AMZN,0.0017926124405795996,0.0012235569995526774,-0.010238067820368957,227.31199951171874,228.18799896240233,-0.1858197920736706,0.016407722582996987,0.0,0.0,0.0,0.0,0.0,0.0,0.0,0.0
2025-08-28,229.00999450683597,232.7100067138672,228.0200042724609,231.6000061035156,33679600,229.0,0,AMZN,0.0108240705271474,0.016056872961779378,0.01574497470799252,229.24200134277345,228.25,0.5845867933849302,0.015710888363004685,0.0,0.0,0.0,0.0,0.0,0.0,0.0,0.0
2025-08-29,231.32000732421875,231.80999755859372,228.16000366210935,229.0,26199200,225.33999633789065,0,AMZN,-0.011226278216735053,0.0012679518937517287,0.023189323524511085,229.2740020751953,228.0470001220703,-0.22210477559115904,0.014298412513585332,0.0,0.0,0.0,0.0,0.0,0.0,0.0,0.0
2025-09-02,223.5200042724609,226.1699981689453,221.8300018310547,225.33999633789065,38843900,225.9900054931641,1,AMZN,-0.015982548742835556,-0.016497900051732683,0.015273707755170562,228.75400085449218,227.43199920654297,0.4826368744083789,0.015579341719502286,0.0,0.0,0.0,0.0,0.0,0.0,0.0,0.0
2025-09-03,225.2100067138672,227.1699981689453,224.3600006103516,225.9900054931641,29223100,235.67999267578125,1,AMZN,0.0028845707190781056,-0.024222799924470073,-0.012454076605203479,228.21000061035156,227.2300003051758,-0.24767852867503004,0.009269700907491454,0.0,0.0,0.0,0.0,0.0,0.0,0.0,0.0
2025-09-04,231.19000244140625,235.7700042724609,230.77999877929688,235.67999267578125,59391800,232.3300018310547,0,AMZN,0.042877945692648245,0.029170273693367887,0.03395626108394301,229.52200012207032,228.41699981689453,1.032357963391974,0.019103149095376325,0.0,0.0,0.0,0.0,0.0,0.0,0.0,0.0
2025-09-05,235.19000244140625,236.0,231.92999267578125,232.3300018310547,36721800,235.83999633789065,1,AMZN,-0.014214150326010255,0.031019817195180543,0.015827882519003023,229.66799926757812,229.4550003051758,-0.3817025245909368,0.0204517841156251,0.0,0.0,0.0,0.0,0.0,0.0,0.0,0.0
2025-09-08,234.94000244140625,237.6000061035156,233.75,235.83999633789065,33947100,238.2400054931641,1,AMZN,0.015107797009308976,0.043585957809202824,0.02932961489138508,231.03599853515624,230.15500030517578,-0.07556002156757025,0.02099543589385239,0.0,0.0,0.0,0.0,0.0,0.0,0.0,0.0
2025-09-09,236.3600006103516,238.8500061035156,235.0800018310547,238.2400054931641,27033800,230.3300018310547,0,AMZN,0.010176429751274751,0.010862240737187223,0.028670117507167525,233.61600036621093,231.18500061035155,-0.20364920714876966,0.02096342329688444,0.0,0.0,0.0,0.0,0.0,0.0,0.0,0.0
2025-09-10,237.5200042724609,237.67999267578125,229.1000061035156,230.3300018310547,60907700,229.9499969482422,0,AMZN,-0.03320182790348525,-0.00860844481658618,0.005807868257880822,234.48399963378907,231.3470001220703,1.2530202931145453,0.0249336889877669,0.0,0.0,0.0,0.0,0.0,0.0,0.0,0.0
2025-09-11,231.4900054931641,231.52999877929688,229.33999633789065,229.9499969482422,37485600,228.1499938964844,0,AMZN,-0.0016498279850283293,-0.024974556822879967,0.02045797765718871,233.33800048828124,231.43000030517578,-0.38455072182991645,0.023863313970036094,0.0,0.0,0.0,0.0,0.0,0.0,0.0,0.0
2025-09-12,230.3500061035156,230.7899932861328,226.2899932861328,228.1499938964844,38496200,231.42999267578125,1,AMZN,-0.00782780202498956,-0.04235229753203307,0.009557893494478664,232.50199890136724,231.08499908447266,0.02695968585270081,0.02422320948065383,0.0,0.0,0.0,0.0,0.0,0.0,0.0,0.0
2025-09-15,230.6300048828125,233.72999572753903,230.32000732421875,231.42999267578125,33243300,234.0500030517578,1,AMZN,0.014376501718361023,0.004775716736777458,-0.01803292656176636,231.6199981689453,231.32799835205077,-0.13645242907092126,0.017627933916753297,0.0,0.0,0.0,0.0,0.0,0.0,0.0,0.0
2025-09-16,232.94000244140625,235.8999938964844,232.22999572753903,234.0500030517578,38203900,231.6199951171875,0,AMZN,0.011320962964584513,0.017829989814865943,0.007403267796441959,230.78199768066406,232.1989990234375,0.14922104604536846,0.01743160120860438,0.0,0.0,0.0,0.0,0.0,0.0,0.0,0.0
2025-09-17,233.7700042724609,234.3000030517578,228.7100067138672,231.6199951171875,42815200,231.22999572753903,0,AMZN,-0.010382430689534927,0.015209297889692275,-0.01789349256373418,231.0399963378906,232.76199798583986,0.12070233667243402,0.016685105678492695,0.0,0.0,0.0,0.0,0.0,0.0,0.0,0.0
2025-09-18,232.5,233.47999572753903,228.7899932861328,231.22999572753903,37931700,231.47999572753903,1,AMZN,-0.0016837898189711042,-0.0008641790371674007,-0.029424150453296605,231.29599609375,232.31699829101564,-0.1140599600142006,0.015765432322258226,0.0,0.0,0.0,0.0,0.0,0.0,0.0,0.0
2025-09-19,232.3699951171875,234.16000366210935,229.6999969482422,231.47999572753903,97943200,227.6300048828125,0,AMZN,0.0010811746080494622,-0.010980590859682393,0.0049928098265195064,231.96199645996094,232.23199768066405,1.5820936050849288,0.00918992798778018,0.0,0.0,0.0,0.0,0.0,0.0,0.0,0.0
2025-09-22,230.55999755859372,230.57000732421875,227.50999450683597,227.6300048828125,45914500,220.7100067138672,0,AMZN,-0.016632067201427292,-0.017226449868269267,-0.010089115443440821,231.20199890136718,231.41099853515624,-0.5312129887526649,0.011335591779969205,0.0,0.0,0.0,0.0,0.0,0.0,0.0,0.0
2025-09-23,227.8300018310547,227.8600006103516,220.07000732421875,220.7100067138672,70956200,220.2100067138672,0,AMZN,-0.030400202172415014,-0.0454957799941651,-0.03261006961057766,228.53399963378905,229.65799865722656,0.5453985124524932,0.015802005315078867,0.0,0.0,0.0,0.0,0.0,0.0,0.0,0.0
2025-09-24,224.1499938964844,224.55999755859372,219.4499969482422,220.2100067138672,49509000,218.1499938964844,0,AMZN,-0.0022654160880354324,-0.04868666503232988,-0.048481123091217326,226.252001953125,228.6459991455078,-0.3022597038736573,0.013561147022210661,0.0,0.0,0.0,0.0,0.0,0.0,0.0,0.0
2025-09-25,220.05999755859372,220.6699981689453,216.47000122070312,218.1499938964844,52226300,219.77999877929688,1,AMZN,-0.009354764790773018,-0.041646579022868946,-0.06793424032452278,223.63600158691406,227.46599884033202,0.05488497040942053,0.010897032805521565,0.0,0.0,0.0,0.0,0.0,0.0,0.0,0.0
2025-09-26,219.0800018310547,221.0500030517578,218.0200042724609,219.77999877929688,41650100,222.1699981689453,1,AMZN,0.007471945580644457,-0.004213709873952309,-0.051118196129398163,221.29600219726564,226.62899932861328,-0.20250716592980933,0.01271616771629715,0.0,0.0,0.0,0.0,0.0,0.0,0.0,0.0
2025-09-29,220.0800018310547,222.6000061035156,219.3000030517578,222.1699981689453,44259200,219.57000732421875,0,AMZN,0.01087450815780766,0.008900555811820476,-0.0391817572373665,220.2040008544922,225.7029998779297,0.06264330697885478,0.014427389631412518,0.0,0.0,0.0,0.0,0.0,0.0,0.0,0.0
2025-09-30,222.02999877929688,222.2400054931641,217.88999938964844,219.57000732421875,48396400,220.6300048828125,1,AMZN,-0.011702709034319914,0.006509344338593737,-0.05145148014145806,219.9760009765625,224.25500030517577,0.09347661051261658,0.01424818654159807,0.0,0.0,0.0,0.0,0.0,0.0,0.0,0.0
2025-10-01,217.3600006103516,222.1499938964844,216.6100006103516,220.6300048828125,43933800,222.41000366210935,1,AMZN,0.004827606336181178,0.0038675316600087495,-0.03075165773336297,220.06000061035155,223.15600128173827,-0.09220933788463603,0.01424686881994535,0.0,0.0,0.0,0.0,0.0,0.0,0.0,0.0
2025-10-02,221.00999450683597,222.80999755859372,218.9499969482422,222.41000366210935,41258600,219.50999450683597,0,AMZN,0.008067800117405932,0.0010802785936088188,0.007702400872317883,220.91200256347656,222.2740020751953,-0.06089161420136657,0.008973280976181443,0.0,0.0,0.0,0.0,0.0,0.0,0.0,0.0
2025-10-03,223.44000244140625,224.1999969482422,219.33999633789065,219.50999450683597,43639000,220.8999938964844,1,AMZN,-0.013039023009410733,-0.00027331974031485906,-0.003178839224780461,220.85800170898438,221.077001953125,0.057694638208761306,0.010454640822880954,0.0,0.0,0.0,0.0,0.0,0.0,0.0,0.0
2025-10-06,221.0,221.72999572753903,216.02999877929688,220.8999938964844,43690900,221.77999877929688,1,AMZN,0.00633228292302257,0.0012237184775267806,0.012606005395099373,220.6040008544922,220.40400085449218,0.0011893031462681947,0.009882838750691774,0.0,0.0,0.0,0.0,0.0,0.0,0.0,0.0
2025-10-07,220.8800048828125,222.88999938964844,220.1699981689453,221.77999877929688,31194700,225.22000122070312,1,AMZN,0.003983725247293846,-0.0028326283550158537,0.009100009150552424,221.0459991455078,220.51100006103516,-0.2860137923457745,0.009635992325882895,0.0,0.0,0.0,0.0,0.0,0.0,0.0,0.0
2025-10-08,222.9199981689453,226.72999572753903,221.19000244140625,225.22000122070312,46686000,227.7400054931641,1,AMZN,0.015510877718191152,0.026012513583700825,0.01372823998242323,221.96399841308593,221.01199951171876,0.4966003840395965,0.010519803608162142,0.0,0.0,0.0,0.0,0.0,0.0,0.0,0.0
2025-10-09,225.0,228.2100067138672,221.75,227.7400054931641,46412100,216.3699951171875,0,AMZN,0.01118907849570383,0.03096429056437633,0.03720908091459618,223.02999877929688,221.97100067138672,-0.00586685516000518,0.008999423047441788,0.0,0.0,0.0,0.0,0.0,0.0,0.0,0.0
2025-10-10,226.2100067138672,228.25,216.0,216.3699951171875,72367500,220.07000732421875,1,AMZN,-0.04992539782966621,-0.02439355979748703,-0.019308388121949682,222.4019989013672,221.63000030517577,0.559237784974177,0.022743964641489228,0.0,0.0,0.0,0.0,0.0,0.0,0.0,0.0
2025-10-13,217.6999969482422,220.67999267578125,217.0399932861328,220.07000732421875,37809700,216.38999938964844,0,AMZN,0.017100394188331425,-0.02286650327933204,-0.010521093023520556,222.23600158691406,221.4200012207031,-0.47753204131688953,0.023683860892005436,0.0,0.0,0.0,0.0,0.0,0.0,0.0,0.0
2025-10-14,215.55999755859372,219.32000732421875,212.6000061035156,216.38999938964844,45665600,215.57000732421875,0,AMZN,-0.016721987604375044,-0.04983755962830316,-0.014213453579628998,221.1580017089844,221.10200042724608,0.2077747244754653,0.02402745652376211,0.0,0.0,0.0,0.0,0.0,0.0,0.0,0.0
2025-10-15,216.6199951171875,217.7100067138672,212.66000366210935,215.57000732421875,45909500,214.47000122070312,0,AMZN,-0.003789417568938358,-0.003697313911457445,-0.024128504841712806,219.2280029296875,220.59600067138672,0.005341000665709084,0.02376025980957096,0.0,0.0,0.0,0.0,0.0,0.0,0.0,0.0
2025-10-16,215.6699981689453,218.58999633789065,212.80999755859372,214.47000122070312,42414600,213.0399932861328,0,AMZN,-0.00510277898660183,-0.025446475744717922,-0.032960580750423074,216.57400207519532,219.8020004272461,-0.07612585630425073,0.02354733984659556,0.0,0.0,0.0,0.0,0.0,0.0,0.0,0.0
2025-10-17,214.55999755859372,214.8000030517578,211.02999877929688,213.0399932861328,45986900,216.47999572753903,1,AMZN,-0.006667636156250767,-0.015481335149335362,-0.05408048960373901,215.9080017089844,219.15500030517578,0.08422335705158135,0.021830182708744865,0.0,0.0,0.0,0.0,0.0,0.0,0.0,0.0
2025-10-20,213.8800048828125,216.69000244140625,213.58999633789065,216.47999572753903,38882800,222.02999877929688,1,AMZN,0.016147214372026264,0.004221312670605659,-0.049442388223543965,215.18999938964845,218.71300048828124,-0.15448095000967665,0.02261174795993634,0.0,0.0,0.0,0.0,0.0,0.0,0.0,0.0
2025-10-21,218.42999267578125,223.32000732421875,217.9900054931641,222.02999877929688,50494600,217.9499969482422,0,AMZN,0.025637486886977978,0.035249673686596594,0.026158912001841506,216.31799926757813,218.73800048828124,0.2986359007067392,0.015672758398859475,0.0,0.0,0.0,0.0,0.0,0.0,0.0,0.0
2025-10-22,219.3000030517578,220.00999450683597,216.5200042724609,217.9499969482422,44308500,221.08999633789065,1,AMZN,-0.018375903497213075,0.023047332974305723,-0.00963334532385074,216.79399719238282,218.01100006103516,-0.12251012979605735,0.016375388834984374,0.0,0.0,0.0,0.0,0.0,0.0,0.0,0.0
2025-10-23,219.0,221.3000030517578,218.17999267578125,221.08999633789065,31540000,224.2100067138672,1,AMZN,0.014406971477930908,0.021295273010600635,0.02172002847404708,218.1179962158203,217.34599914550782,-0.2881726982407439,0.015691517743112598,0.0,0.0,0.0,0.0,0.0,0.0,0.0,0.0
2025-10-24,221.97000122070312,225.3999938964844,221.8999938964844,224.2100067138672,38685100,226.97000122070312,1,AMZN,0.014111947295924798,0.009818528786901926,0.04007978427469183,220.35199890136718,218.13000030517577,0.22654090044388075,0.01582465381690362,0.0,0.0,0.0,0.0,0.0,0.0,0.0,0.0
2025-10-27,227.66000366210935,228.3999938964844,225.5399932861328,226.97000122070312,38267000,229.25,1,AMZN,0.012309863182682124,0.04138565909043335,0.058283209441196915,222.45,218.81999969482422,-0.01080777870549643,0.015192727877089241,0.0,0.0,0.0,0.0,0.0,0.0,0.0,0.0
2025-10-28,228.22000122070312,231.4900054931641,226.2100067138672,229.25,47100000,230.3000030517578,1,AMZN,0.010045375014470892,0.03690806367212773,0.07608903128388489,223.8940002441406,220.1059997558594,0.23082551545718233,0.013702540191491188,0.0,0.0,0.0,0.0,0.0,0.0,0.0,0.0
2025-10-29,231.6699981689453,232.82000732421875,227.75999450683597,230.3000030517578,52036200,222.8600006103516,0,AMZN,0.0045801659836763875,0.027162018444888414,0.063839650762062,226.36400146484374,221.5789993286133,0.10480254777070064,0.013620969214027594,0.0,0.0,0.0,0.0,0.0,0.0,0.0,0.0
2025-10-30,227.05999755859372,228.44000244140625,222.75,222.8600006103516,102252900,244.22000122070312,1,AMZN,-0.03230569840563202,-0.01810812260759964,0.003738241839472245,226.71800231933594,222.41799926757812,0.9650339571298443,0.0185211858417632,0.0,0.0,0.0,0.0,0.0,0.0,0.0,0.0
2025-10-31,250.1000061035156,250.5,243.97999572753903,244.22000122070312,166340800,254.0,1,AMZN,0.09584492754129248,0.06529989627351407,0.12053225345398566,230.72000122070312,225.53600006103517,0.6267587520745133,0.03848648161520433,0.0,0.0,0.0,0.0,0.0,0.0,0.0,0.0
2025-11-03,255.3600006103516,258.6000061035156,252.8999938964844,254.0,95997800,249.32000732421875,0,AMZN,0.04004585509136338,0.10290923419100362,0.14885342714381866,236.1260009765625,229.28800048828126,-0.4228848244086839,0.039407662108562794,0.0,0.0,0.0,0.0,0.0,0.0,0.0,0.0
2025-11-04,250.3800048828125,257.010009765625,248.66000366210935,249.32000732421875,51546300,250.1999969482422,1,AMZN,-0.018425168014886806,0.11872927686170942,0.11199322001000822,240.14000244140624,232.01700134277343,-0.4630470698286836,0.04213358571628774,0.0,0.0,0.0,0.0,0.0,0.0,0.0,0.0
2025-11-05,249.02999877929688,251.0,246.16000366210935,250.1999969482422,40610700,243.0399932861328,0,AMZN,0.0035295587926045258,0.024486101456264064,0.10234830859850264,244.12000122070313,235.24200134277345,-0.2121510176288114,0.04239212741414476,0.0,0.0,0.0,0.0,0.0,0.0,0.0,0.0
2025-11-06,249.16000366210935,250.3800048828125,242.1699981689453,243.0399932861328,46004200,244.41000366210935,1,AMZN,-0.028617121300727022,-0.043149632731760534,0.060152642469499806,248.15599975585937,237.43700103759767,0.13280982598182245,0.0455124625364415,0.0,0.0,0.0,0.0,0.0,0.0,0.0,0.0
2025-11-07,242.8999938964844,244.8999938964844,238.4900054931641,244.41000366210935,46374300,248.3999938964844,1,AMZN,0.005636975040414827,-0.019693580610738448,0.06126791325825742,248.19400024414062,239.45700073242188,0.008044917637954896,0.04549619390820957,0.0,0.0,0.0,0.0,0.0,0.0,0.0,0.0
2025-11-10,248.33999633789065,251.75,245.58999633789065,248.3999938964844,36476500,249.1000061035156,1,AMZN,0.01632498741700905,-0.007194256889340167,0.11460106441795692,247.0739990234375,241.6,-0.21343287122393217,0.04161614846005653,0.0,0.0,0.0,0.0,0.0,0.0,0.0,0.0
2025-11-11,248.41000366210935,249.75,247.22999572753903,249.1000061035156,23564100,244.1999969482422,0,AMZN,0.0028180846386127723,0.024934220641819493,0.019982003351160404,247.02999877929688,243.58500061035156,-0.3539922964100174,0.02241979781753444,0.0,0.0,0.0,0.0,0.0,0.0,0.0,0.0
2025-11-12,250.2400054931641,250.3699951171875,243.75,244.1999969482422,31190100,237.5800018310547,0,AMZN,-0.019670851205186968,-0.0008592394366864209,-0.038582689180148844,245.8299987792969,244.975,0.32362789158083705,0.016599993538181732,0.0,0.0,0.0,0.0,0.0,0.0,0.0,0.0
2025-11-13,243.0500030517578,243.75,236.5,237.5800018310547,41401700,234.69000244140625,0,AMZN,-0.027108907452568887,-0.0435587452950531,-0.04708810022573606,244.73800048828124,246.4470001220703,0.3273987579392179,0.017994029043271034,0.0,0.0,0.0,0.0,0.0,0.0,0.0,0.0
2025-11-14,235.05999755859372,238.72999572753903,232.88999938964844,234.69000244140625,38956700,232.8699951171875,0,AMZN,-0.012164320933474637,-0.05784826699731649,-0.06199038647488242,242.79400024414062,245.49400024414064,-0.05905554602830321,0.017473314311856867,0.0,0.0,0.0,0.0,0.0,0.0,0.0,0.0
2025-11-17,233.25,234.6000061035156,229.19000244140625,232.8699951171875,59919000,222.5500030517578,0,AMZN,-0.007754941860691922,-0.046396404474386865,-0.041844957413951556,239.68800048828126,243.38099975585936,0.5380922922116094,0.015193961246144668,0.0,0.0,0.0,0.0,0.0,0.0,0.0,0.0
2025-11-18,228.1000061035156,230.1999969482422,222.4199981689453,222.5500030517578,60608400,222.69000244140625,1,AMZN,-0.04431653833391602,-0.06326289529193974,-0.08943987677596221,234.37799987792968,240.7039993286133,0.011505532468832902,0.019843361751987126,0.0,0.0,0.0,0.0,0.0,0.0,0.0,0.0
2025-11-19,223.7400054931641,223.7400054931641,218.5200042724609,222.69000244140625,58335600,217.13999938964844,0,AMZN,0.0006290693674619874,-0.05113127902836834,-0.10350238360228081,230.0760009765625,237.9529998779297,-0.037499752509553175,0.016579321539994023,0.0,0.0,0.0,0.0,0.0,0.0,0.0,0.0
2025-11-20,227.0500030517578,227.41000366210935,216.7400054931641,217.13999938964844,50309000,220.69000244140625,1,AMZN,-0.02492255148822009,-0.06754840064141043,-0.12830191060126228,225.98800048828124,235.36300048828124,-0.13759351065215752,0.014719175067788266,0.0,0.0,0.0,0.0,0.0,0.0,0.0,0.0
2025-11-21,216.3500061035156,222.2100067138672,215.17999267578125,220.69000244140625,68490500,226.27999877929688,1,AMZN,0.016348913427910006,-0.008357675061091752,-0.09627352498214337,223.18800048828126,232.99100036621093,0.36139656920232954,0.019947586760919005,0.0,0.0,0.0,0.0,0.0,0.0,0.0,0.0
2025-11-24,222.55999755859372,227.3300018310547,222.2700042724609,226.27999877929688,54318400,229.6699981689453,1,AMZN,0.02532963104830621,0.016121048536227978,-0.04756293865084382,221.87000122070313,230.77900085449218,-0.20692066782984497,0.02376587760840219,0.0,0.0,0.0,0.0,0.0,0.0,0.0,0.0
2025-11-25,226.3800048828125,230.5200042724609,223.8000030517578,229.6699981689453,39379300,229.16000366210935,0,AMZN,0.0149814363087164,0.057704701181344076,-0.021389936598233517,223.29400024414062,228.83600006103515,-0.27502835135055526,0.024911426883689948,0.0,0.0,0.0,0.0,0.0,0.0,0.0,0.0
2025-11-26,230.7400054931641,231.75,228.7700042724609,229.16000366210935,38497900,233.22000122070312,1,AMZN,-0.0022205534501760216,0.03837963263855548,-0.015931599316653777,224.58800048828124,227.33200073242188,-0.02238231761356857,0.024816156738965145,0.0,0.0,0.0,0.0,0.0,0.0,0.0,0.0
2025-11-28,231.2400054931641,233.2899932861328,230.22000122070312,233.22000122070312,20292300,233.8800048828125,1,AMZN,0.017716868099636462,0.03066997736806254,0.04794427329872386,227.8040008544922,226.89600067138673,-0.4728985217375493,0.017060695856743514,0.0,0.0,0.0,0.0,0.0,0.0,0.0,0.0
2025-12-01,233.22000122070312,235.8000030517578,232.25,233.8800048828125,42904000,234.4199981689453,1,AMZN,0.0028299616613276513,0.018330677700316267,0.05024923579292939,230.44200134277344,226.81500091552735,1.1142995126230146,0.01694711196998498,0.0,0.0,0.0,0.0,0.0,0.0,0.0,0.0
2025-12-02,235.00999450683597,238.97000122070312,233.5500030517578,234.4199981689453,45785400,232.3800048828125,0,AMZN,0.0023088475921804186,0.022953370670178996,0.07957998907556707,232.07000122070312,226.97000122070312,0.06715923923177325,0.010099287121544035,0.0,0.0,0.0,0.0,0.0,0.0,0.0,0.0
2025-12-03,233.3500061035156,233.3800048828125,230.6100006103516,232.3800048828125,35495100,229.1100006103516,0,AMZN,-0.008702300580441968,-0.0036017336999141225,0.052970240210632014,232.61200256347655,227.9530014038086,-0.2247506847160885,0.012138119575155575,0.0,0.0,0.0,0.0,0.0,0.0,0.0,0.0
2025-12-04,232.7700042724609,233.5,226.8000030517578,229.1100006103516,45683200,229.52999877929688,1,AMZN,-0.014071797072686798,-0.02039509223907776,0.01250663711473221,232.602001953125,228.59500122070312,0.2870283503920259,0.01159587147582547,0.0,0.0,0.0,0.0,0.0,0.0,0.0,0.0
2025-12-05,230.32000732421875,231.2400054931641,228.5500030517578,229.52999877929688,33117400,226.88999938964844,0,AMZN,0.0018331725713691682,-0.020859992440253494,-0.0006095676003160522,231.86400146484374,229.83400115966796,-0.2750639184645559,0.010076791849118385,0.0,0.0,0.0,0.0,0.0,0.0,0.0,0.0
2025-12-08,229.58999633789065,230.8300018310547,226.2700042724609,226.88999938964844,35019200,227.9199981689453,1,AMZN,-0.011501761877265149,-0.023625119966464547,-0.009905761198223617,230.46600036621095,230.4540008544922,0.0574260056646958,0.01098099361074845,0.0,0.0,0.0,0.0,0.0,0.0,0.0,0.0
2025-12-09,226.83999633789065,228.57000732421875,225.1100006103516,227.9199981689453,25841700,231.77999877929688,1,AMZN,0.004539639393836836,-0.005194022252350883,-0.022725336695038734,229.16600036621094,230.61800079345704,-0.262070521314022,0.007845532319440112,0.0,0.0,0.0,0.0,0.0,0.0,0.0,0.0
2025-12-10,228.80999755859372,232.4199981689453,228.4600067138672,231.77999877929688,38790700,230.27999877929688,0,AMZN,0.016935769749744978,0.009802640229887638,-0.008978989480387,229.0459991455078,230.8290008544922,0.5010893246187365,0.010889185635548523,0.0,0.0,0.0,0.0,0.0,0.0,0.0,0.0
2025-12-11,230.7100067138672,232.1100006103516,228.69000244140625,230.27999877929688,28249600,226.19000244140625,0,AMZN,-0.006471654188885845,0.014941158265096677,-0.017660606697320946,229.27999877929688,230.94100036621094,-0.2717429693199659,0.010918350716486088,0.0,0.0,0.0,0.0,0.0,0.0,0.0,0.0
2025-12-12,229.8699951171875,230.0800018310547,225.1199951171875,226.19000244140625,35639100,222.5399932861328,0,AMZN,-0.017760970816273702,-0.007590363905920605,-0.026637414198040887,228.61199951171875,230.23800048828124,0.2615789250113276,0.012234692892254696,0.0,0.0,0.0,0.0,0.0,0.0,0.0,0.0
2025-12-15,227.92999267578125,227.92999267578125,221.5,222.5399932861328,47286100,222.55999755859372,1,AMZN,-0.01613691637948922,-0.039865413503442526,-0.028676213638497705,227.74199829101562,229.10399932861327,0.32680398775502195,0.012545033043895207,0.0,0.0,0.0,0.0,0.0,0.0,0.0,0.0
2025-12-16,223.0399932861328,223.66000366210935,221.1300048828125,222.55999755859372,39298900,221.2700042724609,0,AMZN,8.989068511011666e-05,-0.03352441055074906,-0.030366406385969213,226.6699981689453,227.91799926757812,-0.16891221733236617,0.01242480046762137,0.0,0.0,0.0,0.0,0.0,0.0,0.0,0.0
2025-12-17,224.66000366210935,225.19000244140625,220.9900054931641,221.2700042724609,44034400,226.75999450683597,1,AMZN,-0.005796159688549629,-0.02175161641027812,-0.02476969074135371,224.56799926757813,226.80699920654297,0.12049955596721529,0.0120575867130649,0.0,0.0,0.0,0.0,0.0,0.0,0.0,0.0
2025-12-18,225.7100067138672,229.22999572753903,224.41000366210935,226.75999450683597,50272400,227.3500061035156,1,AMZN,0.02481127187766008,0.01896288913461608,-0.005089521197913949,223.86399841308594,226.5719985961914,0.14166197336627717,0.016078353086817872,0.0,0.0,0.0,0.0,0.0,0.0,0.0,0.0
2025-12-19,226.75999450683597,229.1300048828125,225.5800018310547,227.3500061035156,85544400,228.42999267578125,1,AMZN,0.0026019210221044364,0.02152232475497229,-0.019112920437969083,224.09599914550782,226.35399932861327,0.7016175873839323,0.014282571142691986,0.0,0.0,0.0,0.0,0.0,0.0,0.0,0.0
2025-12-22,228.6100006103516,229.47999572753903,226.7100067138672,228.42999267578125,32261300,232.13999938964844,1,AMZN,0.00475032567966549,0.03235860381013911,-0.008033724653996988,225.2739990234375,226.50799865722655,-0.6228706963869055,0.014413428280036462,0.0,0.0,0.0,0.0,0.0,0.0,0.0,0.0
2025-12-23,229.05999755859372,232.4499969482422,228.72999572753903,232.13999938964844,29230200,232.3800048828125,1,AMZN,0.016241329216049705,0.023725546891606886,0.026305304761573334,227.18999938964845,226.92999877929688,-0.09395467634596255,0.013551939266920988,0.0,0.0,0.0,0.0,0.0,0.0,0.0,0.0
2025-12-24,232.1300048828125,232.9499969482422,231.3300018310547,232.3800048828125,11420500,232.5200042724609,1,AMZN,0.001033882544133169,0.022124471714360494,0.04421682346340239,229.41199951171876,226.98999938964843,-0.6092910756683156,0.01056858334798033,0.0,0.0,0.0,0.0,0.0,0.0,0.0,0.0
2025-12-26,232.0399932861328,232.9900054931641,231.17999267578125,232.5200042724609,15994700,232.07000732421875,0,AMZN,0.000602458846315157,0.017904879953679176,0.044752007652430814,230.56400146484376,227.21399993896483,0.40052537104329944,0.010520476339109852,0.0,0.0,0.0,0.0,0.0,0.0,0.0,0.0
2025-12-29,231.94000244140625,232.6000061035156,230.7700042724609,232.07000732421875,19797900,232.52999877929688,1,AMZN,-0.0019353042317806768,-0.0003015079935112519,0.048809160045295785,231.50800170898438,227.8020004272461,0.23777876421564637,0.00985981956298877,0.0,0.0,0.0,0.0,0.0,0.0,0.0,0.0
2025-12-30,231.2100067138672,232.7700042724609,230.1999969482422,232.52999877929688,21910500,230.82000732421875,0,AMZN,0.001982123671998126,0.0006454681699485931,0.025445424291042462,232.3280029296875,228.8010009765625,0.10670828724258641,0.005929433678157708,0.0,0.0,0.0,0.0,0.0,0.0,0.0,0.0
2025-12-31,232.91000366210935,232.9900054931641,230.1199951171875,230.82000732421875,24383700,226.5,0,AMZN,-0.0073538531116630335,-0.007311185777590712,0.015262815603898527,232.06400451660156,229.627001953125,0.11287738755391241,0.007257162932026858,0.0,0.0,0.0,0.0,0.0,0.0,0.0,0.0
2026-01-02,231.33999633789065,235.4600067138672,224.6999969482422,226.5,51456200,233.05999755859372,1,AMZN,-0.018715913643268745,-0.024001409697191223,-0.008448946012621694,230.88800354003905,230.1500015258789,1.1102703855444416,0.010549672246530832,0.0,0.0,0.0,0.0,0.0,0.0,0.0,0.0
2026-01-05,228.83999633789065,234.0,227.17999267578125,233.05999755859372,49733300,240.92999267578125,1,AMZN,0.028962461627345393,0.0022792705546774705,0.003963117822711304,230.99600219726562,230.78000183105468,-0.033482845604611344,0.01442973574016746,0.0,0.0,0.0,0.0,0.0,0.0,0.0,0.0
2026-01-06,232.1000061035156,243.17999267578125,232.07000732421875,240.92999267578125,53764700,241.55999755859372,1,AMZN,0.033768107781812384,0.043800299067496384,0.03679313027504438,232.76799926757812,232.13800048828125,0.08106037604582839,0.019116519367301563,0.0,0.0,0.0,0.0,0.0,0.0,0.0,0.0
2026-01-07,239.6100006103516,245.2899932861328,239.5200042724609,241.55999755859372,42236500,246.2899932861328,1,AMZN,0.0026148877348792787,0.06649005544632991,0.03887834646493471,234.5739990234375,233.4510009765625,-0.2144194982953499,0.019048584663844806,0.0,0.0,0.0,0.0,0.0,0.0,0.0,0.0
2026-01-08,243.05999755859372,246.41000366210935,241.8800048828125,246.2899932861328,39509800,247.3800048828125,1,AMZN,0.0195810389772495,0.05676648016016972,0.06127455299317375,237.66799621582032,234.86600036621093,-0.0645579060764978,0.01936014302767529,0.0,0.0,0.0,0.0,0.0,0.0,0.0,0.0
2026-01-09,244.57000732421875,247.8600006103516,242.2400054931641,247.3800048828125,34560000,246.47000122070312,0,AMZN,0.004425724253495522,0.026771312842361672,0.063862753973565,241.8439971923828,236.36600036621093,-0.12528031020151964,0.01924066901091455,0.0,0.0,0.0,0.0,0.0,0.0,0.0,0.0
2026-01-12,246.72999572753903,248.94000244140625,245.9600067138672,246.47000122070312,35867800,242.6000061035156,0,AMZN,-0.003678565947722645,0.020326228314845096,0.0678017216874176,244.5259979248047,237.76100006103516,0.037841435185185235,0.01876295690453719,0.0,0.0,0.0,0.0,0.0,0.0,0.0,0.0
2026-01-13,246.52999877929688,247.66000366210935,240.25,242.6000061035156,38371800,236.6499938964844,0,AMZN,-0.01570168822988771,-0.01498228626093745,0.07108170465128305,244.86000061035156,238.81399993896486,0.06981192044117557,0.01802584474039263,0.0,0.0,0.0,0.0,0.0,0.0,0.0,0.0
2026-01-14,241.1499938964844,241.27999877929688,236.22000122070312,236.6499938964844,41410600,238.17999267578125,1,AMZN,-0.02452601837319146,-0.04337460900047707,0.015403743136949588,243.87799987792968,239.2259994506836,0.07919357444790176,0.019886814125007615,0.0,0.0,0.0,0.0,0.0,0.0,0.0,0.0
2026-01-15,239.30999755859372,240.6499938964844,236.6300048828125,238.17999267578125,43003600,239.1199951171875,1,AMZN,0.006465239039753046,-0.033634959645650886,-0.011414104028553473,242.25599975585936,239.96199798583984,0.038468411469527064,0.014699879786566337,0.0,0.0,0.0,0.0,0.0,0.0,0.0,0.0
2026-01-16,239.08999633789065,239.57000732421875,236.41000366210935,239.1199951171875,45888300,231.0,0,AMZN,0.0039466053837939885,-0.01434464508975819,-0.010101020309930986,240.60399780273437,241.2239974975586,0.0670804304755881,0.01477114401206786,0.0,0.0,0.0,0.0,0.0,0.0,0.0,0.0
2026-01-20,233.75999450683597,235.08999633789065,229.33999633789065,231.0,47737900,231.30999755859372,1,AMZN,-0.033957825706746436,-0.023874895593514522,-0.06208126072085007,237.50999755859374,241.01799774169922,0.040306570520154406,0.01593852134893186,0.0,0.0,0.0,0.0,0.0,0.0,0.0,0.0
2026-01-21,231.08999633789065,232.3000030517578,226.8800048828125,231.30999755859372,47276100,234.33999633789065,1,AMZN,0.001341980773132967,-0.028843712017991407,-0.06496081739440251,235.2519958496094,240.05599822998047,-0.00967365552317967,0.015543183933010895,0.0,0.0,0.0,0.0,0.0,0.0,0.0,0.0
2026-01-22,234.0500030517578,235.72000122070312,230.8999938964844,234.33999633789065,31913300,239.16000366210935,1,AMZN,0.013099298825289152,-0.01998995850160612,-0.04921493416130018,234.7899963378906,239.33399810791016,-0.32495912310871666,0.01772145859392966,0.0,0.0,0.0,0.0,0.0,0.0,0.0,0.0
2026-01-23,234.9600067138672,240.4499969482422,234.57000732421875,239.16000366210935,33778500,238.4199981689453,0,AMZN,0.020568436457892636,0.03532469117796255,-0.014179729409975472,234.98599853515626,238.62099914550782,0.05844585172952965,0.019933693769986185,0.0,0.0,0.0,0.0,0.0,0.0,0.0,0.0
2026-01-26,239.97999572753903,240.9499969482422,237.5399932861328,238.4199981689453,32825500,244.67999267578125,1,AMZN,-0.003094185824689677,0.030737973651789652,0.007479418204570765,234.84599914550782,237.7249984741211,-0.028213212546442268,0.017351892274490816,0.0,0.0,0.0,0.0,0.0,0.0,0.0,0.0
2026-01-27,239.69000244140625,244.8800048828125,238.0800018310547,244.67999267578125,38029200,243.00999450683597,0,AMZN,0.026256163723313408,0.044123907567966025,0.027290285497858946,237.58199768066407,237.5459976196289,0.15852614583174662,0.01979408747041157,0.0,0.0,0.0,0.0,0.0,0.0,0.0,0.0
2026-01-28,246.3699951171875,247.77999877929688,241.52999877929688,243.00999450683597,40882700,241.72999572753903,0,AMZN,-0.006825233852112089,0.016097971173164805,0.016267980382577596,239.9219970703125,237.58699645996094,0.0750344472142459,0.020215241939123444,0.0,0.0,0.0,0.0,0.0,0.0,0.0,0.0
2026-01-29,242.82000732421875,243.0,236.7400054931641,241.72999572753903,47229600,239.3000030517578,0,AMZN,-0.005267268047532636,0.013883053368066278,0.0464501979547145,241.39999694824218,238.0949966430664,0.15524659574832378,0.013331752507758999,0.0,0.0,0.0,0.0,0.0,0.0,0.0,0.0
2026-01-30,239.88999938964844,243.32000732421875,237.63999938964844,239.3000030517578,46585000,242.9600067138672,1,AMZN,-0.010052507834071744,-0.021987860818486804,0.034542413114418524,241.42799682617186,238.20699768066407,-0.013648220607415662,0.014703355256603108,0.0,0.0,0.0,0.0,0.0,0.0,0.0,0.0
2026-02-02,238.30999755859372,245.6300048828125,238.1699981689453,242.9600067138672,37546100,238.6199951171875,0,AMZN,0.015294624385431943,-0.0002057026216976121,0.03678420462014298,242.33599853515625,238.59099884033202,-0.19403026725340777,0.01492772508020956,0.0,0.0,0.0,0.0,0.0,0.0,0.0,0.0
2026-02-03,244.97999572753903,246.3500061035156,235.4499969482422,238.6199951171875,53831300,232.9900054931641,0,AMZN,-0.017863069956986388,-0.012865596596695839,-0.0022579383536253106,241.1239990234375,239.35299835205078,0.43373879044694386,0.01542191026570005,0.0,0.0,0.0,0.0,0.0,0.0,0.0,0.0
2026-02-04,238.8600006103516,238.8600006103516,231.82000732421875,232.9900054931641,51299900,222.69000244140625,0,AMZN,-0.023593955826118007,-0.026368564471889844,-0.022774904443768618,239.12000122070313,239.5209991455078,-0.04702468638134316,0.01781848839946578,0.0,0.0,0.0,0.0,0.0,0.0,0.0,0.0
2026-02-05,224.91000366210935,226.30999755859372,220.3800048828125,222.69000244140625,103509200,210.32000732421875,0,AMZN,-0.04420791797466195,-0.08342938636947284,-0.08987244929140292,235.31200256347657,238.3559997558594,1.0177271300723785,0.01833341131022417,0.0,0.0,0.0,0.0,0.0,0.0,0.0,0.0
2026-02-06,202.6999969482422,211.44000244140625,200.30999755859372,210.32000732421875,179210900,208.72000122070312,0,AMZN,-0.05554804877440456,-0.11859855993656554,-0.13452116341534925,229.51600341796876,235.4720001220703,0.7313523822037076,0.023904907287056926,0.0,0.0,0.0,0.0,0.0,0.0,0.0,0.0
2026-02-09,208.97000122070312,212.80999755859372,203.3500061035156,208.72000122070312,91178400,206.9600067138672,0,AMZN,-0.00760748406141476,-0.10416757672110977,-0.13655729570293973,222.66800231933593,232.5020004272461,-0.4912229111064115,0.02367691695085062,0.0,0.0,0.0,0.0,0.0,0.0,0.0,0.0
2026-02-10,208.8000030517578,212.6499938964844,206.41000366210935,206.9600067138672,67175000,204.0800018310547,0,AMZN,-0.008432323191560842,-0.07063629060616639,-0.1351441534703861,216.33600463867188,228.7300018310547,-0.2632575259052583,0.02380377555020115,0.0,0.0,0.0,0.0,0.0,0.0,0.0,0.0
2026-02-11,208.05999755859372,208.57000732421875,202.4900054931641,204.0800018310547,65545500,199.6000061035156,0,AMZN,-0.013915755650289796,-0.029669100779103674,-0.16002635745973326,210.55400390625,224.83700256347657,-0.024257536285820613,0.018496805974735745,0.0,0.0,0.0,0.0,0.0,0.0,0.0,0.0
2026-02-12,203.9600067138672,203.9600067138672,197.55999755859372,199.6000061035156,83975400,198.7899932861328,0,AMZN,-0.021952154485219033,-0.043694878611772014,-0.16352355130385865,205.93600463867188,220.6240036010742,0.2811771975192805,0.01831771562827908,0.0,0.0,0.0,0.0,0.0,0.0,0.0,0.0
2026-02-13,198.8800048828125,201.16000366210935,197.27999877929688,198.7899932861328,66321600,201.1499938964844,1,AMZN,-0.004058180323715521,-0.039476290890489985,-0.14678746470107584,203.6300018310547,216.57300262451173,-0.21022585185661513,0.019986379571421846,0.0,0.0,0.0,0.0,0.0,0.0,0.0,0.0
2026-02-17,198.1300048828125,201.7400054931641,196.0,201.1499938964844,69879200,204.7899932861328,1,AMZN,0.011871828009746288,-0.014357153607808426,-0.09672642825799693,202.11600036621093,212.39200134277343,0.053641649176135786,0.020933042227012047,0.0,0.0,0.0,0.0,0.0,0.0,0.0,0.0
2026-02-18,202.07000732421875,206.8600006103516,201.50999450683597,204.7899932861328,51003300,204.8600006103516,1,AMZN,0.018095945812067082,0.026001938997564977,-0.0262933332327302,201.68199768066407,209.00900115966797,-0.27012186745125877,0.014099870687463718,0.0,0.0,0.0,0.0,0.0,0.0,0.0,0.0
2026-02-19,203.8000030517578,205.63999938964844,202.80999755859372,204.8600006103516,35669600,210.1100006103516,1,AMZN,0.00034184934085601526,0.03053477302291463,-0.018493678553929915,201.83799743652344,206.1960006713867,-0.3006413310511281,0.014054072262973052,0.0,0.0,0.0,0.0,0.0,0.0,0.0,0.0
2026-02-20,204.75999450683597,211.1699981689453,203.75,210.1100006103516,65881600,205.2700042724609,0,AMZN,0.025627257563010764,0.044543907460808496,0.015220302446353529,203.93999633789065,204.93800048828126,0.8469957610962837,0.017227256231350668,0.0,0.0,0.0,0.0,0.0,0.0,0.0,0.0
2026-02-23,208.1000061035156,208.42999267578125,203.1100006103516,205.2700042724609,53581500,208.55999755859372,1,AMZN,-0.023035535309270938,0.0023439181701492284,0.005831058559041757,205.23599853515626,204.43300018310546,-0.18670008014377304,0.018918662872042778,0.0,0.0,0.0,0.0,0.0,0.0,0.0,0.0
2026-02-24,205.47000122070312,210.3600006103516,203.25,208.55999755859372,41137200,210.63999938964844,1,AMZN,0.016027637831418806,0.01806109995713423,0.04488973537621699,206.71799926757814,204.41699981689453,-0.23224993701184182,0.01654105821735405,0.0,0.0,0.0,0.0,0.0,0.0,0.0,0.0
2026-02-25,210.4600067138672,211.58999633789065,208.92999267578125,210.63999938964844,41346400,207.9199981689453,0,AMZN,0.009973158109912061,0.002522482403299442,0.05961067711521606,207.88800048828125,204.78499908447264,0.0050854214676741005,0.0158987642350275,0.0,0.0,0.0,0.0,0.0,0.0,0.0,0.0
2026-02-26,210.72999572753903,211.0500030517578,205.3500061035156,207.9199981689453,47756800,210.0,1,AMZN,-0.012913032798065993,0.0129097960799327,0.03365649752862976,208.5,205.16899871826172,0.1550413095215062,0.017662501178581702,0.0,0.0,0.0,0.0,0.0,0.0,0.0,0.0
2026-02-27,206.8300018310547,210.3300018310547,205.1999969482422,210.0,57422800,208.38999938964844,0,AMZN,0.01000385652833935,0.006904499703984213,0.025440728964660764,208.47799987792968,206.20899810791016,0.2024004958456178,0.016901297003644775,0.0,0.0,0.0,0.0,0.0,0.0,0.0,0.0
2026-03-02,204.5500030517578,209.72999572753903,203.4600067138672,208.38999938964844,46001000,208.72999572753903,1,AMZN,-0.007666669573102691,-0.010681731895744506,0.01723127388841017,209.10199890136718,207.16899871826172,-0.19890705434078448,0.017430677748496184,0.0,0.0,0.0,0.0,0.0,0.0,0.0,0.0
2026-03-03,203.1000061035156,209.17999267578125,202.47999572753903,208.72999572753903,43184900,216.82000732421875,1,AMZN,0.001631538648142472,0.003895717418848532,-0.006568011416894781,209.13599853515626,207.9269989013672,-0.06121823438620899,0.01420176776922929,0.0,0.0,0.0,0.0,0.0,0.0,0.0,0.0
2026-03-04,210.47000122070312,217.5399932861328,210.1499938964844,216.82000732421875,54731100,218.94000244140625,1,AMZN,0.038758260730479055,0.03247622535342254,0.05626736888662598,210.37200012207032,209.13000030517577,0.26736660267825085,0.017038066400507954,0.0,0.0,0.0,0.0,0.0,0.0,0.0,0.0
2026-03-05,215.97999572753903,220.47000122070312,215.58999633789065,218.94000244140625,60943400,213.2100067138672,0,AMZN,0.009777672934109694,0.050626244458263914,0.04976987439739644,212.5760009765625,210.53800048828126,0.11350584950786669,0.01670618794943007,0.0,0.0,0.0,0.0,0.0,0.0,0.0,0.0
2026-03-06,214.9900054931641,217.32000732421875,212.52999877929688,213.2100067138672,51152700,213.4900054931641,1,AMZN,-0.026171534044230005,0.02146318726598362,0.01220094631440194,213.21800231933594,210.8480010986328,-0.16065234299366293,0.02075768832562629,0.0,0.0,0.0,0.0,0.0,0.0,0.0,0.0
2026-03-09,210.4499969482422,213.82000732421875,207.1100006103516,213.4900054931641,54642900,214.3300018310547,1,AMZN,0.0013132534612818603,-0.01535836970098059,0.02678918513500972,214.23800354003907,211.6700012207031,0.06823100246907798,0.019734941450796222,0.0,0.0,0.0,0.0,0.0,0.0,0.0,0.0
2026-03-10,214.19000244140625,215.6499938964844,212.42999267578125,214.3300018310547,35678800,212.6499938964844,0,AMZN,0.003934593265620068,-0.021055999629785882,0.0206190563383557,215.35800476074218,212.24700164794922,-0.34705515263648157,0.0195571384399655,0.0,0.0,0.0,0.0,0.0,0.0,0.0,0.0
2026-03-11,215.7100067138672,217.0,211.3500061035156,212.6499938964844,34199300,209.52999877929688,0,AMZN,-0.007838417021498234,-0.0026265784895093125,0.020442413356269507,214.5240020751953,212.4480010986328,-0.041467201811720145,0.01957297257735683,0.0,0.0,0.0,0.0,0.0,0.0,0.0,0.0
2026-03-12,210.38999938964844,211.7100067138672,208.1499938964844,209.52999877929688,44349500,207.6699981689453,0,AMZN,-0.014671973697334306,-0.018548909138484282,0.0038327172334258197,212.64200134277343,212.60900115966797,0.29679554844689804,0.020708088962169663,0.0,0.0,0.0,0.0,0.0,0.0,0.0,0.0
2026-03-13,209.6100006103516,210.55999755859372,206.22000122070312,207.6699981689453,35662100,211.7400054931641,1,AMZN,-0.008877013416636048,-0.03107359494803308,-0.042200944775318217,211.53399963378905,212.3760009765625,-0.19588495924418536,0.012212186752754626,0.0,0.0,0.0,0.0,0.0,0.0,0.0,0.0
2026-03-16,208.3500061035156,212.72000122070312,207.4499969482422,211.7400054931641,42209300,215.1999969482422,1,AMZN,0.0195984367511175,-0.00427927782477755,-0.03288570781015254,211.18399963378906,212.71100158691405,0.18358986150563195,0.014656560355233213,0.0,0.0,0.0,0.0,0.0,0.0,0.0,0.0
2026-03-17,212.82000732421875,215.6999969482422,212.42999267578125,215.1999969482422,44969900,209.8699951171875,0,AMZN,0.016340754535353108,0.02706055553848241,0.009333474845041545,211.35799865722657,213.35800170898438,0.06540264823155084,0.01297506985589221,0.0,0.0,0.0,0.0,0.0,0.0,0.0,0.0
2026-03-18,213.92999267578125,215.13999938964844,208.8300018310547,209.8699951171875,37846600,208.75999450683597,0,AMZN,-0.024767666852414494,0.010593715835892858,-0.016956345884269086,210.8019989013672,212.66300048828126,-0.15840150856461765,0.01631807625281217,0.0,0.0,0.0,0.0,0.0,0.0,0.0,0.0
2026-03-19,207.05999755859372,209.1199951171875,206.0500030517578,208.75999450683597,36440600,205.3699951171875,0,AMZN,-0.005288991452693015,-0.014073915693859407,-0.02598799643835803,210.647998046875,211.6449996948242,-0.037149968557281254,0.01609922536531262,0.0,0.0,0.0,0.0,0.0,0.0,0.0,0.0
2026-03-20,207.3999938964844,207.5399932861328,204.32000732421875,205.3699951171875,63694600,210.13999938964844,1,AMZN,-0.016238740557820153,-0.045678447818095935,-0.034234653130724824,210.18799743652343,210.86099853515626,0.7479020652788373,0.01676340972060162,0.0,0.0,0.0,0.0,0.0,0.0,0.0,0.0
2026-03-23,209.7899932861328,212.8000030517578,209.50999450683597,210.13999938964844,44277400,207.2400054931641,0,AMZN,0.02322639327005427,0.0012865310846850164,0.002911280551259443,209.8679962158203,210.5259979248047,-0.30484844869109784,0.019027240220169755,0.0,0.0,0.0,0.0,0.0,0.0,0.0,0.0
2026-03-24,207.9499969482422,209.3500061035156,206.63999938964844,207.2400054931641,35351400,211.7100067138672,1,AMZN,-0.013800294588880657,-0.007281035896090193,-0.0020705575170825163,208.2759979248047,209.81699829101564,-0.2015926861107472,0.019519290960785425,0.0,0.0,0.0,0.0,0.0,0.0,0.0,0.0
2026-03-25,211.55999755859372,213.07000732421875,209.8999938964844,211.7100067138672,36388800,207.5399932861328,0,AMZN,0.021569200454641724,0.03087116787952393,-0.00014167742759352286,208.6440002441406,209.7229995727539,0.02934537246049662,0.019862514443027203,0.0,0.0,0.0,0.0,0.0,0.0,0.0,0.0
2026-03-26,210.6100006103516,212.88999938964844,207.1199951171875,207.5399932861328,46746000,199.33999633789065,0,AMZN,-0.019696817795534227,-0.012372732992611324,-0.03559481306104151,208.4,209.5239990234375,0.28462603878116344,0.01963520131811449,0.0,0.0,0.0,0.0,0.0,0.0,0.0,0.0
2026-03-27,206.4600067138672,206.6000061035156,199.13999938964844,199.33999633789065,56009800,200.9499969482422,1,AMZN,-0.039510442389467215,-0.0381200972103527,-0.05017391253769787,207.19400024414062,208.69099884033204,0.19817310572027558,0.022665759165812375,0.0,0.0,0.0,0.0,0.0,0.0,0.0,0.0
2026-03-30,201.47999572753903,203.8000030517578,199.97999572753903,200.9499969482422,46373800,208.2700042724609,1,AMZN,0.008076656164990093,-0.05082428522222615,-0.03741137078032464,205.3559997558594,207.61199798583985,-0.172041321340194,0.02339552119990086,0.0,0.0,0.0,0.0,0.0,0.0,0.0,0.0
2026-03-31,204.8500061035156,210.27999877929688,204.13999938964844,208.2700042724609,58470100,210.57000732421875,1,AMZN,0.03642700888472317,0.003517447286998987,0.014120899957263067,205.56199951171874,206.91899871826172,0.26084340726875954,0.027381337424852353,0.0,0.0,0.0,0.0,0.0,0.0,0.0,0.0
2026-04-01,210.44000244140625,213.5800018310547,208.19000244140625,210.57000732421875,45955400,209.7700042724609,0,AMZN,0.011043371606930696,0.056335964646516246,0.0020462926421398464,205.33399963378906,206.98899993896484,-0.2140358918489963,0.026192944423831983,0.0,0.0,0.0,0.0,0.0,0.0,0.0,0.0
2026-04-02,206.5399932861328,212.2100067138672,204.8999938964844,209.7700042724609,31453000,212.7899932861328,1,AMZN,-0.0037992260242745157,0.0438915524168455,0.012208061726673991,205.78000183105468,207.09000091552736,-0.3155755362808288,0.02554205322894752,0.0,0.0,0.0,0.0,0.0,0.0,0.0,0.0
2026-04-06,209.8000030517578,212.9499969482422,209.58999633789065,212.7899932861328,25385500,213.7700042724609,1,AMZN,0.014396667550949704,0.021702544394049283,0.005101254253537801,208.47000122070312,207.83200073242188,-0.1929068769274791,0.024758763608408993,0.0,0.0,0.0,0.0,0.0,0.0,0.0,0.0
2026-04-07,211.2400054931641,213.97000122070312,209.0800018310547,213.7700042724609,28154600,221.25,1,AMZN,0.004605531356027148,0.015196831632888097,0.03001836363046828,211.03400268554688,208.19500122070312,0.10908195623485839,0.023016963837242884,0.0,0.0,0.0,0.0,0.0,0.0,0.0,0.0
2026-04-08,223.7899932861328,226.1000061035156,219.6199951171875,221.25,51092700,233.6499938964844,1,AMZN,0.034990857360911454,0.05472658384765161,0.10991273233983034,213.6300018310547,209.59600067138672,0.8147194419384398,0.015188154163958566,0.0,0.0,0.0,0.0,0.0,0.0,0.0,0.0
2026-04-09,225.22999572753903,233.8000030517578,223.2700042724609,233.6499938964844,65964200,238.3800048828125,1,AMZN,0.056045170153601775,0.0980309284671188,0.16272703381361397,218.24599914550782,211.78999938964844,0.291068978542923,0.021142329099120994,0.0,0.0,0.0,0.0,0.0,0.0,0.0,0.0
2026-04-10,235.3000030517578,240.42999267578125,235.2100067138672,238.3800048828125,56912800,239.88999938964844,1,AMZN,0.02024400218227118,0.11512373166716539,0.14457194983758392,223.96799926757814,214.8740005493164,-0.13721685399049788,0.02015844267283464,0.0,0.0,0.0,0.0,0.0,0.0,0.0,0.0
2026-04-13,237.4499969482422,240.0,235.75,239.88999938964844,42166200,249.0200042724609,1,AMZN,0.006334400855383171,0.08424858481197028,0.1392410649456126,229.38800048828125,218.9290008544922,-0.2591086715115053,0.02056780832344754,0.0,0.0,0.0,0.0,0.0,0.0,0.0,0.0
2026-04-14,241.77999877929688,252.17999267578125,241.77999877929688,249.0200042724609,72685000,248.5,0,AMZN,0.03805913087682655,0.06578219891923465,0.1871096877560241,236.43800048828126,223.73600158691406,0.7237740180523737,0.018857071256027595,0.0,0.0,0.0,0.0,0.0,0.0,0.0,0.0
2026-04-15,249.25,250.44000244140625,247.1999969482422,248.5,43045200,249.6999969482422,1,AMZN,-0.002088202809168549,0.0424532045888768,0.16781807340840937,241.88800048828125,227.75900115966797,-0.40778427460961686,0.021270191071578196,0.0,0.0,0.0,0.0,0.0,0.0,0.0,0.0
2026-04-16,248.50999450683597,250.0,244.1999969482422,249.6999969482422,41895700,250.55999755859372,1,AMZN,0.004828961562342915,0.040893732892381074,0.16807780304848863,245.0980010986328,231.6720001220703,-0.02670448737606046,0.02123883441827453,0.0,0.0,0.0,0.0,0.0,0.0,0.0,0.0
2026-04-17,254.9900054931641,256.17999267578125,250.1100006103516,250.55999755859372,52029300,248.27999877929688,0,AMZN,0.003444135445983987,0.006184215162280182,0.13247456523658174,247.53399963378905,235.7509994506836,0.24187685132364423,0.02152403021004334,0.0,0.0,0.0,0.0,0.0,0.0,0.0,0.0
2026-04-20,249.19000244140625,250.17999267578125,245.3699951171875,248.27999877929688,39463100,249.91000366210935,1,AMZN,-0.009099612075002761,-0.0008853167835135567,0.06261504500314308,249.21199951171874,239.3,-0.24152160417303326,0.015687269011180685,0.0,0.0,0.0,0.0,0.0,0.0,0.0,0.0
2026-04-21,255.08999633789065,255.08999633789065,249.1000061035156,249.91000366210935,42922400,255.3600006103516,1,AMZN,0.00656518805713957,0.0008410361090660512,0.04836814557900948,249.38999938964844,242.91399993896485,0.08765910432784052,0.01485665761310513,0.0,0.0,0.0,0.0,0.0,0.0,0.0,0.0
2026-04-22,252.44000244140625,255.94000244140625,250.3300018310547,255.3600006103516,36065100,255.0800018310547,0,AMZN,0.021807838295304638,0.019157100489017198,0.06448789553571821,250.76199951171876,246.325,-0.15976040482358866,0.01588066571147088,0.0,0.0,0.0,0.0,0.0,0.0,0.0,0.0
2026-04-23,255.38999938964844,258.7900085449219,253.07000732421875,255.0800018310547,39091400,263.989990234375,1,AMZN,-0.001096486445127165,0.027388444841271786,0.024335384525828507,251.83800048828124,248.46800079345704,0.08391214775503197,0.009638851726903963,0.0,0.0,0.0,0.0,0.0,0.0,0.0,0.0
2026-04-24,259.9800109863281,264.5,257.69000244140625,263.989990234375,53777400,261.1199951171875,0,AMZN,0.03493017225717909,0.056340227945826715,0.06233396472585517,254.5239990234375,251.02899932861328,0.37568365420527283,0.014831094754000414,0.0,0.0,0.0,0.0,0.0,0.0,0.0,0.0
2026-04-27,263.4599914550781,264.1499938964844,260.3399963378906,261.1199951171875,44906800,259.70001220703125,0,AMZN,-0.010871605831113018,0.02255636941207939,0.04573487508416929,257.0919982910156,253.1519989013672,-0.16495033229572276,0.016607075541814773,0.0,0.0,0.0,0.0,0.0,0.0,0.0,0.0
2026-04-28,258.3900146484375,261.0299987792969,256.6300048828125,259.70001220703125,42204400,263.0400085449219,1,AMZN,-0.005438047398549362,0.018112005421093258,0.036478347451692095,259.05,254.21999969482422,-0.060177968592729836,0.017210141491394687,0.0,0.0,0.0,0.0,0.0,0.0,0.0,0.0
2026-04-29,257.989990234375,265.9100036621094,257.70001220703125,263.0400085449219,72367900,265.0599975585937,1,AMZN,0.012860978748156615,-0.0035985519322521142,0.059449048808581706,260.58600158691405,255.67400054931642,0.7147003629953275,0.016124290084499705,0.0,0.0,0.0,0.0,0.0,0.0,0.0,0.0
2026-04-30,273.1700134277344,273.8800048828125,256.1600036621094,265.0599975585937,100974900,268.260009765625,1,AMZN,0.0076793983730685245,0.015088857671117673,0.060621798545399175,262.5820007324219,257.2100006103516,0.39529957342965605,0.01610871980559744,0.0,0.0,0.0,0.0,0.0,0.0,0.0,0.0
2026-05-01,265.5799865722656,273.32000732421875,262.739990234375,268.260009765625,50825200,272.04998779296875,1,AMZN,0.012072784412985316,0.03296109802170433,0.05051695302490722,263.4360046386719,258.98000183105466,-0.49665510933905355,0.015166344233906547,0.0,0.0,0.0,0.0,0.0,0.0,0.0,0.0
2026-05-04,268.79998779296875,276.1000061035156,268.79998779296875,272.04998779296875,49083700,273.54998779296875,1,AMZN,0.014128002271583506,0.03425326549329144,0.06652809252037595,265.62200317382815,261.35700073242185,-0.03426449871323678,0.014873379625558169,0.0,0.0,0.0,0.0,0.0,0.0,0.0,0.0
2026-05-05,276.0799865722656,278.5599975585937,272.3800048828125,273.54998779296875,41908500,274.989990234375,1,AMZN,0.005513692583370089,0.03203044711602798,0.03621348502686117,268.3919982910156,263.7209991455078,-0.14618294871820992,0.009689477305364251,0.0,0.0002772361040115,0.5,0.5,0.0,4.0,29.0,12.0
2026-05-06,272.8900146484375,277.79998779296875,272.2099914550781,274.989990234375,44552000,271.1700134277344,0,AMZN,0.005264129064761924,0.0250875278601157,0.053117322980045234,270.78199462890626,265.68399810791016,0.06307789589224133,0.006707279220303129,0.0,0.0002772361040115,0.5,0.5,0.0,4.0,30.0,13.0
2026-05-07,275.0199890136719,276.6300048828125,270.489990234375,271.1700134277344,35892900,272.67999267578125,1,AMZN,-0.01389133038400725,-0.0032346054207657016,0.04416634840802125,272.0039978027344,267.2929992675781,-0.19435940025139165,0.009564701591905289,0.0,0.0002772361040115,0.5,0.5,0.0,4.0,31.0,14.0
2026-05-08,271.6300048828125,274.0,269.95001220703125,272.67999267578125,34732700,268.989990234375,0,AMZN,0.0055683857848436435,-0.0031803880680336682,0.03664835697119084,272.88799438476565,268.16199951171876,-0.0323239415037514,0.009108680141438234,0.0,0.0002772361040115,0.5,0.5,0.0,4.0,32.0,15.0
2026-05-11,269.8399963378906,273.6300048828125,268.4800109863281,268.989990234375,38176700,265.82000732421875,0,AMZN,-0.013532354923427414,-0.021818976010312907,0.014826804165017471,272.2759948730469,268.9489990234375,0.09915727829970034,0.011386333523271626,0.0,0.0002772361040115,0.5,0.5,0.0,4.0,35.0,13.0
2026-05-12,266.7099914550781,267.6499938964844,262.6300048828125,265.82000732421875,36776200,270.1300048828125,1,AMZN,-0.011784761609137218,-0.019729342621216395,-0.009095662240294566,270.72999877929686,269.5609985351563,-0.0366846793986908,0.011494893042995622,0.0,0.0002772361040115,0.5,0.5,0.0,4.0,29.0,14.0
2026-05-13,264.42999267578125,270.7200012207031,263.20001220703125,270.1300048828125,39670900,267.2200012207031,0,AMZN,0.016213969753363422,-0.009351576431941289,-0.00705746368795046,269.75800170898435,270.26999816894534,0.07871123172051497,0.0119768643573526,0.0,0.0002772361040115,0.5,0.5,0.0,4.0,30.0,15.0
2026-05-14,269.1499938964844,270.7799987792969,266.6300048828125,267.2200012207031,31338400,264.1400146484375,0,AMZN,-0.010772604336833247,-0.006580129662556056,-0.023140145694527936,268.96799926757814,270.4859985351562,-0.2100406091114646,0.0120933317754108,0.0,0.0002772361040115,0.5,0.5,0.0,4.0,31.0,16.0
2026-05-15,262.5,264.3599853515625,260.8900146484375,264.1400146484375,40770300,264.8599853515625,1,AMZN,-0.011526033074604314,-0.0063200384827775125,-0.039455892837008455,267.2600036621094,270.0739990234375,0.3009694177111786,0.011778059949664584,0.0,0.0002772361040115,0.5,0.5,0.0,4.0,32.0,12.0
2026-05-18,263.8699951171875,268.8500061035156,262.5299987792969,264.8599853515625,33690800,259.3399963378906,0,AMZN,0.0027257161474880665,-0.01950919718650368,-0.023269638100502865,266.4340026855469,269.35499877929686,-0.17364355915948615,0.011517756083437114,0.0,0.0002772361040115,0.5,0.5,0.0,4.0,35.0,15.0
2026-05-19,262.0400085449219,262.25,255.19000244140625,259.3399963378906,40340700,265.010009765625,1,AMZN,-0.020841158796957915,-0.02948882885568216,-0.048921800998256604,265.13800048828125,267.9339996337891,0.19738029373003907,0.012418403875250842,0.0,0.0002772361040115,0.5,0.5,0.0,4.0,29.0,16.0
2026-05-20,260.04998779296875,265.5799865722656,259.5299987792969,265.010009765625,34933200,268.4599914550781,1,AMZN,0.021863243262898013,0.003293689213826445,-0.01479601700153299,264.11400146484374,266.9360015869141,-0.13404576519495204,0.016031053565371642,0.0,0.0002772361040115,0.5,0.5,0.0,4.0,30.0,12.0
2026-05-21,263.5,269.489990234375,261.3699951171875,268.4599914550781,36591700,266.32000732421875,0,AMZN,0.01301830709151064,0.0135921101812988,0.009931472643589956,264.36199951171875,266.6649993896484,0.047476326245520006,0.01625194033927552,0.0,0.0002772361040115,0.5,0.5,0.0,4.0,31.0,13.0
2026-05-22,268.6600036621094,269.7900085449219,266.239990234375,266.32000732421875,27535500,265.2900085449219,0,AMZN,-0.007971333528174807,0.0269145179489938,-0.014104310849313406,264.797998046875,266.0290008544922,-0.2474932839960975,0.015141835739679683,0.0,0.0002772361040115,0.5,0.5,0.0,4.0,32.0,14.0
2026-05-26,267.94000244140625,269.29998779296875,262.07000732421875,265.2900085449219,38028100,271.8500061035156,1,AMZN,-0.003867523096163561,0.0010565592580615846,-0.0072224858429935646,264.8840026855469,265.65900268554685,0.38105718073033,0.014687806309023738,0.0,0.0002772361040115,0.5,0.5,0.0,4.0,29.0,13.0
2026-05-27,266.1499938964844,272.4100036621094,265.70001220703125,271.8500061035156,40061900,274.0,1,AMZN,0.024727646527565872,0.012627634494299489,0.029189032435467555,267.38600463867186,266.2620025634766,0.05348150446643407,0.016601140162608326,0.0,0.0002772361040115,0.5,0.5,0.0,4.0,30.0,14.0
2026-05-28,272.2699890136719,274.5,267.44000244140625,274.0,40630400,270.6400146484375,0,AMZN,0.007908750591183455,0.028837460440708007,0.03450885431525452,269.1840026855469,266.6490020751953,0.014190540139134677,0.016638075231813633,0.0,0.0002772361040115,0.5,0.5,0.0,4.0,31.0,15.0
2026-05-29,271.2900085449219,274.75,269.6400146484375,270.6400146484375,54749600,261.260009765625,0,AMZN,-0.01226272026117703,0.020166632482164104,0.04357221589462901,269.62000732421876,266.9910034179687,0.3475033472473812,0.014612059699417448,0.0,0.0002772361040115,0.5,0.5,0.0,4.0,32.0,16.0
2026-06-01,266.2900085449219,266.6300048828125,260.70001220703125,261.260009765625,53604400,256.5199890136719,0,AMZN,-0.03465860321873382,-0.0389552918893743,-0.014150408897069644,268.6080078125,266.7030029296875,-0.02091704779578296,0.019360776166305355,0.0,0.0002772361040115,0.5,0.5,0.0,4.0,35.0,14.0
2026-06-02,257.1600036621094,261.20001220703125,254.3699951171875,256.5199890136719,41811000,250.0200042724609,0,AMZN,-0.0181429249589532,-0.06379566053404429,-0.04447591008511298,266.85400390625,265.86900329589844,-0.2200080590399296,0.018944344155298453,0.0,0.0002772361040115,0.5,0.5,0.0,4.0,29.0,15.0
2026-06-03,254.6999969482422,257.0899963378906,247.7100067138672,250.0200042724609,51394200,253.7899932861328,1,AMZN,-0.02533909644314125,-0.07618980660624808,-0.06120457571148297,262.488003540039,264.93700408935547,0.22920284135753755,0.020285891388800686,0.0,0.0002772361040115,0.5,0.5,0.0,4.0,30.0,16.0
2026-06-04,253.1199951171875,255.8300018310547,251.75,253.7899932861328,35609800,246.02999877929688,0,AMZN,0.01507874949703436,-0.028592269005093818,-0.04334884423980012,258.4460021972656,263.81500244140625,-0.30712415019593653,0.022225646245773,0.0,0.0002772361040115,0.5,0.5,0.0,4.0,31.0,12.0
2026-06-05,254.25999450683597,256.3800048828125,245.77999877929688,246.02999877929688,55607800,245.22000122070312,0,AMZN,-0.03057644001781823,-0.04089346126479021,-0.09497887343944722,253.5239990234375,261.57200317382814,0.5615869788653685,0.019043285532094282,0.0,0.0002772361040115,0.5,0.5,0.0,4.0,32.0,13.0
2026-06-08,246.67999267578125,249.4199981689453,243.3600006103516,245.22000122070312,33899500,244.19000244140625,0,AMZN,-0.0032922715222234444,-0.019198476000852116,-0.10503649189524411,250.3159973144531,259.4620025634766,-0.3903822844996565,0.017285079595671205,0.0,0.0002772361040115,0.5,0.5,0.0,4.0,35.0,16.0
2026-06-09,247.72999572753903,250.42999267578125,240.3999938964844,244.19000244140625,44425400,238.0,0,AMZN,-0.004200304926880172,-0.03782651443590668,-0.09773134339129386,247.85,257.352001953125,0.3105031047655571,0.01780523320250597,0.0,0.0002772361040115,0.5,0.5,0.0,4.0,29.0,12.0
2026-06-10,243.6100006103516,244.07000732421875,237.4499969482422,238.0,38590200,241.50999450683597,1,AMZN,-0.025349123139844942,-0.03263829134308227,-0.08903011902392344,245.4459991455078,253.96700134277344,-0.13134828273915378,0.01633059232932875,0.0,0.0002772361040115,0.5,0.5,0.0,4.0,30.0,13.0
2026-06-11,237.92999267578125,242.13999938964844,235.17999267578125,241.50999450683597,41335400,238.5500030517578,0,AMZN,0.01474787607914263,-0.015129298978055483,-0.05851393711870112,242.98999938964843,250.71800079345704,0.07113723173240882,0.01913461084091507,0.0,0.0002772361040115,0.5,0.5,0.0,4.0,31.0,14.0
2026-06-12,243.2100067138672,243.3600006103516,233.58999633789065,238.5500030517578,51186600,246.0200042724609,1,AMZN,-0.012256186172015182,-0.02309676617904033,-0.04587633399207369,241.49400024414064,247.50899963378907,0.238323567692583,0.01779875277788932,0.0,0.0002772361040115,0.5,0.5,0.0,4.0,32.0,15.0
2026-06-15,245.0200042724609,247.80999755859372,244.72999572753903,246.0200042724609,41711600,246.0,0,AMZN,0.03131419461387441,0.03369749694311297,-0.030615821030073875,241.65400085449218,245.98499908447266,-0.1851070397330551,0.021714057256646255,0.0,0.0002772361040115,0.5,0.5,0.0,4.0,35.0,13.0
2026-06-16,248.0,249.50999450683597,245.4499969482422,246.0,35187400,237.5,0,AMZN,-8.131156862656308e-05,0.018591385844435315,-0.00012193138822791383,242.01600036621093,244.93300018310546,-0.15641212516422287,0.018345061321024685,0.0,0.0002772361040115,0.5,0.5,0.0,4.0,29.0,14.0
2026-06-17,244.8999938964844,245.91000366210935,236.0,237.5,44780800,244.38999938964844,1,AMZN,-0.03455284552845528,-0.004401605694089983,-0.03148193941062316,241.91600036621094,243.68099975585938,0.27263736451116016,0.022622223002436843,0.0,0.0002772361040115,0.5,0.5,0.0,4.0,30.0,15.0
2026-06-18,240.1199951171875,245.72999572753903,236.0200042724609,244.38999938964844,75624400,232.7899932861328,0,AMZN,0.029010523745888195,-0.006625497335604025,0.0008190218528303372,242.49200134277345,242.74100036621093,0.6887684007431756,0.025901223751957556,0.0,0.0002772361040115,0.5,0.5,0.0,4.0,31.0,16.0
2026-06-22,240.0800018310547,242.0,232.2400054931641,232.7899932861328,68388500,234.1100006103516,1,AMZN,-0.047465142323687703,-0.05369921428401292,-0.021890784512046957,241.33999938964843,241.41699981689453,-0.0956820814446131,0.03050581951654038,0.0,0.0002772361040115,0.5,0.5,0.0,4.0,35.0,15.0
2026-06-23,232.5500030517578,236.8699951171875,232.0,234.1100006103516,60492600,234.2700042724609,1,AMZN,0.005670378290686617,-0.014273681640624925,-0.030640528610814566,238.95799865722657,240.30599975585938,-0.11545654605672007,0.02982309054354206,0.0,0.0002772361040115,0.5,0.5,0.0,4.0,29.0,16.0
2026-06-24,233.8500061035156,242.4199981689453,232.9499969482422,234.2700042724609,70282600,227.00999450683597,0,AMZN,0.0006834550497294423,-0.041409203087121815,-0.017941725946523213,236.61199951171875,239.31399993896486,0.16183797687651058,0.029630175224808805,0.0,0.0002772361040115,0.5,0.5,0.0,4.0,30.0,12.0
2026-06-25,232.0200042724609,232.32000732421875,225.5500030517578,227.00999450683597,77674100,232.69000244140625,1,AMZN,-0.03098992458796135,-0.024829240714794754,-0.07727017899150934,234.51399841308594,238.21499938964843,0.1051682777814138,0.027136781810609092,0.0,0.0002772361040115,0.5,0.5,0.0,4.0,31.0,13.0
2026-06-26,227.2100067138672,233.8999938964844,226.1300048828125,232.69000244140625,248372100,240.13999938964844,1,AMZN,0.025020959746330673,-0.006065516916164415,-0.05410568113249492,232.1739990234375,237.33300018310547,2.1976179962175295,0.030309246196724322,0.0,0.0002772361040115,0.5,0.5,0.0,4.0,32.0,14.0
2026-06-29,234.22000122070312,249.7100067138672,233.8000030517578,240.13999938964844,77619200,238.33999633789065,0,AMZN,0.03201683299701785,0.02505653737198288,0.011115786903782787,233.6440002441406,237.49199981689452,-0.6874882484787945,0.03085148089539635,0.0,0.0002772361040115,0.5,0.5,0.0,4.0,35.0,12.0
2026-06-30,237.3500061035156,241.5399932861328,237.1699981689453,238.33999633789065,66228300,241.6999969482422,1,AMZN,-0.007495640277891069,0.04990970488179758,-0.02475552627712818,234.48999938964843,236.7239990234375,-0.14675363827506593,0.0285205901445724,0.0,0.0002772361040115,0.5,0.5,0.0,4.0,29.0,13.0
2026-07-01,239.75,244.8999938964844,234.8999938964844,241.6999969482422,53829900,242.6699981689453,1,AMZN,0.014097510539473612,0.03872102115390508,0.03827485681980192,235.9759979248047,236.29399871826172,-0.1872069794936606,0.021141273453500323,0.0,0.0002772361040115,0.5,0.5,0.0,4.0,30.0,14.0
2026-07-02,241.6100006103516,246.72000122070312,241.0800018310547,242.6699981689453,48246400,244.16000366210935,1,AMZN,0.004013244654325954,0.01053551588959456,0.036563997848348295,239.10799865722657,236.81099853515624,-0.10372488152495174,0.02114926396573398,0.0,0.0002772361040115,0.5,0.5,0.0,4.0,31.0,15.0
2026-07-06,243.8000030517578,246.0399932861328,240.8800048828125,244.16000366210935,40044000,245.97999572753903,1,AMZN,0.006140048231783046,0.02441892847882632,0.04221624283639036,241.4019989013672,236.78799896240236,-0.17001061219075408,0.02104955938134986,0.0,0.0002772361040115,0.5,0.5,0.0,4.0,35.0,14.0
2026-07-07,246.97999572753903,248.92999267578125,242.6999969482422,245.97999572753903,40579600,243.6199951171875,0,AMZN,0.007454095831143315,0.01770789753139046,0.08356460807778143,242.56999816894532,238.10699920654298,0.013375287184097528,0.013369171014910215,0.0,0.0002772361040115,0.5,0.5,0.0,4.0,29.0,15.0
2026-07-08,244.2700042724609,244.8000030517578,240.5200042724609,243.6199951171875,29653000,247.0399932861328,1,AMZN,-0.009594278605344786,0.003914768844151872,0.04697233469896722,243.6259979248047,239.05799865722656,-0.2692633737148715,0.013968867165201656,0.0,0.0002772361040115,0.5,0.5,0.0,4.0,30.0,16.0
2026-07-09,239.82000732421875,247.5,238.25,247.0399932861328,38091700,245.33999633789065,0,AMZN,0.01403824906613349,0.011795501232089833,0.028733213600490304,244.69399719238282,240.33499755859376,0.28458166121471695,0.009452778437114336,0.0,0.0002772361040115,0.5,0.5,0.0,4.0,31.0,12.0
2026-07-10,249.5500030517578,251.02999877929688,244.41000366210935,245.33999633789065,31654000,247.30999755859372,1,AMZN,-0.006881464517662694,-0.002601835111653905,0.029369808288812083,245.22799682617188,242.16799774169922,-0.1690053213692222,0.009329327685829857,0.0,0.0002772361040115,0.5,0.5,0.0,4.0,32.0,13.0
2026-07-13,244.67999267578125,249.6499938964844,244.17999267578125,247.30999755859372,34636100,247.4900054931641,1,AMZN,0.008029678202122081,0.015146550017913096,0.023210594460838507,245.85799560546874,243.62999725341797,0.09420926265242935,0.008499354652512985,0.0,0.0002772361040115,0.5,0.5,0.0,4.0,35.0,16.0
2026-07-14,245.5500030517578,248.55999755859372,243.8000030517578,247.4900054931641,30108100,254.9600067138672,1,AMZN,0.0007278635572656178,0.0018216168201965477,0.019862394859636145,246.15999755859374,244.36499786376953,-0.13073065385537053,0.00854490931105646,0.0,0.0002772361040115,0.5,0.5,0.0,4.0,29.0,12.0
2026-07-15,249.75,256.4800109863281,249.75,254.9600067138672,45240600,249.88999938964844,0,AMZN,0.03018304196089816,0.039210933885918564,0.04423330148169491,248.4279998779297,246.0269989013672,0.5026056111146171,0.013490915497877447,0.0,0.0002772361040115,0.5,0.5,0.0,4.0,30.0,13.0
2026-07-16,255.1199951171875,258.0799865722656,248.0,249.88999938964844,45343700,247.22999572753903,0,AMZN,-0.019885500434225545,0.01043225852785623,0.015895616432322957,248.9980010986328,246.84599914550782,0.0022789264510196805,0.016675744151031176,0.0,0.0002772361040115,0.5,0.5,0.0,4.0,31.0,14.0
2026-07-17,244.4600067138672,250.2400054931641,243.58999633789065,247.22999572753903,43572400,249.9900054931641,1,AMZN,-0.010644698341696013,-0.0010505869322154915,0.014818162230957332,249.3760009765625,247.3019989013672,-0.03906386113175586,0.01680561276505684,0.0,0.0002772361040115,0.5,0.5,0.0,4.0,32.0,15.0
2026-07-20,248.75999450683597,252.88999938964844,248.0,249.9900054931641,32406500,247.5500030517578,0,AMZN,0.01116373341957555,-0.01949325811824576,0.011941435748075158,249.91200256347656,247.88499908447267,-0.25626084402052673,0.016501176661277414,0.0,0.0002772361040115,0.5,0.5,0.0,4.0,35.0,13.0
2026-07-21,249.1100006103516,249.33999633789065,246.4199981689453,247.5500030517578,27732100,244.8500061035156,0,AMZN,-0.009760399967161937,-0.009364105580879634,0.009007934893842107,249.92400207519532,248.04199981689453,-0.1442426673661148,0.016787396972593724,0.0,0.0002772361040115,0.5,0.5,0.0,4.0,29.0,14.0
2026-07-22,248.2700042724609,248.4499969482422,242.4499969482422,244.8500061035156,34112700,233.66000366210935,0,AMZN,-0.010906875035172958,-0.00962662162825223,-0.009946995589999563,247.902001953125,248.16500091552734,0.23007994345902394,0.017064843817121488,0.0,0.0002772361040115,0.5,0.5,0.0,4.0,30.0,15.0
2026-07-23,236.25999450683597,238.3500061035156,232.0500030517578,233.66000366210935,47465300,232.1100006103516,0,AMZN,-0.0457014586990675,-0.0653226187936593,-0.0558810518570082,244.6560028076172,246.827001953125,0.39142606712456063,0.023827061605492746,0.0,0.0002772361040115,0.5,0.5,0.0,4.0,31.0,16.0
2026-07-24,234.3800048828125,234.9499969482422,231.33999633789065,232.1100006103516,35017400,231.38999938964844,0,AMZN,-0.006633583101364637,-0.06237124722708254,-0.08962192305383554,241.6320037841797,245.5040023803711,-0.2622526350828921,0.017133635382308,0.0,0.0002772361040115,0.5,0.5,0.0,4.0,32.0,12.0
2026-07-27,235.6699981689453,235.88999938964844,230.9900054931641,231.38999938964844,34999500,230.8600006103516,0,AMZN,-0.0031019827616640683,-0.05497245815128404,-0.07403257451352951,237.91200256347656,243.91200256347656,-0.0005111744447046096,0.017215555864348434,0.0,0.0002772361040115,0.5,0.5,0.0,4.0,35.0,15.0
2026-07-28,232.8500061035156,233.1100006103516,228.1000061035156,230.8600006103516,44521600,226.6499938964844,0,AMZN,-0.002290499938177315,-0.011983236359983884,-0.0662136286052768,234.57400207519532,242.2490020751953,0.2720638866269518,0.017514917959438027,0.0,0.0002772361040115,0.5,0.5,0.0,4.0,29.0,16.0
2026-07-29,229.32000732421875,232.82000732421875,226.16000366210935,226.6499938964844,44957500,235.5,1,AMZN,-0.0182361894773313,-0.023523358319373022,-0.093363778886424,230.93399963378906,239.41800079345703,0.009790753252354012,0.015057362225703553,0.0,0.0002772361040115,0.5,0.5,0.0,4.0,30.0,12.0
2026-07-30,233.3500061035156,239.82000732421875,231.05999755859372,235.5,101839800,271.5799865722656,1,AMZN,0.0390470167299346,0.017762222313811193,-0.0486770466701969,231.3019989013672,237.9790008544922,1.2652460657287437,0.02515603559287724,0.0,0.0002772361040115,0.5,0.5,0.0,4.0,31.0,13.0
2026-07-31,265.0,273.2300109863281,262.010009765625,271.5799865722656,129054800,284.0199890136719,1,AMZN,0.15320588778032107,0.17638389436999846,0.10916879641591404,239.19599609375,240.41399993896485,0.2672334391858586,0.06524937592245282,0.0,0.0002772361040115,0.5,0.5,0.0,4.0,32.0,14.0
2026-08-03,278.2900085449219,287.20001220703125,278.0,284.0199890136719,90830200,277.4200134277344,0,AMZN,0.04580603526208682,0.25312153832834206,0.2155267677920052,249.72199401855468,243.81699829101564,-0.29618890579815704,0.059606827862711306,0.0,0.0002772361040115,0.5,0.5,0.0,4.0,35.0,12.0
2026-08-04,276.0599975585937,281.07000732421875,275.82000732421875,277.4200134277344,69748100,272.6499938964844,0,AMZN,-0.023237715094833633,0.1780043033024814,0.19520922277470398,259.03399658203125,246.8039993286133,-0.23210452030271866,0.06159036794116731,0.0,0.0002772361040115,0.5,0.5,0.0,4.0,29.0,13.0
2026-08-05,281.5899963378906,282.7900085449219,270.7300109863281,272.6499938964844,45119800,272.260009765625,0,AMZN,-0.017194215631067156,0.003939934373382137,0.17831364629270907,268.23399658203124,249.58399810791016,-0.3531035254006919,0.062965198998828,0.0,0.0002772361040115,0.5,0.5,0.0,4.0,30.0,14.0
2026-08-06,272.7699890136719,275.4800109863281,271.0599975585937,272.260009765625,30672900,274.4800109863281,1,AMZN,-0.001430347110176089,-0.0414054633580061,0.17932950292739913,275.58599853515625,253.44399871826172,-0.32018980580587675,0.06290318977910149,0.0,0.0002772361040115,0.5,0.5,0.0,4.0,31.0,15.0
2026-08-07,272.8699951171875,278.3099975585937,272.75,274.4800109863281,33861400,278.0899963378906,1,AMZN,0.00815397466052481,-0.010597658060355064,0.2110303038953032,276.16600341796874,257.6809997558594,0.10395169677467742,0.06059905741394684,0.0,0.0002772361040115,0.5,0.5,0.0,4.0,32.0,16.0
2026-08-10,274.010009765625,280.1400146484375,273.6000061035156,278.0899963378906,35731900,272.2699890136719,0,AMZN,0.013152088338200807,0.01995232922496104,0.18084924134985414,274.9800048828125,262.3509994506836,0.0552398896678814,0.060687572307612694,0.0,0.0002772361040115,0.5,0.5,0.0,4.0,35.0,14.0
2026-08-11,278.69000244140625,278.8399963378906,271.3599853515625,272.2699890136719,31895700,267.2799987792969,0,AMZN,-0.02092850300572191,3.665337430747151e-05,0.002540696942050502,273.95,266.49199829101565,-0.10736064972755432,0.02453117234018107,0.0,0.0002772361040115,0.5,0.5,0.0,4.0,29.0,15.0
2026-08-12,273.17999267578125,273.4599914550781,267.1000061035156,267.2799987792969,29941100,265.1300048828125,0,AMZN,-0.0183273604720513,-0.026231462834610197,-0.05893947919830811,272.8760009765625,270.55499877929685,-0.06128098771934776,0.014944163925427465,0.0,0.0002772361040115,0.5,0.5,0.0,4.0,30.0,16.0
2026-08-13,267.239990234375,269.5799865722656,264.7099914550781,265.1300048828125,32170200,262.6499938964844,0,AMZN,-0.00804397600383,-0.046603587420423476,-0.04430108842209868,271.45,273.51799926757815,0.07444950252328741,0.013486735136676753,0.0,0.0002772361040115,0.5,0.5,0.0,4.0,31.0,12.0
2026-08-14,264.8800048828125,265.8099975585937,262.4200134277344,262.6499938964844,27251700,261.3099975585937,0,AMZN,-0.009353943124710828,-0.035332557774865325,-0.03667705932095733,269.08399658203126,272.625,-0.15288994162299274,0.012743459054671568,0.0,0.0002772361040115,0.5,0.5,0.0,4.0,32.0,13.0
2026-08-17,265.44000244140625,265.75,258.3399963378906,261.3099975585937,43896500,259.45001220703125,0,AMZN,-0.005101832739500489,-0.02233613157725589,-0.04021895178971613,265.7279968261719,270.3540008544922,0.6107802449021529,0.012634948679885237,0.0,0.0002772361040115,0.5,0.5,0.0,4.0,35.0,16.0
2026-08-18,260.6300048828125,262.17999267578125,257.7300109863281,259.45001220703125,33171300,265.8399963378906,1,AMZN,-0.007117926481727377,-0.02142342462631419,-0.05475808138190985,263.16400146484375,268.5570007324219,-0.24432927454352849,0.011046966735778508,0.0,0.0002772361040115,0.5,0.5,0.0,4.0,29.0,12.0
2026-08-19,260.8500061035156,266.3999938964844,258.5799865722656,265.8399963378906,35762400,260.1099853515625,0,AMZN,0.02462896060980113,0.012145450278074232,-0.04405048783242005,262.8760009765625,267.8760009765625,0.07811270586320096,0.014886911184512207,0.0,0.0002772361040115,0.5,0.5,0.0,4.0,30.0,13.0
2026-08-20,263.1600036621094,263.8399963378906,259.5199890136719,260.1099853515625,28374100,258.6300048828125,0,AMZN,-0.021554360010767937,-0.004592293514380841,-0.04466156444990621,261.8719970703125,266.66099853515624,-0.2065940764601928,0.014990782371474776,0.0,0.0002772361040115,0.5,0.5,0.0,4.0,31.0,14.0
2026-08-21,260.739990234375,261.0899963378906,257.0400085449219,258.6300048828125,35723000,262.07000732421875,1,AMZN,-0.005689825658748426,-0.003160559975477706,-0.032363042262758324,261.0679992675781,265.0759979248047,0.2590002854716096,0.014047673370954911,0.0,0.0002772361040115,0.5,0.5,0.0,4.0,32.0,15.0
2026-08-24,259.6000061035156,263.32000732421875,259.04998779296875,262.07000732421875,28070500,261.0599975585937,0,AMZN,0.01330086369122152,-0.01418142140236911,-0.011541498518608861,261.2200012207031,263.4739990234375,-0.2142177308736668,0.015425721751569072,0.0,0.0002772361040115,0.5,0.5,0.0,4.0,35.0,13.0
2026-08-25,262.510009765625,263.8900146484375,259.8299865722656,261.0599975585937,25550200,260.2799987792969,0,AMZN,-0.003853969311244154,0.003652348085549928,-0.006053669807117301,261.5419982910156,262.3529998779297,-0.08978464936499175,0.015098910128089636,0.0,0.0002772361040115,0.5,0.5,0.0,4.0,29.0,14.0
2026-08-26,261.2799987792969,262.04998779296875,258.239990234375,260.2799987792969,21528400,256.260009765625,0,AMZN,-0.002987814244201692,0.006379746608410786,-0.003941673831541204,260.42999877929685,261.6529998779297,-0.1574077698021933,0.015018748586319382,0.0,0.0002772361040115,0.5,0.5,0.0,4.0,30.0,15.0
2026-08-27,259.2300109863281,259.6600036621094,255.0200042724609,256.260009765625,35927800,266.42999267578125,1,AMZN,-0.01544486334918349,-0.022169639394888585,-0.012295248762065003,259.6600036621094,260.76600036621096,0.6688560227420524,0.01593508155738914,0.0,0.0002772361040115,0.5,0.5,0.0,4.0,31.0,16.0
2026-08-28,258.32000732421875,267.5599975585937,257.7799987792969,266.42999267578125,49547400,259.7699890136719,0,AMZN,0.03968618794425893,0.020569965400318635,0.0022193663332010782,261.2200012207031,261.1440002441406,0.3790824932225185,0.02045111433141382,0.0,0.0002772361040115,0.5,0.5,0.0,4.0,32.0,12.0
2026-08-31,263.8299865722656,264.3599853515625,257.1199951171875,259.7699890136719,46089400,254.9199981689453,0,AMZN,-0.02499719943397638,-0.0019594658368561335,-0.0013071252817575818,260.75999755859374,260.98999938964846,-0.0697917549659518,0.021100807550738152,0.0,0.0002772361040115,0.5,0.5,0.0,4.0,35.0,15.0
2026-09-01,254.8300018310547,255.82000732421875,251.92999267578125,254.9199981689453,31649600,254.8451995849609,0,AMZN,-0.018670327789371055,-0.005229109285936784,-0.014344842608452257,259.53199768066406,260.53699798583983,-0.313299804293395,0.022224800823868712,0.0,0.0002772361040115,0.5,0.5,0.0,4.0,29.0,16.0
