date,Open,High,Low,Close,Volume,next_day_close,target,ticker,daily_return,3_day_return,7_day_return,5_day_moving_average,10_day_moving_average,volume_change_percent,volatility,average_sentiment,weighted_sentiment,positive_ratio,negative_ratio,sentiment_momentum,post_count,avg_score,avg_num_comments
2020-01-02,158.77999877929688,160.72999572753906,158.3300018310547,160.6199951171875,22622100,158.6199951171875,0,MSFT,-0.012451749849331062,-0.01892661797128592,0.01656085009944519,159.18799743652343,160.7959976196289,-0.0665676484499671,0.011402919018280422,0.0,0.0,0.0,0.0,0.0,0.0,0.0,0.0
2020-01-03,158.32000732421875,159.9499969482422,158.05999755859375,158.6199951171875,21116200,159.02999877929688,1,MSFT,-0.012451749849331062,-0.01892661797128592,0.01656085009944519,159.18799743652343,160.7959976196289,-0.0665676484499671,0.011402919018280422,0.0,0.0,0.0,0.0,0.0,0.0,0.0,0.0
2020-01-06,157.0800018310547,159.10000610351562,156.50999450683594,159.02999877929688,20813700,157.5800018310547,0,MSFT,0.0025848170138100812,-0.01892661797128592,0.01656085009944519,159.18799743652343,160.7959976196289,-0.01432549417035267,0.011402919018280422,0.0,0.0,0.0,0.0,0.0,0.0,0.0,0.0
2020-01-07,159.32000732421875,159.6699981689453,157.32000732421875,157.5800018310547,21634100,160.08999633789062,1,MSFT,-0.009117757400316062,-0.01892661797128592,0.01656085009944519,159.18799743652343,160.7959976196289,0.039416345964436994,0.011402919018280422,0.0,0.0,0.0,0.0,0.0,0.0,0.0,0.0
2020-01-08,158.92999267578125,160.8000030517578,157.9499969482422,160.08999633789062,27746500,162.08999633789062,1,MSFT,0.0159283822672307,0.009267439578579673,0.01656085009944519,159.18799743652343,160.7959976196289,0.2825354417331898,0.011402919018280422,0.0,0.0,0.0,0.0,0.0,0.0,0.0,0.0
2020-01-09,161.83999633789062,162.22000122070312,161.02999877929688,162.08999633789062,21385000,161.33999633789062,0,MSFT,0.012492972988635387,0.019241637314230564,0.01656085009944519,159.48199768066405,160.7959976196289,-0.22927216045266974,0.011402919018280422,0.0,0.0,0.0,0.0,0.0,0.0,0.0,0.0
2020-01-10,162.82000732421875,163.22000122070312,161.17999267578125,161.33999633789062,20725900,163.27999877929688,1,MSFT,-0.004627059145812851,0.02386086091601336,0.01656085009944519,160.0259979248047,160.7959976196289,-0.030820668693009146,0.011402919018280422,0.0,0.0,0.0,0.0,0.0,0.0,0.0,0.0
2020-01-13,161.75999450683594,163.30999755859375,161.25999450683594,163.27999877929688,21626500,162.1300048828125,0,MSFT,0.01202431192165987,0.019926307167084545,0.01656085009944519,160.8759979248047,160.7959976196289,0.04345287780024032,0.011402919018280422,0.0,0.0,0.0,0.0,0.0,0.0,0.0,0.0
2020-01-14,163.38999938964844,163.60000610351562,161.72000122070312,162.1300048828125,23477400,163.17999267578125,1,MSFT,-0.007043078791535318,0.0002468292049218057,0.0221284193271587,161.78599853515624,160.7959976196289,0.08558481492613224,0.01036440317245754,0.0,0.0,0.0,0.0,0.0,0.0,0.0,0.0
2020-01-15,162.6199951171875,163.94000244140625,162.57000732421875,163.17999267578125,21417900,166.1699981689453,1,MSFT,0.006476208976417874,0.011404464978647777,0.026095667033512182,162.40399780273438,160.7959976196289,-0.08772266094201231,0.010431458445581694,0.0,0.0,0.0,0.0,0.0,0.0,0.0,0.0
2020-01-16,164.35000610351562,166.24000549316406,164.02999877929688,166.1699981689453,23865400,167.10000610351562,1,MSFT,0.018323358422406733,0.01769965342512525,0.054511970034752055,163.21999816894532,161.3509979248047,0.11427357490697032,0.009941760626820206,0.0,0.0,0.0,0.0,0.0,0.0,0.0,0.0
2020-01-17,167.4199981689453,167.47000122070312,165.42999267578125,167.10000610351562,34371700,166.5,0,MSFT,0.005596725912127454,0.03065441973122396,0.043787931326011664,164.37200012207032,162.1989990234375,0.44023146479841113,0.009251495491005669,0.0,0.0,0.0,0.0,0.0,0.0,0.0,0.0
2020-01-21,166.67999267578125,168.19000244140625,166.42999267578125,166.5,29517200,165.6999969482422,0,MSFT,-0.0035907006678619346,0.020345676389477374,0.027207130370441535,165.01600036621093,162.9459991455078,-0.14123537677798892,0.009417385891348868,0.0,0.0,0.0,0.0,0.0,0.0,0.0,0.0
2020-01-22,167.39999389648438,167.49000549316406,165.67999267578125,165.6999969482422,24138800,166.72000122070312,1,MSFT,-0.00480482313368058,-0.002828436094855502,0.02702368110397435,165.72999877929686,163.75799865722655,-0.18221240497066116,0.009444350282653292,0.0,0.0,0.0,0.0,0.0,0.0,0.0,0.0
2020-01-23,166.19000244140625,166.8000030517578,165.27000427246094,166.72000122070312,19680800,165.0399932861328,0,MSFT,0.00615572897553851,-0.0022741165106666683,0.021068118980427375,166.43800048828126,164.4209991455078,-0.18468192287934782,0.008839354674364856,0.0,0.0,0.0,0.0,0.0,0.0,0.0,0.0
2020-01-24,167.50999450683594,167.52999877929688,164.4499969482422,165.0399932861328,24918100,162.27999877929688,0,MSFT,-0.010076822950272901,-0.008768809092295382,0.017948487730100604,166.21199951171874,164.71599884033202,0.2661121499126051,0.00946685906270336,0.0,0.0,0.0,0.0,0.0,0.0,0.0,0.0
2020-01-27,161.14999389648438,163.3800048828125,160.1999969482422,162.27999877929688,32078100,165.4600067138672,1,MSFT,-0.016723186010138114,-0.02063969964956358,-0.0055153446309594845,165.247998046875,164.80999908447265,0.2873413301977277,0.011679070081914133,0.0,0.0,0.0,0.0,0.0,0.0,0.0,0.0
2020-01-28,163.77999877929688,165.75999450683594,163.07000732421875,165.4600067138672,24899900,168.0399932861328,1,MSFT,0.019595809455823066,-0.007557548570120032,-0.004272681367886166,165.03999938964844,165.0279998779297,-0.2237726049859562,0.012029715705918995,0.0,0.0,0.0,0.0,0.0,0.0,0.0,0.0
2020-01-29,167.83999633789062,168.75,165.69000244140625,168.0399932861328,34754500,172.77999877929688,1,MSFT,0.01559281075533403,0.018177412276058735,0.00562529711719395,165.50799865722655,165.6189987182617,0.39576865770545266,0.013396579959444911,0.0,0.0,0.0,0.0,0.0,0.0,0.0,0.0
2020-01-30,174.0500030517578,174.0500030517578,170.7899932861328,172.77999877929688,51597500,170.22999572753906,0,MSFT,0.028207603442907514,0.06470298298609278,0.03771771038616745,166.71999816894532,166.5789993286133,0.48462788991353634,0.01662966741144615,0.0,0.0,0.0,0.0,0.0,0.0,0.0,0.0
2020-01-31,172.2100067138672,172.39999389648438,169.5800018310547,170.22999572753906,36142700,174.3800048828125,1,MSFT,-0.014758670388782091,0.028828652363835028,0.027338556805839076,167.75799865722655,166.98499908447266,-0.2995261398323562,0.01801745846270291,0.0,0.0,0.0,0.0,0.0,0.0,0.0,0.0
2020-02-03,170.42999267578125,174.5,170.39999389648438,174.3800048828125,30107000,180.1199951171875,1,MSFT,0.0243788360420083,0.0377291826350179,0.04594531913401978,170.1779998779297,167.71299896240234,-0.1669963782451228,0.01962573751510984,0.0,0.0,0.0,0.0,0.0,0.0,0.0,0.0
2020-02-04,177.13999938964844,180.63999938964844,176.30999755859375,180.1199951171875,36433300,179.89999389648438,0,MSFT,0.03291656195463699,0.04248174782815273,0.09137180346893392,173.10999755859376,169.0749984741211,0.21012721294051206,0.02025339330392609,0.0,0.0,0.0,0.0,0.0,0.0,0.0,0.0
2020-02-05,184.02999877929688,184.1999969482422,178.41000366210938,179.89999389648438,39186300,183.6300048828125,1,MSFT,-0.001221414760532169,0.05680548911263905,0.10857773755070665,175.48199768066405,170.4949981689453,0.07556274067954316,0.017095712466662128,0.0,0.0,0.0,0.0,0.0,0.0,0.0,0.0
2020-02-06,180.97000122070312,183.82000732421875,180.05999755859375,183.6300048828125,27751400,183.88999938964844,1,MSFT,0.0207338027397288,0.05304507249105894,0.10981504551953147,177.6519989013672,172.18599853515624,-0.2918086167869893,0.0171524737037702,0.0,0.0,0.0,0.0,0.0,0.0,0.0,0.0
2020-02-07,182.8500061035156,185.6300048828125,182.47999572753903,183.88999938964844,33529100,188.6999969482422,1,MSFT,0.0014158606977212607,0.020930515071400757,0.09432282038078155,180.38399963378907,174.0709991455078,0.20819490187882406,0.0179078676220843,0.0,0.0,0.0,0.0,0.0,0.0,0.0,0.0
2020-02-10,183.5800018310547,188.83999633789065,183.25,188.6999969482422,35844300,184.44000244140625,0,MSFT,0.026156928460267848,0.04891608310349027,0.09214028406888097,183.247998046875,176.71299896240234,0.0690504666096019,0.01763413932008395,0.0,0.0,0.0,0.0,0.0,0.0,0.0,0.0
2020-02-11,190.6499938964844,190.6999969482422,183.5,184.44000244140625,53159900,184.7100067138672,1,MSFT,-0.022575487947699258,0.004411030534528848,0.0834753396611192,184.11199951171875,178.61099853515626,0.48307820211302777,0.01978653593033928,0.0,0.0,0.0,0.0,0.0,0.0,0.0,0.0
2020-02-12,185.5800018310547,185.8500061035156,181.8500061035156,184.7100067138672,47062900,183.7100067138672,0,MSFT,0.0014639138412868569,0.004459227401927501,0.059238453617412645,185.07400207519532,180.2779998779297,-0.11469171311458448,0.019224254713074113,0.0,0.0,0.0,0.0,0.0,0.0,0.0,0.0
2020-02-13,183.0800018310547,186.22999572753903,182.8699951171875,183.7100067138672,35295800,185.3500061035156,1,MSFT,-0.005413891850207575,-0.026444039825521015,0.019931221929825105,185.09000244140626,181.37100067138672,-0.250029216219145,0.016321212997652403,0.0,0.0,0.0,0.0,0.0,0.0,0.0,0.0
2020-02-14,183.25,185.41000366210935,182.6499938964844,185.3500061035156,23149500,187.22999572753903,1,MSFT,0.008927109736611927,0.004933873617782192,0.030294676997972614,185.3820037841797,182.88300170898438,-0.344128763195621,0.016340979571555204,0.0,0.0,0.0,0.0,0.0,0.0,0.0,0.0
2020-02-18,185.6100006103516,187.6999969482422,185.5,187.22999572753903,27792200,187.27999877929688,1,MSFT,0.010142916439794813,0.01364294798373078,0.0196045893862713,185.08800354003907,184.16800079345703,0.2005529277090219,0.015011396463122804,0.0,0.0,0.0,0.0,0.0,0.0,0.0,0.0
2020-02-19,188.05999755859372,188.17999267578125,186.47000122070312,187.27999877929688,29997500,184.4199981689453,0,MSFT,0.00026706752603145034,0.019432757797402056,0.01843493066996693,185.6560028076172,184.88400115966797,0.07934960168680427,0.01503625243389896,0.0,0.0,0.0,0.0,0.0,0.0,0.0,0.0
2020-02-20,186.9499969482422,187.25,181.1000061035156,184.4199981689453,36862400,178.58999633789062,0,MSFT,-0.015271254960450786,-0.0050175770377417495,-0.02268149893224858,185.5980010986328,185.33600158691405,0.22884907075589633,0.012144260633273687,0.0,0.0,0.0,0.0,0.0,0.0,0.0,0.0
2020-02-21,183.1699981689453,183.5,177.25,178.58999633789062,48572600,170.88999938964844,0,MSFT,-0.03161263360231614,-0.04614644868240836,-0.031717664422467595,184.5739990234375,184.83200073242188,0.31767329311168013,0.014747573302911317,0.0,0.0,0.0,0.0,0.0,0.0,0.0,0.0
2020-02-24,167.77000427246094,174.5500030517578,163.22999572753906,170.88999938964844,68311100,168.07000732421875,0,MSFT,-0.04311549978238349,-0.08751601610678938,-0.07482002502239748,181.68199768066407,183.53200073242186,0.40637108163861924,0.020316954017906633,0.0,0.0,0.0,0.0,0.0,0.0,0.0,0.0
2020-02-25,174.1999969482422,174.83999633789062,167.64999389648438,168.07000732421875,68073300,170.1699981689453,1,MSFT,-0.016501796919080047,-0.08865627918371688,-0.08513417243519084,177.85,181.46900177001953,-0.003481132641693696,0.020252985020099347,0.0,0.0,0.0,0.0,0.0,0.0,0.0,0.0
2020-02-26,169.7100067138672,173.25999450683594,168.2100067138672,170.1699981689453,56206100,158.17999267578125,0,MSFT,0.012494738818423112,-0.047147087415886135,-0.0818991499039522,174.4279998779297,180.04200134277343,-0.1743297298647194,0.020914730330380608,0.0,0.0,0.0,0.0,0.0,0.0,0.0,0.0
2020-02-27,163.32000732421875,167.02999877929688,157.97999572753906,158.17999267578125,93174900,162.00999450683594,1,MSFT,-0.0704589858504926,-0.07437536871240158,-0.15515677890647372,169.17999877929688,177.38899993896484,0.6577364378599475,0.027787580627499205,0.0,0.0,0.0,0.0,0.0,0.0,0.0,0.0
2020-02-28,152.41000366210938,163.7100067138672,152.0,162.00999450683594,97012700,172.7899932861328,1,MSFT,0.024212934684508358,-0.03605647976020265,-0.13493167683240315,165.86399841308594,175.21899871826173,0.041189204388735634,0.032302140881852695,0.0,0.0,0.0,0.0,0.0,0.0,0.0,0.0
2020-03-02,165.30999755859375,172.9199981689453,162.30999755859375,172.7899932861328,71030800,164.50999450683594,0,MSFT,0.06653909724589258,0.015396339809478965,-0.0630626016607937,166.2439971923828,173.96299743652344,-0.26781957413823143,0.04614649272116678,0.0,0.0,0.0,0.0,0.0,0.0,0.0,0.0
2020-03-03,173.8000030517578,175.0,162.25999450683594,164.50999450683594,71677000,170.5500030517578,1,MSFT,-0.047919434579672404,0.0400177147815981,-0.0788398125302352,165.53199462890626,171.6909973144531,0.009097461946085295,0.047895079731364504,0.0,0.0,0.0,0.0,0.0,0.0,0.0,0.0
2020-03-04,168.49000549316406,170.6999969482422,165.6199951171875,170.5500030517578,49814400,166.27000427246094,0,MSFT,0.03671514647501195,0.05271285003692494,-0.0019895625203637524,165.60799560546874,170.01799774169922,-0.3050155558965917,0.04838594708177161,0.0,0.0,0.0,0.0,0.0,0.0,0.0,0.0
2020-03-05,166.0500030517578,170.8699951171875,165.69000244140625,166.27000427246094,47817300,161.57000732421875,0,MSFT,-0.025095272370050936,-0.03773360302685502,-0.010709840978857632,167.2259979248047,168.20299835205077,-0.0400908171131239,0.04900100329689471,0.0,0.0,0.0,0.0,0.0,0.0,0.0,0.0
2020-03-06,162.61000061035156,163.11000061035156,156.0,161.57000732421875,72821100,150.6199951171875,0,MSFT,-0.02826725703657562,-0.017871176711363956,-0.05053764433956487,167.13800048828125,166.5009994506836,0.5229027987778483,0.04961728063959157,0.0,0.0,0.0,0.0,0.0,0.0,0.0,0.0
2020-03-09,151.0,157.75,150.0,150.6199951171875,70419300,160.9199981689453,1,MSFT,-0.06777255499566892,-0.11685727105218546,-0.047793639579243985,162.7040008544922,164.4739990234375,-0.03298219884072062,0.049045640601458065,0.0,0.0,0.0,0.0,0.0,0.0,0.0,0.0
2020-03-10,158.16000366210938,161.02999877929688,152.5800018310547,160.9199981689453,65354400,153.6300048828125,0,MSFT,0.06838403522549608,-0.03217661614267331,-0.006727957378238392,161.98600158691406,163.75899810791014,-0.07192488422918153,0.055930131958752655,0.0,0.0,0.0,0.0,0.0,0.0,0.0,0.0
2020-03-11,157.1300048828125,157.6999969482422,151.14999389648438,153.6300048828125,56371600,139.05999755859375,0,MSFT,-0.04530197221652499,-0.04914279929116572,-0.11088598384046577,158.602001953125,162.10499877929686,-0.13744751692311463,0.04947986181662117,0.0,0.0,0.0,0.0,0.0,0.0,0.0,0.0
2020-03-12,145.3000030517578,153.47000122070312,138.5800018310547,139.05999755859375,93226400,158.8300018310547,1,MSFT,-0.09483829239823705,-0.0767494219449395,-0.15470182844839042,153.16000061035157,160.19299926757813,0.653783110644367,0.057167080389220366,0.0,0.0,0.0,0.0,0.0,0.0,0.0,0.0
2020-03-13,147.5,161.91000366210938,140.72999572753906,158.8300018310547,92727400,135.4199981689453,0,MSFT,0.14216888119914373,-0.012987797425254688,-0.068718856704719,152.61199951171875,159.875,-0.0053525610771197885,0.0832559600389488,0.0,0.0,0.0,0.0,0.0,0.0,0.0,0.0
2020-03-16,140.0,149.35000610351562,135.0,135.4199981689453,87905900,146.57000732421875,1,MSFT,-0.1473903128642552,-0.11853157674347281,-0.18554162092257354,149.5720001220703,156.13800048828125,-0.05199649725970967,0.09897353489881115,0.0,0.0,0.0,0.0,0.0,0.0,0.0,0.0
2020-03-17,140.0,147.5,135.0,146.57000732421875,81059800,140.39999389648438,0,MSFT,0.08233650351525679,0.054005536440920876,-0.09283901293573538,146.702001953125,154.34400177001953,-0.07787986926929824,0.10682911967600485,0.0,0.0,0.0,0.0,0.0,0.0,0.0,0.0
2020-03-18,138.0,146.0,135.02000427246094,140.39999389648438,81593200,142.7100067138672,1,MSFT,-0.042096016370430145,-0.11603606196626537,-0.06785288508840814,144.05599975585938,151.3290008544922,0.006580327116523899,0.10489471970258828,0.0,0.0,0.0,0.0,0.0,0.0,0.0,0.0
2020-03-19,142.77000427246094,150.14999389648438,139.0,142.7100067138672,85922700,137.35000610351562,0,MSFT,0.016453083460145734,0.053832584872930855,-0.11316176772485398,144.78600158691407,148.9730010986328,0.05306201987420511,0.10056622675889287,0.0,0.0,0.0,0.0,0.0,0.0,0.0,0.0
2020-03-20,146.0,147.10000610351562,135.86000061035156,137.35000610351562,84866200,135.97999572753906,0,MSFT,-0.03755868795590722,-0.06290510172594932,-0.10596887497149465,140.49000244140626,146.5510009765625,-0.012295935765519461,0.10018930671275855,0.0,0.0,0.0,0.0,0.0,0.0,0.0,0.0
2020-03-23,137.00999450683594,140.57000732421875,132.52000427246094,135.97999572753906,78975200,148.33999633789062,1,MSFT,-0.009974592756435974,-0.03148146980835442,-0.022148726342073433,140.602001953125,145.08700103759764,-0.06941514996547504,0.09333265294808821,0.0,0.0,0.0,0.0,0.0,0.0,0.0,0.0
2020-03-24,143.75,149.60000610351562,141.27000427246094,148.33999633789062,82516700,146.9199981689453,0,MSFT,0.09089572730328,0.03945055959048149,-0.06604549123107195,140.95599975585938,143.8290008544922,0.044843191280300676,0.08164770558516833,0.0,0.0,0.0,0.0,0.0,0.0,0.0,0.0
2020-03-25,148.91000366210938,154.3300018310547,144.44000244140625,146.9199981689453,75638200,156.11000061035156,1,MSFT,-0.009572591371182382,0.06967594932771348,0.08492098770857304,142.26000061035157,143.15800018310546,-0.08335888371687183,0.05403129719152056,0.0,0.0,0.0,0.0,0.0,0.0,0.0,0.0
2020-03-26,148.39999389648438,156.66000366210938,148.3699951171875,156.11000061035156,64568100,149.6999969482422,0,MSFT,0.06255106558630996,0.14803651651193372,0.06508830462858595,144.93999938964845,144.86300048828124,-0.1463559418389121,0.0501750274683426,0.0,0.0,0.0,0.0,0.0,0.0,0.0,0.0
2020-03-27,151.75,154.88999938964844,149.1999969482422,149.6999969482422,57042300,160.22999572753906,1,MSFT,-0.04106081376624071,0.00916813161605945,0.06623934085506167,147.40999755859374,143.95,-0.1165560083075079,0.04999675411470582,0.0,0.0,0.0,0.0,0.0,0.0,0.0,0.0
2020-03-30,152.44000244140625,160.60000610351562,150.00999450683594,160.22999572753906,63420300,157.7100067138672,0,MSFT,0.0703406746423485,0.09059350479495931,0.12276636668372776,152.25999755859374,146.43099975585938,0.11181176074597277,0.05500891344000344,0.0,0.0,0.0,0.0,0.0,0.0,0.0,0.0
2020-03-31,159.39999389648438,164.77999877929688,156.55999755859375,157.7100067138672,77927200,152.11000061035156,0,MSFT,-0.015727323727555698,0.010249222325667828,0.14823443542482972,154.13399963378907,147.5449996948242,0.2287422166088775,0.051866698321651736,0.0,0.0,0.0,0.0,0.0,0.0,0.0,0.0
2020-04-01,153.0,157.75,150.82000732421875,152.11000061035156,57969900,155.25999450683594,1,MSFT,-0.03550824846311562,0.016098889186635157,0.11862042498612757,155.1720001220703,148.71600036621095,-0.256101848905132,0.05520393018251088,0.0,0.0,0.0,0.0,0.0,0.0,0.0,0.0
2020-04-02,151.86000061035156,155.47999572753906,150.36000061035156,155.25999450683594,49630700,153.8300018310547,0,MSFT,0.020708657444249656,-0.03101792019737859,0.04664957759054311,155.0019989013672,149.97099914550782,-0.14385396559248853,0.045079186750534773,0.0,0.0,0.0,0.0,0.0,0.0,0.0,0.0
2020-04-03,155.10000610351562,157.3800048828125,152.19000244140625,153.8300018310547,41243300,165.27000427246094,1,MSFT,-0.00921030997278749,-0.024602147724538392,0.047032424096299374,155.8279998779297,151.6189987182617,-0.16899620597734866,0.04505666868326051,0.0,0.0,0.0,0.0,0.0,0.0,0.0,0.0
2020-04-06,160.32000732421875,166.5,157.5800018310547,165.27000427246094,67111700,163.49000549316406,0,MSFT,0.07436782360550409,0.086516360589731,0.05867659743960041,156.83600158691405,154.5479995727539,0.6272146021293155,0.04761430133951725,0.0,0.0,0.0,0.0,0.0,0.0,0.0,0.0
2020-04-07,169.58999633789062,170.0,163.25999450683594,163.49000549316406,62769000,165.1300048828125,1,MSFT,-0.010770247070136185,0.053007930423221605,0.09211762742847407,157.99200134277345,156.06300048828126,-0.06470853815355593,0.04349052417617114,0.0,0.0,0.0,0.0,0.0,0.0,0.0,0.0
2020-04-08,165.6699981689453,166.6699981689453,163.5,165.1300048828125,48318200,165.13999938964844,1,MSFT,0.010031190498167808,0.07345773202400507,0.030581097709105665,160.59600219726562,157.88400115966797,-0.23022192483550796,0.03560189125930121,0.0,0.0,0.0,0.0,0.0,0.0,0.0,0.0
2020-04-09,166.36000061035156,167.3699951171875,163.3300018310547,165.13999938964844,51385100,165.50999450683594,1,MSFT,6.052508048459693e-05,-0.0007866211620480845,0.047111739011345355,162.57200317382814,158.78700103759766,0.06347297705626453,0.034566690259821856,0.0,0.0,0.0,0.0,0.0,0.0,0.0,0.0
2020-04-13,164.35000610351562,165.57000732421875,162.3000030517578,165.50999450683594,41905300,173.6999969482422,1,MSFT,0.002240493633008267,0.012355428135063296,0.08809410191779632,164.9080017089844,160.36800079345704,-0.18448538584142093,0.02936535345785621,0.0,0.0,0.0,0.0,0.0,0.0,0.0,0.0
2020-04-14,169.0,173.75,168.0,173.6999969482422,52874300,171.8800048828125,0,MSFT,0.04948343129253141,0.051898454623746426,0.11876853725248826,166.59400024414063,161.71500091552736,0.2617568660766061,0.03254904743624091,0.0,0.0,0.0,0.0,0.0,0.0,0.0,0.0
2020-04-15,171.1999969482422,173.57000732421875,169.24000549316406,171.8800048828125,40940800,177.0399932861328,1,MSFT,-0.010477789852650354,0.040813888325510916,0.11733733886047415,168.27200012207032,163.1320007324219,-0.2256956593278776,0.03271964009699229,0.0,0.0,0.0,0.0,0.0,0.0,0.0,0.0
2020-04-16,174.3000030517578,177.27999877929688,172.89999389648438,177.0399932861328,50479600,178.60000610351562,1,MSFT,0.030020876522771633,0.0696634593799148,0.07121672844074056,170.65399780273438,165.625,0.2329900734719399,0.022246627028487318,0.0,0.0,0.0,0.0,0.0,0.0,0.0,0.0
2020-04-17,179.5,180.0,175.8699951171875,178.60000610351562,52765600,175.05999755859375,0,MSFT,0.008811640739623705,0.02820960990997312,0.09242155546311581,173.34599914550782,167.95900115966796,0.04528562032979666,0.02033638962301681,0.0,0.0,0.0,0.0,0.0,0.0,0.0,0.0
2020-04-20,176.6300048828125,178.75,174.99000549316406,175.05999755859375,36669600,167.82000732421875,0,MSFT,-0.019820875833957752,0.018501236824779888,0.06013439340008642,175.25599975585936,170.08200073242188,-0.3050472277392847,0.023858701765806338,0.0,0.0,0.0,0.0,0.0,0.0,0.0,0.0
2020-04-21,173.5,173.6699981689453,166.11000061035156,167.82000732421875,56203700,173.52000427246094,1,MSFT,-0.04135719373554614,-0.05207854898080955,0.01622870258250897,174.0800018310547,170.33700103759764,0.532705565372952,0.03053567135236853,0.0,0.0,0.0,0.0,0.0,0.0,0.0,0.0
2020-04-22,171.38999938964844,174.0,170.82000732421875,173.52000427246094,34620200,171.4199981689453,0,MSFT,0.033964942792727326,-0.02844345832838524,0.048395927928655436,174.4080017089844,171.34000091552736,-0.38402276006739766,0.032731397591848586,0.0,0.0,0.0,0.0,0.0,0.0,0.0,0.0
2020-04-23,174.11000061035156,175.05999755859375,170.91000366210938,171.4199981689453,32790800,174.5500030517578,1,MSFT,-0.012102386190690706,-0.02079286781910361,-0.013126072650284759,173.28400268554688,171.96900024414063,-0.05284198242644467,0.027309610989128125,0.0,0.0,0.0,0.0,0.0,0.0,0.0,0.0
2020-04-24,172.05999755859375,174.55999755859375,170.7100067138672,174.5500030517578,34277600,174.0500030517578,0,MSFT,0.01825927497518509,0.04010246355511771,0.015534082459246479,172.4740020751953,172.91000061035157,0.04534198616685159,0.027900198758538684,0.0,0.0,0.0,0.0,0.0,0.0,0.0,0.0
2020-04-27,176.58999633789062,176.89999389648438,173.3000030517578,174.0500030517578,33194400,169.80999755859375,0,MSFT,-0.0028645086866697644,0.003054395840520252,-0.016888784160438597,172.27200317382812,173.76400146484374,-0.031600812192218775,0.02513300974639358,0.0,0.0,0.0,0.0,0.0,0.0,0.0,0.0
2020-04-28,175.58999633789062,175.6699981689453,169.38999938964844,169.80999755859375,34392700,177.42999267578125,1,MSFT,-0.024360846991213214,-0.009392139934366384,-0.049216171581916046,172.6700012207031,173.3750015258789,0.03609946255994978,0.02583734713112004,0.0,0.0,0.0,0.0,0.0,0.0,0.0,0.0
2020-04-29,173.22000122070312,177.67999267578125,171.8800048828125,177.42999267578125,51286600,179.2100067138672,1,MSFT,0.04487365424146006,0.016499510591068134,0.01353818776556448,173.45199890136718,173.93000030517578,0.491205982664926,0.031413164200430395,0.0,0.0,0.0,0.0,0.0,0.0,0.0,0.0
2020-04-30,180.0,180.3999938964844,176.22999572753906,179.2100067138672,53875900,174.57000732421875,0,MSFT,0.010032204878340778,0.029646673781297928,0.06787033066709136,175.01000061035157,174.14700164794922,0.05048687181446998,0.024808250666807388,0.0,0.0,0.0,0.0,0.0,0.0,0.0,0.0
2020-05-01,175.8000030517578,178.63999938964844,174.00999450683594,174.57000732421875,39370500,178.83999633789062,1,MSFT,-0.025891407933803734,0.02803138704470287,0.0060511930953452975,175.01400146484374,173.74400177001954,-0.26923726564196604,0.025354685054536665,0.0,0.0,0.0,0.0,0.0,0.0,0.0,0.0
2020-05-04,174.49000549316406,179.0,173.8000030517578,178.83999633789062,30372900,180.75999450683597,1,MSFT,0.02446003800493335,0.007946816887299812,0.043285487388889266,175.9720001220703,174.12200164794922,-0.22853659465843712,0.025932624456786107,0.0,0.0,0.0,0.0,0.0,0.0,0.0,0.0
2020-05-05,180.6199951171875,183.6499938964844,179.89999389648438,180.75999450683597,36839200,182.5399932861328,1,MSFT,0.010735843258002475,0.008649002482565393,0.0355771489344332,178.16199951171876,175.41600036621094,0.21289702333330052,0.025509640029095136,0.0,0.0,0.0,0.0,0.0,0.0,0.0,0.0
2020-05-06,182.0800018310547,184.1999969482422,181.6300048828125,182.5399932861328,32139300,183.6000061035156,1,MSFT,0.009847304898150666,0.04565495576288692,0.04877902950596513,179.18399963378906,176.31799926757813,-0.12757877478338286,0.025284391198004363,0.0,0.0,0.0,0.0,0.0,0.0,0.0,0.0
2020-05-07,184.1699981689453,184.5500030517578,182.5800018310547,183.6000061035156,28316000,184.67999267578125,1,MSFT,0.005807016853129898,0.0266160247321392,0.08120846088678335,180.06199951171874,177.53600006103517,-0.11896027604832715,0.021282633451240714,0.0,0.0,0.0,0.0,0.0,0.0,0.0,0.0
2020-05-08,184.97999572753903,185.0,183.3600006103516,184.67999267578125,30877800,186.7400054931641,1,MSFT,0.005882279609820573,0.021686204293378752,0.040861186379283376,182.08399658203126,178.5489990234375,0.09047181805339743,0.015336195145600461,0.0,0.0,0.0,0.0,0.0,0.0,0.0,0.0
2020-05-11,183.1499938964844,187.50999450683597,182.8500061035156,186.7400054931641,30892700,182.50999450683597,0,MSFT,0.0111544991286594,0.02300872335657278,0.04201773615978688,183.66399841308595,179.81799926757813,0.0004825473317400242,0.015393098174947484,0.0,0.0,0.0,0.0,0.0,0.0,0.0,0.0
2020-05-12,186.8000030517578,187.0399932861328,182.3000030517578,182.50999450683597,32038200,179.75,0,MSFT,-0.022651873524138777,-0.005936882137493327,0.0454831119292487,184.01399841308594,181.08799896240234,0.03707995740093928,0.014283193244768948,0.0,0.0,0.0,0.0,0.0,0.0,0.0,0.0
2020-05-13,182.5500030517578,184.0500030517578,176.5399932861328,179.75,44711500,180.52999877929688,1,MSFT,-0.015122429400613369,-0.02669478487816601,0.00508836770713228,183.45599975585938,181.31999969482422,0.3955684152043497,0.013797366156369405,0.0,0.0,0.0,0.0,0.0,0.0,0.0,0.0
2020-05-14,177.5399932861328,180.69000244140625,175.67999267578125,180.52999877929688,41873900,183.16000366210935,1,MSFT,0.004339353431415116,-0.033254827734780945,-0.0012723818019942934,182.8419982910156,181.45199890136718,-0.06346465674379076,0.013230401301325793,0.0,0.0,0.0,0.0,0.0,0.0,0.0,0.0
2020-05-15,179.05999755859375,187.05999755859372,177.0,183.16000366210935,46610400,184.91000366210935,1,MSFT,0.014568242954611232,0.0035614989580696754,0.0033965727992806283,182.53800048828126,182.31099853515624,0.11311341909877037,0.01392446791165242,0.0,0.0,0.0,0.0,0.0,0.0,0.0,0.0
2020-05-18,185.75,186.1999969482422,183.9600067138672,184.91000366210935,35264500,183.6300048828125,0,MSFT,0.009554487688416824,0.028706557230093743,0.00713506271810882,182.1720001220703,182.91799926757812,-0.2434199234505604,0.014228182815578885,0.0,0.0,0.0,0.0,0.0,0.0,0.0,0.0
2020-05-19,185.02999877929688,186.6000061035156,183.4900054931641,183.6300048828125,26799100,185.66000366210935,1,MSFT,-0.0069222797790639,0.01717169514472472,-0.00568544419866901,182.39600219726563,183.2050003051758,-0.24005444568900736,0.014334116362776417,0.0,0.0,0.0,0.0,0.0,0.0,0.0,0.0
2020-05-20,184.80999755859372,185.8500061035156,183.94000244140625,185.66000366210935,31261300,183.42999267578125,0,MSFT,0.01105483159243148,0.013649268126309622,-0.0057834518543712354,183.57800292968747,183.51700134277343,0.16650559160568834,0.014320391770430516,0.0,0.0,0.0,0.0,0.0,0.0,0.0,0.0
2020-05-21,185.3999938964844,186.6699981689453,183.2899932861328,183.42999267578125,29119500,183.50999450683597,1,MSFT,-0.012011262212331952,-0.00800395304211099,0.00504080980020416,184.15800170898436,183.5,-0.06851282576220441,0.011980381202656841,0.0,0.0,0.0,0.0,0.0,0.0,0.0,0.0
2020-05-22,183.19000244140625,184.4600067138672,182.5399932861328,183.50999450683597,20826900,181.57000732421875,0,MSFT,0.0004361436746940228,-0.0006535444795806589,0.020917911025513103,184.22799987792968,183.38300018310548,-0.28477824138463914,0.009779422849119436,0.0,0.0,0.0,0.0,0.0,0.0,0.0,0.0
2020-05-26,186.33999633789065,186.5,181.1000061035156,181.57000732421875,36073600,181.80999755859372,1,MSFT,-0.010571561444545408,-0.02202949616081107,0.005760862748319884,183.56000061035155,182.86600036621093,0.7320676624941782,0.010988911316431503,0.0,0.0,0.0,0.0,0.0,0.0,0.0,0.0
2020-05-27,180.1999969482422,181.9900054931641,176.60000610351562,181.80999755859372,39517100,181.3999938964844,0,MSFT,0.0013217504251483714,-0.00883168065132578,-0.007370638111615757,183.19599914550778,182.7960006713867,0.09545761997693614,0.009238529593651275,0.0,0.0,0.0,0.0,0.0,0.0,0.0,0.0
2020-05-28,180.7400054931641,184.1499938964844,180.3800048828125,181.3999938964844,33810200,183.25,1,MSFT,-0.0022551216523567508,-0.01149801467773992,-0.01898225999734915,182.3439971923828,182.96100006103515,-0.1444159616975942,0.007978007168589282,0.0,0.0,0.0,0.0,0.0,0.0,0.0,0.0
2020-05-29,182.72999572753903,184.2700042724609,180.41000366210935,183.25,42130400,182.8300018310547,0,MSFT,0.010198490439703667,0.009252589128232902,-0.0020694051773021416,182.30799865722656,183.23300018310547,0.24608550082519476,0.009025823633813318,0.0,0.0,0.0,0.0,0.0,0.0,0.0,0.0
2020-06-01,182.5399932861328,183.0,181.4600067138672,182.8300018310547,22622400,184.91000366210935,1,MSFT,-0.002291940894653788,0.005610276036290163,-0.015242926722144778,182.1720001220703,183.2,-0.46303856597611226,0.0075213320481651216,0.0,0.0,0.0,0.0,0.0,0.0,0.0,0.0
2020-06-02,184.25,185.0,181.3500061035156,184.91000366210935,30794600,185.3600006103516,1,MSFT,0.011376698628361437,0.019349558344681883,0.008068533202986394,182.83999938964843,183.2,0.3612437230355754,0.007613940970251233,0.0,0.0,0.0,0.0,0.0,0.0,0.0,0.0
2020-06-03,184.82000732421875,185.94000244140625,183.5800018310547,185.3600006103516,27311000,182.9199981689453,0,MSFT,0.0024335998016880023,0.011514328023746634,0.01008122804693734,183.55,183.3729995727539,-0.11312372948503957,0.007619129294026034,0.0,0.0,0.0,0.0,0.0,0.0,0.0,0.0
2020-06-04,184.3000030517578,185.83999633789065,182.3000030517578,182.9199981689453,28761800,187.1999969482422,1,MSFT,-0.013163586714349695,0.0004922405348646297,0.00743509825560551,183.8540008544922,183.0989990234375,0.05312145289443815,0.008330984517184533,0.0,0.0,0.0,0.0,0.0,0.0,0.0,0.0
2020-06-05,182.6199951171875,187.72999572753903,182.00999450683597,187.1999969482422,39893600,188.3600006103516,1,MSFT,0.023398200427182658,0.012384366669081937,0.029646331126050196,184.6440002441406,183.4759994506836,0.3870341911841402,0.011863624027732262,0.0,0.0,0.0,0.0,0.0,0.0,0.0,0.0
2020-06-08,185.94000244140625,188.5500030517578,184.44000244140625,188.3600006103516,33211600,189.8000030517578,1,MSFT,0.006196600860149282,0.016184721569495242,0.03836828527038927,185.75000000000003,183.96100006103515,-0.1674955381314296,0.011517169489615151,0.0,0.0,0.0,0.0,0.0,0.0,0.0,0.0
2020-06-09,188.0,190.6999969482422,187.25999450683597,189.8000030517578,29783900,196.83999633789065,1,MSFT,0.007644948167021104,0.037612097920852294,0.03574353643524053,186.7279998779297,184.78399963378905,-0.10320791530670004,0.01138132878606811,0.0,0.0,0.0,0.0,0.0,0.0,0.0,0.0
2020-06-10,191.1300048828125,198.5200042724609,191.00999450683597,196.83999633789065,43872300,186.2700042724609,0,MSFT,0.03709163947807248,0.051495724074791305,0.07662853123953917,189.0239990234375,186.28699951171876,0.47302065881231137,0.01594594027071205,0.0,0.0,0.0,0.0,0.0,0.0,0.0,0.0
2020-06-11,193.1300048828125,195.75999450683597,186.07000732421875,186.2700042724609,52854700,187.7400054931641,1,MSFT,-0.05369839596666903,-0.011095754571662564,0.007354932580265983,189.69400024414062,186.7740005493164,0.20473966489105888,0.029065497349303696,0.0,0.0,0.0,0.0,0.0,0.0,0.0,0.0
2020-06-12,190.5399932861328,191.72000122070312,185.17999267578125,187.7400054931641,43373600,188.94000244140625,1,MSFT,0.007891776383668114,-0.010853516994053791,0.012839905454119727,189.802001953125,187.2230010986328,-0.17938045244793743,0.029170410399689352,0.0,0.0,0.0,0.0,0.0,0.0,0.0,0.0
2020-06-15,184.5800018310547,190.82000732421875,184.00999450683597,188.94000244140625,32770200,193.57000732421875,1,MSFT,0.0063918020300999245,-0.0401340888206656,0.032910585680745896,189.91800231933593,187.83400115966796,-0.24446668019255957,0.028380142371162067,0.0,0.0,0.0,0.0,0.0,0.0,0.0,0.0
2020-06-16,192.88999938964844,195.5800018310547,191.4600067138672,193.57000732421875,42556700,194.2400054931641,1,MSFT,0.024505159431488677,0.039190437989575555,0.034027833759729065,190.67200317382813,188.70000152587892,0.29864022801203527,0.02850264223617537,0.0,0.0,0.0,0.0,0.0,0.0,0.0,0.0
2020-06-17,195.02999877929688,196.32000732421875,193.69000244140625,194.2400054931641,25687800,196.32000732421875,1,MSFT,0.003461270566690322,0.03462234904556172,0.031216844679121003,190.15200500488282,189.58800201416017,-0.39638646793571874,0.028504591946149294,0.0,0.0,0.0,0.0,0.0,0.0,0.0,0.0
2020-06-18,194.0,196.4900054931641,194.0,196.32000732421875,23061600,195.1499938964844,0,MSFT,0.010708411100862847,0.039060044392140725,0.034351971378435486,192.16200561523436,190.9280029296875,-0.1022353023614323,0.02857976670075531,0.0,0.0,0.0,0.0,0.0,0.0,0.0,0.0
2020-06-19,198.58999633789065,199.2899932861328,194.3699951171875,195.1499938964844,44441100,200.57000732421875,1,MSFT,-0.005959725876548583,0.008162352185167032,-0.008585665885226024,193.64400329589844,191.7230026245117,0.9270605682172963,0.02497636330370284,0.0,0.0,0.0,0.0,0.0,0.0,0.0,0.0
2020-06-22,195.7899932861328,200.75999450683597,195.22999572753903,200.57000732421875,32818900,201.91000366210935,1,MSFT,0.027773577234182945,0.03258855875226718,0.07677029432415172,195.97000427246093,192.94400329589843,-0.26151917931824364,0.011821446374343262,0.0,0.0,0.0,0.0,0.0,0.0,0.0,0.0
2020-06-23,202.08999633789065,203.9499969482422,201.42999267578125,201.91000366210935,30917400,197.83999633789065,0,MSFT,0.006680940763613252,0.028473900414331288,0.0754767111661836,197.63800354003905,194.1550033569336,-0.05793917529228587,0.011877798962397344,0.0,0.0,0.0,0.0,0.0,0.0,0.0,0.0
2020-06-24,201.6000061035156,203.25,196.55999755859372,197.83999633789065,36740600,200.33999633789065,1,MSFT,-0.02015753182308755,0.01378428145292765,0.0471048681141224,198.35800170898438,194.2550033569336,0.18834701494951056,0.01667967990613798,0.0,0.0,0.0,0.0,0.0,0.0,0.0,0.0
2020-06-25,197.8000030517578,200.6100006103516,195.47000122070312,200.33999633789065,27803900,196.3300018310547,0,MSFT,0.012636474152224686,-0.0011467865479821704,0.03497436977585355,199.16199951171876,195.66200256347656,-0.24323772611225725,0.01509826052531642,0.0,0.0,0.0,0.0,0.0,0.0,0.0,0.0
2020-06-26,199.72999572753903,199.88999938964844,194.8800048828125,196.3300018310547,54675800,198.44000244140625,1,MSFT,-0.020015945792834944,-0.027636084046596454,0.010759865520927114,199.39800109863282,196.52100219726563,0.9664795226568934,0.01785775615227324,0.0,0.0,0.0,0.0,0.0,0.0,0.0,0.0
2020-06-29,195.77999877929688,198.52999877929688,193.5500030517578,198.44000244140625,26701600,203.50999450683597,1,MSFT,0.010747214336437771,0.0030327846473008346,0.01079867073194607,198.9720001220703,197.47100219726562,-0.5116376898006065,0.017861036375360476,0.0,0.0,0.0,0.0,0.0,0.0,0.0,0.0
2020-06-30,197.8800048828125,204.3999938964844,197.7400054931641,203.50999450683597,34310300,204.6999969482422,1,MSFT,0.025549244119399406,0.015823091878262918,0.04283884638390534,199.29199829101566,198.46500091552736,0.2849529616202775,0.019511276646766607,0.0,0.0,0.0,0.0,0.0,0.0,0.0,0.0
2020-07-01,203.13999938964844,206.3500061035156,201.7700042724609,204.6999969482422,32061200,206.25999450683597,1,MSFT,0.005847390661524621,0.04263227748752341,0.020591262268577104,200.66399841308595,199.51100006103516,-0.06555174393695185,0.017073368844507036,0.0,0.0,0.0,0.0,0.0,0.0,0.0,0.0
2020-07-02,205.67999267578125,208.0200042724609,205.0,206.25999450683597,29315800,210.6999969482422,1,MSFT,0.007620896833663515,0.039407337075289206,0.021544206655585985,201.847998046875,200.5049987792969,-0.08562998265816624,0.017110422751815985,0.0,0.0,0.0,0.0,0.0,0.0,0.0,0.0
2020-07-06,208.8300018310547,211.1300048828125,208.08999633789065,210.6999969482422,31897600,208.25,0,MSFT,0.021526241441158778,0.0353299721658864,0.06500202612412087,204.7219970703125,202.05999908447268,0.08806855006515257,0.01472361026139358,0.0,0.0,0.0,0.0,0.0,0.0,0.0,0.0
2020-07-07,210.4499969482422,214.6699981689453,207.9900054931641,208.25,33600700,212.8300018310547,1,MSFT,-0.011627892661261074,0.017342467536310746,0.03948289810671879,206.68399658203126,202.8279983520508,0.053392731741572996,0.016508608613873103,0.0,0.0,0.0,0.0,0.0,0.0,0.0,0.0
2020-07-08,210.07000732421875,213.25999450683597,208.69000244140625,212.8300018310547,33600000,214.32000732421875,1,MSFT,0.02199280591142716,0.03185303742457424,0.08404217310708595,208.547998046875,203.91999816894534,-2.0832899314648934e-05,0.012847051673727159,0.0,0.0,0.0,0.0,0.0,0.0,0.0,0.0
2020-07-09,216.3300018310547,216.3800048828125,211.47000122070312,214.32000732421875,33121700,213.6699981689453,0,MSFT,0.00700091848115858,0.017180875312807098,0.08002421229309054,210.4720001220703,205.56799926757813,-0.014235119047619094,0.012969115546497281,0.0,0.0,0.0,0.0,0.0,0.0,0.0,0.0
2020-07-10,213.6199951171875,214.0800018310547,211.0800018310547,213.6699981689453,26177600,207.07000732421875,0,MSFT,-0.003032890691768819,0.026026401771646057,0.04992385600879201,211.9540008544922,206.9009994506836,-0.20965409384180156,0.012146000045513288,0.0,0.0,0.0,0.0,0.0,0.0,0.0,0.0
2020-07-13,214.47999572753903,215.8000030517578,206.5,207.07000732421875,38135600,208.3500061035156,1,MSFT,-0.030888711102566968,-0.027063827737069945,0.011577969767023522,211.2280029296875,207.975,0.45680276266731856,0.018841547006687654,0.0,0.0,0.0,0.0,0.0,0.0,0.0,0.0
2020-07-14,206.1300048828125,208.8500061035156,202.02999877929688,208.3500061035156,37591800,208.0399932861328,0,MSFT,0.006181478408375574,-0.027855547856863727,0.010132898537483337,211.2480041503906,208.96600036621095,-0.014259641909396992,0.018775153507818727,0.0,0.0,0.0,0.0,0.0,0.0,0.0,0.0
2020-07-15,209.55999755859372,211.3300018310547,205.02999877929688,208.0399932861328,32179400,203.9199981689453,0,MSFT,-0.0014879424444497191,-0.026349065994566767,-0.012624602281141928,210.29000244140624,209.41900024414062,-0.14397820801344974,0.016590850927784607,0.0,0.0,0.0,0.0,0.0,0.0,0.0,0.0
2020-07-16,205.3999938964844,205.6999969482422,202.30999755859372,203.9199981689453,29940700,202.8800048828125,0,MSFT,-0.019803861037050563,-0.015212290741562273,-0.02079232571935019,208.21000061035156,209.34100036621095,-0.0695693518213516,0.017660046552790947,0.0,0.0,0.0,0.0,0.0,0.0,0.0,0.0
2020-07-17,204.47000122070312,205.0399932861328,201.38999938964844,202.8800048828125,31635300,211.6000061035156,1,MSFT,-0.005100006352840358,-0.02625390477783529,-0.04675091322951985,206.052001953125,209.00300140380858,0.05659854312023427,0.013866134780065185,0.0,0.0,0.0,0.0,0.0,0.0,0.0,0.0
2020-07-20,205.0,212.3000030517578,203.00999450683597,211.6000061035156,36884800,208.75,0,MSFT,0.04298107753763092,0.017112155990538058,-0.012691307986885225,206.95800170898437,209.09300231933594,0.16593805021605612,0.023279277148782536,0.0,0.0,0.0,0.0,0.0,0.0,0.0,0.0
2020-07-21,213.66000366210935,213.94000244140625,208.02999877929688,208.75,37990400,211.75,1,MSFT,-0.013468837529812538,0.023685768313184807,-0.023026153466127464,207.03800048828126,209.14300231933595,0.029974406801717812,0.023716916265718407,0.0,0.0,0.0,0.0,0.0,0.0,0.0,0.0
2020-07-22,209.1999969482422,212.3000030517578,208.38999938964844,211.75,49605700,202.5399932861328,0,MSFT,0.014371257485029876,0.043720400747776944,0.02260101661392988,207.78000183105468,209.03500213623047,0.30574302981805923,0.020872164277775312,0.0,0.0,0.0,0.0,0.0,0.0,0.0,0.0
2020-07-23,207.19000244140625,210.9199981689453,202.1499938964844,202.5399932861328,67457000,201.3000030517578,0,MSFT,-0.04349471883762546,-0.04281669449929315,-0.027885829840082477,207.50400085449218,207.85700073242188,0.35986388660980495,0.02723640095363393,0.0,0.0,0.0,0.0,0.0,0.0,0.0,0.0
2020-07-24,200.4199981689453,202.8600006103516,197.50999450683597,201.3000030517578,39827000,203.8500061035156,1,MSFT,-0.006122199444448695,-0.035688608135291955,-0.0323975699475485,207.18800048828126,206.62000122070313,-0.40959426004714117,0.027229575231838967,0.0,0.0,0.0,0.0,0.0,0.0,0.0,0.0
2020-07-27,201.47000122070312,203.97000122070312,200.8600006103516,203.8500061035156,30160900,202.0200042724609,0,MSFT,0.012667675176845972,-0.037308117574896826,-0.0003432329641928078,205.63800048828125,206.29800109863282,-0.2427021869585959,0.0269276405898262,0.0,0.0,0.0,0.0,0.0,0.0,0.0,0.0
2020-07-28,203.6100006103516,204.6999969482422,201.7400054931641,202.0200042724609,23251400,204.05999755859372,1,MSFT,-0.008977197823214267,-0.0025673399373391526,-0.00423896189695161,204.2920013427734,205.66500091552734,-0.22908799140609204,0.027095668132318357,0.0,0.0,0.0,0.0,0.0,0.0,0.0,0.0
2020-07-29,202.5,204.6499938964844,202.00999450683597,204.05999755859372,19632600,203.8999938964844,0,MSFT,0.010097976650775164,0.013710851788344414,-0.035633309675961344,202.75400085449218,205.26700134277343,-0.15563794008102738,0.020355107884413297,0.0,0.0,0.0,0.0,0.0,0.0,0.0,0.0
2020-07-30,201.0,204.4600067138672,199.57000732421875,203.8999938964844,25079600,205.00999450683597,1,MSFT,-0.0007841010684290772,0.0002452185012122854,-0.02323356217252981,203.02600097656247,205.26500091552734,0.27744669580188064,0.020036554047793653,0.0,0.0,0.0,0.0,0.0,0.0,0.0,0.0
2020-07-31,204.3999938964844,205.1000061035156,199.00999450683597,205.00999450683597,51044000,216.5399932861328,1,MSFT,0.005443848178411814,0.014800466147612434,-0.031830014135367346,203.76799926757812,205.47799987792968,1.0352796695322093,0.01899020477781348,0.0,0.0,0.0,0.0,0.0,0.0,0.0,0.0
2020-08-03,211.5200042724609,217.63999938964844,210.44000244140625,216.5399932861328,78983000,213.2899932861328,0,MSFT,0.056241154520456194,0.061158462593608576,0.06912215100265096,206.30599670410157,205.9719985961914,0.5473513047566805,0.021993149984541806,0.0,0.0,0.0,0.0,0.0,0.0,0.0,0.0
2020-08-04,214.1699981689453,214.7700042724609,210.30999755859372,213.2899932861328,49280100,212.94000244140625,0,MSFT,-0.015008774825745475,0.0460519846529055,0.059562792114276064,208.55999450683595,206.42599792480468,-0.3760670017598724,0.023283705877634567,0.0,0.0,0.0,0.0,0.0,0.0,0.0,0.0
2020-08-05,214.8999938964844,215.0,211.57000732421875,212.94000244140625,28806400,216.3500061035156,1,MSFT,-0.0016409154472476484,0.038681079689048437,0.04459159217917663,210.33599548339845,206.5449981689453,-0.41545573162392124,0.023486679502805887,0.0,0.0,0.0,0.0,0.0,0.0,0.0,0.0
2020-08-06,212.33999633789065,216.3699951171875,211.5500030517578,216.3500061035156,32656800,212.47999572753903,0,MSFT,0.01601391764352811,-0.0008773768749783528,0.07093357849714743,212.82599792480468,207.9259994506836,0.13366474116862914,0.02262891744037615,0.0,0.0,0.0,0.0,0.0,0.0,0.0,0.0
2020-08-07,214.8500061035156,215.6999969482422,210.92999267578125,212.47999572753903,27820400,208.25,0,MSFT,-0.017887729451345202,-0.0037976350700482664,0.04126236533217442,214.31999816894532,209.04399871826172,-0.14809779280272406,0.02497045242536233,0.0,0.0,0.0,0.0,0.0,0.0,0.0,0.0
2020-08-10,211.6699981689453,211.8800048828125,206.3500061035156,208.25,36716500,203.3800048828125,0,MSFT,-0.01990773631680187,-0.022024994776154272,0.021334017821128537,212.66199951171876,209.48399810791017,0.3197689465284468,0.02682084089071541,0.0,0.0,0.0,0.0,0.0,0.0,0.0,0.0
2020-08-11,207.16000366210935,207.6499938964844,203.13999938964844,203.3800048828125,36446500,209.19000244140625,1,MSFT,-0.023385330694777884,-0.05994916041045739,-0.007950781267735296,210.68000183105468,209.6199981689453,-0.007353642095515589,0.028595427133215726,0.0,0.0,0.0,0.0,0.0,0.0,0.0,0.0
2020-08-12,205.2899932861328,210.27999877929688,204.75,209.19000244140625,28013100,208.6999969482422,0,MSFT,0.028567201392002417,-0.015483778954662242,-0.03394287924916661,209.93000183105468,210.13299865722655,-0.2313912172636604,0.020023808776957797,0.0,0.0,0.0,0.0,0.0,0.0,0.0,0.0
2020-08-13,209.44000244140625,211.3500061035156,208.1499938964844,208.6999969482422,22588900,208.8999938964844,1,MSFT,-0.0023423944139076003,0.0021608496914391484,-0.021519979757011143,208.4,210.61299896240234,-0.19363083700126016,0.019507903202363435,0.0,0.0,0.0,0.0,0.0,0.0,0.0,0.0
2020-08-14,208.75999450683597,209.58999633789065,207.50999450683597,208.8999938964844,17958900,210.27999877929688,1,MSFT,0.0009582987597829273,0.027141257159731813,-0.01897252042172548,207.68399963378906,211.0019989013672,-0.2049679267250729,0.019561424302599426,0.0,0.0,0.0,0.0,0.0,0.0,0.0,0.0
2020-08-17,209.6000061035156,211.19000244140625,208.9199981689453,210.27999877929688,20184800,211.4900054931641,1,MSFT,0.0066060551609987694,0.005210556552270873,-0.028056423170676692,208.08999938964843,210.3759994506836,0.12394411684457296,0.018358043982455833,0.0,0.0,0.0,0.0,0.0,0.0,0.0,0.0
2020-08-18,210.52999877929688,212.3600006103516,209.2100067138672,211.4900054931641,21336200,209.6999969482422,0,MSFT,0.005754264413598387,0.01336851262922556,-0.0046592161816700894,209.71199951171874,210.1960006713867,0.05704292338789574,0.01751392198354296,0.0,0.0,0.0,0.0,0.0,0.0,0.0,0.0
2020-08-19,211.4900054931641,212.1000061035156,209.25,209.6999969482422,27627600,214.5800018310547,1,MSFT,-0.008463797335235168,0.0038295982533833595,0.006962770459746359,209.81399841308593,209.87200012207032,0.2948697518770915,0.015860295108514843,0.0,0.0,0.0,0.0,0.0,0.0,0.0,0.0
2020-08-20,209.5399932861328,215.0,208.91000366210935,214.5800018310547,26981500,213.0200042724609,0,MSFT,0.0232713636329569,0.020448939874072147,0.05506931202354726,210.98999938964843,209.69499969482422,-0.023386034255599486,0.013481033410399669,0.0,0.0,0.0,0.0,0.0,0.0,0.0,0.0
2020-08-21,213.8600006103516,216.25,212.8500061035156,213.0200042724609,36249300,213.69000244140625,1,MSFT,-0.0072700044052661505,0.0072343786446507075,0.0183087231050989,211.81400146484376,209.7490005493164,0.3434872041954673,0.010803056005870951,0.0,0.0,0.0,0.0,0.0,0.0,0.0,0.0
2020-08-24,214.7899932861328,215.5200042724609,212.42999267578125,213.69000244140625,25460100,216.47000122070312,1,MSFT,0.0031452359191974644,0.019027208160374398,0.023909945213854478,212.49600219726562,210.29300079345703,-0.29763885095712195,0.01057758745860118,0.0,0.0,0.0,0.0,0.0,0.0,0.0,0.0
2020-08-25,213.1000061035156,216.6100006103516,213.1000061035156,216.47000122070312,23043700,221.1499938964844,1,MSFT,0.013009493881489087,0.008807900892537468,0.03623747029868207,213.49200134277345,211.60200042724608,-0.09490928943719779,0.011077392604321732,0.0,0.0,0.0,0.0,0.0,0.0,0.0,0.0
2020-08-26,217.8800048828125,222.08999633789065,217.3600006103516,221.1499938964844,39600800,226.5800018310547,1,MSFT,0.02161959000965563,0.03816538100161204,0.051692957867078615,215.78200073242186,212.7979995727539,0.7185087464252702,0.012735560247217741,0.0,0.0,0.0,0.0,0.0,0.0,0.0,0.0
2020-08-27,222.88999938964844,231.1499938964844,219.3999938964844,226.5800018310547,57602200,228.91000366210935,1,MSFT,0.024553507051471746,0.0603210222396009,0.07135087212609847,218.18200073242187,214.58600006103515,0.4545716248156604,0.014248717204193146,0.0,0.0,0.0,0.0,0.0,0.0,0.0,0.0
2020-08-28,228.17999267578125,230.63999938964844,226.5800018310547,228.91000366210935,26292900,225.52999877929688,0,MSFT,0.01028335162955818,0.05746755842036033,0.09160709105116749,221.36000061035156,216.58700103759764,-0.5435434757700226,0.011746185252224515,0.0,0.0,0.0,0.0,0.0,0.0,0.0,0.0
2020-08-31,227.0,228.6999969482422,224.30999755859372,225.52999877929688,28774200,227.2700042724609,1,MSFT,-0.014765649507400447,0.019805584461660253,0.05102990425390819,223.72799987792968,218.11200103759765,0.09437148431705888,0.014495019579817189,0.0,0.0,0.0,0.0,0.0,0.0,0.0,0.0
2020-09-01,225.50999450683597,227.4499969482422,224.42999267578125,227.2700042724609,25725500,231.6499938964844,1,MSFT,0.007715184244144746,0.0030452927700155286,0.06689512587641167,225.88800048828125,219.69000091552735,-0.1059525547191581,0.013030010401378567,0.0,0.0,0.0,0.0,0.0,0.0,0.0,0.0
2020-09-02,227.97000122070312,232.8600006103516,227.3500061035156,231.6499938964844,34080800,217.3000030517578,0,MSFT,0.019272185249631812,0.011969726925606494,0.08404694300100801,227.98800048828124,221.88500061035157,0.32478669024897466,0.013171772123227772,0.0,0.0,0.0,0.0,0.0,0.0,0.0,0.0
2020-09-03,229.2700042724609,229.30999755859372,214.9600067138672,217.3000030517578,58400300,214.25,0,MSFT,-0.061946864765034526,-0.03649180052358758,0.00383425798666881,226.1320007324219,222.15700073242186,0.7135836013239125,0.030702701920988312,0.0,0.0,0.0,0.0,0.0,0.0,0.0,0.0
2020-09-04,215.1000061035156,218.3600006103516,205.19000244140625,214.25,59664100,202.66000366210935,0,MSFT,-0.01403590892279627,-0.05728870518632967,-0.031200515880249746,223.2,222.28000030517578,0.021640299792980544,0.029643697589619048,0.0,0.0,0.0,0.0,0.0,0.0,0.0,0.0
2020-09-08,206.5,210.02999877929688,202.1999969482422,202.66000366210935,52924300,211.2899932861328,1,MSFT,-0.054095665521076586,-0.12514565507534436,-0.10556976774490834,218.6260009765625,221.1770004272461,-0.1129624011759165,0.03178660011356175,0.0,0.0,0.0,0.0,0.0,0.0,0.0,0.0
2020-09-09,207.6000061035156,214.83999633789065,206.6999969482422,211.2899932861328,45679000,205.3699951171875,0,MSFT,0.04258358565122733,-0.027657660751129853,-0.07697352712459504,215.42999877929688,220.65899963378905,-0.1368993071235708,0.03788943176742026,0.0,0.0,0.0,0.0,0.0,0.0,0.0,0.0
2020-09-10,213.3999938964844,214.7400054931641,204.1100006103516,205.3699951171875,35461500,204.02999877929688,0,MSFT,-0.028018355611040935,-0.04144693060822635,-0.08938945493383299,210.1739990234375,219.08099975585938,-0.22368046585958534,0.03845028544495095,0.0,0.0,0.0,0.0,0.0,0.0,0.0,0.0
2020-09-11,207.1999969482422,208.6300048828125,201.2400054931641,204.02999877929688,33620100,205.41000366210935,1,MSFT,-0.006524791204898239,0.0067600665766871515,-0.10225724933459734,207.5199981689453,216.82599945068358,-0.051926737447654525,0.037559850743911445,0.0,0.0,0.0,0.0,0.0,0.0,0.0,0.0
2020-09-14,204.2400054931641,209.1999969482422,204.02999877929688,205.41000366210935,30375800,208.77999877929688,1,MSFT,0.0067637351912415156,-0.027829001897220373,-0.11327429711092807,205.7519989013672,214.4759994506836,-0.09649882064598259,0.03593782784955357,0.0,0.0,0.0,0.0,0.0,0.0,0.0,0.0
2020-09-15,208.4199981689453,209.77999877929688,206.92999267578125,208.77999877929688,21823900,205.0500030517578,0,MSFT,0.016406187902761715,0.016604196051928533,-0.03920848666730847,206.9759979248047,212.8009994506836,-0.28153661796561735,0.03131688144847425,0.0,0.0,0.0,0.0,0.0,0.0,0.0,0.0
2020-09-16,210.6199951171875,210.6499938964844,204.63999938964844,205.0500030517578,26328100,202.91000366210935,0,MSFT,-0.01786567558840768,0.004999285784264895,-0.04294047583776983,205.72799987792968,210.5789993286133,0.2063884090377981,0.031528195875777286,0.0,0.0,0.0,0.0,0.0,0.0,0.0,0.0
2020-09-17,200.0500030517578,204.3300018310547,199.9600067138672,202.91000366210935,34011300,200.38999938964844,0,MSFT,-0.010436475775658982,-0.01217078017345441,0.001233593188011639,205.23600158691406,207.7050003051758,0.29182508422559916,0.023744361376869104,0.0,0.0,0.0,0.0,0.0,0.0,0.0,0.0
2020-09-18,202.8000030517578,203.6499938964844,196.25,200.38999938964844,55225300,202.5399932861328,1,MSFT,-0.012419320028485559,-0.04018583886724503,-0.05158783777196396,204.50800170898438,206.01399993896484,0.6237338766821616,0.014928497766102975,0.0,0.0,0.0,0.0,0.0,0.0,0.0,0.0
2020-09-21,197.19000244140625,202.7100067138672,196.3800048828125,202.5399932861328,39839700,207.4199981689453,1,MSFT,0.010729047871814279,-0.012240964292945855,-0.013780016060475853,203.93399963378906,204.84299926757814,-0.27859694741359486,0.013098908076994247,0.0,0.0,0.0,0.0,0.0,0.0,0.0,0.0
2020-09-22,205.05999755859372,208.1000061035156,202.0800018310547,207.4199981689453,33517100,200.58999633789065,0,MSFT,0.02409403102881713,0.022226575454338482,0.01661520075445111,203.66199951171876,205.31899871826172,-0.15870099423439432,0.01607416511881624,0.0,0.0,0.0,0.0,0.0,0.0,0.0,0.0
2020-09-23,207.8999938964844,208.1000061035156,200.02999877929688,200.58999633789065,30803800,203.19000244140625,1,MSFT,-0.03292836703957336,0.0009980385690471216,-0.02346529983100243,202.7699981689453,204.2489990234375,-0.08095270772232677,0.02065431891390226,0.0,0.0,0.0,0.0,0.0,0.0,0.0,0.0
2020-09-24,199.8500061035156,205.57000732421875,199.1999969482422,203.19000244140625,31202500,207.82000732421875,1,MSFT,0.012961793464196125,0.0032092879274225883,-0.026774577883774464,202.82599792480468,204.03099975585937,0.0129432083054688,0.020144028154489582,0.0,0.0,0.0,0.0,0.0,0.0,0.0,0.0
2020-09-25,203.5500030517578,209.0399932861328,202.5399932861328,207.82000732421875,29437300,209.44000244140625,1,MSFT,0.022786578213402242,0.0019284984996847943,0.013508920903364974,204.31199951171874,204.41000061035157,-0.05657239003284997,0.021209550645409855,0.0,0.0,0.0,0.0,0.0,0.0,0.0,0.0
2020-09-28,210.8800048828125,212.57000732421875,208.05999755859372,209.44000244140625,32004900,207.25999450683597,0,MSFT,0.007795183620892487,0.044119877686262576,0.03218174886128744,205.69200134277344,204.81300048828126,0.0872226732750625,0.020519919855466643,0.0,0.0,0.0,0.0,0.0,0.0,0.0,0.0
2020-09-29,209.3500061035156,210.07000732421875,206.80999755859372,207.25999450683597,24221900,210.3300018310547,1,MSFT,-0.01040874670148162,0.020030474021985212,0.03428312359954222,205.66000061035157,204.66100006103517,-0.24318151283084777,0.02025240709288061,0.0,0.0,0.0,0.0,0.0,0.0,0.0,0.0
2020-09-30,207.72999572753903,211.97999572753903,206.5399932861328,210.3300018310547,33829100,212.4600067138672,1,MSFT,0.014812348767660799,0.012077732741680114,0.038461581925288035,207.60800170898438,205.18899993896486,0.3966327992436596,0.0205020479070326,0.0,0.0,0.0,0.0,0.0,0.0,0.0,0.0
2020-10-01,213.4900054931641,213.9900054931641,211.32000732421875,212.4600067138672,27158400,206.19000244140625,0,MSFT,0.010126966501542656,0.014419424356652444,0.024298566143158284,209.46200256347657,206.1440002441406,-0.1971882196097443,0.019027400177159277,0.0,0.0,0.0,0.0,0.0,0.0,0.0,0.0
2020-10-02,208.0,210.9900054931641,205.5399932861328,206.19000244140625,33154800,210.3800048828125,1,MSFT,-0.029511456623952492,-0.005162559557022606,0.02791767389078803,209.13600158691406,206.7240005493164,0.22079356663131855,0.01794753355828908,0.0,0.0,0.0,0.0,0.0,0.0,0.0,0.0
2020-10-05,207.22000122070312,210.41000366210935,206.97999572753903,210.3800048828125,21331600,205.91000366210935,0,MSFT,0.020321074697096098,0.0002377361827723412,0.03538561127523798,209.32400207519532,207.50800170898438,-0.3566059816376512,0.018752010585333767,0.0,0.0,0.0,0.0,0.0,0.0,0.0,0.0
2020-10-06,208.82000732421875,210.17999267578125,204.82000732421875,205.91000366210935,28554300,209.8300018310547,1,MSFT,-0.021247272159695352,-0.030829345969941246,-0.009190663048768033,209.05400390625,207.35700225830078,0.3385915730653115,0.01922232349589967,0.0,0.0,0.0,0.0,0.0,0.0,0.0,0.0
2020-10-07,207.05999755859372,210.1100006103516,206.72000122070312,209.8300018310547,25681100,210.5800018310547,1,MSFT,0.01903743431221483,0.017653617277990197,0.0018621055438421408,208.95400390625,208.2810028076172,-0.10062232308268804,0.02052090760535486,0.0,0.0,0.0,0.0,0.0,0.0,0.0,0.0
2020-10-08,210.50999450683597,211.19000244140625,208.32000732421875,210.5800018310547,19925800,215.80999755859372,1,MSFT,0.003574322039056499,0.0009506461811976674,0.016018563216304793,208.5780029296875,209.02000274658204,-0.22410644403861202,0.019960966475477827,0.0,0.0,0.0,0.0,0.0,0.0,0.0,0.0
2020-10-09,211.22999572753903,215.8600006103516,211.22999572753903,215.80999755859372,26458000,221.3999938964844,1,MSFT,0.024836146272498194,0.0480792274314652,0.02605427509072511,210.502001953125,209.81900177001953,0.32782623533308586,0.021310028764636946,0.0,0.0,0.0,0.0,0.0,0.0,0.0,0.0
2020-10-12,218.7899932861328,223.8600006103516,216.80999755859372,221.3999938964844,40461400,222.8600006103516,1,MSFT,0.02590239748449541,0.055139836841565426,0.042078447237635874,212.70599975585938,211.01500091552734,0.5292690301610099,0.022859046430456685,0.0,0.0,0.0,0.0,0.0,0.0,0.0,0.0
2020-10-13,222.72000122070312,225.2100067138672,220.42999267578125,222.8600006103516,28950800,220.8600006103516,0,MSFT,0.006594429783723488,0.05831512333801281,0.08084775193541449,216.09599914550782,212.57500152587892,-0.28448348302332593,0.01672750935110596,0.0,0.0,0.0,0.0,0.0,0.0,0.0,0.0
2020-10-14,223.0,224.22000122070312,219.1300048828125,220.8600006103516,23421700,219.66000366210935,0,MSFT,-0.008974243895371825,0.02340022755612492,0.04981459969723234,218.3019989013672,213.62800140380858,-0.1909826326042804,0.017725868379157468,0.0,0.0,0.0,0.0,0.0,0.0,0.0,0.0
2020-10-15,217.1000061035156,220.3600006103516,216.00999450683597,219.66000366210935,22733100,219.66000366210935,0,MSFT,-0.005433292334175666,-0.00785903469892868,0.0667767459349049,220.1179992675781,214.3480010986328,-0.029400086244807166,0.014159350008660814,0.0,0.0,0.0,0.0,0.0,0.0,0.0,0.0
2020-10-16,220.1499938964844,222.2899932861328,219.32000732421875,219.66000366210935,26057900,214.22000122070312,0,MSFT,0.0,-0.014358776538985651,0.04684745625160569,220.88800048828125,215.69500122070312,0.1462537005511786,0.013815442437482199,0.0,0.0,0.0,0.0,0.0,0.0,0.0,0.0
2020-10-19,220.4199981689453,222.3000030517578,213.72000122070312,214.22000122070312,27625800,214.6499938964844,1,MSFT,-0.024765557455667997,-0.030064291276368227,0.017285589125261458,219.452001953125,216.0790008544922,0.06016985252073259,0.01829177324766166,0.0,0.0,0.0,0.0,0.0,0.0,0.0,0.0
2020-10-20,215.8000030517578,217.3699951171875,213.08999633789065,214.6499938964844,22753500,214.8000030517578,1,MSFT,0.002007248031607789,-0.022808020040514743,-0.005375115496187188,217.81000061035155,216.9529998779297,-0.1763677431965771,0.015485079118965427,0.0,0.0,0.0,0.0,0.0,0.0,0.0,0.0
2020-10-21,213.1199951171875,216.9199981689453,213.1199951171875,214.8000030517578,22724900,214.88999938964844,1,MSFT,0.0006988546915391858,-0.02212510484078567,-0.02981025757305311,216.5980010986328,217.45,-0.0012569494802997516,0.010359481051813146,0.0,0.0,0.0,0.0,0.0,0.0,0.0,0.0
2020-10-22,213.92999267578125,216.05999755859372,211.6999969482422,214.88999938964844,22351500,216.22999572753903,1,MSFT,0.0004189773585288048,0.0031276172398815305,-0.03576236740050043,215.6440002441406,217.88099975585936,-0.01643131542933085,0.00950829899841294,0.0,0.0,0.0,0.0,0.0,0.0,0.0,0.0
2020-10-23,215.02999877929688,216.27999877929688,213.16000366210935,216.22999572753903,18879600,210.0800018310547,0,MSFT,0.006235731498425157,0.007360828679159326,-0.020963528343826088,214.95799865722657,217.9229995727539,-0.15533185692235418,0.010201297768203645,0.0,0.0,0.0,0.0,0.0,0.0,0.0,0.0
2020-10-26,213.8500061035156,216.33999633789065,208.1000061035156,210.0800018310547,37111600,213.25,1,MSFT,-0.028441909161546985,-0.021973934607281143,-0.04361286384111618,214.12999877929687,216.79100036621094,0.9656984258141061,0.014090217304735416,0.0,0.0,0.0,0.0,0.0,0.0,0.0,0.0
2020-10-27,211.58999633789065,214.6699981689453,210.3300018310547,213.25,36700300,202.67999267578125,0,MSFT,0.015089480870695171,-0.007631808805931062,-0.0291814784450678,213.85,215.8300003051758,-0.011082788130934773,0.01620393729175207,0.0,0.0,0.0,0.0,0.0,0.0,0.0,0.0
2020-10-28,207.6699981689453,208.83999633789065,202.1000061035156,202.67999267578125,51195600,204.72000122070312,1,MSFT,-0.04956627115694612,-0.06266477047352614,-0.05386989300328038,211.42599792480468,214.01199951171876,0.39496407386315635,0.02282998395651448,0.0,0.0,0.0,0.0,0.0,0.0,0.0,0.0
2020-10-29,204.07000732421875,207.3600006103516,203.3699951171875,204.72000122070312,31432600,202.47000122070312,0,MSFT,0.010065169817650377,-0.025514092553474255,-0.046261322889065815,209.39199829101562,212.51799926757812,-0.38602926814023075,0.02358868456742357,0.0,0.0,0.0,0.0,0.0,0.0,0.0,0.0
2020-10-30,203.5,204.2899932861328,199.6199951171875,202.47000122070312,36953700,202.3300018310547,0,MSFT,-0.01099062127092476,-0.05055099075871927,-0.05740224234579583,206.63999938964844,210.7989990234375,0.17564884864758246,0.02340718540600216,0.0,0.0,0.0,0.0,0.0,0.0,0.0,0.0
2020-11-02,204.2899932861328,205.27999877929688,200.1199951171875,202.3300018310547,30842200,206.42999267578125,1,MSFT,-0.0006914574445813226,-0.0017268149663219878,-0.0584484973440732,205.08999938964843,209.60999908447266,-0.1653826274500253,0.023342950625000494,0.0,0.0,0.0,0.0,0.0,0.0,0.0,0.0
2020-11-03,203.88999938964844,208.1199951171875,203.1199951171875,206.42999267578125,27512000,216.38999938964844,1,MSFT,0.02026387983799882,0.008352830426347158,-0.04532212572443606,203.7259979248047,208.78799896240236,-0.10797543625292616,0.025320137614224036,0.0,0.0,0.0,0.0,0.0,0.0,0.0,0.0
2020-11-04,214.0200042724609,218.32000732421875,212.4199981689453,216.38999938964844,42311800,223.2899932861328,1,MSFT,0.04824883528194657,0.06875091660503219,0.03003616481148086,206.46799926757814,208.9469985961914,0.5379398080837452,0.030264171102429172,0.0,0.0,0.0,0.0,0.0,0.0,0.0,0.0
2020-11-05,222.0399932861328,224.1199951171875,221.1499938964844,223.2899932861328,36080100,223.72000122070312,1,MSFT,0.03188684281134324,0.10359309674983197,0.047080859489485594,210.18199768066407,209.78699798583983,-0.14728042768211236,0.031855675703226345,0.0,0.0,0.0,0.0,0.0,0.0,0.0,0.0
2020-11-06,222.25999450683597,224.3600006103516,218.02999877929688,223.72000122070312,25231900,218.38999938964844,0,MSFT,0.0019257823794158746,0.08375725019802505,0.10380900584784758,214.43199768066407,210.53599853515624,-0.30066989836502667,0.020545680018999393,0.0,0.0,0.0,0.0,0.0,0.0,0.0,0.0
2020-11-09,224.44000244140625,228.1199951171875,217.8800048828125,218.38999938964844,44395000,211.00999450683597,0,MSFT,-0.023824431440962468,0.009242571309400649,0.06677412117738335,217.6439971923828,211.36699829101562,0.7594790721269504,0.02519956157841194,0.0,0.0,0.0,0.0,0.0,0.0,0.0,0.0
2020-11-10,214.5,216.5,209.72000122070312,211.00999450683597,44045100,216.5500030517578,1,MSFT,-0.033792778531242074,-0.054995741629857764,0.04217905484587714,218.55999755859375,211.14299774169922,-0.007881518188985193,0.02941741766303088,0.0,0.0,0.0,0.0,0.0,0.0,0.0,0.0
2020-11-11,212.38999938964844,218.0399932861328,212.1999969482422,216.5500030517578,29440800,215.44000244140625,0,MSFT,0.026254721051814256,-0.032048981449235736,0.07028122914058388,218.5919982910156,212.52999877929688,-0.33157604364617177,0.030106839306184414,0.0,0.0,0.0,0.0,0.0,0.0,0.0,0.0
2020-11-12,217.2100067138672,219.1100006103516,214.4600067138672,215.44000244140625,21593900,216.50999450683597,1,MSFT,-0.005125839735436344,-0.013507930566815207,0.04364680562565404,217.02200012207032,213.60199890136718,-0.2665314801228228,0.030212767818435914,0.0,0.0,0.0,0.0,0.0,0.0,0.0,0.0
2020-11-13,216.3600006103516,217.4199981689453,214.16000366210935,216.50999450683597,18621100,217.22999572753903,1,MSFT,0.004966543136392332,0.026065116075920436,0.0005545317136927963,215.5799987792969,215.00599822998046,-0.1376685082361222,0.024046954939568925,0.0,0.0,0.0,0.0,0.0,0.0,0.0,0.0
2020-11-16,214.8699951171875,217.7400054931641,214.5200042724609,217.22999572753903,24953300,214.4600067138672,0,MSFT,0.0033254872244723455,0.0031401185231971773,-0.027139584131870453,215.347998046875,216.4959976196289,0.340055098785786,0.01985775519845975,0.0,0.0,0.0,0.0,0.0,0.0,0.0,0.0
2020-11-17,216.1000061035156,217.67999267578125,214.0800018310547,214.4600067138672,24154100,211.0800018310547,0,MSFT,-0.012751411260653489,-0.004548810417905558,-0.041390999715312904,216.03800048828126,217.2989990234375,-0.032027827982671675,0.019932942697298027,0.0,0.0,0.0,0.0,0.0,0.0,0.0,0.0
2020-11-18,213.6499938964844,215.1699981689453,210.92999267578125,211.0800018310547,28372800,212.4199981689453,1,MSFT,-0.015760537055853563,-0.025079639802077724,-0.033472217496330336,214.94400024414062,216.76799926757812,0.17465771856537815,0.01892871286684401,0.0,0.0,0.0,0.0,0.0,0.0,0.0,0.0
2020-11-19,211.3800048828125,213.02999877929688,209.92999267578125,212.4199981689453,24792700,210.38999938964844,0,MSFT,0.006348286556123517,-0.022142418879511738,0.006682165294609632,214.33999938964843,215.68099975585938,-0.1261807082839903,0.014113113478656045,0.0,0.0,0.0,0.0,0.0,0.0,0.0,0.0
2020-11-20,212.1999969482422,213.2899932861328,210.0,210.38999938964844,22843100,210.1100006103516,0,MSFT,-0.009556533268032297,-0.018977931534101655,-0.0284461028644597,213.11600036621093,214.3479995727539,-0.07863605012765851,0.009019837911185765,0.0,0.0,0.0,0.0,0.0,0.0,0.0,0.0
2020-11-23,210.9499969482422,212.2899932861328,208.16000366210935,210.1100006103516,25683500,213.8600006103516,1,MSFT,-0.0013308559347361415,-0.004595419804285683,-0.02474007505873599,211.69200134277344,213.5199996948242,0.12434389377974098,0.009060398745024758,0.0,0.0,0.0,0.0,0.0,0.0,0.0,0.0
2020-11-24,209.58999633789065,214.25,208.8600006103516,213.8600006103516,33979700,213.8699951171875,1,MSFT,0.017847793960813707,0.006779034242628157,-0.01223959153719667,211.5720001220703,213.80500030517578,0.323016722798684,0.01192923853362993,0.0,0.0,0.0,0.0,0.0,0.0,0.0,0.0
2020-11-25,215.1100006103516,215.2899932861328,212.4600067138672,213.8699951171875,21012900,215.22999572753903,1,MSFT,4.6733876402305086e-05,0.01654068985044299,-0.015467479981750909,212.12999877929687,213.53699951171876,-0.38160431080910073,0.011762376659672757,0.0,0.0,0.0,0.0,0.0,0.0,0.0,0.0
2020-11-27,214.8500061035156,216.2700042724609,214.0399932861328,215.22999572753903,14512200,214.07000732421875,0,MSFT,0.006359006131768652,0.024368164781849,0.0035903617903880747,212.69199829101564,213.51599884033203,-0.30936710306525994,0.01109461838550988,0.0,0.0,0.0,0.0,0.0,0.0,0.0,0.0
2020-11-30,214.1000061035156,214.75999450683597,210.83999633789065,214.07000732421875,33064800,216.2100067138672,1,MSFT,-0.00538952946311777,0.0009819821998868772,0.014165271305792482,213.4279998779297,213.27200012207032,1.278414024062513,0.009056438596843058,0.0,0.0,0.0,0.0,0.0,0.0,0.0,0.0
2020-12-01,214.50999450683597,217.32000732421875,213.3500061035156,216.2100067138672,30904500,215.3699951171875,0,MSFT,0.009996726848368498,0.010941280451226998,0.017842051490404076,214.64800109863282,213.1700012207031,-0.06533534151121434,0.009442053582637368,0.0,0.0,0.0,0.0,0.0,0.0,0.0,0.0
2020-12-02,214.8800048828125,215.47000122070312,212.8000030517578,215.3699951171875,23724500,214.2400054931641,0,MSFT,-0.003885165212502706,0.0006504641194422511,0.023670306297762567,214.95,213.26100006103516,-0.23232862528110798,0.008415884580886145,0.0,0.0,0.0,0.0,0.0,0.0,0.0,0.0
2020-12-03,214.6100006103516,216.3800048828125,213.6499938964844,214.2400054931641,25120900,214.3600006103516,1,MSFT,-0.005246736544747388,0.0007941241796094456,0.019656393654824633,215.0240020751953,213.5770004272461,0.058858985436995415,0.008897409774455498,0.0,0.0,0.0,0.0,0.0,0.0,0.0,0.0
2020-12-04,214.22000122070312,215.3800048828125,213.17999267578125,214.3600006103516,24666000,214.2899932861328,0,MSFT,0.0005600966864769408,-0.008556523963129559,0.0023379781098522567,214.85000305175782,213.77100067138673,-0.01810842764391407,0.0059372535189666014,0.0,0.0,0.0,0.0,0.0,0.0,0.0,0.0
2020-12-07,214.3699951171875,215.5399932861328,212.9900054931641,214.2899932861328,24620000,216.00999450683597,1,MSFT,-0.0003265876283795599,-0.005014634608070834,0.0019638012742984046,214.8940002441406,214.16100006103517,-0.0018649152679801606,0.005942093077681859,0.0,0.0,0.0,0.0,0.0,0.0,0.0,0.0
2020-12-08,213.97000122070312,216.9499969482422,212.88999938964844,216.00999450683597,23284100,211.8000030517578,0,MSFT,0.00802651208452132,0.008261711017031992,0.003624024507645096,214.85399780273437,214.7509994506836,-0.05426076360682375,0.006251084776444312,0.0,0.0,0.0,0.0,0.0,0.0,0.0,0.0
2020-12-09,215.16000366210935,215.22999572753903,211.2100067138672,211.8000030517578,32440600,210.5200042724609,0,MSFT,-0.019489799371042116,-0.011942515167496892,-0.01060402763018975,214.13999938964844,214.5449996948242,0.39325118857933106,0.009763088475919189,0.0,0.0,0.0,0.0,0.0,0.0,0.0,0.0
2020-12-10,211.7700042724609,213.0800018310547,210.3600006103516,210.5200042724609,26733300,213.25999450683597,1,MSFT,-0.006043431354361695,-0.017592930756397895,-0.026317017088558936,213.3959991455078,214.21000061035156,-0.17593077809904867,0.008408716579154634,0.0,0.0,0.0,0.0,0.0,0.0,0.0,0.0
2020-12-11,210.0500030517578,213.32000732421875,209.1100006103516,213.25999450683597,30979400,214.1999969482422,1,MSFT,0.013015343809460012,-0.012730892412077588,-0.009797096430277707,213.17599792480468,214.01300048828125,0.15883186886766687,0.01052966185553945,0.0,0.0,0.0,0.0,0.0,0.0,0.0,0.0
2020-12-14,213.1000061035156,216.2100067138672,212.8800048828125,214.1999969482422,28798400,214.1300048828125,0,MSFT,0.0044077767308396965,0.011331415778581766,-0.00018674637740889732,213.15799865722656,214.0259994506836,-0.07040162172282227,0.01056760037248426,0.0,0.0,0.0,0.0,0.0,0.0,0.0,0.0
2020-12-15,215.1699981689453,215.4199981689453,212.2400054931641,214.1300048828125,27000600,219.27999877929688,1,MSFT,-0.0003267603474644831,0.017148016991674675,-0.0010729414390940883,212.78200073242186,213.81799926757813,-0.062427079282182385,0.010565381804706269,0.0,0.0,0.0,0.0,0.0,0.0,0.0,0.0
2020-12-16,214.75,220.1100006103516,214.72000122070312,219.27999877929688,35023300,219.4199981689453,1,MSFT,0.024050781203236005,0.028228474292059325,0.023286227306475782,214.2779998779297,214.20899963378906,0.2971304341385006,0.013954307845737037,0.0,0.0,0.0,0.0,0.0,0.0,0.0,0.0
2020-12-17,219.8699951171875,220.88999938964844,217.9199981689453,219.4199981689453,32515800,218.58999633789065,0,MSFT,0.0006384503394190055,0.024369753945255423,0.015786323544401792,216.05799865722656,214.72699890136718,-0.0715951951986249,0.01382282715280326,0.0,0.0,0.0,0.0,0.0,0.0,0.0,0.0
2020-12-18,218.58999633789065,219.69000244140625,216.0200042724609,218.58999633789065,63354900,222.58999633789065,1,MSFT,-0.003782708221588771,0.02082842830699505,0.032058513636912256,217.1239990234375,215.1499984741211,0.9484342996327939,0.010588506786528621,0.0,0.0,0.0,0.0,0.0,0.0,0.0,0.0
2020-12-21,217.5500030517578,224.0,217.27999877929688,222.58999633789065,37181900,223.94000244140625,1,MSFT,0.018299099075956393,0.015094844842302502,0.05733418117267575,218.8019989013672,215.97999877929686,-0.41311721745279373,0.010520640801434543,0.0,0.0,0.0,0.0,0.0,0.0,0.0,0.0
2020-12-22,222.69000244140625,225.6300048828125,221.8500061035156,223.94000244140625,22612200,221.0200042724609,0,MSFT,0.0060649900073059815,0.02059978265509188,0.050079753398042604,220.76399841308594,216.77299957275392,-0.39184925998940345,0.010298806640738293,0.0,0.0,0.0,0.0,0.0,0.0,0.0,0.0
2020-12-23,223.1100006103516,223.55999755859372,220.8000030517578,221.0200042724609,18699600,222.75,1,MSFT,-0.013039198611732417,0.011116738987515307,0.03183943707462644,221.11199951171875,217.69499969482422,-0.17303048796667286,0.012842052712916326,0.0,0.0,0.0,0.0,0.0,0.0,0.0,0.0
2020-12-24,221.4199981689453,223.6100006103516,221.1999969482422,222.75,10550600,224.9600067138672,1,MSFT,0.007827326459583395,0.0007188268329294534,0.04025589558037401,221.7779998779297,218.91799926757812,-0.4357847226678645,0.012694107615195967,0.0,0.0,0.0,0.0,0.0,0.0,0.0,0.0
2020-12-28,224.4499969482422,226.02999877929688,223.0200042724609,224.9600067138672,17933500,224.1499938964844,0,MSFT,0.009921466728921136,0.004554810490938532,0.025902991454716195,223.052001953125,220.08800048828124,0.6997611510245862,0.010165570968120204,0.0,0.0,0.0,0.0,0.0,0.0,0.0,0.0
2020-12-29,226.30999755859372,227.17999267578125,223.5800018310547,224.1499938964844,17403200,221.67999267578125,0,MSFT,-0.003600696982611007,0.014161567113920803,0.021556812355349564,223.36400146484374,221.08300018310547,-0.02957035715281453,0.010499432787040288,0.0,0.0,0.0,0.0,0.0,0.0,0.0,0.0
2020-12-30,225.22999572753903,225.6300048828125,221.47000122070312,221.67999267578125,20272300,222.4199981689453,1,MSFT,-0.011019412393309391,-0.004803624351150337,0.014136037282850511,222.91199951171876,221.83799896240234,0.16486048542796716,0.011589601330109181,0.0,0.0,0.0,0.0,0.0,0.0,0.0,0.0
2020-12-31,221.6999969482422,223.0,219.67999267578125,222.4199981689453,20942100,217.69000244140625,0,MSFT,0.003338169963972959,-0.011290933806525794,-0.0007637278033253425,223.19199829101564,222.1519989013672,0.03304015824548778,0.009237662222685943,0.0,0.0,0.0,0.0,0.0,0.0,0.0,0.0
2021-01-04,222.52999877929688,223.0,214.80999755859372,217.69000244140625,37130100,217.8999938964844,1,MSFT,-0.0212660541609494,-0.028819949279416335,-0.027909261105037775,222.17999877929688,221.97899932861327,0.7729883822539287,0.011667570625931665,0.0,0.0,0.0,0.0,0.0,0.0,0.0,0.0
2021-01-05,217.25999450683597,218.5200042724609,215.6999969482422,217.8999938964844,23823000,212.25,0,MSFT,0.0009646352736600861,-0.01705160097521874,-0.014116416232307749,220.76799621582032,221.90999908447264,-0.3583911705058699,0.01103835584866694,0.0,0.0,0.0,0.0,0.0,0.0,0.0,0.0
2021-01-06,212.1699981689453,216.4900054931641,211.94000244140625,212.25,35930700,218.2899932861328,1,MSFT,-0.025929298094283015,-0.04572429751222462,-0.047138047138047146,218.38799743652345,220.8759994506836,0.5082357385719682,0.013202999904934965,0.0,0.0,0.0,0.0,0.0,0.0,0.0,0.0
2021-01-07,214.0399932861328,219.33999633789065,213.7100067138672,218.2899932861328,27694500,219.6199951171875,1,MSFT,0.028456976613111085,0.002756170876005548,-0.029649774309520538,217.70999755859376,220.31099853515624,-0.22922459067037382,0.01807500483441977,0.0,0.0,0.0,0.0,0.0,0.0,0.0,0.0
2021-01-08,218.67999267578125,220.5800018310547,217.02999877929688,219.6199951171875,22956200,217.4900054931641,0,MSFT,0.006092820889463946,0.007893534965036197,-0.020209676121556885,217.14999694824218,220.1709976196289,-0.17109173301558067,0.018490721571108735,0.0,0.0,0.0,0.0,0.0,0.0,0.0,0.0
2021-01-11,218.47000122070312,218.91000366210935,216.72999572753903,217.4900054931641,23031300,214.92999267578125,0,MSFT,-0.009698523228209965,0.024687893960726015,-0.018901061534882135,217.10999755859376,219.6449981689453,0.003271447364981972,0.01839896998412326,0.0,0.0,0.0,0.0,0.0,0.0,0.0,0.0
2021-01-12,216.5,217.1000061035156,213.32000732421875,214.92999267578125,23249300,216.33999633789065,1,MSFT,-0.01177071475803193,-0.015392371220366963,-0.033675054198475496,216.51599731445313,218.64199676513672,0.00946537972237782,0.018475419361624758,0.0,0.0,0.0,0.0,0.0,0.0,0.0,0.0
2021-01-13,214.0200042724609,216.75999450683597,213.92999267578125,216.33999633789065,20087100,213.0200042724609,0,MSFT,0.00656029270068581,-0.014934882306807507,-0.006201507135721429,217.33399658203126,217.86099700927736,-0.13601269715647357,0.017280916883822574,0.0,0.0,0.0,0.0,0.0,0.0,0.0,0.0
2021-01-14,215.91000366210935,217.4600067138672,212.7400054931641,213.0200042724609,29480800,212.6499938964844,0,MSFT,-0.015346177875700917,-0.02055267418181972,-0.022395547318563858,216.27999877929688,216.9949981689453,0.4676483912560798,0.01809023171308829,0.0,0.0,0.0,0.0,0.0,0.0,0.0,0.0
2021-01-15,213.5200042724609,214.50999450683597,212.02999877929688,212.6499938964844,31746500,216.44000244140625,1,MSFT,-0.0017369747843176686,-0.010608099646363445,0.0018845413261927568,214.88599853515626,216.01799774169922,0.07685340967680654,0.01505632875498042,0.0,0.0,0.0,0.0,0.0,0.0,0.0,0.0
2021-01-19,213.75,216.97999572753903,212.6300048828125,216.44000244140625,30480900,224.33999633789065,1,MSFT,0.017822754073375524,0.0004622635906834649,-0.008474922816556263,214.67599792480468,215.89299774169922,-0.0398658119792733,0.011969580900704529,0.0,0.0,0.0,0.0,0.0,0.0,0.0,0.0
2021-01-20,217.6999969482422,225.7899932861328,217.2899932861328,224.33999633789065,37777300,224.97000122070312,1,MSFT,0.03649969417563215,0.05314051186925628,0.021491673461629057,216.55799865722656,216.53699798583983,0.23937613390680723,0.0186762508664392,0.0,0.0,0.0,0.0,0.0,0.0,0.0,0.0
2021-01-21,224.6999969482422,226.3000030517578,222.4199981689453,224.97000122070312,30709400,225.9499969482422,1,MSFT,0.002808259307732097,0.057935610993790965,0.034392365343768105,218.28399963378905,217.80899810791016,-0.18709383677499447,0.01781618582104773,0.0,0.0,0.0,0.0,0.0,0.0,0.0,0.0
2021-01-22,227.0800018310547,230.07000732421875,225.8000030517578,225.9499969482422,30172700,229.52999877929688,1,MSFT,0.004356117358854661,0.04393824801129553,0.05127252895357626,220.8699981689453,218.5749984741211,-0.01747673350830692,0.016264754745368638,0.0,0.0,0.0,0.0,0.0,0.0,0.0,0.0
2021-01-25,229.1199951171875,229.77999877929688,224.22000122070312,229.52999877929688,33152100,232.3300018310547,1,MSFT,0.015844221639333522,0.02313453920891262,0.060968857653142416,224.24599914550782,219.56599884033204,0.09874489190559688,0.01657185279284758,0.0,0.0,0.0,0.0,0.0,0.0,0.0,0.0
2021-01-26,231.8600006103516,234.17999267578125,230.0800018310547,232.3300018310547,49169600,232.8999938964844,1,MSFT,0.012198854470653053,0.03271547570971989,0.09064875209511092,227.4239990234375,221.04999847412108,0.48315189686324556,0.012770561157153422,0.0,0.0,0.0,0.0,0.0,0.0,0.0,0.0
2021-01-27,238.0,240.44000244140625,230.13999938964844,232.8999938964844,69870600,238.92999267578125,1,MSFT,0.00245337262057177,0.030759004390844114,0.09522690139298784,229.13599853515626,222.8469985961914,0.4210121701213758,0.012068606177974651,0.0,0.0,0.0,0.0,0.0,0.0,0.0,0.0
2021-01-28,235.6100006103516,242.63999938964844,235.08999633789065,238.92999267578125,49111200,231.9600067138672,0,MSFT,0.02589093575492729,0.0409532259246117,0.10390865819946282,231.92799682617186,225.10599822998046,-0.29711209006363193,0.012943845357958849,0.0,0.0,0.0,0.0,0.0,0.0,0.0,0.0
2021-01-29,235.9900054931641,238.0200042724609,231.3500061035156,231.9600067138672,42503100,239.6499938964844,1,MSFT,-0.02917166607614663,-0.001592541274357484,0.033966347955625364,233.12999877929687,226.9999984741211,-0.1345538288618482,0.01724917067316176,0.0,0.0,0.0,0.0,0.0,0.0,0.0,0.0
2021-02-01,235.05999755859372,242.5,232.42999267578125,239.6499938964844,33314200,239.50999450683597,0,MSFT,0.03315221141592373,0.02898239663758906,0.06525311195326755,235.15399780273438,229.6999984741211,-0.21619364234608773,0.020193994627011668,0.0,0.0,0.0,0.0,0.0,0.0,0.0,0.0
2021-02-02,241.3000030517578,242.30999755859372,238.69000244140625,239.50999450683597,25916300,243.0,1,MSFT,-0.000584182738218253,0.00242749696075939,0.06001326727921996,236.58999633789068,232.00699768066406,-0.22206446500291166,0.02047772078738685,0.0,0.0,0.0,0.0,0.0,0.0,0.0,0.0
2021-02-03,239.57000732421875,245.08999633789065,239.25999450683597,243.0,27158100,242.00999450683597,0,MSFT,0.01457143991151666,0.04759438250814996,0.058685144827866687,238.60999755859376,233.872998046875,0.047915790448482154,0.0204075919018766,0.0,0.0,0.0,0.0,0.0,0.0,0.0,0.0
2021-02-04,242.66000366210935,243.2400054931641,240.3699951171875,242.00999450683597,25296100,242.1999969482422,1,MSFT,-0.004074096679687389,0.009847697352210139,0.041664841387210716,239.2259979248047,235.57699737548828,-0.06856149730651262,0.02081993013818965,0.0,0.0,0.0,0.0,0.0,0.0,0.0,0.0
2021-02-05,242.22999572753903,243.27999877929688,240.4199981689453,242.1999969482422,18054800,242.47000122070312,1,MSFT,0.0007851016310025383,0.011231274281247039,0.03993131513730863,241.27399597167968,237.20199737548828,-0.2862615185740094,0.02087721806362613,0.0,0.0,0.0,0.0,0.0,0.0,0.0,0.0
2021-02-08,243.1499938964844,243.67999267578125,240.80999755859372,242.47000122070312,22211900,243.7700042724609,1,MSFT,0.0011147988268498388,-0.002181064935378063,0.014816091128942332,241.83799743652344,238.4959976196289,0.23024901965128386,0.018910080110825362,0.0,0.0,0.0,0.0,0.0,0.0,0.0,0.0
2021-02-09,241.8699951171875,244.75999450683597,241.3800048828125,243.7700042724609,23565000,242.82000732421875,0,MSFT,0.005361500578269451,0.007272467276450589,0.05091393868237759,242.68999938964845,239.63999786376954,0.06091779631638894,0.012891302423779194,0.0,0.0,0.0,0.0,0.0,0.0,0.0,0.0
2021-02-10,245.0,245.9199981689453,240.88999938964844,242.82000732421875,22186700,244.4900054931641,1,MSFT,-0.003897103546752878,0.0025599107505729357,0.013227679985268859,242.65400085449218,240.63199920654296,-0.058489284956503296,0.006453348573869054,0.0,0.0,0.0,0.0,0.0,0.0,0.0,0.0
2021-02-11,244.77999877929688,245.1499938964844,242.1499938964844,244.4900054931641,15751100,244.9900054931641,1,MSFT,0.006877514696371545,0.00833094511606114,0.02079249760153945,243.1500030517578,241.18800048828126,-0.2900656699734525,0.0065900549600496185,0.0,0.0,0.0,0.0,0.0,0.0,0.0,0.0
2021-02-12,243.92999267578125,245.3000030517578,242.72999572753903,244.9900054931641,16561100,243.6999969482422,0,MSFT,0.0020450733721872894,0.0050047224815223945,0.008189323017136152,243.7080047607422,242.49100036621093,0.051424979842677576,0.004168080345247214,0.0,0.0,0.0,0.0,0.0,0.0,0.0,0.0
2021-02-16,245.02999877929688,246.1300048828125,242.9199981689453,243.6999969482422,26728500,244.1999969482422,1,MSFT,-0.005265555802266841,0.0036240408429295545,0.006983192759663082,243.95400390625,242.89600067138673,0.613932649401308,0.004433925130890989,0.0,0.0,0.0,0.0,0.0,0.0,0.0,0.0
2021-02-17,241.32000732421875,244.30999755859372,240.94000244140625,244.1999969482422,21653500,243.7899932861328,0,MSFT,0.002051702939110722,-0.0011861775058531476,0.008257638419489233,244.04000244140624,243.36500091552733,-0.18987223375797369,0.004449366032053303,0.0,0.0,0.0,0.0,0.0,0.0,0.0,0.0
2021-02-18,241.8000030517578,243.92999267578125,240.8600006103516,243.7899932861328,16925600,240.97000122070312,0,MSFT,-0.0016789666962865324,-0.00489820882535863,0.0054439396988668065,244.23399963378907,243.44400024414062,-0.21834345486872797,0.004579990266136822,0.0,0.0,0.0,0.0,0.0,0.0,0.0,0.0
2021-02-19,243.75,243.8600006103516,240.17999267578125,240.97000122070312,25262600,234.50999450683597,0,MSFT,-0.011567300312117057,-0.011202280515903662,-0.011486249344395238,243.52999877929688,243.34000091552736,0.49256747175875604,0.006007608788658113,0.0,0.0,0.0,0.0,0.0,0.0,0.0,0.0
2021-02-22,237.4199981689453,237.92999267578125,232.3999938964844,234.50999450683597,36446900,233.2700042724609,0,MSFT,-0.026808344113964933,-0.039680600174045066,-0.03422293289978806,241.43399658203126,242.5710006713867,0.4427216517698098,0.01132995212935538,0.0,0.0,0.0,0.0,0.0,0.0,0.0,0.0
2021-02-23,230.3300018310547,234.8300018310547,228.72999572753903,233.2700042724609,30228700,234.5500030517578,1,MSFT,-0.0052875794781485075,-0.043151849146345955,-0.0458914514647385,239.347998046875,241.6510009765625,-0.1706098461048814,0.010085851845261099,0.0,0.0,0.0,0.0,0.0,0.0,0.0,0.0
2021-02-24,230.00999450683597,235.1999969482422,229.0,234.5500030517578,26339700,228.9900054931641,0,MSFT,0.005487198336061594,-0.026642312887176667,-0.04261399325409454,237.41799926757812,240.7290008544922,-0.1286525718935978,0.010648338987694411,0.0,0.0,0.0,0.0,0.0,0.0,0.0,0.0
2021-02-25,232.0800018310547,234.58999633789065,227.8800048828125,228.9900054931641,39542200,232.3800048828125,1,MSFT,-0.023704956240681918,-0.023538395560838143,-0.060361065405356795,234.45800170898437,239.34600067138672,0.5012395737233151,0.012510293313854627,0.0,0.0,0.0,0.0,0.0,0.0,0.0,0.0
2021-02-26,231.52999877929688,235.3699951171875,229.5399932861328,232.3800048828125,37819200,236.94000244140625,1,MSFT,0.01480413689823501,-0.0038153186151138607,-0.0484029165157398,232.74000244140626,238.13500061035157,-0.043573701008037036,0.01502705372000665,0.0,0.0,0.0,0.0,0.0,0.0,0.0,0.0
2021-03-01,235.8999938964844,237.47000122070312,233.1499938964844,236.94000244140625,25324000,233.8699951171875,0,MSFT,0.01962302032351415,0.010189722270526058,-0.028097916376275678,233.22600402832032,237.3300003051758,-0.33039302788001856,0.01811553075488099,0.0,0.0,0.0,0.0,0.0,0.0,0.0,0.0
2021-03-02,237.00999450683597,237.3000030517578,233.4499969482422,233.8699951171875,22812500,227.55999755859372,0,MSFT,-0.012956897495508102,0.021310928455211986,-0.029464273841343314,233.34600219726562,236.3470001220703,-0.09917469594060968,0.01822058221896669,0.0,0.0,0.0,0.0,0.0,0.0,0.0,0.0
2021-03-03,232.16000366210935,233.5800018310547,227.25999450683597,227.55999755859372,34029500,226.72999572753903,0,MSFT,-0.026980791424021544,-0.020741919368878037,-0.029636250526796415,231.9480010986328,234.68300018310546,0.4917041095890411,0.018256451404907063,0.0,0.0,0.0,0.0,0.0,0.0,0.0,0.0
2021-03-04,226.7400054931641,232.4900054931641,224.25999450683597,226.72999572753903,44727800,231.6000061035156,1,MSFT,-0.0036473977850214334,-0.04309110580174014,-0.028036217366734784,231.49599914550782,232.97700042724608,0.31438310877327025,0.018249869045456835,0.0,0.0,0.0,0.0,0.0,0.0,0.0,0.0
2021-03-05,229.5200042724609,233.2700042724609,226.4600067138672,231.6000061035156,41872800,227.38999938964844,0,MSFT,0.02147933871894403,-0.009706200286763833,-0.012577262459430694,231.33999938964843,232.04000091552734,-0.06383054833906432,0.020486369387439432,0.0,0.0,0.0,0.0,0.0,0.0,0.0,0.0
2021-03-08,231.3699951171875,233.3699951171875,227.1300048828125,227.38999938964844,35267400,233.77999877929688,1,MSFT,-0.0181779214288339,-0.0007470476831127337,-0.0069872311678834675,229.42999877929688,231.3280014038086,-0.15774918324067178,0.019580058754924714,0.0,0.0,0.0,0.0,0.0,0.0,0.0,0.0
2021-03-09,232.8800048828125,235.3800048828125,231.6699981689453,233.77999877929688,33080500,232.4199981689453,0,MSFT,0.02810149701746001,0.031094267122157904,0.00602458846315268,229.41199951171876,231.37900085449218,-0.06200910756109046,0.021862426786605358,0.0,0.0,0.0,0.0,0.0,0.0,0.0,0.0
2021-03-10,237.0,237.0,232.0399932861328,232.4199981689453,29746800,237.1300048828125,1,MSFT,-0.005817437836653783,0.0035405528662344476,-0.019076577301794795,230.38399963378907,231.16600036621094,-0.10077538126690955,0.0203232200379467,0.0,0.0,0.0,0.0,0.0,0.0,0.0,0.0
2021-03-11,234.9600067138672,239.1699981689453,234.30999755859372,237.1300048828125,29907600,235.75,0,MSFT,0.020265066478674987,0.042833921981212164,0.013939410072640879,232.46400146484376,231.9800003051758,0.005405623462019449,0.021347022462019204,0.0,0.0,0.0,0.0,0.0,0.0,0.0,0.0
2021-03-12,234.00999450683597,235.82000732421875,233.22999572753903,235.75,22653700,234.80999755859372,0,MSFT,-0.005819613099972254,0.008426731247282326,0.03599051911264617,233.29400024414062,232.31699981689454,-0.24254370126656766,0.017720379469641917,0.0,0.0,0.0,0.0,0.0,0.0,0.0,0.0
2021-03-15,234.9600067138672,235.19000244140625,231.80999755859372,234.80999755859372,26034900,237.7100067138672,1,MSFT,-0.0039872850112673275,0.010283105621191613,0.035637110145604334,234.7779998779297,232.10399932861327,0.14925597143071556,0.017749097381070993,0.0,0.0,0.0,0.0,0.0,0.0,0.0,0.0
2021-03-16,236.27999877929688,240.05999755859372,235.94000244140625,237.7100067138672,28092200,237.0399932861328,0,MSFT,0.012350450089118503,0.0024459234137885755,0.026381694513516907,235.56400146484376,232.48800048828124,0.079020852778386,0.01665062621449925,0.0,0.0,0.0,0.0,0.0,0.0,0.0,0.0
2021-03-17,236.1499938964844,238.5500030517578,233.22999572753903,237.0399932861328,29562100,230.72000122070312,0,MSFT,-0.0028186168390499367,0.00547186971848479,0.04243807521169152,236.48800048828124,233.43600006103514,0.052324132677397994,0.014078084233964777,0.0,0.0,0.0,0.0,0.0,0.0,0.0,0.0
2021-03-18,232.55999755859372,234.19000244140625,230.3300018310547,230.72000122070312,34833000,230.3500061035156,0,MSFT,-0.026662134004538096,-0.017418322815961007,-0.013089218815004688,235.20599975585938,233.83500061035156,0.1782992412582327,0.0149629835138678,0.0,0.0,0.0,0.0,0.0,0.0,0.0,0.0
2021-03-19,231.0200042724609,232.47000122070312,229.3500061035156,230.3500061035156,46430700,235.9900054931641,1,MSFT,-0.0016036542789092945,-0.030962098365555413,-0.008906256267694479,234.1260009765625,233.71000061035156,0.33295151149771773,0.014858075697841016,0.0,0.0,0.0,0.0,0.0,0.0,0.0,0.0
2021-03-22,230.2700042724609,236.8999938964844,230.13999938964844,235.9900054931641,30127000,237.5800018310547,1,MSFT,0.024484476840491043,-0.004429580757291385,-0.004807486889783497,234.36200256347655,234.57000122070312,-0.3511405169424541,0.015920765586541968,0.0,0.0,0.0,0.0,0.0,0.0,0.0,0.0
2021-03-23,237.4900054931641,241.0500030517578,237.07000732421875,237.5800018310547,31638400,235.4600067138672,0,MSFT,0.006737557951099982,0.02973301219684621,0.007762468000231948,234.33600158691405,234.95000152587892,0.05016762372622563,0.01593935742801479,0.0,0.0,0.0,0.0,0.0,0.0,0.0,0.0
2021-03-24,237.8500061035156,238.0,235.32000732421875,235.4600067138672,25620100,232.33999633789065,0,MSFT,-0.008923289421872482,0.022183635662919032,0.0027682345812862774,234.02000427246094,235.2540023803711,-0.19022137655507232,0.016312639845605287,0.0,0.0,0.0,0.0,0.0,0.0,0.0,0.0
2021-03-25,235.3000030517578,236.94000244140625,231.57000732421875,232.33999633789065,34061900,236.47999572753903,1,MSFT,-0.013250701974913293,-0.015466795501130504,-0.02259059452402623,234.34400329589843,234.7750015258789,0.329499104218953,0.016083659318196174,0.0,0.0,0.0,0.0,0.0,0.0,0.0,0.0
2021-03-26,231.5500030517578,236.7100067138672,231.5500030517578,236.47999572753903,25479900,235.2400054931641,0,MSFT,0.017818711607568538,-0.004630045016574602,-0.0023624602364791247,235.57000122070312,234.8480010986328,-0.2519530619254945,0.017938591810495324,0.0,0.0,0.0,0.0,0.0,0.0,0.0,0.0
2021-03-29,236.58999633789065,236.8000030517578,231.8800048828125,235.2400054931641,25227500,231.8500061035156,0,MSFT,-0.005243531194087159,-0.0009343464470823459,0.01959086446145264,235.4200012207031,234.89100189208983,-0.009905847354188979,0.014085504145990324,0.0,0.0,0.0,0.0,0.0,0.0,0.0,0.0
2021-03-30,233.52999877929688,233.8500061035156,231.1000061035156,231.8500061035156,24792000,235.7700042724609,1,MSFT,-0.01441081155623003,-0.002108936223199631,0.0065118296516386565,234.2740020751953,234.30500183105468,-0.017262907541373496,0.015520587470663852,0.0,0.0,0.0,0.0,0.0,0.0,0.0,0.0
2021-03-31,232.91000366210935,239.1000061035156,232.38999938964844,235.7700042724609,43623500,242.3500061035156,1,MSFT,0.01690747494393041,-0.003002331985391904,-0.0009322480426382507,234.33600158691405,234.1780029296875,0.759579703130042,0.013778710608108912,0.0,0.0,0.0,0.0,0.0,0.0,0.0,0.0
2021-04-01,238.47000122070312,242.83999633789065,238.0500030517578,242.3500061035156,30338000,249.07000732421875,1,MSFT,0.027908562208153853,0.030224453512683214,0.020077465425111463,236.33800354003907,235.34100341796875,-0.3045491535525576,0.017372322343298618,0.0,0.0,0.0,0.0,0.0,0.0,0.0,0.0
2021-04-05,242.75999450683597,249.9600067138672,242.6999969482422,249.07000732421875,36910600,247.8600006103516,0,MSFT,0.027728496189238117,0.0742721620331328,0.05780175071043181,238.856005859375,237.21300354003907,0.21664579075746593,0.018664756370111252,0.0,0.0,0.0,0.0,0.0,0.0,0.0,0.0
2021-04-06,247.6100006103516,249.3999938964844,246.8800048828125,247.8600006103516,22931900,249.8999938964844,1,MSFT,-0.004858098840829439,0.0512787721881669,0.06679867658209959,241.3800048828125,238.4000030517578,-0.3787177667120014,0.017274346583778216,0.0,0.0,0.0,0.0,0.0,0.0,0.0,0.0
2021-04-07,247.80999755859372,250.92999267578125,247.19000244140625,249.8999938964844,22719800,253.25,1,MSFT,0.008230425567293365,0.03115323954126059,0.05674897839734094,244.99000244140626,239.6320022583008,-0.009249124581914292,0.016871658043164317,0.0,0.0,0.0,0.0,0.0,0.0,0.0,0.0
2021-04-08,252.7700042724609,254.13999938964844,252.0,253.25,23625200,255.8500061035156,1,MSFT,0.013405386896100824,0.016782400742214154,0.07656008368593259,248.48600158691406,241.41100158691407,0.03985070291111725,0.01586748370582058,0.0,0.0,0.0,0.0,0.0,0.0,0.0,0.0
2021-04-09,252.8699951171875,255.9900054931641,252.44000244140625,255.8500061035156,24326800,255.91000366210935,1,MSFT,0.010266559145175158,0.03223596172633236,0.10351520107049117,251.18600158691407,243.76200256347656,0.029697103093307087,0.011497974693190905,0.0,0.0,0.0,0.0,0.0,0.0,0.0,0.0
2021-04-12,254.7100067138672,257.6700134277344,254.6199951171875,255.91000366210935,27148700,258.489990234375,1,MSFT,0.0002345028616863587,0.024049659513454946,0.08542222939595923,252.5540008544922,245.7050033569336,0.11599963825903936,0.01253070939546779,0.0,0.0,0.0,0.0,0.0,0.0,0.0,0.0
2021-04-13,257.260009765625,259.19000244140625,256.8299865722656,258.489990234375,23837500,255.58999633789065,0,MSFT,0.010081616722072972,0.020690978220631706,0.06659782844802353,254.67999877929688,248.03000183105468,-0.12196532430650453,0.01034237084058879,0.0,0.0,0.0,0.0,0.0,0.0,0.0,0.0
2021-04-14,257.4800109863281,258.8299865722656,255.16000366210935,255.58999633789065,23070900,259.5,1,MSFT,-0.011218979481003921,-0.0010162585867585783,0.02617733497387631,255.81799926757813,250.40400085449218,-0.03215941269008915,0.00918678734940251,0.0,0.0,0.0,0.0,0.0,0.0,0.0,0.0
2021-04-15,257.92999267578125,259.92999267578125,257.7300109863281,259.5,25627500,260.739990234375,1,MSFT,0.015297952651246671,0.014028354837705814,0.04696199209628449,257.0679992675781,252.7770004272461,0.1108149226948234,0.009203491150491943,0.0,0.0,0.0,0.0,0.0,0.0,0.0,0.0
2021-04-16,259.4700012207031,261.0,257.6000061035156,260.739990234375,24878600,258.739990234375,0,MSFT,0.004778382406069426,0.008704398951618675,0.04337733734551752,258.04599609375,254.61599884033203,-0.02922251487659744,0.00919491939849645,0.0,0.0,0.0,0.0,0.0,0.0,0.0,0.0
2021-04-19,260.19000244140625,261.4800109863281,257.82000732421875,258.739990234375,23209300,258.260009765625,0,MSFT,-0.007670476623866662,0.012324402134737955,0.021678145051826192,258.61199340820315,255.58299713134767,-0.06709782704814582,0.009840022706351346,0.0,0.0,0.0,0.0,0.0,0.0,0.0,0.0
2021-04-20,257.82000732421875,260.20001220703125,256.8399963378906,258.260009765625,19722900,260.5799865722656,1,MSFT,-0.0018550687441675207,-0.004778382406069315,0.009419595874992304,258.5659973144531,256.622998046875,-0.15021564631419304,0.009428677587556417,0.0,0.0,0.0,0.0,0.0,0.0,0.0,0.0
2021-04-21,258.94000244140625,260.67999267578125,257.25,260.5799865722656,24030400,257.1700134277344,0,MSFT,0.008983105083694598,-0.0006136521749715573,0.018248535982682057,259.5639953613281,257.6909973144531,0.2184009450942812,0.009823364786617193,0.0,0.0,0.0,0.0,0.0,0.0,0.0,0.0
2021-04-22,260.2099914550781,261.7799987792969,255.63999938964844,257.1700134277344,25606200,261.1499938964844,1,MSFT,-0.013086089954132296,-0.006067777946572872,-0.005106490991948265,259.097998046875,258.08299865722654,0.0655752713229909,0.010752466367220704,0.0,0.0,0.0,0.0,0.0,0.0,0.0,0.0
2021-04-23,257.8800048828125,261.510009765625,257.2699890136719,261.1499938964844,21462600,261.54998779296875,1,MSFT,0.01547606742987706,0.011190211498412372,0.02175358049320275,259.17999877929685,258.6129974365234,-0.16182018417414534,0.0111199760789567,0.0,0.0,0.0,0.0,0.0,0.0,0.0,0.0
2021-04-26,261.6600036621094,262.44000244140625,260.1700134277344,261.54998779296875,19763300,261.9700012207031,1,MSFT,0.0015316634341677737,0.003722470146164225,0.007899760281189883,259.74199829101565,259.1769958496094,-0.07917493686692201,0.00974166668565704,0.0,0.0,0.0,0.0,0.0,0.0,0.0,0.0
2021-04-27,261.5799865722656,263.19000244140625,260.1199951171875,261.9700012207031,31014200,254.55999755859372,0,MSFT,0.001605862922336776,0.01866464806293422,0.004717385258864448,260.48399658203124,259.5249969482422,0.5692824578891178,0.009618582258285317,0.0,0.0,0.0,0.0,0.0,0.0,0.0,0.0
2021-04-28,256.0799865722656,256.5400085449219,252.9499969482422,254.55999755859372,46903100,252.50999450683597,0,MSFT,-0.02828569541390602,-0.025234526103427024,-0.016155186030558766,259.2799987792969,259.4219970703125,0.5123104900335975,0.014520083640759464,0.0,0.0,0.0,0.0,0.0,0.0,0.0,0.0
2021-04-29,255.4600067138672,256.1000061035156,249.0,252.50999450683597,40589000,252.17999267578125,0,MSFT,-0.00805312331638397,-0.03456315697972212,-0.0222644429697314,258.3479949951172,258.7229965209961,-0.13462009973754396,0.01468128905571434,0.0,0.0,0.0,0.0,0.0,0.0,0.0,0.0
2021-04-30,249.7400054931641,253.0800018310547,249.6000061035156,252.17999267578125,30945100,251.8600006103516,0,MSFT,-0.0013068862153327032,-0.03737072374433448,-0.03223575995601191,256.5539947509766,257.8669967651367,-0.2375988568331321,0.013753497177392032,0.0,0.0,0.0,0.0,0.0,0.0,0.0,0.0
2021-05-03,253.3999938964844,254.3500061035156,251.1199951171875,251.8600006103516,19626600,247.7899932861328,0,MSFT,-0.0012689034607160643,-0.010606524882687651,-0.02064786926985529,254.61599731445312,257.1789978027344,-0.36576065354450304,0.013252729244208434,0.0,0.0,0.0,0.0,0.0,0.0,0.0,0.0
2021-05-04,250.97000122070312,251.2100067138672,245.75999450683597,247.7899932861328,32756100,246.47000122070312,0,MSFT,-0.016159800342871455,-0.01869233425758665,-0.05115834165267974,251.77999572753907,256.13199615478516,0.6689645684937788,0.011172636419661798,0.0,0.0,0.0,0.0,0.0,0.0,0.0,0.0
2021-05-05,249.05999755859372,249.5,245.82000732421875,246.47000122070312,21901300,249.72999572753903,1,MSFT,-0.005327059611747287,-0.02264252367720243,-0.057656231221858256,250.16199645996093,254.72099761962892,-0.3313825516468688,0.010539613849629413,0.0,0.0,0.0,0.0,0.0,0.0,0.0,0.0
2021-05-06,246.4499969482422,249.8600006103516,244.69000244140625,249.72999572753903,26491100,252.4600067138672,1,MSFT,0.013226739524850872,-0.008457098696302512,-0.046722927954075955,249.60599670410156,253.97699584960938,0.20956746859775444,0.0130050799611562,0.0,0.0,0.0,0.0,0.0,0.0,0.0,0.0
2021-05-07,252.1499938964844,254.3000030517578,251.1699981689453,252.4600067138672,27032900,247.17999267578125,0,MSFT,0.010931850530709442,0.01884665867980284,-0.008249492712393502,249.66199951171876,253.10799713134764,0.02045215185477378,0.010352892647846354,0.0,0.0,0.0,0.0,0.0,0.0,0.0,0.0
2021-05-10,250.8699951171875,251.72999572753903,247.1199951171875,247.17999267578125,29299900,246.22999572753903,0,MSFT,-0.020914259279372516,0.002880640449392402,-0.02110808263833064,248.7259979248047,251.6709976196289,0.08386077705314632,0.012667401640489772,0.0,0.0,0.0,0.0,0.0,0.0,0.0,0.0
2021-05-11,244.5500030517578,246.6000061035156,242.57000732421875,246.22999572753903,33641600,239.0,0,MSFT,-0.003843340789674299,-0.014015136587030463,-0.02359424665338905,248.41399841308595,250.0969970703125,0.14818139311055667,0.012648027210594775,0.0,0.0,0.0,0.0,0.0,0.0,0.0,0.0
2021-05-12,242.1699981689453,244.3800048828125,238.07000732421875,239.0,36684400,243.02999877929688,1,MSFT,-0.02936277404455323,-0.05331540186926509,-0.0510601150606963,246.9199981689453,248.54099731445314,0.09044754113954157,0.01591739691703041,0.0,0.0,0.0,0.0,0.0,0.0,0.0,0.0
2021-05-13,241.8000030517578,245.6000061035156,241.4199981689453,243.02999877929688,29624300,248.1499938964844,1,MSFT,0.01686191957864791,-0.016789360059282,-0.01920979311436266,245.5799987792969,247.5929977416992,-0.19245510353174644,0.017668222595253597,0.0,0.0,0.0,0.0,0.0,0.0,0.0,0.0
2021-05-14,245.5800018310547,249.17999267578125,245.4900054931641,248.1499938964844,23901100,245.17999267578125,0,MSFT,0.02106733795376914,0.0077975803202705585,0.00681621563460344,244.7179962158203,247.18999786376952,-0.1931927505460045,0.019697251932283923,0.0,0.0,0.0,0.0,0.0,0.0,0.0,0.0
2021-05-17,246.5500030517578,246.58999633789065,243.5200042724609,245.17999267578125,24970200,243.0800018310547,0,MSFT,-0.011968572612345407,0.02585770994050729,-0.018219689783368853,244.3179962158203,246.5219970703125,0.04473015886298115,0.019420175852966584,0.0,0.0,0.0,0.0,0.0,0.0,0.0,0.0
2021-05-18,246.2700042724609,246.41000366210935,242.8999938964844,243.0800018310547,20168000,243.1199951171875,1,MSFT,-0.008565098733417154,0.00020574847553378461,-0.03715441904999872,243.68799743652343,246.05099792480468,-0.192317242152646,0.01855820506859113,0.0,0.0,0.0,0.0,0.0,0.0,0.0,0.0
2021-05-19,239.30999755859372,243.22999572753903,238.6000061035156,243.1199951171875,25739800,246.47999572753903,1,MSFT,0.00016452725782278854,-0.020269993564437372,-0.016425267735642013,244.51199645996093,245.71599731445312,0.2762693375644585,0.017256711220592184,0.0,0.0,0.0,0.0,0.0,0.0,0.0,0.0
2021-05-20,243.9600067138672,247.9499969482422,243.8600006103516,246.47999572753903,21800700,245.1699981689453,0,MSFT,0.013820338424784806,0.005302239540715181,0.0010153109058110843,245.20199584960938,245.39099731445313,-0.1530353771202574,0.0182454764036721,0.0,0.0,0.0,0.0,0.0,0.0,0.0,0.0
2021-05-21,247.57000732421875,248.3300018310547,244.7400054931641,245.1699981689453,21863100,250.77999877929688,1,MSFT,-0.005314823033516269,0.00859797730026024,0.025815891920273337,244.60599670410156,244.66199645996093,0.002862293412596806,0.013335299658707767,0.0,0.0,0.0,0.0,0.0,0.0,0.0,0.0
2021-05-24,247.7899932861328,251.16000366210935,247.50999450683597,250.77999877929688,21411500,251.72000122070312,1,MSFT,0.0228820844811759,0.03150709039138122,0.03188906735352459,245.7259979248047,245.0219970703125,-0.020655808188225877,0.01446971070279824,0.0,0.0,0.0,0.0,0.0,0.0,0.0,0.0
2021-05-25,251.7700042724609,252.75,250.82000732421875,251.72000122070312,17704300,251.4900054931641,0,MSFT,0.0037483150409993726,0.02125935404087076,0.014386489671677882,247.45399780273436,245.5709976196289,-0.17314060201293702,0.012532440540711993,0.0,0.0,0.0,0.0,0.0,0.0,0.0,0.0
2021-05-26,251.42999267578125,252.94000244140625,250.75,251.4900054931641,17771600,249.30999755859372,0,MSFT,-0.0009136966725873386,0.02577806163649643,0.025736246863042433,249.12799987792968,246.81999816894532,0.0038013363985021087,0.011074448955056944,0.0,0.0,0.0,0.0,0.0,0.0,0.0,0.0
2021-05-27,251.1699981689453,251.47999572753903,249.25,249.30999755859372,24426200,249.67999267578125,1,MSFT,-0.00866836807409277,-0.005861716356402313,0.02562940464295793,249.69400024414062,247.447998046875,0.3744513718517184,0.011093545904888695,0.0,0.0,0.0,0.0,0.0,0.0,0.0,0.0
2021-05-28,251.0,252.0800018310547,249.55999755859372,249.67999267578125,18270200,247.3999938964844,0,MSFT,0.0014840765344781293,-0.008104276716307646,0.02698255055258514,250.59599914550782,247.6009979248047,-0.25202446553291136,0.011035027893772071,0.0,0.0,0.0,0.0,0.0,0.0,0.0,0.0
2021-06-01,251.22999572753903,251.2899932861328,246.9600067138672,247.3999938964844,23213300,247.3000030517578,0,MSFT,-0.009131683940160618,-0.016263117847006736,0.0037325470013491735,249.9199981689453,247.822998046875,0.27055533053825354,0.010992934369071485,0.0,0.0,0.0,0.0,0.0,0.0,0.0,0.0
2021-06-02,248.1300048828125,249.2700042724609,245.83999633789065,247.3000030517578,19406700,245.7100067138672,0,MSFT,-0.000404166722689725,-0.008062229860491321,0.008687869228374057,249.03599853515624,248.2449981689453,-0.16398357837963584,0.010706742437980818,0.0,0.0,0.0,0.0,0.0,0.0,0.0,0.0
2021-06-03,245.22000122070312,246.33999633789065,243.0,245.7100067138672,25307700,250.7899932861328,1,MSFT,-0.00642942304193117,-0.015900296693252658,-0.020216891658459635,247.87999877929687,248.50399932861328,0.3040702437817866,0.005134191832910654,0.0,0.0,0.0,0.0,0.0,0.0,0.0,0.0
2021-06-04,247.75999450683597,251.6499938964844,247.50999450683597,250.7899932861328,25281100,253.80999755859372,1,MSFT,0.02067472399763237,0.013702503934041488,-0.0036946127842852894,248.17599792480468,248.93499908447265,-0.0010510635103150312,0.01023775945901151,0.0,0.0,0.0,0.0,0.0,0.0,0.0,0.0
2021-06-07,249.97999572753903,254.08999633789065,249.80999755859372,253.80999755859372,23079200,252.57000732421875,0,MSFT,0.012041964804454075,0.026324279929238026,0.00922498713569242,249.0019989013672,249.7989990234375,-0.08709668487526256,0.011266536044286415,0.0,0.0,0.0,0.0,0.0,0.0,0.0,0.0
2021-06-08,255.16000366210935,256.010009765625,252.50999450683597,252.57000732421875,22455000,253.58999633789065,1,MSFT,-0.00488550587566472,0.027919093333224065,0.013076129307084239,250.03600158691407,249.97799987792968,-0.027045998128184645,0.010785421949043935,0.0,0.0,0.0,0.0,0.0,0.0,0.0,0.0
2021-06-09,253.80999755859372,255.52999877929688,253.2100067138672,253.58999633789065,17937600,257.239990234375,1,MSFT,0.004038440765306461,0.011164731953891227,0.01566005998400799,251.29400024414062,250.16499938964844,-0.20117568470273883,0.01081190165837845,0.0,0.0,0.0,0.0,0.0,0.0,0.0,0.0
2021-06-10,254.2899932861328,257.4599914550781,253.6699981689453,257.239990234375,24563600,257.8900146484375,1,MSFT,0.014393288178532915,0.013514017212775231,0.039773632096400835,253.5999969482422,250.73999786376953,0.36939166889661945,0.010321514391017113,0.0,0.0,0.0,0.0,0.0,0.0,0.0,0.0
2021-06-11,257.989990234375,258.489990234375,256.6099853515625,257.8900146484375,18999700,259.8900146484375,1,MSFT,0.0025269182037763738,0.021063495941501698,0.04282252917911733,255.02000122070314,251.5979995727539,-0.2265099578237718,0.010092706941947421,0.0,0.0,0.0,0.0,0.0,0.0,0.0,0.0
2021-06-14,257.8999938964844,259.95001220703125,256.79998779296875,259.8900146484375,19150500,258.3599853515625,0,MSFT,0.007755244043575971,0.024843323480917334,0.05771033961625793,256.2360046386719,252.61900177001954,0.007936967425801411,0.008461309404318934,0.0,0.0,0.0,0.0,0.0,0.0,0.0,0.0
2021-06-15,259.7699890136719,259.989990234375,257.67999267578125,258.3599853515625,18038900,257.3800048828125,0,MSFT,-0.005887218479496914,0.004353891928572384,0.030184585781271034,257.3940002441406,253.71500091552736,-0.05804548184120517,0.0078007950059151435,0.0,0.0,0.0,0.0,0.0,0.0,0.0,0.0
2021-06-16,259.3999938964844,260.5799865722656,254.4199981689453,257.3800048828125,27220000,260.8999938964844,1,MSFT,-0.0037930814534475887,-0.0019776250985144017,0.014065668644099194,258.152001953125,254.7230010986328,0.5089611894295107,0.007464631894289493,0.0,0.0,0.0,0.0,0.0,0.0,0.0,0.0
2021-06-17,256.07000732421875,261.75,256.010009765625,260.8999938964844,27565500,259.42999267578125,0,MSFT,0.013676233378247638,0.003886179503330034,0.032980901653823835,258.8840026855469,256.2419998168945,0.012692872887582585,0.007887157532906064,0.0,0.0,0.0,0.0,0.0,0.0,0.0,0.0
2021-06-18,259.6300048828125,262.29998779296875,258.75,259.42999267578125,37202200,262.6300048828125,1,MSFT,-0.005634347470649503,0.004141536557074499,0.02302928515409275,259.19199829101564,257.1059997558594,0.34959278808655747,0.00881015420750289,0.0,0.0,0.0,0.0,0.0,0.0,0.0,0.0
2021-06-21,259.82000732421875,263.5199890136719,257.9200134277344,262.6300048828125,26696100,265.510009765625,1,MSFT,0.012334781241081894,0.020397854924240733,0.020953253199576638,259.7399963378906,257.9880004882813,-0.28240534161958164,0.008402745093024602,0.0,0.0,0.0,0.0,0.0,0.0,0.0,0.0
2021-06-22,262.7200012207031,265.7900085449219,262.3999938964844,265.510009765625,24694100,265.2699890136719,0,MSFT,0.010966016179672966,0.01766966645070034,0.02954746087232296,261.1700012207031,259.28200073242186,-0.0749922273290855,0.008913922383840166,0.0,0.0,0.0,0.0,0.0,0.0,0.0,0.0
2021-06-23,265.989990234375,266.8299865722656,264.42999267578125,265.2699890136719,19518700,266.69000244140625,1,MSFT,-0.0009039988818688727,0.022510875776761363,0.020700966031773405,262.747998046875,260.45,-0.20958042609368233,0.008939527816287202,0.0,0.0,0.0,0.0,0.0,0.0,0.0,0.0
2021-06-24,266.1600036621094,267.8500061035156,265.4700012207031,266.69000244140625,21446900,265.0199890136719,0,MSFT,0.005353087369642795,0.015459001192210886,0.03224190107654912,263.9059997558594,261.39500122070314,0.09878731677826913,0.00804955541762649,0.0,0.0,0.0,0.0,0.0,0.0,0.0,0.0
2021-06-25,266.2300109863281,267.25,264.760009765625,265.0199890136719,25611100,268.7200012207031,1,MSFT,-0.006262002371466013,-0.001845582968362236,0.029683673890432694,265.0239990234375,262.1079986572266,0.19416325902578002,0.008517614424974736,0.0,0.0,0.0,0.0,0.0,0.0,0.0,0.0
2021-06-28,266.19000244140625,268.8999938964844,265.9100036621094,268.7200012207031,19590000,271.3999938964844,1,MSFT,0.013961257114233572,0.0130056634746325,0.029973198570949267,266.24199829101565,262.9909973144531,-0.2350972820378664,0.008570876083590074,0.0,0.0,0.0,0.0,0.0,0.0,0.0,0.0
2021-06-29,268.8699951171875,271.6499938964844,267.9800109863281,271.3999938964844,19937800,270.8999938964844,0,MSFT,0.009973179010148048,0.017660922464136863,0.04613961977658643,267.4199951171875,264.2949981689453,0.017753956100051038,0.0075357564686603686,0.0,0.0,0.0,0.0,0.0,0.0,0.0,0.0
2021-06-30,270.69000244140625,271.3599853515625,269.6000061035156,270.8999938964844,21656500,271.6000061035156,1,MSFT,-0.0018422992308197994,0.022187024098431873,0.03148912485213562,268.54599609375,265.6469970703125,0.08620309161492234,0.007607535568758082,0.0,0.0,0.0,0.0,0.0,0.0,0.0,0.0
2021-07-01,269.6099853515625,271.8399963378906,269.6000061035156,271.6000061035156,16725300,277.6499938964844,1,MSFT,0.0025840244474082397,0.010717493561065883,0.022936974554241818,269.5279968261719,266.7169982910156,-0.22770069032392126,0.00705292185352199,0.0,0.0,0.0,0.0,0.0,0.0,0.0,0.0
2021-07-02,272.82000732421875,278.0,272.5,277.6499938964844,26458000,277.6600036621094,1,MSFT,0.02227535956189519,0.023028740385247826,0.04666945148542401,272.0539978027344,268.53899841308595,0.5819148236503979,0.009709670208938275,0.0,0.0,0.0,0.0,0.0,0.0,0.0,0.0
2021-07-06,278.0299987792969,279.3699951171875,274.29998779296875,277.6600036621094,31565600,279.92999267578125,1,MSFT,3.605174084286844e-05,0.024953894123039833,0.04113390498435843,273.8419982910156,270.0419982910156,0.19304558167661945,0.010024295469048098,0.0,0.0,0.0,0.0,0.0,0.0,0.0,0.0
2021-07-07,279.3999938964844,280.69000244140625,277.1499938964844,279.92999267578125,23260000,277.4200134277344,0,MSFT,0.008175426722367485,0.03067005296417702,0.056259921063313456,275.547998046875,271.48399658203124,-0.26312187951440813,0.008492886461787608,0.0,0.0,0.0,0.0,0.0,0.0,0.0,0.0
2021-07-08,276.8999938964844,278.7300109863281,274.8699951171875,277.4200134277344,24618600,277.94000244140625,1,MSFT,-0.00896645344807323,-0.0008283107286353175,0.03237575233518175,276.852001953125,272.6989990234375,0.058409286328460874,0.010037583925290607,0.0,0.0,0.0,0.0,0.0,0.0,0.0,0.0
2021-07-09,275.7200012207031,278.04998779296875,275.32000732421875,277.94000244140625,23916700,277.32000732421875,0,MSFT,0.0018743745530360734,0.0010084231635953955,0.024097305423729454,278.1200012207031,273.8239990234375,-0.028510963255424793,0.00977912822926711,0.0,0.0,0.0,0.0,0.0,0.0,0.0,0.0
2021-07-12,279.1600036621094,279.7699890136719,276.5799865722656,277.32000732421875,18931700,280.9800109863281,1,MSFT,-0.0022306796853331923,-0.009323707426325822,0.023698831939389375,278.05400390625,275.0540008544922,-0.2084317652518951,0.009815181572672166,0.0,0.0,0.0,0.0,0.0,0.0,0.0,0.0
2021-07-13,277.5199890136719,282.8500061035156,277.3900146484375,280.9800109863281,26120100,282.510009765625,1,MSFT,0.013197762748615505,0.012832518874926535,0.034536099676071075,278.71800537109374,276.2800018310547,0.37970177004706396,0.010467580000614206,0.0,0.0,0.0,0.0,0.0,0.0,0.0,0.0
2021-07-14,282.3500061035156,283.6600036621094,280.54998779296875,282.510009765625,23113700,281.0299987792969,0,MSFT,0.005445222860964716,0.016442423847147225,0.017504109403843726,279.2340087890625,277.39100341796876,-0.11509909992687628,0.0072531386721848695,0.0,0.0,0.0,0.0,0.0,0.0,0.0,0.0
2021-07-15,282.0,282.510009765625,279.8299865722656,281.0299987792969,22604200,280.75,0,MSFT,-0.005238791317716429,0.013378015855670666,0.012137128404307473,279.956005859375,278.40400390625,-0.022043203814188117,0.007805328352603178,0.0,0.0,0.0,0.0,0.0,0.0,0.0,0.0
2021-07-16,282.07000732421875,284.1000061035156,279.4599914550781,280.75,26186800,277.010009765625,0,MSFT,-0.0009963305715158244,-0.00081860266686129,0.0029293299956196783,280.51800537109375,279.3190032958984,0.1584926695038975,0.007300637023191187,0.0,0.0,0.0,0.0,0.0,0.0,0.0,0.0
2021-07-19,278.92999267578125,280.3699951171875,274.45001220703125,277.010009765625,32935600,279.32000732421875,1,MSFT,-0.013321425589937652,-0.019468336731016667,-0.001477916668820911,280.456005859375,279.2550048828125,0.25771762872897797,0.008346538486058984,0.0,0.0,0.0,0.0,0.0,0.0,0.0,0.0
2021-07-20,278.0299987792969,280.9700012207031,276.260009765625,279.32000732421875,26259700,281.3999938964844,1,MSFT,0.00833904002439545,-0.006084729254904331,0.004965117905629368,280.12400512695314,279.42100524902344,-0.20269556346324347,0.008947902638497028,0.0,0.0,0.0,0.0,0.0,0.0,0.0,0.0
2021-07-21,278.8999938964844,281.5199890136719,277.2900085449219,281.3999938964844,24364300,286.1400146484375,1,MSFT,0.00744660789676721,0.002315205330309489,0.014712196972848313,279.902001953125,279.56800537109376,-0.07217904241099482,0.009157182501233187,0.0,0.0,0.0,0.0,0.0,0.0,0.0,0.0
2021-07-22,283.8399963378906,286.4200134277344,283.4200134277344,286.1400146484375,23384100,289.6700134277344,1,MSFT,0.016844423790914442,0.032959115414411544,0.018364308706502408,280.92400512695315,280.44000549316405,-0.0402309937080072,0.009960610860152515,0.0,0.0,0.0,0.0,0.0,0.0,0.0,0.0
2021-07-23,287.3699951171875,289.989990234375,286.5,289.6700134277344,22768100,289.04998779296875,0,MSFT,0.012336613540870678,0.03705429554676298,0.025344247688956045,282.7080078125,281.6130065917969,-0.02634268584208932,0.010603276952492958,0.0,0.0,0.0,0.0,0.0,0.0,0.0,0.0
2021-07-26,289.0,289.69000244140625,286.6400146484375,289.04998779296875,23176100,286.5400085449219,0,MSFT,-0.0021404550213144358,0.02718547996592524,0.028537839549187316,285.1160034179687,282.7860046386719,0.017919808855372255,0.010229435293704132,0.0,0.0,0.0,0.0,0.0,0.0,0.0,0.0
2021-07-27,289.42999267578125,289.5799865722656,282.95001220703125,286.5400085449219,33604100,286.2200012207031,0,MSFT,-0.00868354732415566,0.0013978957014306737,0.020623360801146573,286.56000366210935,283.3420043945313,0.4499462808669277,0.011228178968843618,0.0,0.0,0.0,0.0,0.0,0.0,0.0,0.0
2021-07-28,288.989990234375,290.1499938964844,283.8299865722656,286.2200012207031,33566900,286.5,1,MSFT,-0.0011167980549864343,-0.011910146190855064,0.033247865168737345,287.5240051269531,283.71300354003904,-0.0011070077758368324,0.009003105042670245,0.0,0.0,0.0,0.0,0.0,0.0,0.0,0.0
2021-07-29,286.239990234375,288.6199951171875,286.0799865722656,286.5,18168300,284.9100036621094,0,MSFT,0.0009782641957329918,-0.008821961254657396,0.025705257366140266,287.59600219726565,284.2600036621094,-0.4587435837089514,0.008939320513800603,0.0,0.0,0.0,0.0,0.0,0.0,0.0,0.0
2021-07-30,285.1700134277344,286.6600036621094,283.9100036621094,284.9100036621094,20944800,284.82000732421875,0,MSFT,-0.005549725437663633,-0.005688576932379563,0.0124733825222334,286.6440002441406,284.67600402832034,0.15282112250458213,0.009362937673702382,0.0,0.0,0.0,0.0,0.0,0.0,0.0,0.0
2021-08-02,286.3599853515625,286.7699890136719,283.739990234375,284.82000732421875,16267400,287.1199951171875,1,MSFT,-0.0003158763705515266,-0.00489132097866507,-0.004613151802066451,285.7980041503906,285.4570037841797,-0.22332034681639357,0.006613106610304478,0.0,0.0,0.0,0.0,0.0,0.0,0.0,0.0
2021-08-03,285.4200134277344,287.2300109863281,284.0,287.1199951171875,17879000,286.510009765625,0,MSFT,0.008075232546253641,0.002164031822643908,-0.008803183596299502,285.91400146484375,286.23700256347655,0.09906930425267713,0.005281313389043168,0.0,0.0,0.0,0.0,0.0,0.0,0.0,0.0
2021-08-04,286.2200012207031,287.5899963378906,284.6499938964844,286.510009765625,16191300,289.5199890136719,1,MSFT,-0.002124496245249463,0.005615829851356002,-0.00878733137730836,285.9720031738281,286.7480041503906,-0.09439565971251185,0.005280868569379853,0.0,0.0,0.0,0.0,0.0,0.0,0.0,0.0
2021-08-05,286.8800048828125,289.6300048828125,286.1000061035156,289.5199890136719,13900200,289.4599914550781,0,MSFT,0.010505668721693562,0.016501585452538103,0.010399875688852811,286.5760009765625,287.08600158691405,-0.14150191769654075,0.0057385868728638085,0.0,0.0,0.0,0.0,0.0,0.0,0.0,0.0
2021-08-06,288.510009765625,289.5,287.6199951171875,289.4599914550781,16589300,288.3299865722656,0,MSFT,-0.00020723114420573285,0.008149889863767745,0.011319929496739212,287.4859985351562,287.06499938964845,0.19345764809139432,0.005679634649949723,0.0,0.0,0.0,0.0,0.0,0.0,0.0,0.0
2021-08-09,289.75,291.54998779296875,287.8099975585937,288.3299865722656,16117600,286.44000244140625,0,MSFT,-0.003903837891834794,0.006352227652113962,0.006387387686791035,288.1879943847656,286.9929992675781,-0.0284339905842923,0.006059096868593634,0.0,0.0,0.0,0.0,0.0,0.0,0.0,0.0
2021-08-10,288.79998779296875,289.25,285.20001220703125,286.44000244140625,18616600,286.95001220703125,1,MSFT,-0.006554934342168028,-0.010638251896728845,0.005370112525467485,288.0519958496094,286.9829986572266,0.1550478979500669,0.006247136515219475,0.0,0.0,0.0,0.0,0.0,0.0,0.0,0.0
2021-08-11,287.2099914550781,288.6600036621094,285.8599853515625,286.95001220703125,13955900,289.8099975585937,1,MSFT,0.0017805116648443864,-0.008671247571830354,0.0074784243664030026,288.13999633789064,287.0559997558594,-0.25035183653298665,0.006235968670426804,0.0,0.0,0.0,0.0,0.0,0.0,0.0,0.0
2021-08-12,286.6300048828125,289.9700012207031,286.3399963378906,289.8099975585937,14561300,292.8500061035156,1,MSFT,0.009966841714225128,0.005133045660365765,0.009368913649877575,288.197998046875,287.3869995117187,0.04337950257597156,0.006618779360068384,0.0,0.0,0.0,0.0,0.0,0.0,0.0,0.0
2021-08-13,289.4800109863281,292.8999938964844,289.29998779296875,292.8500061035156,18249000,294.6000061035156,1,MSFT,0.010489660710574,0.022378172069107638,0.022128358946610582,288.8760009765625,288.1809997558594,0.2532534869826184,0.0072057221452546776,0.0,0.0,0.0,0.0,0.0,0.0,0.0,0.0
2021-08-16,293.19000244140625,294.82000732421875,290.0199890136719,294.6000061035156,22507600,293.0799865722656,0,MSFT,0.005975755381686376,0.026659674406861456,0.01754634319775361,290.1300048828125,289.15899963378905,0.23336073209490937,0.006614588751501638,0.0,0.0,0.0,0.0,0.0,0.0,0.0,0.0
2021-08-17,292.3900146484375,293.42999267578125,291.0799865722656,293.0799865722656,20075300,290.7300109863281,0,MSFT,-0.005159604547719909,0.011283216732406842,0.012506029240829664,291.4580017089844,289.7549987792969,-0.10806572002345871,0.007192815920303177,0.0,0.0,0.0,0.0,0.0,0.0,0.0,0.0
2021-08-18,292.0400085449219,294.82000732421875,290.2699890136719,290.7300109863281,21813000,296.7699890136719,1,MSFT,-0.00801820558756594,-0.007239184131818455,0.008323880712493903,292.21400146484376,290.1769989013672,0.08655910496978869,0.007872506156140761,0.0,0.0,0.0,0.0,0.0,0.0,0.0,0.0
2021-08-19,288.69000244140625,297.4700012207031,288.6400146484375,296.7699890136719,29850500,304.3599853515625,1,MSFT,0.020775213425172634,0.00736586172844067,0.036063351781246755,293.6059997558594,290.90199890136716,0.3684729289873012,0.009895941309234128,0.0,0.0,0.0,0.0,0.0,0.0,0.0,0.0
2021-08-20,299.7200012207031,305.8399963378906,298.0599975585937,304.3599853515625,40817600,304.6499938964844,1,MSFT,0.025575349997876584,0.038487782503414,0.06067249487332371,295.9079956054687,292.3919982910156,0.36740088105726865,0.01234345281471614,0.0,0.0,0.0,0.0,0.0,0.0,0.0,0.0
2021-08-23,303.25,305.3999938964844,301.8500061035156,304.6499938964844,22830200,302.6199951171875,0,MSFT,0.000952847151004077,0.04787941521046091,0.05120595032229813,297.9179931640625,294.0239990234375,-0.44067755086041316,0.012633525911149976,0.0,0.0,0.0,0.0,0.0,0.0,0.0,0.0
2021-08-24,305.0199890136719,305.6499938964844,302.0,302.6199951171875,18175800,302.010009765625,0,MSFT,-0.006663380337984304,0.01971225636041707,0.03336175110140993,299.82599487304685,295.6419982910156,-0.20387031213042373,0.013527201318102172,0.0,0.0,0.0,0.0,0.0,0.0,0.0,0.0
2021-08-25,304.29998779296875,304.5899963378906,300.4200134277344,302.010009765625,20006100,299.0899963378906,0,MSFT,-0.002015680924607355,-0.007721039883817449,0.02515276140050604,302.0819946289063,297.147998046875,0.10069983164427421,0.013744628768911206,0.0,0.0,0.0,0.0,0.0,0.0,0.0,0.0
2021-08-26,300.989990234375,302.42999267578125,298.95001220703125,299.0899963378906,17666100,299.7200012207031,1,MSFT,-0.009668598169976117,-0.018250443689432516,0.020506380650263445,302.54599609375,298.0759979248047,-0.11696432588060646,0.014319142933254729,0.0,0.0,0.0,0.0,0.0,0.0,0.0,0.0
2021-08-27,298.989990234375,300.8699951171875,296.8299865722656,299.7200012207031,22605700,303.5899963378906,1,MSFT,0.0021064057324764462,-0.009582955334333954,0.030922126697122243,301.6179992675781,298.76299743652345,0.27960896858955864,0.013510252171012222,0.0,0.0,0.0,0.0,0.0,0.0,0.0,0.0
2021-08-30,301.1199951171875,304.2200012207031,301.0599975585937,303.5899963378906,16348100,301.8800048828125,0,MSFT,0.012912034903996172,0.005231570216801096,0.022980785041254892,301.4059997558594,299.66199645996096,-0.27681513954445114,0.012187594626715145,0.0,0.0,0.0,0.0,0.0,0.0,0.0,0.0
2021-08-31,304.4200134277344,304.5,301.5,301.8800048828125,26285300,301.8299865722656,0,MSFT,-0.0056325685157785355,0.009328324514638497,-0.00814818171937226,301.25800170898435,300.5419982910156,0.6078504535695279,0.0074896977100384204,0.0,0.0,0.0,0.0,0.0,0.0,0.0,0.0
2021-09-01,302.8699951171875,305.19000244140625,301.489990234375,301.8299865722656,18983800,301.1499938964844,0,MSFT,-0.0001656893790176195,0.007039855007903828,-0.009256548106733042,301.2219970703125,301.65199584960936,-0.27777883455771857,0.00744932571858069,0.0,0.0,0.0,0.0,0.0,0.0,0.0,0.0
2021-09-02,302.20001220703125,303.3599853515625,300.17999267578125,301.1499938964844,16285600,301.1400146484375,0,MSFT,-0.0022528996654824773,-0.008037163512761403,-0.004857581271633715,301.6339965820313,302.0899963378906,-0.14213171230206811,0.007098739439920795,0.0,0.0,0.0,0.0,0.0,0.0,0.0,0.0
2021-09-03,300.989990234375,302.6000061035156,300.260009765625,301.1400146484375,14747900,300.17999267578125,0,MSFT,-3.3137135145744345e-05,-0.0024512727653567268,-0.0028806830537261296,301.9179992675781,301.76799926757815,-0.09442083804096868,0.007075793730525699,0.0,0.0,0.0,0.0,0.0,0.0,0.0,0.0
2021-09-07,301.010009765625,301.0899963378906,298.20001220703125,300.17999267578125,17180400,300.2099914550781,1,MSFT,-0.0031879588429223338,-0.005466633435671997,0.003644375777313691,301.2359985351562,301.3209991455078,0.16493873704052775,0.006002024140340764,0.0,0.0,0.0,0.0,0.0,0.0,0.0,0.0
2021-09-08,299.7799987792969,300.6099853515625,297.4700012207031,300.2099914550781,15046800,297.25,0,MSFT,9.993597184632108e-05,-0.003121376259198505,0.001634826612769702,300.90199584960936,301.0799987792969,-0.12418802821820218,0.005962260147501182,0.0,0.0,0.0,0.0,0.0,0.0,0.0,0.0
2021-09-09,300.82000732421875,302.1400146484375,297.0,297.25,19927000,295.7099914550781,0,MSFT,-0.009859736648775153,-0.012917627878111348,-0.02088341649714409,299.9859985351562,300.6039978027344,0.32433474227078185,0.0036748002104441523,0.0,0.0,0.0,0.0,0.0,0.0,0.0,0.0
2021-09-10,298.4200134277344,299.9200134277344,295.3800048828125,295.7099914550781,19633400,296.989990234375,1,MSFT,-0.005180852968618588,-0.01489106979068755,-0.020438629017942134,298.897998046875,300.2659973144531,-0.014733778290761279,0.0036245834152849403,0.0,0.0,0.0,0.0,0.0,0.0,0.0,0.0
2021-09-13,297.54998779296875,298.5400085449219,294.0799865722656,296.989990234375,23652900,299.7900085449219,1,MSFT,0.004328561145325205,-0.010725829627109329,-0.01603550526193931,298.0679931640625,299.9929962158203,0.20472765797060122,0.004492137139856467,0.0,0.0,0.0,0.0,0.0,0.0,0.0,0.0
2021-09-14,299.5599975585937,301.3900146484375,298.1000061035156,299.7900085449219,21853400,304.82000732421875,1,MSFT,0.009427988829984413,0.00854502454136874,-0.004515973365850301,297.9899963378906,299.6129974365234,-0.07607946594286541,0.006312434438423371,0.0,0.0,0.0,0.0,0.0,0.0,0.0,0.0
2021-09-15,303.260009765625,305.32000732421875,301.82000732421875,304.82000732421875,28356300,305.2200012207031,1,MSFT,0.016778407004658824,0.030807264321079053,0.012220204877380514,298.91199951171876,299.90699768066406,0.2975692569577275,0.009141287946876795,0.0,0.0,0.0,0.0,0.0,0.0,0.0,0.0
2021-09-16,303.760009765625,305.3099975585937,300.760009765625,305.2200012207031,19550800,299.8699951171875,0,MSFT,0.0013122297974978991,0.02771140865667987,0.01678995492003188,300.50599975585936,300.2459991455078,-0.31053064045732337,0.008889065893216948,0.0,0.0,0.0,0.0,0.0,0.0,0.0,0.0
2021-09-17,304.1700134277344,304.5,299.5299987792969,299.8699951171875,41372500,294.29998779296875,0,MSFT,-0.01752836014061565,0.0002668086660186919,-0.0011325283886879367,301.33800048828124,300.1179992675781,1.1161538146776602,0.01170530461550211,0.0,0.0,0.0,0.0,0.0,0.0,0.0,0.0
2021-09-20,296.3299865722656,298.7200012207031,289.5199890136719,294.29998779296875,38278700,294.79998779296875,1,MSFT,-0.018574740437241832,-0.03451223436282014,-0.009924347206160644,300.8,299.4339965820312,-0.07477914073357905,0.01327431189266064,0.0,0.0,0.0,0.0,0.0,0.0,0.0,0.0
2021-09-21,295.69000244140625,297.5400085449219,294.07000732421875,294.79998779296875,22364100,298.5799865722656,1,MSFT,0.0016989467235444256,-0.03413935320772021,-0.0030773517581587084,299.8019958496094,298.89599609375,-0.4157560209724991,0.01319770878854332,0.0,0.0,0.0,0.0,0.0,0.0,0.0,0.0
2021-09-22,296.7300109863281,300.2200012207031,294.510009765625,298.5799865722656,26626300,299.5599975585937,1,MSFT,0.01282224876464877,-0.004301892706596866,0.005353703458611081,298.5539916992187,298.7329956054688,0.19058222776682276,0.014063248716670093,0.0,0.0,0.0,0.0,0.0,0.0,0.0,0.0
2021-09-23,298.8500061035156,300.8999938964844,297.5299987792969,299.5599975585937,18604600,299.3500061035156,0,MSFT,0.003282239367677464,0.017872952714239387,-0.000767240334141106,297.4219909667969,298.9639953613281,-0.3012697971554441,0.013623292657150747,0.0,0.0,0.0,0.0,0.0,0.0,0.0,0.0
2021-09-24,298.2300109863281,299.79998779296875,296.92999267578125,299.3500061035156,14999000,294.1700134277344,0,MSFT,-0.0007009996554596665,0.015434255423858012,-0.017945020304671155,297.3179931640625,299.3279968261719,-0.19380153295421565,0.011458985318957988,0.0,0.0,0.0,0.0,0.0,0.0,0.0,0.0
2021-09-27,296.1400146484375,296.4700012207031,292.94000244140625,294.1700134277344,23571700,283.5199890136719,0,MSFT,-0.017304134191298504,-0.01476982163191265,-0.03620335413398601,297.2919982910156,299.04599914550784,0.5715514367624508,0.01252974607703261,0.0,0.0,0.0,0.0,0.0,0.0,0.0,0.0
2021-09-28,289.79998779296875,290.7799987792969,282.75,283.5199890136719,43186200,284.0,1,MSFT,-0.03620363710755581,-0.053545228587419835,-0.054523648146678094,295.03599853515624,297.4189971923828,0.8321207210341215,0.01684185525476181,0.0,0.0,0.0,0.0,0.0,0.0,0.0,0.0
2021-09-29,285.1000061035156,286.7699890136719,283.010009765625,284.0,26353700,281.9200134277344,0,MSFT,0.00169304107268764,-0.05127778784212744,-0.034998261026821686,292.1200012207031,295.3369964599609,-0.38976571219509937,0.016428780599906007,0.0,0.0,0.0,0.0,0.0,0.0,0.0,0.0
2021-09-30,285.7099914550781,287.8299865722656,281.6199951171875,281.9200134277344,32343600,289.1000061035156,1,MSFT,-0.007323896381216999,-0.04164258571857915,-0.043690552573155794,288.5920043945313,293.0069976806641,0.22728876780110574,0.016171296831030763,0.0,0.0,0.0,0.0,0.0,0.0,0.0,0.0
2021-10-01,282.1199951171875,289.9800109863281,281.2900085449219,289.1000061035156,30086300,283.1099853515625,0,MSFT,0.025468190741349206,0.01968121228156039,-0.031750220694900966,286.54200439453126,291.92999877929685,-0.06979124154392213,0.0190982486443866,0.0,0.0,0.0,0.0,0.0,0.0,0.0,0.0
2021-10-04,287.3999938964844,287.75,280.25,283.1099853515625,31350700,288.760009765625,1,MSFT,-0.020719545574164888,-0.0031338543959067433,-0.054913914878816805,284.3299987792969,290.8109985351563,0.04202577252769535,0.019627736380668406,0.0,0.0,0.0,0.0,0.0,0.0,0.0,0.0
2021-10-05,284.04998779296875,290.3999938964844,284.04998779296875,288.760009765625,24993000,293.1099853515625,1,MSFT,0.019956994477063006,0.024262187897646115,-0.03537663645220901,285.3780029296875,290.2070007324219,-0.20279292009428818,0.02226161264169959,0.0,0.0,0.0,0.0,0.0,0.0,0.0,0.0
2021-10-06,285.7799987792969,293.6300048828125,285.510009765625,293.1099853515625,28002600,294.8500061035156,1,MSFT,0.015064328296249263,0.013870560924896802,-0.0036034538796806403,287.2,289.6600006103516,0.12041771696074899,0.022619107761770958,0.0,0.0,0.0,0.0,0.0,0.0,0.0,0.0
2021-10-07,295.17999267578125,296.6400146484375,293.9200134277344,294.8500061035156,20430500,294.8500061035156,0,MSFT,0.005936408989499542,0.041468056089136285,0.03996196927510964,289.78599853515624,289.1890014648437,-0.2704070336325912,0.016152684887116547,0.0,0.0,0.0,0.0,0.0,0.0,0.0,0.0
2021-10-08,296.2200012207031,296.6400146484375,293.760009765625,294.8500061035156,17685700,294.2300109863281,0,MSFT,0.0,0.021090165299667563,0.038204246843364986,290.9359985351563,288.73900146484374,-0.13434815594332006,0.016235583732934163,0.0,0.0,0.0,0.0,0.0,0.0,0.0,0.0
2021-10-11,292.9200134277344,297.9700012207031,292.75,294.2300109863281,19298600,292.8800048828125,0,MSFT,-0.0021027475134928197,0.003821178706765016,0.04366485872685022,293.1600036621094,288.7450012207031,0.09119797350401737,0.01565883932736321,0.0,0.0,0.0,0.0,0.0,0.0,0.0,0.0
2021-10-12,295.3399963378906,295.44000244140625,292.3500061035156,292.8800048828125,17974100,296.3099975585937,1,MSFT,-0.004588267862241868,-0.006681367406896066,0.013075056034220323,293.9840026855469,289.6810028076172,-0.06863192148653274,0.013472267245637208,0.0,0.0,0.0,0.0,0.0,0.0,0.0,0.0
2021-10-13,294.9100036621094,297.2799987792969,293.489990234375,296.3099975585937,23416300,302.75,1,MSFT,0.011711255867923098,0.004951641257777251,0.04662503228432424,294.6240051269531,290.91200256347656,0.3027801113824893,0.009319223449882954,0.0,0.0,0.0,0.0,0.0,0.0,0.0,0.0
2021-10-14,299.2099914550781,303.2699890136719,297.8299865722656,302.75,27262900,304.2099914550781,1,MSFT,0.02173400322117991,0.028956900029031285,0.04844850312108706,296.20400390625,292.9950012207031,0.16427018786059278,0.009758568243017336,0.0,0.0,0.0,0.0,0.0,0.0,0.0,0.0
2021-10-15,302.3399963378906,304.45001220703125,300.5199890136719,304.2099914550781,25384800,307.2900085449219,1,MSFT,0.004822432551868205,0.03868473908554804,0.037869764451054166,298.0760009765625,294.50599975585936,-0.06888848948571136,0.009059597910043937,0.0,0.0,0.0,0.0,0.0,0.0,0.0,0.0
2021-10-18,303.57000732421875,308.2099914550781,302.69000244140625,307.2900085449219,22729300,308.2300109863281,1,MSFT,0.010124641452805783,0.03705582355234882,0.04219095195486888,300.68800048828126,296.9240020751953,-0.10460984526173145,0.009240579187370942,0.0,0.0,0.0,0.0,0.0,0.0,0.0,0.0
2021-10-19,308.3500061035156,309.29998779296875,307.2200012207031,308.2300109863281,17682100,307.4100036621094,0,MSFT,0.0030590075019274465,0.018100779475898054,0.04537902189533982,303.75800170898435,298.8710021972656,-0.22205699251626754,0.00898056715525337,0.0,0.0,0.0,0.0,0.0,0.0,0.0,0.0
2021-10-20,309.2099914550781,309.70001220703125,306.1099853515625,307.4100036621094,16537100,310.760009765625,1,MSFT,-0.002660374703925661,0.010519089763374234,0.04479486178720804,305.9780029296875,300.30100402832034,-0.0647547519808167,0.009070524156621925,0.0,0.0,0.0,0.0,0.0,0.0,0.0,0.0
2021-10-21,307.1700134277344,311.0199890136719,306.3599853515625,310.760009765625,16918100,309.1600036621094,0,MSFT,0.010897518179654897,0.01129226829448271,0.06104890939880536,307.5800048828125,301.8920043945312,0.023039106010122712,0.0077622628662996195,0.0,0.0,0.0,0.0,0.0,0.0,0.0,0.0
2021-10-22,310.3999938964844,311.0899963378906,307.79998779296875,309.1600036621094,17449300,308.1300048828125,0,MSFT,-0.005148687261022911,0.0030172035253974716,0.04336676524380412,308.57000732421875,303.3230041503906,0.03139832487099614,0.009108517623985216,0.0,0.0,0.0,0.0,0.0,0.0,0.0,0.0
2021-10-25,309.3599853515625,309.3999938964844,306.4599914550781,308.1300048828125,17554500,310.1099853515625,1,MSFT,-0.0033316042408337854,0.00234215286466255,0.01777045378303055,308.7380065917969,304.71300354003904,0.0060288951419253944,0.0064998623939581685,0.0,0.0,0.0,0.0,0.0,0.0,0.0,0.0
2021-10-26,311.0,312.3999938964844,308.6000061035156,310.1099853515625,28107300,323.1700134277344,1,MSFT,0.006425795727043937,-0.0020917247832266117,0.019394477703588597,309.11400146484374,306.4360015869141,0.6011450055541314,0.006620923170835031,0.0,0.0,0.0,0.0,0.0,0.0,0.0,0.0
2021-10-27,316.0,326.1000061035156,316.0,323.1700134277344,52588700,324.3500061035156,1,MSFT,0.042114181074711654,0.045316372103996194,0.05167758287361002,312.26600341796876,309.12200317382815,0.8709979258057516,0.016385563405123718,0.0,0.0,0.0,0.0,0.0,0.0,0.0,0.0
2021-10-28,324.3299865722656,324.8699951171875,321.3599853515625,324.3500061035156,26297900,331.6199951171875,1,MSFT,0.0036513062064933433,0.05264012255759343,0.05229859047665064,314.9840026855469,311.28200378417966,-0.49993249500367953,0.016361304278259523,0.0,0.0,0.0,0.0,0.0,0.0,0.0,0.0
2021-10-29,324.1300048828125,332.0,323.8999938964844,331.6199951171875,34766000,329.3699951171875,0,MSFT,0.022414024593394588,0.06936251904703994,0.07875472875530942,319.4760009765625,314.02300415039065,0.3220067001547653,0.01653019599057919,0.0,0.0,0.0,0.0,0.0,0.0,0.0,0.0
2021-11-01,331.3599853515625,331.489990234375,326.3699951171875,329.3699951171875,27073200,333.1300048828125,1,MSFT,-0.006784874353565118,0.019184891641685464,0.05988539312248742,323.7239990234375,316.2310028076172,-0.22127365817177702,0.017847607966604055,0.0,0.0,0.0,0.0,0.0,0.0,0.0,0.0
2021-11-02,330.3099975585937,333.45001220703125,330.0,333.1300048828125,26487100,334.0,1,MSFT,0.011415762884798397,0.027069519389787633,0.07753267219811755,328.3280029296875,318.72100219726565,-0.021648715334722124,0.016807721163428522,0.0,0.0,0.0,0.0,0.0,0.0,0.0,0.0
2021-11-03,333.8999938964844,334.8999938964844,330.6499938964844,334.0,21500100,336.44000244140625,1,MSFT,0.0026115783761164746,0.00717690404033533,0.08395805246888033,330.49400024414064,321.3800018310547,-0.18828033269025302,0.01610787501246314,0.0,0.0,0.0,0.0,0.0,0.0,0.0,0.0
2021-11-04,332.8900146484375,336.5400085449219,329.510009765625,336.44000244140625,23992200,336.0599975585937,0,MSFT,0.007305396531156472,0.021465244038708864,0.0849054152835298,332.91199951171876,323.9480010986328,0.11591108878563361,0.01606331083679687,0.0,0.0,0.0,0.0,0.0,0.0,0.0,0.0
2021-11-05,338.510009765625,338.7900085449219,334.4200134277344,336.0599975585937,22570100,336.989990234375,1,MSFT,-0.0011294878137410036,0.008795343057770744,0.03988607728217253,333.8,326.63800048828125,-0.0592734305315894,0.009405943068997244,0.0,0.0,0.0,0.0,0.0,0.0,0.0,0.0
2021-11-08,337.29998779296875,337.6499938964844,334.44000244140625,336.989990234375,20897000,335.95001220703125,0,MSFT,0.002767341196624251,0.008952066569984929,0.03897019852937933,335.3239990234375,329.5239990234375,-0.07412904683630117,0.00944296178877337,0.0,0.0,0.0,0.0,0.0,0.0,0.0,0.0
2021-11-09,337.1099853515625,338.7200012207031,334.5299987792969,335.95001220703125,21307400,330.79998779296875,0,MSFT,-0.003086079876201797,-0.0014563970717492714,0.013057165290391026,335.88800048828125,332.1080017089844,0.019639182657797738,0.0061979401942313835,0.0,0.0,0.0,0.0,0.0,0.0,0.0,0.0
2021-11-10,334.57000732421875,334.6300048828125,329.9200134277344,330.79998779296875,25500900,332.42999267578125,1,MSFT,-0.015329734266801509,-0.015651996083550057,0.004341599711511268,335.247998046875,332.8709991455078,0.19680955912030562,0.008573249584661597,0.0,0.0,0.0,0.0,0.0,0.0,0.0,0.0
2021-11-11,331.25,333.7699890136719,330.510009765625,332.42999267578125,16849800,336.7200012207031,1,MSFT,0.004927463551881006,-0.013531551947351006,-0.0021013183945334246,334.44599609375,333.6789978027344,-0.3392468501111725,0.007498817086924751,0.0,0.0,0.0,0.0,0.0,0.0,0.0,0.0
2021-11-12,333.9200134277344,337.2300109863281,333.7900085449219,336.7200012207031,23831000,336.07000732421875,0,MSFT,0.012904998464160489,0.0022919749536944867,0.008143716229650044,334.5779968261719,334.1889984130859,0.4143194577977187,0.009015378326092291,0.0,0.0,0.0,0.0,0.0,0.0,0.0,0.0
2021-11-15,337.5400085449219,337.8800048828125,334.0299987792969,336.07000732421875,16723000,339.510009765625,1,MSFT,-0.0019303691320027294,0.015931135809316377,-0.001099735805797808,334.3940002441406,334.85899963378904,-0.2982669631991943,0.008639966985249789,0.0,0.0,0.0,0.0,0.0,0.0,0.0,0.0
2021-11-16,335.67999267578125,340.6700134277344,335.510009765625,339.510009765625,20886800,339.1199951171875,0,MSFT,0.010235969787353083,0.021297768690651475,0.01026606032284394,335.1059997558594,335.4970001220703,0.2489864258805239,0.009449729442538394,0.0,0.0,0.0,0.0,0.0,0.0,0.0,0.0
2021-11-17,338.94000244140625,342.19000244140625,338.0,339.1199951171875,19053400,341.2699890136719,1,MSFT,-0.0011487574363616693,0.007127565596886765,0.006320677006848463,336.77000122070314,336.0089996337891,-0.0877779267288431,0.00947797095834914,0.0,0.0,0.0,0.0,0.0,0.0,0.0,0.0
2021-11-18,338.17999267578125,342.45001220703125,337.1199951171875,341.2699890136719,22463500,343.1099853515625,1,MSFT,0.0063399207579648564,0.015472912119874227,0.015835620221267277,338.5380004882812,336.49199829101565,0.17897593080500074,0.009480384761646721,0.0,0.0,0.0,0.0,0.0,0.0,0.0,0.0
2021-11-19,342.6400146484375,345.1000061035156,342.20001220703125,343.1099853515625,21963400,339.8299865722656,0,MSFT,0.0053916148419863585,0.010603444618386026,0.0372128114052348,339.8159973144531,337.1969970703125,-0.02226278184610586,0.005435570870434806,0.0,0.0,0.0,0.0,0.0,0.0,0.0,0.0
2021-11-22,344.6199951171875,349.6700134277344,339.54998779296875,339.8299865722656,31031100,337.67999267578125,0,MSFT,-0.009559613299904623,0.0020936289965232113,0.022260307612200325,340.5679931640625,337.4809967041016,0.4128550224464336,0.007814413034904493,0.0,0.0,0.0,0.0,0.0,0.0,0.0,0.0
2021-11-23,337.04998779296875,339.45001220703125,333.5599975585937,337.67999267578125,30427600,337.9100036621094,1,MSFT,-0.006326675047633512,-0.010519519598738536,0.0028510081123720443,340.2019897460938,337.65399475097655,-0.01944823096828663,0.007178795962207199,0.0,0.0,0.0,0.0,0.0,0.0,0.0,0.0
2021-11-24,336.2799987792969,338.1600036621094,333.9100036621094,337.9100036621094,21661300,329.67999267578125,0,MSFT,0.0006811507679371775,-0.015155436773794384,0.005475038824620526,339.9599914550781,338.3649963378906,-0.28810356386964464,0.0071032153971541615,0.0,0.0,0.0,0.0,0.0,0.0,0.0,0.0
2021-11-26,334.3500061035156,337.92999267578125,328.1199951171875,329.67999267578125,24217200,336.6300048828125,1,MSFT,-0.024355629892974906,-0.029867858333702313,-0.028953541300975938,337.6419921875,338.0899963378906,0.1179938415515227,0.01061207562848046,0.0,0.0,0.0,0.0,0.0,0.0,0.0,0.0
2021-11-29,334.94000244140625,339.0299987792969,334.739990234375,336.6300048828125,28563500,330.5899963378906,0,MSFT,0.02108108578449941,-0.0031094166540595047,-0.007342504925180071,336.34599609375,338.08099670410155,0.17947161521563193,0.014330879407002948,0.0,0.0,0.0,0.0,0.0,0.0,0.0,0.0
2021-11-30,335.32000732421875,337.7799987792969,328.989990234375,330.5899963378906,42885600,330.0799865722656,0,MSFT,-0.017942573321782507,-0.021662594314722727,-0.03129484871098176,334.497998046875,337.5329956054687,0.5014126420081573,0.015181864677813975,0.0,0.0,0.0,0.0,0.0,0.0,0.0,0.0
2021-12-01,335.1300048828125,339.2799987792969,329.3900146484375,330.0799865722656,33337600,329.489990234375,0,MSFT,-0.001542725948379009,0.0012132792567662865,-0.03797615731278081,332.9779968261719,336.5899932861328,-0.22263883448057153,0.014650916543172366,0.0,0.0,0.0,0.0,0.0,0.0,0.0,0.0
2021-12-02,330.29998779296875,333.489990234375,327.79998779296875,329.489990234375,30766000,323.010009765625,0,MSFT,-0.0017874344458671532,-0.0212102740245127,-0.030426968620945405,331.293994140625,335.6269927978516,-0.07713812631983108,0.014579558767368151,0.0,0.0,0.0,0.0,0.0,0.0,0.0,0.0
2021-12-03,331.989990234375,332.70001220703125,318.0299987792969,323.010009765625,41779300,326.19000244140625,1,MSFT,-0.019666699022148237,-0.022928662864070026,-0.04344344713440407,329.9599975585937,333.8009948730469,0.3579698368328674,0.015714288620125628,0.0,0.0,0.0,0.0,0.0,0.0,0.0,0.0
2021-12-06,323.95001220703125,327.45001220703125,319.2300109863281,326.19000244140625,30032600,334.9200134277344,1,MSFT,0.009844873470294724,-0.011784974215659494,-0.03468379477874961,327.8719970703125,332.10899658203124,-0.2811607662167629,0.016733561270681006,0.0,0.0,0.0,0.0,0.0,0.0,0.0,0.0
2021-12-07,331.6400146484375,335.79998779296875,330.1000061035156,334.9200134277344,31021900,334.9700012207031,1,MSFT,0.02676357620094838,0.01648008544810975,0.01589426373564118,328.7380004882813,331.6179992675781,0.03294087092026654,0.01794357724891929,0.0,0.0,0.0,0.0,0.0,0.0,0.0,0.0
2021-12-08,335.3099975585937,335.5,330.79998779296875,334.9700012207031,24761000,333.1000061035156,0,MSFT,0.00014925292895195952,0.03702668986560598,-0.0049312409411848,329.71600341796875,331.3470001220703,-0.20182193869492193,0.015942734031436336,0.0,0.0,0.0,0.0,0.0,0.0,0.0,0.0
2021-12-09,334.4100036621094,336.489990234375,332.1199951171875,333.1000061035156,22214200,342.5400085449219,1,MSFT,-0.005582574888416403,0.02118398359971385,0.007592515785201037,330.43800659179686,330.8660003662109,-0.10285529663583859,0.014301498008579746,0.0,0.0,0.0,0.0,0.0,0.0,0.0,0.0
2021-12-10,334.9800109863281,343.0,334.7900085449219,342.5400085449219,38095700,339.3999938964844,0,MSFT,0.028339844696588345,0.022751686407750826,0.0377484927276206,334.34400634765626,332.152001953125,0.7149255881373175,0.017466978145269645,0.0,0.0,0.0,0.0,0.0,0.0,0.0,0.0
2021-12-13,340.67999267578125,343.7900085449219,339.0799865722656,339.3999938964844,28899400,328.3399963378906,0,MSFT,-0.009166855170512744,0.013225043017695226,0.030076797340824024,336.9860046386719,332.4290008544922,-0.24139994802563014,0.018183676544268425,0.0,0.0,0.0,0.0,0.0,0.0,0.0,0.0
2021-12-14,333.2200012207031,334.6400146484375,324.1099853515625,328.3399963378906,44438700,334.6499938964844,1,MSFT,-0.032586911483466374,-0.01429003205765711,0.016500995050069855,335.6700012207031,332.20400085449216,0.5377032049108286,0.021402558332335037,0.0,0.0,0.0,0.0,0.0,0.0,0.0,0.0
2021-12-15,328.6099853515625,335.19000244140625,324.5,334.6499938964844,35381100,324.8999938964844,0,MSFT,0.019217876679575197,-0.02303384846036982,0.025935777895577328,335.6059997558594,332.66100158691404,-0.20382234403796695,0.022213761832659253,0.0,0.0,0.0,0.0,0.0,0.0,0.0,0.0
2021-12-16,335.7099914550781,336.760009765625,323.0199890136719,324.8999938964844,35034800,323.79998779296875,0,MSFT,-0.029134917608921063,-0.042722452153085344,-0.02991764937753416,333.96599731445315,332.202001953125,-0.009787711518296494,0.022657760745657767,0.0,0.0,0.0,0.0,0.0,0.0,0.0,0.0
2021-12-17,320.8800048828125,324.9200134277344,317.25,323.79998779296875,47750300,319.9100036621094,0,MSFT,-0.0033856759747004084,-0.013827156592429946,-0.03334630978006514,330.2179931640625,332.2809997558594,0.36293913480311013,0.0225863115286726,0.0,0.0,0.0,0.0,0.0,0.0,0.0,0.0
2021-12-20,320.04998779296875,322.79998779296875,317.57000732421875,319.9100036621094,28326500,327.2900085449219,1,MSFT,-0.012013540078780194,-0.04404598984972474,-0.03959772500666747,326.3199951171875,331.6529998779297,-0.4067785961554168,0.022762371907406483,0.0,0.0,0.0,0.0,0.0,0.0,0.0,0.0
2021-12-21,323.2900085449219,327.7300109863281,319.79998779296875,327.2900085449219,24740600,333.20001220703125,1,MSFT,0.02306900315192184,0.00735615479635543,-0.044520346877962025,326.10999755859376,330.88999938964844,-0.1265917074117876,0.021507715040882763,0.0,0.0,0.0,0.0,0.0,0.0,0.0,0.0
2021-12-22,328.29998779296875,333.6099853515625,325.75,333.20001220703125,24831500,334.69000244140625,1,MSFT,0.01805739102267223,0.029030342089057415,-0.01826747731570111,325.82000122070315,330.71300048828124,0.0036741226971050978,0.02328771005816284,0.0,0.0,0.0,0.0,0.0,0.0,0.0,0.0
2021-12-23,332.75,336.3900146484375,332.7300109863281,334.69000244140625,19617800,342.45001220703125,1,MSFT,0.004471759243061424,0.04620048954426448,0.019339727643113314,327.7780029296875,330.8720001220703,-0.20996315164206758,0.019119963462025734,0.0,0.0,0.0,0.0,0.0,0.0,0.0,0.0
2021-12-27,335.4599914550781,342.4800109863281,335.42999267578125,342.45001220703125,19947000,341.25,0,MSFT,0.02318566347670803,0.04631978754716126,0.02330798880265217,331.5080078125,330.8630004882813,0.016780678771319835,0.019733408794162074,0.0,0.0,0.0,0.0,0.0,0.0,0.0,0.0
2021-12-28,343.1499938964844,343.8099975585937,340.32000732421875,341.25,15661500,341.95001220703125,1,MSFT,-0.0035041967126745455,0.024159626344692153,0.050323196093148725,335.7760070800781,331.0480010986328,-0.21484433749436005,0.014308801791113912,0.0,0.0,0.0,0.0,0.0,0.0,0.0,0.0
2021-12-29,341.29998779296875,344.29998779296875,339.67999267578125,341.95001220703125,15042000,339.32000732421875,0,MSFT,0.002051317822802101,0.021691743740974267,0.05605319672114151,338.7080078125,332.40900268554685,-0.039555598122785196,0.013780949487852766,0.0,0.0,0.0,0.0,0.0,0.0,0.0,0.0
2021-12-30,341.9100036621094,343.1300048828125,338.82000732421875,339.32000732421875,15994500,336.32000732421875,0,MSFT,-0.007691196926234323,-0.009140034373601447,0.0606733251224314,339.9320068359375,332.8760040283203,0.06332269644994026,0.012801909493889516,0.0,0.0,0.0,0.0,0.0,0.0,0.0,0.0
2021-12-31,338.510009765625,339.3599853515625,335.8500061035156,336.32000732421875,18000800,334.75,0,MSFT,-0.008841211644598168,-0.014446864983974406,0.02759020606660978,340.2580078125,334.01800537109375,0.12543686892369244,0.012433846038984711,0.0,0.0,0.0,0.0,0.0,0.0,0.0,0.0
2022-01-03,335.3500061035156,338.0,329.7799987792969,334.75,28865100,329.010009765625,0,MSFT,-0.004668194844278828,-0.021055744845746793,0.004651823938126576,338.71800537109374,335.1130065917969,0.603545397982312,0.011027204523719488,0.0,0.0,0.0,0.0,0.0,0.0,0.0,0.0
2022-01-04,334.8299865722656,335.20001220703125,326.1199951171875,329.010009765625,32674300,316.3800048828125,0,MSFT,-0.017147095547050073,-0.03038429015693911,-0.016970906314345724,336.27000732421874,336.02300720214845,0.13196559166606048,0.012700146126185108,0.0,0.0,0.0,0.0,0.0,0.0,0.0,0.0
2022-01-05,325.8599853515625,326.07000732421875,315.9800109863281,316.3800048828125,40054300,313.8800048828125,0,MSFT,-0.03838790464706432,-0.0592887785655396,-0.07612792055752038,331.156005859375,334.9320068359375,0.2258655885512466,0.013353567473095303,0.0,0.0,0.0,0.0,0.0,0.0,0.0,0.0
2022-01-06,313.1499938964844,318.70001220703125,311.489990234375,313.8800048828125,39646100,314.0400085449219,1,MSFT,-0.007901890010166723,-0.062345019020724424,-0.08020511389652019,326.06800537109376,333.0000061035156,-0.01019116549284349,0.013032406275260987,0.0,0.0,0.0,0.0,0.0,0.0,0.0,0.0
2022-01-07,314.1499938964844,316.5,310.0899963378906,314.0400085449219,32720000,314.2699890136719,1,MSFT,0.0005097606079402794,-0.04550013913366102,-0.08162012769635885,321.61200561523435,330.9350067138672,-0.17469814180966092,0.01276975256884071,0.0,0.0,0.0,0.0,0.0,0.0,0.0,0.0
2022-01-10,309.489990234375,314.7200012207031,304.69000244140625,314.2699890136719,44289500,314.9800109863281,1,MSFT,0.0007323285648079825,-0.0066692453270622565,-0.07382417119486762,317.51600341796876,328.11700439453125,0.353591075794621,0.013614433323507135,0.0,0.0,0.0,0.0,0.0,0.0,0.0,0.0
2022-01-11,313.3800048828125,316.6099853515625,309.8900146484375,314.9800109863281,29386800,318.2699890136719,1,MSFT,0.0022592738647575494,0.003504543412780725,-0.06345146251533729,314.7100036621094,325.49000549316406,-0.33648381670599126,0.014500299325499004,0.0,0.0,0.0,0.0,0.0,0.0,0.0,0.0
2022-01-12,319.6700134277344,323.4100036621094,317.0799865722656,318.2699890136719,34372200,304.79998779296875,0,MSFT,0.010445037502670562,0.013469559144228871,-0.04923080205027075,315.08800048828124,323.12200317382815,0.169647596880232,0.016305377633224052,0.0,0.0,0.0,0.0,0.0,0.0,0.0,0.0
2022-01-13,320.4700012207031,320.8800048828125,304.0,304.79998779296875,45366000,310.20001220703125,1,MSFT,-0.04232256161646608,-0.030133329785718588,-0.07358445413226977,313.2719970703125,319.6700012207031,0.3198456892488697,0.020999366342003386,0.0,0.0,0.0,0.0,0.0,0.0,0.0,0.0
2022-01-14,304.25,310.82000732421875,303.75,310.20001220703125,39846400,302.6499938964844,0,MSFT,0.017716616241239436,-0.015175562297838452,-0.019533448955063815,312.5039978027344,317.05800170898436,-0.12166820967244196,0.019292912096696157,0.0,0.0,0.0,0.0,0.0,0.0,0.0,0.0
2022-01-18,304.07000732421875,309.79998779296875,301.739990234375,302.6499938964844,42333200,303.3299865722656,1,MSFT,-0.024339194111662077,-0.049077813354612365,-0.035778038777974586,310.17999877929685,313.84800109863284,0.062409653067780235,0.020966186988268333,0.0,0.0,0.0,0.0,0.0,0.0,0.0,0.0
2022-01-19,306.2900085449219,313.9100036621094,302.70001220703125,303.3299865722656,45933900,301.6000061035156,0,MSFT,0.0022467956038150216,-0.004822838843752231,-0.034104004844096925,307.84999389648436,311.2799987792969,0.08505617340527061,0.02105236684303585,0.0,0.0,0.0,0.0,0.0,0.0,0.0,0.0
2022-01-20,309.07000732421875,311.6499938964844,301.1400146484375,301.6000061035156,35380700,296.0299987792969,0,MSFT,-0.005703295240603756,-0.027724067585709444,-0.04031559917611183,304.5159973144531,309.8019989013672,-0.2297475285137992,0.02091302414092051,0.0,0.0,0.0,0.0,0.0,0.0,0.0,0.0
2022-01-21,302.69000244140625,304.1099853515625,295.6099853515625,296.0299987792969,57984400,296.3699951171875,1,MSFT,-0.018468193672075084,-0.021873435488823256,-0.060162586659677886,302.7619995117187,308.0169982910156,0.6388709098463285,0.021069840364140738,0.0,0.0,0.0,0.0,0.0,0.0,0.0,0.0
2022-01-24,292.20001220703125,297.1099853515625,276.04998779296875,296.3699951171875,85731500,288.489990234375,0,MSFT,0.0011485198773524274,-0.02294527993664075,-0.0688094845648285,299.99599609375,306.2499969482422,0.47852698311959774,0.019929064502831315,0.0,0.0,0.0,0.0,0.0,0.0,0.0,0.0
2022-01-25,291.5199890136719,294.989990234375,285.1700134277344,288.489990234375,72848600,296.7099914550781,1,MSFT,-0.026588403052396292,-0.04346822149811558,-0.05351049282085962,297.16399536132815,303.6719970703125,-0.15027032071059065,0.016211177821919377,0.0,0.0,0.0,0.0,0.0,0.0,0.0,0.0
2022-01-26,307.989990234375,308.5,293.0299987792969,296.7099914550781,90428900,299.8399963378906,1,MSFT,0.028493193867922484,0.002297039754704855,-0.04348813739874946,295.8399963378906,301.8449951171875,0.24132653201296939,0.019254585206631068,0.0,0.0,0.0,0.0,0.0,0.0,0.0,0.0
2022-01-27,302.6600036621094,307.29998779296875,297.92999267578125,299.8399963378906,53481300,308.260009765625,1,MSFT,0.010549037689842722,0.011708341862782135,-0.00928464435903753,295.4879943847656,300.0019958496094,-0.4085817697660814,0.018258157642829637,0.0,0.0,0.0,0.0,0.0,0.0,0.0,0.0
2022-01-28,300.2300109863281,308.4800109863281,294.45001220703125,308.260009765625,49743700,310.9800109863281,1,MSFT,0.0280816886691988,0.06852930846990035,0.01625300303827637,297.9339965820312,300.347998046875,-0.06988610972433351,0.021407852131078653,0.0,0.0,0.0,0.0,0.0,0.0,0.0,0.0
2022-01-31,308.95001220703125,312.3800048828125,306.3699951171875,310.9800109863281,46444500,308.760009765625,0,MSFT,0.008823723916609127,0.04809416582592729,0.031100811316273846,300.8559997558594,300.4259979248047,-0.06632397670458767,0.021182824770176408,0.0,0.0,0.0,0.0,0.0,0.0,0.0,0.0
2022-02-01,310.4100036621094,310.6300048828125,305.1300048828125,308.760009765625,40950400,313.4599914550781,1,MSFT,-0.007138726420588881,0.029749244719448287,0.04300243569510287,304.9100036621094,301.03699951171876,-0.11829387763890231,0.01949406388094464,0.0,0.0,0.0,0.0,0.0,0.0,0.0,0.0
2022-02-02,309.6300048828125,315.1199951171875,308.8800048828125,313.4599914550781,36636000,301.25,0,MSFT,0.015222119253788025,0.016868816987992474,0.057664394572510824,308.2600036621094,302.05,-0.10535672423224196,0.019612163256442224,0.0,0.0,0.0,0.0,0.0,0.0,0.0,0.0
2022-02-03,309.489990234375,311.2300109863281,299.9599914550781,301.25,43730000,305.94000244140625,1,MSFT,-0.03895231221821793,-0.03128821995815001,0.04423033795820275,308.54200439453126,302.01499938964844,0.19363467627470254,0.023449384557505542,0.0,0.0,0.0,0.0,0.0,0.0,0.0,0.0
2022-02-04,300.2099914550781,308.79998779296875,299.9700012207031,305.94000244140625,35096500,300.95001220703125,0,MSFT,0.015568472834543545,-0.009133330855765176,0.031107853635341964,308.0780029296875,303.00599975585936,-0.1974273953807455,0.02187981834542855,0.0,0.0,0.0,0.0,0.0,0.0,0.0,0.0
2022-02-07,306.1700134277344,307.8399963378906,299.8999938964844,300.95001220703125,28533300,304.5599975585937,1,MSFT,-0.016310355607487725,-0.0399093332133893,0.003702027356916604,306.07200317382814,303.46400146484376,-0.18700440214836234,0.022988390712860143,0.0,0.0,0.0,0.0,0.0,0.0,0.0,0.0
2022-02-08,301.25,305.5599975585937,299.95001220703125,304.5599975585937,32421200,311.2099914550781,1,MSFT,0.01199529890392248,0.010987543762966512,-0.012002893952558047,305.23200073242185,305.0710021972656,0.13625833675039334,0.02046733088950366,0.0,0.0,0.0,0.0,0.0,0.0,0.0,0.0
2022-02-09,309.8699951171875,311.92999267578125,307.3900146484375,311.2099914550781,31284700,302.3800048828125,0,MSFT,0.021834758175045765,0.017225563743274108,0.0007395345701499689,304.78200073242186,306.5210021972656,-0.03505422377950229,0.022091862298143056,0.0,0.0,0.0,0.0,0.0,0.0,0.0,0.0
2022-02-10,304.0400085449219,309.1199951171875,300.70001220703125,302.3800048828125,45386200,295.0400085449219,0,MSFT,-0.028373081889114693,0.00475159534068248,-0.020663313515424053,305.00800170898435,306.77500305175784,0.4507474899871182,0.024601567662992565,0.0,0.0,0.0,0.0,0.0,0.0,0.0,0.0
2022-02-11,303.19000244140625,304.2900085449219,294.2200012207031,295.0400085449219,39175600,295.0,0,MSFT,-0.02427407969893791,-0.03125817274095655,-0.05876342567563686,302.8280029296875,305.4530029296875,-0.136838951046794,0.024329380443556675,0.0,0.0,0.0,0.0,0.0,0.0,0.0,0.0
2022-02-14,293.7699890136719,296.760009765625,291.3500061035156,295.0,36359500,300.4700012207031,1,MSFT,-0.0001356037952926492,-0.052086989171804765,-0.020746887966805017,301.63800048828125,303.85500183105466,-0.07188402985531805,0.02028102162146763,0.0,0.0,0.0,0.0,0.0,0.0,0.0,0.0
2022-02-15,300.010009765625,300.79998779296875,297.0199890136719,300.4700012207031,27058300,299.5,0,MSFT,0.0185423770193327,-0.006316567336684842,-0.017879326590352407,300.82000122070315,303.0260009765625,-0.2558120986262188,0.020755851462885444,0.0,0.0,0.0,0.0,0.0,0.0,0.0,0.0
2022-02-16,298.3699951171875,300.8699951171875,293.67999267578125,299.5,29982100,290.7300109863281,0,MSFT,-0.0032282797509314287,0.015116564960372392,-0.004818116458602306,298.4780029296875,301.6300018310547,0.10805556890122436,0.01986317845406253,0.0,0.0,0.0,0.0,0.0,0.0,0.0,0.0
2022-02-17,296.3599853515625,296.79998779296875,290.0,290.7300109863281,32461600,287.92999267578125,0,MSFT,-0.02928210021259392,-0.014474539029396216,-0.04540972774865104,296.14800415039065,300.5780029296875,0.08269934394188527,0.02158129533505214,0.0,0.0,0.0,0.0,0.0,0.0,0.0,0.0
2022-02-18,293.04998779296875,293.8599853515625,286.3099975585937,287.92999267578125,34264000,287.7200012207031,0,MSFT,-0.009630991658025057,-0.0417346440375953,-0.0748047923218983,294.7260009765625,298.777001953125,0.055524065357221986,0.01763172668666276,0.0,0.0,0.0,0.0,0.0,0.0,0.0,0.0
2022-02-22,285.0,291.5400085449219,284.5,287.7200012207031,41736100,280.2699890136719,0,MSFT,-0.0007293142792337282,-0.03933221629147543,-0.04848205379119186,293.27000122070314,297.45400085449216,0.21807436376371703,0.016098025042823687,0.0,0.0,0.0,0.0,0.0,0.0,0.0,0.0
2022-02-23,290.17999267578125,291.70001220703125,280.1000061035156,280.2699890136719,37811200,294.5899963378906,1,MSFT,-0.025893271845625065,-0.035978473419959855,-0.05006107342557631,289.22999877929686,295.025,-0.09404089026046991,0.01639708828029374,0.0,0.0,0.0,0.0,0.0,0.0,0.0,0.0
2022-02-24,272.510009765625,295.1600036621094,271.5199890136719,294.5899963378906,56989700,297.3099975585937,1,MSFT,0.05109361646109112,0.02313063533332138,-0.0013898429224046271,288.247998046875,293.3630004882813,0.5072174382193635,0.027646221450463287,0.0,0.0,0.0,0.0,0.0,0.0,0.0,0.0
2022-02-25,295.1400146484375,297.6300048828125,291.6499938964844,297.3099975585937,32546700,298.7900085449219,1,MSFT,0.009233175785043457,0.03333100339636896,-0.010516869069362889,289.5639953613281,292.8559997558594,-0.42890206475907044,0.02682428126760644,0.0,0.0,0.0,0.0,0.0,0.0,0.0,0.0
2022-02-28,294.3099975585937,299.1400146484375,293.0,298.7900085449219,34627500,294.95001220703125,0,MSFT,0.004978006116449274,0.06607921025160701,-0.002370589165536341,291.7359985351562,293.2309997558594,0.06393274894228917,0.026900349834636097,0.0,0.0,0.0,0.0,0.0,0.0,0.0,0.0
2022-03-01,296.3999938964844,299.9700012207031,292.1499938964844,294.95001220703125,31217800,300.19000244140625,1,MSFT,-0.012851823113466998,0.0012220912916800497,0.014515189561567388,293.1820007324219,293.2260009765625,-0.09846798065121654,0.024535755769690543,0.0,0.0,0.0,0.0,0.0,0.0,0.0,0.0
2022-03-02,295.3599853515625,301.4700012207031,293.70001220703125,300.19000244140625,31873000,295.9200134277344,0,MSFT,0.01776568915920884,0.009686875337062917,0.042579828699645716,297.16600341796874,293.1980010986328,0.0209880260620543,0.02449780723104646,0.0,0.0,0.0,0.0,0.0,0.0,0.0,0.0
2022-03-03,302.8900146484375,303.1300048828125,294.04998779296875,295.9200134277344,27314500,289.8599853515625,0,MSFT,-0.014224287880824193,-0.009605391864219603,0.028499972793831763,297.4320068359375,292.8400024414062,-0.14302073855614472,0.02564088916761992,0.0,0.0,0.0,0.0,0.0,0.0,0.0,0.0
2022-03-04,294.2900085449219,295.6600036621094,287.1700134277344,289.8599853515625,32356500,278.9100036621094,0,MSFT,-0.02047860165311788,-0.017257252567584147,0.034216993305775656,295.94200439453124,292.7529998779297,0.18459060206117628,0.02464036840545262,0.0,0.0,0.0,0.0,0.0,0.0,0.0,0.0
2022-03-07,288.5299987792969,289.69000244140625,278.5299987792969,278.9100036621094,43157200,275.8500061035156,0,MSFT,-0.03777679653220234,-0.07088843268006728,-0.053226494011006764,291.96600341796875,291.8510009765625,0.33380309984083567,0.019291349877992057,0.0,0.0,0.0,0.0,0.0,0.0,0.0,0.0
2022-03-08,277.79998779296875,283.9599914550781,270.0,275.8500061035156,48159500,288.5,1,MSFT,-0.010971272160968604,-0.06782240610137025,-0.07218052413743248,288.1460021972656,290.66400146484375,0.11590881706876255,0.017803262659248014,0.0,0.0,0.0,0.0,0.0,0.0,0.0,0.0
2022-03-09,283.44000244140625,289.6000061035156,280.7799987792969,288.5,35204500,285.5899963378906,0,MSFT,0.045858233157831885,-0.004691869938215243,-0.034438931191284494,285.80800170898436,291.48700256347655,-0.2690019622296743,0.027689850777367193,0.0,0.0,0.0,0.0,0.0,0.0,0.0,0.0
2022-03-10,283.0199890136719,286.6000061035156,280.5799865722656,285.5899963378906,30628000,280.07000732421875,0,MSFT,-0.010086667806271654,0.02395035168359838,-0.03173424472541009,283.74199829101565,290.5870025634766,-0.12999758553593999,0.027573126946173258,0.0,0.0,0.0,0.0,0.0,0.0,0.0,0.0
2022-03-11,287.9599914550781,289.510009765625,279.42999267578125,280.07000732421875,27209300,276.44000244140625,0,MSFT,-0.019328369636382514,0.015298173381658398,-0.06702420118443053,281.78400268554685,288.8630035400391,-0.11162008619563801,0.026159856744928368,0.0,0.0,0.0,0.0,0.0,0.0,0.0,0.0
2022-03-14,280.3399963378906,285.3999938964844,275.82000732421875,276.44000244140625,30660700,287.1499938964844,1,MSFT,-0.012961062548230262,-0.041802417880740905,-0.06582863646390469,281.2900024414063,286.6280029296875,0.12684633562789194,0.026126755083906147,0.0,0.0,0.0,0.0,0.0,0.0,0.0,0.0
2022-03-15,280.3500061035156,287.82000732421875,278.7300109863281,287.1499938964844,34245100,294.3900146484375,1,MSFT,0.03874255303317842,0.005462367655021394,-0.009349312054201864,283.55,285.84800109863284,0.11690535441134742,0.03106084029380756,0.0,0.0,0.0,0.0,0.0,0.0,0.0,0.0
2022-03-16,289.1099853515625,294.57000732421875,283.20001220703125,294.3900146484375,37826300,295.2200012207031,1,MSFT,0.0252133759562716,0.05113009943846447,0.05550181342753735,284.7280029296875,285.26800231933595,0.10457554511448364,0.027531382756649802,0.0,0.0,0.0,0.0,0.0,0.0,0.0,0.0
2022-03-17,293.2900085449219,295.6099853515625,289.3699951171875,295.2200012207031,30816600,300.42999267578125,1,MSFT,0.002819343493211779,0.06793517079091127,0.07021930284068478,286.65400390625,285.1980010986328,-0.18531286432984462,0.02641269989030588,0.0,0.0,0.0,0.0,0.0,0.0,0.0,0.0
2022-03-18,295.3699951171875,301.0,292.7300109863281,300.42999267578125,43390600,299.1600036621094,0,MSFT,0.017647826819102264,0.0462476025128673,0.041351794370125594,290.7260009765625,286.2550018310547,0.4080268426757008,0.021782431021092053,0.0,0.0,0.0,0.0,0.0,0.0,0.0,0.0
2022-03-21,298.8900146484375,300.1400146484375,294.8999938964844,299.1600036621094,28351200,304.0599975585937,1,MSFT,-0.004227237774633297,0.016202957900485204,0.047515695571366034,295.27000122070314,288.2800018310547,-0.3466050250515088,0.021164742430911408,0.0,0.0,0.0,0.0,0.0,0.0,0.0,0.0
2022-03-22,299.79998779296875,305.0,298.7699890136719,304.0599975585937,27599700,299.489990234375,0,MSFT,0.016379174476875313,0.029943758218745842,0.08565712003071901,298.65200195312497,291.10100097656243,-0.02650681452636927,0.017848779691844504,0.0,0.0,0.0,0.0,0.0,0.0,0.0,0.0
2022-03-23,300.510009765625,303.2300109863281,297.7200012207031,299.489990234375,25715400,304.1000061035156,1,MSFT,-0.0150299525123756,-0.003128856852919748,0.08338152072565697,299.6719970703125,292.2,-0.06827248122262197,0.018340291034014057,0.0,0.0,0.0,0.0,0.0,0.0,0.0,0.0
2022-03-24,299.1400146484375,304.20001220703125,298.32000732421875,304.1000061035156,24484500,303.67999267578125,0,MSFT,0.01539288797442917,0.01651291075322292,0.059028426144217994,301.447998046875,294.0510009765625,-0.04786625912877107,0.014261141481270147,0.0,0.0,0.0,0.0,0.0,0.0,0.0,0.0
2022-03-25,305.2300109863281,305.5,299.2900085449219,303.67999267578125,22566500,310.70001220703125,1,MSFT,-0.001381168757988771,-0.0012497694069053544,0.03155670221504603,302.097998046875,296.41199951171876,-0.07833527333619228,0.01243402702037928,0.0,0.0,0.0,0.0,0.0,0.0,0.0,0.0
2022-03-28,304.3299865722656,310.79998779296875,304.3299865722656,310.70001220703125,29578200,315.4100036621094,1,MSFT,0.023116503228926222,0.037430372760984376,0.05243550884872272,304.4059997558594,299.83800048828124,0.3107127822214344,0.014212325874112405,0.0,0.0,0.0,0.0,0.0,0.0,0.0,0.0
2022-03-29,313.9100036621094,315.82000732421875,309.04998779296875,315.4100036621094,30393400,313.8599853515625,0,MSFT,0.01515928957202517,0.03719170447745346,0.04986190244492095,306.6760009765625,302.66400146484375,0.027560838725818382,0.013942231261270279,0.0,0.0,0.0,0.0,0.0,0.0,0.0,0.0
2022-03-30,313.760009765625,315.95001220703125,311.5799865722656,313.8599853515625,28163600,308.3099975585937,0,MSFT,-0.004914296606163937,0.03352210524665589,0.04913752343062616,309.55,304.6109985351562,-0.07336461205393274,0.01403701903465484,0.0,0.0,0.0,0.0,0.0,0.0,0.0,0.0
2022-03-31,313.8999938964844,315.1400146484375,307.8900146484375,308.3099975585937,33422100,309.4200134277344,1,MSFT,-0.017683005327207013,-0.007692354536648627,0.013977504552143527,310.3919982910156,305.9199981689453,0.1867126361686715,0.015995106349622243,0.0,0.0,0.0,0.0,0.0,0.0,0.0,0.0
2022-04-01,309.3699951171875,310.1300048828125,305.5400085449219,309.4200134277344,27110500,314.9700012207031,1,MSFT,0.0036003239529387443,-0.018991123188318193,0.03315644434589737,311.5400024414063,306.8190002441406,-0.18884510548409583,0.014109712507275309,0.0,0.0,0.0,0.0,0.0,0.0,0.0,0.0
2022-04-04,310.0899963378906,315.1099853515625,309.7099914550781,314.9700012207031,24289600,310.8800048828125,0,MSFT,0.017936744722768072,0.003536659405299014,0.0357448040086108,312.3940002441406,308.4,-0.10405193559690895,0.01445780743643692,0.0,0.0,0.0,0.0,0.0,0.0,0.0,0.0
2022-04-05,313.2699890136719,314.8699951171875,309.8699951171875,310.8800048828125,23156700,299.5,0,MSFT,-0.012985352008252793,0.008335789771884983,0.023709208313628327,311.4880004882813,309.0820007324219,-0.04664136091166593,0.015918817114574834,0.0,0.0,0.0,0.0,0.0,0.0,0.0,0.0
2022-04-06,305.19000244140625,307.0,296.7099914550781,299.5,40110400,301.3699951171875,1,MSFT,-0.036605779413514394,-0.032060025199537434,-0.03604767224652783,308.6160034179687,309.0830017089844,0.7321293621284553,0.01927856885993967,0.0,0.0,0.0,0.0,0.0,0.0,0.0,0.0
2022-04-07,296.6600036621094,303.6499938964844,296.3500061035156,301.3699951171875,31411200,296.9700012207031,0,MSFT,0.006243723262729484,-0.04317873464395727,-0.04451351695224792,307.2280029296875,308.81000061035155,-0.2168814073158084,0.017969394645101527,0.0,0.0,0.0,0.0,0.0,0.0,0.0,0.0
2022-04-08,300.44000244140625,301.1199951171875,296.2799987792969,296.9700012207031,24361900,285.260009765625,0,MSFT,-0.01459997334762353,-0.044743963727589375,-0.05381375428263169,304.7380004882813,308.1390014648438,-0.22441995211898935,0.01821222637826878,0.0,0.0,0.0,0.0,0.0,0.0,0.0,0.0
2022-04-11,291.7900085449219,292.6099853515625,285.0,285.260009765625,34569300,282.0599975585937,0,MSFT,-0.039431563480970766,-0.047545877243322154,-0.07476237545163644,298.79600219726564,305.5950012207031,0.41899030863766784,0.021712401262405798,0.0,0.0,0.0,0.0,0.0,0.0,0.0,0.0
2022-04-12,289.239990234375,290.739990234375,280.489990234375,282.0599975585937,30966700,287.6199951171875,1,MSFT,-0.011217878768427836,-0.06407405472162264,-0.08842354948553022,293.03200073242186,302.26000061035154,-0.10421385448938802,0.020772509909228704,0.0,0.0,0.0,0.0,0.0,0.0,0.0,0.0
2022-04-13,282.7300109863281,288.5799865722656,281.29998779296875,287.6199951171875,21907200,279.8299865722656,0,MSFT,0.01971210950407376,-0.03148468217356026,-0.08683368573996719,290.6559997558594,299.63600158691406,-0.2925561974637272,0.021218546303960698,0.0,0.0,0.0,0.0,0.0,0.0,0.0,0.0
2022-04-14,288.0899963378906,288.3099975585937,279.32000732421875,279.8299865722656,28221600,280.5199890136719,1,MSFT,-0.02708437757169113,-0.019035346727432234,-0.09987782367106979,286.347998046875,296.7880004882812,0.28823400525854503,0.021908343951671776,0.0,0.0,0.0,0.0,0.0,0.0,0.0,0.0
2022-04-18,278.9100036621094,282.4599914550781,278.3399963378906,280.5199890136719,20778000,285.29998779296875,1,MSFT,0.0024657916396249036,-0.005459861583533843,-0.06337232382747282,283.05799560546876,293.897998046875,-0.263755421379369,0.020320372782977963,0.0,0.0,0.0,0.0,0.0,0.0,0.0,0.0
2022-04-19,279.3800048828125,286.1700134277344,278.4100036621094,285.29998779296875,22297700,286.3599853515625,1,MSFT,0.017039779575436675,-0.008066224058148275,-0.05332318274740633,283.0659912109375,290.9309967041016,0.07313985946674362,0.022020321280458676,0.0,0.0,0.0,0.0,0.0,0.0,0.0,0.0
2022-04-20,289.3999938964844,289.70001220703125,285.3699951171875,286.3599853515625,22906700,280.8099975585937,0,MSFT,0.0037153789132404746,0.023335593369692376,-0.03572756785374909,283.9259887695313,288.47899475097654,0.027312233997228486,0.02213611211047802,0.0,0.0,0.0,0.0,0.0,0.0,0.0,0.0
2022-04-21,288.5799865722656,293.29998779296875,280.0599975585937,280.8099975585937,29454600,274.0299987792969,0,MSFT,-0.01938115685456232,0.0010338248833585695,-0.015599845946466573,282.5639892578125,286.60999450683596,0.2858508645942017,0.017808037624978953,0.0,0.0,0.0,0.0,0.0,0.0,0.0,0.0
2022-04-22,281.67999267578125,283.20001220703125,273.3800048828125,274.0299987792969,29405800,280.7200012207031,1,MSFT,-0.024144435163431455,-0.03950224148572368,-0.028469115963984604,281.40399169921875,283.87599487304686,-0.0016567870553325648,0.019500093267619444,0.0,0.0,0.0,0.0,0.0,0.0,0.0,0.0
2022-04-25,273.2900085449219,281.1099853515625,270.7699890136719,280.7200012207031,35678900,270.2200012207031,0,MSFT,0.024413394413778544,-0.01969543378742389,-0.023989965974629324,281.443994140625,282.25099487304686,0.21332866305286702,0.020506044829511755,0.0,0.0,0.0,0.0,0.0,0.0,0.0,0.0
2022-04-26,277.5,278.3599853515625,270.0,270.2200012207031,46518400,283.2200012207031,1,MSFT,-0.037403818589131665,-0.037712319468543365,-0.03434222854126012,278.42799682617186,280.7469940185547,0.30380701198747717,0.022750512087051575,0.0,0.0,0.0,0.0,0.0,0.0,0.0,0.0
2022-04-27,282.1000061035156,290.9700012207031,279.1600036621094,283.2200012207031,63477700,289.6300048828125,1,MSFT,0.048108948047047795,0.033536483167333264,0.00962502606864013,277.8,280.8629943847656,0.3645718683359702,0.030415153246768772,0.0,0.0,0.0,0.0,0.0,0.0,0.0,0.0
2022-04-28,285.19000244140625,290.9800109863281,281.4599914550781,289.6300048828125,33646600,277.5199890136719,0,MSFT,0.0226325952774582,0.031739824819622564,0.015177067210342399,279.5640014648437,281.0639953613281,-0.46994613856519696,0.03095203130788175,0.0,0.0,0.0,0.0,0.0,0.0,0.0,0.0
2022-04-29,288.6099853515625,289.8800048828125,276.5,277.5199890136719,37073900,284.4700012207031,1,MSFT,-0.041812021078549755,0.027014979498155123,-0.030870222063455577,280.2619995117187,280.83299560546874,0.10186170370854697,0.035165978923204604,0.0,0.0,0.0,0.0,0.0,0.0,0.0,0.0
2022-05-02,277.7099914550781,284.94000244140625,276.2200012207031,284.4700012207031,35151100,281.7799987792969,0,MSFT,0.025043285104370927,0.0044135300989067705,0.013033737024785719,281.0119995117187,281.2279968261719,-0.05186397978092405,0.03591570536620932,0.0,0.0,0.0,0.0,0.0,0.0,0.0,0.0
2022-05-03,283.9599914550781,284.1300048828125,280.1499938964844,281.7799987792969,25978600,289.9800109863281,1,MSFT,-0.009456190212897897,-0.02710356651995305,0.028281575136019477,283.3239990234375,280.87599792480466,-0.2609448921939854,0.03450751043179753,0.0,0.0,0.0,0.0,0.0,0.0,0.0,0.0
2022-05-04,282.5899963378906,290.8800048828125,276.7300109863281,289.9800109863281,33599300,277.3500061035156,0,MSFT,0.029100760318527374,0.04489774598557794,0.03298664051495481,284.6760009765625,281.2380004882813,0.2933452918940975,0.03500021413795125,0.0,0.0,0.0,0.0,0.0,0.0,0.0,0.0
2022-05-05,285.5400085449219,286.3500061035156,274.3399963378906,277.3500061035156,43260400,274.7300109863281,0,MSFT,-0.04355474310057872,-0.025028984028665713,0.026385925729417226,282.2200012207031,280.8920013427734,0.28753872848541495,0.03630036056474462,0.0,0.0,0.0,0.0,0.0,0.0,0.0,0.0
2022-05-06,274.8099975585937,279.25,271.2699890136719,274.7300109863281,37780300,264.5799865722656,0,MSFT,-0.009446529870309917,-0.02501947556075701,-0.029976661951071182,281.66200561523436,280.9620025634766,-0.12667705337907187,0.03082799720396451,0.0,0.0,0.0,0.0,0.0,0.0,0.0,0.0
2022-05-09,270.0599975585937,272.3599853515625,263.32000732421875,264.5799865722656,47726000,269.5,1,MSFT,-0.03694545192795706,-0.0875923286148853,-0.08648972098274965,277.6840026855469,279.34800109863284,0.2632509535392784,0.03049550632774451,0.0,0.0,0.0,0.0,0.0,0.0,0.0,0.0
2022-05-10,271.69000244140625,273.75,265.07000732421875,269.5,39336400,260.54998779296875,0,MSFT,0.01859556155956854,-0.028303608908469835,-0.028898779659712326,275.2280029296875,279.2760009765625,-0.17578678288563887,0.029322608171739147,0.0,0.0,0.0,0.0,0.0,0.0,0.0,0.0
2022-05-11,265.67999267578125,271.3599853515625,259.29998779296875,260.54998779296875,48975900,255.3500061035156,0,MSFT,-0.03320969279046848,-0.05161439459216943,-0.084086242222695,269.3419982910156,277.0089996337891,0.2450529280767939,0.028006131995603544,0.0,0.0,0.0,0.0,0.0,0.0,0.0,0.0
2022-05-12,257.69000244140625,259.8800048828125,250.0200042724609,255.3500061035156,51033800,261.1199951171875,1,MSFT,-0.019957712274333406,-0.03488540682282104,-0.09379655330498626,264.9419982910156,273.58099975585935,0.042018625487229455,0.02812001354160982,0.0,0.0,0.0,0.0,0.0,0.0,0.0,0.0
2022-05-13,257.3500061035156,263.0400085449219,255.3500061035156,261.1199951171875,34925100,261.5,1,MSFT,0.022596392699253842,-0.03109463778409094,-0.09952415606502374,262.2199951171875,271.9410003662109,-0.31564766879989337,0.026535467715572924,0.0,0.0,0.0,0.0,0.0,0.0,0.0,0.0
2022-05-16,259.9599914550781,265.82000732421875,255.77999877929688,261.5,32550900,266.82000732421875,1,MSFT,0.0014552883345526624,0.0036461802016514167,-0.057148028681131224,261.6039978027344,269.6440002441406,-0.06797976240583425,0.02363328828017535,0.0,0.0,0.0,0.0,0.0,0.0,0.0,0.0
2022-05-17,266.1099853515625,268.3299865722656,262.4599914550781,266.82000732421875,28828800,254.0800018310547,0,MSFT,0.020344196268522907,0.044918742692543256,-0.028791916957710995,261.0679992675781,268.1480010986328,-0.11434706874464295,0.025927703439756703,0.0,0.0,0.0,0.0,0.0,0.0,0.0,0.0
2022-05-18,263.0,263.6000061035156,252.7700042724609,254.0800018310547,31356000,253.13999938964844,0,MSFT,-0.047747564438387124,-0.026960759106070542,-0.0396854836877204,259.7740020751953,264.5580001831055,0.08766233766233755,0.028425234188550492,0.0,0.0,0.0,0.0,0.0,0.0,0.0,0.0
2022-05-19,253.8999938964844,257.6700134277344,251.8800048828125,253.13999938964844,32692300,252.55999755859372,0,MSFT,-0.003699631748394272,-0.03196940959981476,-0.06070501154119323,259.3320007324219,262.1369995117187,0.04261704299017732,0.026467811288087513,0.0,0.0,0.0,0.0,0.0,0.0,0.0,0.0
2022-05-20,257.239990234375,258.5400085449219,246.44000244140625,252.55999755859372,39199300,260.6499938964844,1,MSFT,-0.002291229487450308,-0.05344430467801231,-0.030665863015598482,257.6200012207031,259.9199981689453,0.19903769389122217,0.024155864488312098,0.0,0.0,0.0,0.0,0.0,0.0,0.0,0.0
2022-05-23,255.4900054931641,261.5,253.42999267578125,260.6499938964844,33175400,259.6199951171875,0,MSFT,0.03203197820752979,0.02585796606613,0.02075577703655984,257.45,259.52699890136716,-0.15367366253989234,0.026387722448938472,0.0,0.0,0.0,0.0,0.0,0.0,0.0,0.0
2022-05-24,257.8900146484375,261.3299865722656,253.5,259.6199951171875,29043900,262.5199890136719,1,MSFT,-0.003951654722485598,0.02559846623671924,-0.005744485401536603,256.00999755859374,258.53899841308595,-0.12453504705293683,0.025014353600697627,0.0,0.0,0.0,0.0,0.0,0.0,0.0,0.0
2022-05-25,258.1400146484375,264.5799865722656,257.1300048828125,262.5199890136719,28547900,265.8999938964844,1,MSFT,0.011170148490201592,0.03943614013049501,0.0039005316010396474,257.6979949951172,258.7359985351562,-0.017077596328316735,0.025410592579102907,0.0,0.0,0.0,0.0,0.0,0.0,0.0,0.0
2022-05-26,262.2699890136719,267.1099853515625,261.42999267578125,265.8999938964844,25002100,273.239990234375,1,MSFT,0.012875228646442194,0.020141953281936464,-0.0034480676204181604,260.2499938964844,259.79099731445314,-0.1242052830505922,0.02459878823497727,0.0,0.0,0.0,0.0,0.0,0.0,0.0,0.0
2022-05-27,268.4800109863281,273.3399963378906,267.5599975585937,273.239990234375,26910800,271.8699951171875,0,MSFT,0.027604349403438144,0.05246127175620541,0.07540927371395556,264.3859924316406,261.00299682617185,0.07634158730666618,0.014924046083056948,0.0,0.0,0.0,0.0,0.0,0.0,0.0,0.0
2022-05-31,272.5299987792969,274.7699890136719,268.92999267578125,271.8699951171875,37827700,272.4200134277344,1,MSFT,-0.005013889496967017,0.03561635873384361,0.07399066039622104,266.62999267578124,262.0399963378906,0.40566984259107874,0.015139667527404919,0.0,0.0,0.0,0.0,0.0,0.0,0.0,0.0
2022-06-01,275.20001220703125,277.69000244140625,270.0400085449219,272.4200134277344,25292200,274.5799865722656,1,MSFT,0.0020230930975291272,0.02452057044344369,0.07863484344757787,269.18999633789065,262.59999694824216,-0.3313841444232666,0.01461828615153161,0.0,0.0,0.0,0.0,0.0,0.0,0.0,0.0
2022-06-02,264.45001220703125,274.6499938964844,261.6000061035156,274.5799865722656,44008200,270.0199890136719,0,MSFT,0.007928834292874942,0.004904100372501219,0.053443287941581374,271.60199584960935,264.6499954223633,0.7399909853630764,0.011287629848799885,0.0,0.0,0.0,0.0,0.0,0.0,0.0,0.0
2022-06-03,270.3099975585937,273.45001220703125,268.4100036621094,270.0199890136719,28059000,268.75,0,MSFT,-0.016607173798493968,-0.00680474541781706,0.04005852435129276,272.4259948730469,266.33799438476564,-0.36241427733922316,0.014095453187048641,0.0,0.0,0.0,0.0,0.0,0.0,0.0,0.0
2022-06-06,272.0599975585937,274.17999267578125,267.2200012207031,268.75,22400300,272.5,1,MSFT,-0.004703314811288162,-0.013471893571827986,0.02373156805977028,271.5279968261719,267.9569946289063,-0.20167147795716167,0.01434554214209353,0.0,0.0,0.0,0.0,0.0,0.0,0.0,0.0
2022-06-07,266.6400146484375,273.1300048828125,265.94000244140625,272.5,22860700,270.4100036621094,0,MSFT,0.013953488372093092,-0.0075751572364440856,0.024821384937996793,271.65399780273435,269.1419952392578,0.020553296161212042,0.014468949080738777,0.0,0.0,0.0,0.0,0.0,0.0,0.0,0.0
2022-06-08,271.7099914550781,273.0,269.6099853515625,270.4100036621094,17372300,264.7900085449219,0,MSFT,-0.007669711331708684,0.0014443917647064541,-0.010357146367331427,271.2519958496094,270.22099609375,-0.24008013752859714,0.010238830640654228,0.0,0.0,0.0,0.0,0.0,0.0,0.0,0.0
2022-06-09,267.7799987792969,272.7099914550781,264.6300048828125,264.7900085449219,26439700,252.9900054931641,0,MSFT,-0.020783236718601383,-0.014734851925872094,-0.026041809318508413,269.29400024414065,270.447998046875,0.5219458563345096,0.01261498013265986,0.0,0.0,0.0,0.0,0.0,0.0,0.0,0.0
2022-06-10,260.5799865722656,260.5799865722656,252.52999877929688,252.9900054931641,31422800,242.25999450683597,0,MSFT,-0.044563626537879375,-0.07159631011682899,-0.07132371696958506,265.88800354003905,269.156999206543,0.18847036842324227,0.019503936442067885,0.0,0.0,0.0,0.0,0.0,0.0,0.0,0.0
2022-06-13,245.1100006103516,249.0200042724609,241.52999877929688,242.25999450683597,46135800,244.4900054931641,1,MSFT,-0.04241278609173382,-0.10410121213728551,-0.11770702034368219,260.5900024414062,266.0589996337891,0.4682268925748183,0.0208740808877561,0.0,0.0,0.0,0.0,0.0,0.0,0.0,0.0
2022-06-14,243.8600006103516,245.7400054931641,241.50999450683597,244.4900054931641,28651500,251.75999450683597,1,MSFT,0.00920503193631994,-0.07666453565718234,-0.09454849477538174,254.98800354003907,263.32100067138674,-0.37897467909952787,0.02321513720858309,0.0,0.0,0.0,0.0,0.0,0.0,0.0,0.0
2022-06-15,248.30999755859372,255.3000030517578,246.4199981689453,251.75999450683597,33111700,244.97000122070312,0,MSFT,0.029735321895909328,-0.004861895567496499,-0.06321862509084297,251.25800170898438,261.2549987792969,0.1556707327714082,0.028520402932620977,0.0,0.0,0.0,0.0,0.0,0.0,0.0,0.0
2022-06-16,245.97999572753903,247.4199981689453,243.0200042724609,244.97000122070312,33169200,247.6499938964844,1,MSFT,-0.026970104203543288,0.011186356704844691,-0.10102751845613533,247.29400024414062,258.29400024414065,0.0017365462963243594,0.027211286303812917,0.0,0.0,0.0,0.0,0.0,0.0,0.0,0.0
2022-06-17,244.6999969482422,250.5,244.02999877929688,247.6499938964844,43084800,253.7400054931641,1,MSFT,0.010940085163190005,0.012924816280102114,-0.0841685198675739,246.22599792480474,256.0570007324219,0.29893998046380377,0.028879668542828887,0.0,0.0,0.0,0.0,0.0,0.0,0.0,0.0
2022-06-21,250.25999450683597,254.75,249.50999450683597,253.7400054931641,29928300,253.1300048828125,0,MSFT,0.024591204307581105,0.00786467679349423,-0.04173119338029385,248.52200012207035,254.55600128173828,-0.30536291221033873,0.031577611139654155,0.0,0.0,0.0,0.0,0.0,0.0,0.0,0.0
2022-06-22,251.88999938964844,257.1700134277344,250.3699951171875,253.1300048828125,25939900,258.8599853515625,1,MSFT,-0.0024040379803965672,0.03331021603236106,0.0005533791320155856,250.25,252.61900177001954,-0.13326517042398,0.02653398904116142,0.0,0.0,0.0,0.0,0.0,0.0,0.0,0.0
2022-06-23,255.57000732421875,259.3699951171875,253.6300048828125,258.8599853515625,25861400,267.70001220703125,1,MSFT,0.022636512298898515,0.04526546227077155,0.0685213870268544,251.6699981689453,251.46399993896483,-0.00302622600703939,0.01950853909639298,0.0,0.0,0.0,0.0,0.0,0.0,0.0,0.0
2022-06-24,261.8099975585937,267.9800109863281,261.7200012207031,267.70001220703125,33923200,264.8900146484375,0,MSFT,0.034149839124277825,0.055016971749231036,0.09493233339763707,256.21600036621095,251.75500030517577,0.3117309967751165,0.021576759533189185,0.0,0.0,0.0,0.0,0.0,0.0,0.0,0.0
2022-06-27,268.2099914550781,268.29998779296875,263.2799987792969,264.8900146484375,24615100,256.4800109863281,0,MSFT,-0.010496815205299992,0.046458379246938186,0.0521529251195032,259.66400451660155,252.94500122070312,-0.2743874398641638,0.02180762245981667,0.0,0.0,0.0,0.0,0.0,0.0,0.0,0.0
2022-06-28,263.9800109863281,266.9100036621094,256.32000732421875,256.4800109863281,27295500,260.260009765625,1,MSFT,-0.03174903996766787,-0.009194060495684941,0.04698538477474701,260.2120056152344,254.36700286865235,0.10889250906963621,0.023102662313861377,0.0,0.0,0.0,0.0,0.0,0.0,0.0,0.0
2022-06-29,257.5899963378906,261.9700012207031,255.75999450683597,260.260009765625,20069800,256.8299865722656,0,MSFT,0.014737985875625803,-0.027792312671440444,0.050918700504436476,261.63800659179685,255.94400329589843,-0.2647212910553022,0.02325989129357007,0.0,0.0,0.0,0.0,0.0,0.0,0.0,0.0
2022-06-30,257.04998779296875,259.5299987792969,252.8999938964844,256.8299865722656,31730900,259.5799865722656,1,MSFT,-0.013179217185338099,-0.03042782902507346,0.012177744983870031,261.2320068359375,256.4510025024414,0.5810272150195817,0.022973510412861605,0.0,0.0,0.0,0.0,0.0,0.0,0.0,0.0
2022-07-01,256.3900146484375,259.7699890136719,254.6100006103516,259.5799865722656,22837700,262.8500061035156,1,MSFT,0.010707472428365339,0.01208661670754041,0.025480905325463654,259.6080017089844,257.91200103759763,-0.2802693904049365,0.02309293008304179,0.0,0.0,0.0,0.0,0.0,0.0,0.0,0.0
2022-07-05,256.1600036621094,262.9800109863281,254.7400054931641,262.8500061035156,22941000,266.2099914550781,1,MSFT,0.012597348410524178,0.009951572430290101,0.015413818194164763,259.2,259.43200225830077,0.004523222566195306,0.02201694356508188,0.0,0.0,0.0,0.0,0.0,0.0,0.0,0.0
2022-07-06,263.75,267.989990234375,262.3999938964844,266.2099914550781,23824400,268.3999938964844,1,MSFT,0.012782900032497047,0.03652223405841748,-0.005566009279076134,261.14599609375,260.6790008544922,0.03850747569853108,0.017994482136662854,0.0,0.0,0.0,0.0,0.0,0.0,0.0,0.0
2022-07-07,265.1199951171875,269.0599975585937,265.0199890136719,268.3999938964844,20859900,267.6600036621094,0,MSFT,0.00822659746704435,0.03397799437732574,0.013250704269488267,262.77399291992185,262.20599975585935,-0.12443125535165633,0.01767684802964845,0.0,0.0,0.0,0.0,0.0,0.0,0.0,0.0
2022-07-08,264.7900085449219,268.1000061035156,263.2900085449219,267.6600036621094,19658800,264.510009765625,0,MSFT,-0.0027570426646894575,0.018299400596930138,0.0435901130571037,264.93999633789065,263.08600158691405,-0.05757937478127895,0.010306578810394073,0.0,0.0,0.0,0.0,0.0,0.0,0.0,0.0
2022-07-11,265.6499938964844,266.5299987792969,262.17999267578125,264.510009765625,19455200,253.6699981689453,0,MSFT,-0.011768638770777606,-0.006385867337890594,0.016329823409394706,265.9260009765625,262.7670013427734,-0.010356685046900127,0.011436827189388479,0.0,0.0,0.0,0.0,0.0,0.0,0.0,0.0
2022-07-12,265.8800048828125,265.94000244140625,252.0399932861328,253.6699981689453,35868500,252.72000122070312,0,MSFT,-0.04098147970386723,-0.054880760292491226,-0.012303814073638786,264.0899993896484,261.6449996948242,0.843645914716888,0.019630373188486816,0.0,0.0,0.0,0.0,0.0,0.0,0.0,0.0
2022-07-13,250.19000244140625,253.5500030517578,248.1100006103516,252.72000122070312,29497400,254.0800018310547,1,MSFT,-0.0037450110580655727,-0.05581708972949995,-0.026427250583329176,261.3920013427734,261.26899871826174,-0.17762382034375568,0.01886543079887296,0.0,0.0,0.0,0.0,0.0,0.0,0.0,0.0
2022-07-14,250.57000732421875,255.13999938964844,245.94000244140625,254.0800018310547,25102800,256.7200012207031,1,MSFT,0.005381452215030169,-0.03943143000074767,-0.033365052573014364,258.5280029296875,260.6509979248047,-0.1489826221972106,0.018006400205813212,0.0,0.0,0.0,0.0,0.0,0.0,0.0,0.0
2022-07-15,255.72000122070312,260.3699951171875,254.7700042724609,256.7200012207031,29774100,254.25,0,MSFT,0.010390425734504882,0.012023507209262041,-0.03564851259903368,256.3400024414062,260.63999938964844,0.18608681103303226,0.017638313636793947,0.0,0.0,0.0,0.0,0.0,0.0,0.0,0.0
2022-07-18,259.75,260.8399963378906,253.3000030517578,254.25,20975000,259.5299987792969,1,MSFT,-0.009621382085378105,0.006054126194628751,-0.052719799620940755,254.28800048828126,260.10700073242185,-0.2955286641745678,0.0166647033981622,0.0,0.0,0.0,0.0,0.0,0.0,0.0,0.0
2022-07-19,257.5799865722656,259.7200012207031,253.67999267578125,259.5299987792969,25012600,262.2699890136719,1,MSFT,0.02076695685072516,0.021449924862115166,-0.030374373352679562,255.46000061035156,259.775,0.19249582836710366,0.019865334609506465,0.0,0.0,0.0,0.0,0.0,0.0,0.0,0.0
2022-07-20,259.8999938964844,264.8699951171875,258.9100036621094,262.2699890136719,22788300,264.8399963378906,1,MSFT,0.010557508755298262,0.02161883673488063,-0.008468567045678,257.3699981689453,259.38099975585936,-0.08892718070092676,0.020241105642961593,0.0,0.0,0.0,0.0,0.0,0.0,0.0,0.0
2022-07-21,259.7900085449219,264.8900146484375,257.0299987792969,264.8399963378906,22404700,260.3599853515625,0,MSFT,0.009799090372039299,0.0416519030005531,0.04403358004325786,259.5219970703125,259.025,-0.016833199492722106,0.010096073919347852,0.0,0.0,0.0,0.0,0.0,0.0,0.0,0.0
2022-07-22,265.239990234375,265.3299865722656,259.07000732421875,260.3599853515625,21881300,258.8299865722656,0,MSFT,-0.016915915451880648,0.003198037129308773,0.030231022847247102,260.2499938964844,258.2949981689453,-0.023361169754560374,0.013055843721083035,0.0,0.0,0.0,0.0,0.0,0.0,0.0,0.0
2022-07-25,261.0,261.5,256.8099975585937,258.8299865722656,21056000,251.8999938964844,0,MSFT,-0.005876474363873285,-0.013116264099995556,0.018694839054548495,261.1659912109375,257.72699584960935,-0.0377171374644103,0.013588266307836045,0.0,0.0,0.0,0.0,0.0,0.0,0.0,0.0
2022-07-26,259.8599853515625,259.8800048828125,249.57000732421875,251.8999938964844,39348000,268.739990234375,1,MSFT,-0.026774303733336446,-0.04885969876278429,-0.018775347854859792,259.639990234375,257.5499954223633,0.8687310030395137,0.016942289376461035,0.0,0.0,0.0,0.0,0.0,0.0,0.0,0.0
2022-07-27,261.1600036621094,270.04998779296875,258.8500061035156,268.739990234375,45994000,276.4100036621094,1,MSFT,0.06685191244907607,0.032186224282878984,0.05699111203294005,260.9339904785156,259.1519943237305,0.1689031208701841,0.030708584743941867,0.0,0.0,0.0,0.0,0.0,0.0,0.0,0.0
2022-07-28,269.75,277.8399963378906,267.8699951171875,276.4100036621094,33459300,280.739990234375,1,MSFT,0.028540647862066004,0.06792109879793773,0.0650406695264818,263.24799194335935,261.38499450683594,-0.2725290255250685,0.031366232301544276,0.0,0.0,0.0,0.0,0.0,0.0,0.0,0.0
2022-07-29,277.70001220703125,282.0,276.6300048828125,280.739990234375,32152800,278.010009765625,0,MSFT,0.015665086338766177,0.11448986517142234,0.0704236168620127,267.32399291992186,263.7869934082031,-0.03904743972527813,0.03145544402665321,0.0,0.0,0.0,0.0,0.0,0.0,0.0,0.0
2022-08-01,277.82000732421875,281.2799987792969,275.8399963378906,278.010009765625,21539600,274.82000732421875,0,MSFT,-0.009724230831777425,0.034494380695501814,0.04972818913247412,271.1599975585938,266.1629943847656,-0.33008633773730434,0.032348156085786964,0.0,0.0,0.0,0.0,0.0,0.0,0.0,0.0
2022-08-02,276.0,277.8900146484375,272.3800048828125,274.82000732421875,22754200,282.4700012207031,1,MSFT,-0.011474415774077928,-0.005752311120527542,0.05553857269246265,275.74400024414064,267.69199523925784,0.056389162287136196,0.031725964099932134,0.0,0.0,0.0,0.0,0.0,0.0,0.0,0.0
2022-08-03,276.760009765625,283.5,276.6099853515625,282.4700012207031,23518900,283.6499938964844,1,MSFT,0.02783637905758196,0.006162324736436187,0.09133414161746356,278.49000244140626,269.7119964599609,0.03360698244719651,0.03179660118395257,0.0,0.0,0.0,0.0,0.0,0.0,0.0,0.0
2022-08-04,281.79998779296875,283.79998779296875,280.1700134277344,283.6499938964844,18098700,282.9100036621094,0,MSFT,0.004177408824589834,0.020286982240726337,0.12604208324454058,279.93800048828126,271.59299621582034,-0.2304614586566549,0.027159484402126555,0.0,0.0,0.0,0.0,0.0,0.0,0.0,0.0
2022-08-05,279.1499938964844,283.6499938964844,278.67999267578125,282.9100036621094,16774600,280.32000732421875,0,MSFT,-0.002608814561247841,0.029437435857231575,0.0527275952320172,280.37200317382815,273.847998046875,-0.07315995071469217,0.016797197342912743,0.0,0.0,0.0,0.0,0.0,0.0,0.0,0.0
2022-08-08,284.04998779296875,285.9200134277344,279.32000732421875,280.32000732421875,18739200,282.29998779296875,1,MSFT,-0.009154841837915262,-0.007611406121687647,0.014145666257756151,280.83400268554686,275.9970001220703,0.11711754676713593,0.01485266508244845,0.0,0.0,0.0,0.0,0.0,0.0,0.0,0.0
2022-08-09,279.6400146484375,283.0799865722656,277.6099853515625,282.29998779296875,23405200,289.1600036621094,1,MSFT,0.007063286304997751,-0.004759408188135916,0.005556734390748552,282.3299987792969,279.03699951171876,0.24899675546448097,0.013866645788570756,0.0,0.0,0.0,0.0,0.0,0.0,0.0,0.0
2022-08-10,288.1700134277344,289.8099975585937,286.94000244140625,289.1600036621094,24687800,287.0199890136719,0,MSFT,0.024300446920924257,0.022091831038483223,0.04010644762713511,283.6679992675781,281.07900085449216,0.054799788081281164,0.015410103983382707,0.0,0.0,0.0,0.0,0.0,0.0,0.0,0.0
2022-08-11,290.8500061035156,291.2099914550781,286.510009765625,287.0199890136719,20065900,291.9100036621094,1,MSFT,-0.007400797556145311,0.023901189763112063,0.04439262558879209,284.3419982910156,282.13999938964844,-0.18721392752695665,0.014713082908479662,0.0,0.0,0.0,0.0,0.0,0.0,0.0,0.0
2022-08-12,288.4800109863281,291.9100036621094,286.94000244140625,291.9100036621094,22619700,293.4700012207031,1,MSFT,0.01703719195740261,0.03404185718983577,0.03341948667331396,286.1419982910156,283.2570007324219,0.12727064323055526,0.012476705214494148,0.0,0.0,0.0,0.0,0.0,0.0,0.0,0.0
2022-08-15,291.0,294.17999267578125,290.1099853515625,293.4700012207031,18085700,292.7099914550781,0,MSFT,0.00534410448091216,0.014905234140299983,0.0346201570087199,288.7719970703125,284.80299987792966,-0.20044474506735277,0.012475209119069113,0.0,0.0,0.0,0.0,0.0,0.0,0.0,0.0
2022-08-16,291.989990234375,294.0400085449219,290.4200134277344,292.7099914550781,18102900,291.32000732421875,0,MSFT,-0.0025897357905874108,0.019824411745535953,0.03463994792023417,290.8539978027344,286.5919982910156,0.0009510276074466972,0.012473286923427038,0.0,0.0,0.0,0.0,0.0,0.0,0.0,0.0
2022-08-17,289.739990234375,293.3500061035156,289.4700012207031,291.32000732421875,18253400,290.1700134277344,0,MSFT,-0.0047486733334577425,-0.002021158338148532,0.03924086655462089,291.28599853515624,287.4769989013672,0.008313585116196842,0.011732468673374945,0.0,0.0,0.0,0.0,0.0,0.0,0.0,0.0
2022-08-18,290.19000244140625,291.9100036621094,289.0799865722656,290.1700134277344,17186200,286.1499938964844,0,MSFT,-0.003947528036426617,-0.01124471932136939,0.027878235830946174,291.91600341796874,288.1290008544922,-0.058465820066398555,0.012226940352566055,0.0,0.0,0.0,0.0,0.0,0.0,0.0,0.0
2022-08-19,288.8999938964844,289.25,285.5599975585937,286.1499938964844,20570000,277.75,0,MSFT,-0.013854014354419686,-0.02241125260529586,-0.01040949553017112,290.7640014648438,288.4529998779297,0.19689052844724264,0.009963479669837764,0.0,0.0,0.0,0.0,0.0,0.0,0.0,0.0
2022-08-22,282.0799865722656,282.4599914550781,277.2200012207031,277.75,25061100,276.44000244140625,0,MSFT,-0.029355212565627675,-0.04658110319596509,-0.03229736383701942,287.6200012207031,288.1959991455078,0.21833252309188134,0.0145487602356056,0.0,0.0,0.0,0.0,0.0,0.0,0.0,0.0
2022-08-23,276.44000244140625,278.8599853515625,275.3999938964844,276.44000244140625,17527400,275.7900085449219,0,MSFT,-0.004716462857223269,-0.047317125653810965,-0.05299578988944109,284.3660034179687,287.61000061035156,-0.3006133010921308,0.011066287423701611,0.0,0.0,0.0,0.0,0.0,0.0,0.0,0.0
2022-08-24,275.4100036621094,277.2300109863281,275.1099853515625,275.7900085449219,18137000,278.8500061035156,1,MSFT,-0.0023513018765153326,-0.036204737279534105,-0.060244633530652014,281.2600036621094,286.2730010986328,0.034779830436916015,0.009872923620855014,0.0,0.0,0.0,0.0,0.0,0.0,0.0,0.0
2022-08-25,277.3299865722656,279.0199890136719,274.5199890136719,278.8500061035156,16583400,268.0899963378906,0,MSFT,0.01109538947671962,0.003960418014457678,-0.04735057140572385,278.9960021972656,285.4560028076172,-0.08565914980426748,0.012350487516414144,0.0,0.0,0.0,0.0,0.0,0.0,0.0,0.0
2022-08-26,279.0799865722656,280.3399963378906,267.9800109863281,268.0899963378906,27549300,265.2300109863281,0,MSFT,-0.03858708814813738,-0.030205491353536895,-0.07974052726311631,275.3840026855469,283.0740020751953,0.6612576431853541,0.017103389250542906,0.0,0.0,0.0,0.0,0.0,0.0,0.0,0.0
2022-08-29,265.8500061035156,267.3999938964844,263.8500061035156,265.2300109863281,20338500,262.9700012207031,0,MSFT,-0.010668004739564751,-0.038289993224586594,-0.08594962017885233,272.8800048828125,280.2500030517578,-0.261741677646982,0.01678302965438349,0.0,0.0,0.0,0.0,0.0,0.0,0.0,0.0
2022-08-30,266.6700134277344,267.04998779296875,260.6600036621094,262.9700012207031,22767100,261.4700012207031,0,MSFT,-0.00852094284964422,-0.056948196289145714,-0.08100644127277767,270.1860046386719,277.2760040283203,0.11940900263047904,0.016839359790408934,0.0,0.0,0.0,0.0,0.0,0.0,0.0,0.0
2022-08-31,265.3900146484375,267.1099853515625,261.3299865722656,261.4700012207031,24791800,260.3999938964844,0,MSFT,-0.005704072681435246,-0.024693182168736727,-0.058613856991167834,267.32200317382814,274.29100341796874,0.08893095739026924,0.015021381284045626,0.0,0.0,0.0,0.0,0.0,0.0,0.0,0.0
2022-09-01,258.8699951171875,260.8900146484375,255.41000366210935,260.3999938964844,23263400,256.0599975585937,0,MSFT,-0.004092275669190681,-0.01821067333927273,-0.058023471289476936,263.6320007324219,271.3140014648437,-0.061649416339273455,0.015049363895780874,0.0,0.0,0.0,0.0,0.0,0.0,0.0,0.0
2022-09-02,261.70001220703125,264.739990234375,254.47000122070312,256.0599975585937,22855400,253.25,0,MSFT,-0.016666652993916453,-0.026276775411770537,-0.07153997742856766,261.2260009765625,268.3050018310547,-0.017538279013385782,0.015062423323053199,0.0,0.0,0.0,0.0,0.0,0.0,0.0,0.0
2022-09-06,256.20001220703125,257.8299865722656,251.94000244140625,253.25,21328200,258.0899963378906,1,MSFT,-0.01097398104110614,-0.03143764555140971,-0.09180565014587916,258.8299987792969,265.85500183105466,-0.06682009503224617,0.01174585596415928,0.0,0.0,0.0,0.0,0.0,0.0,0.0,0.0
2022-09-07,254.6999969482422,258.8299865722656,253.22000122070312,258.0899963378906,24126700,258.5199890136719,1,MSFT,0.019111535391473256,-0.008870958574261789,-0.03730090692155619,257.8539978027344,264.02000122070314,0.13121126020948792,0.011533322808173404,0.0,0.0,0.0,0.0,0.0,0.0,0.0,0.0
2022-09-08,257.510009765625,260.42999267578125,254.7899932861328,258.5199890136719,20319900,264.4599914550781,1,MSFT,0.0016660571191542406,0.009607090051288791,-0.02529887906614814,257.2639953613281,262.2929992675781,-0.15778370021594335,0.011529262008281922,0.0,0.0,0.0,0.0,0.0,0.0,0.0,0.0
2022-09-09,260.5,265.2300109863281,260.2900085449219,264.4599914550781,22084700,266.6499938964844,1,MSFT,0.02297695611108863,0.0442645269697064,0.005666008394335842,258.07599487304685,260.8539978027344,0.08685082111624576,0.01493181238935804,0.0,0.0,0.0,0.0,0.0,0.0,0.0,0.0
2022-09-12,265.7799987792969,267.45001220703125,265.1600036621094,266.6499938964844,18747700,251.9900054931641,0,MSFT,0.008281034985128333,0.033166715797023905,0.019811040087191145,260.193994140625,260.7099975585937,-0.15110008286279641,0.014835820257661385,0.0,0.0,0.0,0.0,0.0,0.0,0.0,0.0
2022-09-13,258.8399963378906,260.3999938964844,251.58999633789065,251.9900054931641,33353300,252.22000122070312,1,MSFT,-0.054978393920426694,-0.025259104897155327,-0.03229642319678194,259.94199523925784,259.38599700927733,0.7790608981368381,0.02662001425661124,0.0,0.0,0.0,0.0,0.0,0.0,0.0,0.0
2022-09-14,253.52999877929688,254.22999572753903,249.8600006103516,252.22000122070312,23913000,245.3800048828125,0,MSFT,0.0009127176575471907,-0.04628295632556623,-0.014996471040002568,258.7679962158203,258.31099700927734,-0.283039459363841,0.026090450695588272,0.0,0.0,0.0,0.0,0.0,0.0,0.0,0.0
2022-09-15,249.7700042724609,251.3999938964844,244.0200042724609,245.3800048828125,31530900,244.7400054931641,0,MSFT,-0.027119167016042223,-0.07976744609238229,-0.031075992565399835,256.13999938964844,256.7019973754883,0.3185673064860117,0.027694963117144297,0.0,0.0,0.0,0.0,0.0,0.0,0.0,0.0
2022-09-16,244.25999450683597,245.3000030517578,242.05999755859372,244.7400054931641,39791800,244.5200042724609,0,MSFT,-0.0026081969879903077,-0.02877098234833242,-0.051726107304247315,252.1960021972656,255.13599853515626,0.2619937902184841,0.025804830472113686,0.0,0.0,0.0,0.0,0.0,0.0,0.0,0.0
2022-09-19,242.47000122070312,245.13999938964844,240.8500061035156,244.5200042724609,26826900,242.4499969482422,0,MSFT,-0.0008989180998826285,-0.030528891091013755,-0.054154360730962914,247.77000427246094,253.98199920654298,-0.3258183846923235,0.02567472410257419,0.0,0.0,0.0,0.0,0.0,0.0,0.0,0.0
2022-09-20,242.07000732421875,243.50999450683597,239.63999938964844,242.4499969482422,26660300,238.9499969482422,0,MSFT,-0.008465594994478187,-0.011940695558994796,-0.0832261786962003,245.86200256347655,252.9019989013672,-0.006210184553563813,0.021899819099705904,0.0,0.0,0.0,0.0,0.0,0.0,0.0,0.0
2022-09-21,244.2700042724609,247.66000366210935,238.8999938964844,238.9499969482422,28625600,240.97999572753903,1,MSFT,-0.014435966360301422,-0.023657793638006686,-0.10388148352628701,243.20800170898437,250.98799896240234,0.0737163497785096,0.019970034809975428,0.0,0.0,0.0,0.0,0.0,0.0,0.0,0.0
2022-09-22,237.8699951171875,243.8600006103516,237.57000732421875,240.97999572753903,31061200,237.9199981689453,0,MSFT,0.00849549615075551,-0.014477378059331913,-0.043692247809898666,242.3279998779297,249.23399963378907,0.0850846794477671,0.01167656133755094,0.0,0.0,0.0,0.0,0.0,0.0,0.0,0.0
2022-09-23,239.5399932861328,241.1300048828125,235.1999969482422,237.9199981689453,34176000,237.4499969482422,0,MSFT,-0.012698139317976698,-0.018684259997181707,-0.05669654659641643,240.96399841308593,246.5800003051758,0.10027944831493962,0.011404852779638815,0.0,0.0,0.0,0.0,0.0,0.0,0.0,0.0
2022-09-26,237.0500030517578,241.4499969482422,236.8999938964844,237.4499969482422,27694200,236.41000366210935,0,MSFT,-0.0019754590800281635,-0.0062774639847553715,-0.03231725396027063,239.54999694824218,243.66000061035157,-0.18965941011235954,0.007887680997954087,0.0,0.0,0.0,0.0,0.0,0.0,0.0,0.0
2022-09-27,239.97999572753903,241.8000030517578,234.5,236.41000366210935,27018700,241.07000732421875,1,MSFT,-0.004379841227622916,-0.01896419680659589,-0.03403612668173861,238.3419982910156,242.10200042724608,-0.024391388810653503,0.007839324902310601,0.0,0.0,0.0,0.0,0.0,0.0,0.0,0.0
2022-09-28,236.80999755859372,242.3300018310547,234.72999572753903,241.07000732421875,29029700,237.5,0,MSFT,0.019711533310450502,0.013239783034281194,-0.014109262587767457,238.76600036621093,240.98700103759765,0.07442993186200675,0.012234572962374925,0.0,0.0,0.0,0.0,0.0,0.0,0.0,0.0
2022-09-29,238.88999938964844,239.9499969482422,234.41000366210935,237.5,27484200,232.8999938964844,0,MSFT,-0.014809006577982897,0.00021058350137059811,-0.020416568408119673,238.07000122070312,240.1990005493164,-0.053238579799309016,0.013006945269681783,0.0,0.0,0.0,0.0,0.0,0.0,0.0,0.0
2022-09-30,238.2899932861328,240.5399932861328,232.72999572753903,232.8999938964844,35694800,240.7400054931641,1,MSFT,-0.01936844675164462,-0.014847128764659434,-0.02531911751004645,237.06600036621094,239.01499938964844,0.29873891181114964,0.013844573825283583,0.0,0.0,0.0,0.0,0.0,0.0,0.0,0.0
2022-10-03,235.41000366210935,241.6100006103516,234.66000366210935,240.7400054931641,28880400,248.8800048828125,1,MSFT,0.03366256677603996,-0.0013689045548118672,-0.0009958927654986072,237.7240020751953,238.63699951171876,-0.19090735905510048,0.019580949980948965,0.0,0.0,0.0,0.0,0.0,0.0,0.0,0.0
2022-10-04,245.08999633789065,250.3600006103516,244.97999572753903,248.8800048828125,34888400,249.1999969482422,1,MSFT,0.033812408423657514,0.04791581003289469,0.04606593307925544,240.21800231933594,239.28000030517578,0.20803035969030903,0.022254519339847356,0.0,0.0,0.0,0.0,0.0,0.0,0.0,0.0
2022-10-05,245.9900054931641,250.5800018310547,244.1000061035156,249.1999969482422,20347100,246.7899932861328,0,MSFT,0.0012857282993881114,0.06998713387258637,0.04948410255217306,241.84400024414063,240.30500030517578,-0.4167946939383864,0.0220769209909302,0.0,0.0,0.0,0.0,0.0,0.0,0.0,0.0
2022-10-06,247.92999267578125,250.33999633789065,246.0800018310547,246.7899932861328,20239900,234.2400054931641,0,MSFT,-0.009670961844393311,0.025130795276734785,0.04390672756326808,243.70199890136718,240.88600006103516,-0.005268564070555537,0.02262059005055273,0.0,0.0,0.0,0.0,0.0,0.0,0.0,0.0
2022-10-07,240.8999938964844,241.32000732421875,233.1699981689453,234.2400054931641,37769600,229.25,0,MSFT,-0.050852903822636075,-0.058823525805304366,-0.02833202648004607,243.97000122070312,240.51800079345702,0.8660961763645076,0.030155039401581547,0.0,0.0,0.0,0.0,0.0,0.0,0.0,0.0
2022-10-10,233.0500030517578,234.55999755859372,226.72999572753903,229.25,29743600,225.41000366210935,0,MSFT,-0.02130296010990196,-0.08005616850944708,-0.03473684210526318,241.6720001220703,239.6980010986328,-0.21249894094721677,0.03064939568838134,0.0,0.0,0.0,0.0,0.0,0.0,0.0,0.0
2022-10-11,227.6199951171875,229.05999755859372,224.1100006103516,225.41000366210935,30474000,225.75,1,MSFT,-0.016750256653830564,-0.08663231980899289,-0.03215968411619663,236.97799987792968,238.5980010986328,0.02455654325636436,0.03045496853238575,0.0,0.0,0.0,0.0,0.0,0.0,0.0,0.0
2022-10-12,225.3999938964844,227.8600006103516,223.9600067138672,225.75,21903900,234.2400054931641,1,MSFT,0.0015083462684304383,-0.03624489965020883,-0.06226636683195452,232.28800048828126,237.06600036621094,-0.2812266194132703,0.02586025759101503,0.0,0.0,0.0,0.0,0.0,0.0,0.0,0.0
2022-10-13,219.8500061035156,236.1000061035156,219.1300048828125,234.2400054931641,42551800,228.55999755859372,0,MSFT,0.037607997754879774,0.021766654277705966,-0.058823525805304366,229.7780029296875,236.74000091552733,0.9426586133063062,0.026921943549447217,0.0,0.0,0.0,0.0,0.0,0.0,0.0,0.0
2022-10-14,235.5399932861328,237.2400054931641,228.33999633789065,228.55999755859372,30198600,237.52999877929688,1,MSFT,-0.024248667184803896,0.013974507986816098,-0.0828250386934608,228.64200134277343,236.30600128173828,-0.2903096931269653,0.027134016792081984,0.0,0.0,0.0,0.0,0.0,0.0,0.0,0.0
2022-10-17,235.82000732421875,238.9600067138672,235.13999938964844,237.52999877929688,28142300,238.5,1,MSFT,0.03924571804566801,0.05218161142545674,-0.037521758413031514,230.29800109863282,235.98500061035156,-0.06809256058227864,0.03339743625096187,0.0,0.0,0.0,0.0,0.0,0.0,0.0,0.0
2022-10-18,243.2400054931641,243.92999267578125,235.3699951171875,238.5,26329600,236.47999572753903,0,MSFT,0.004083699851337164,0.018186451532337555,0.018186451532337555,232.91600036621094,234.9470001220703,-0.06441193505861287,0.026576796541332277,0.0,0.0,0.0,0.0,0.0,0.0,0.0,0.0
2022-10-19,237.0399932861328,239.6100006103516,234.2899932861328,236.47999572753903,19985700,236.1499938964844,0,MSFT,-0.008469619591031319,0.03465172494550339,0.031537604045971834,235.06199951171874,233.675,-0.24094175376762272,0.025028271686208716,0.0,0.0,0.0,0.0,0.0,0.0,0.0,0.0
2022-10-20,235.7700042724609,241.30999755859372,234.8699951171875,236.1499938964844,21811000,242.1199951171875,1,MSFT,-0.0013954746152602393,-0.0058098130337411735,0.04764646670462036,235.44399719238282,232.61100006103516,0.09133030116533325,0.023457434873463304,0.0,0.0,0.0,0.0,0.0,0.0,0.0,0.0
2022-10-21,234.7400054931641,243.0,234.5,242.1199951171875,26299700,247.25,1,MSFT,0.025280547850956125,0.015178176591981174,0.07251382111710969,238.15599670410157,233.3989990234375,0.20579982577598455,0.0242532942223145,0.0,0.0,0.0,0.0,0.0,0.0,0.0,0.0
2022-10-24,243.75999450683597,247.83999633789065,241.3000030517578,247.25,24911200,250.66000366210935,1,MSFT,0.021187861334333702,0.04554298235386334,0.055541300383104675,240.0999969482422,235.1989990234375,-0.05279527903360115,0.02184664319123054,0.0,0.0,0.0,0.0,0.0,0.0,0.0,0.0
2022-10-25,247.25999450683597,251.0399932861328,245.8300018310547,250.66000366210935,34775500,231.32000732421875,0,MSFT,0.01379172360812686,0.06144404040080298,0.09669236235378431,242.53199768066406,237.7239990234375,0.3959785156877227,0.01660287000004225,0.0,0.0,0.0,0.0,0.0,0.0,0.0,0.0
2022-10-26,231.1699981689453,238.3000030517578,230.05999755859372,231.32000732421875,82543200,226.75,0,MSFT,-0.07715629161148896,-0.04460593098782073,-0.026144030172998045,241.5,238.28099975585937,1.3736021049301952,0.03475684011185295,0.0,0.0,0.0,0.0,0.0,0.0,0.0,0.0
2022-10-27,231.0399932861328,233.69000244140625,225.77999877929688,226.75,40424600,235.8699951171875,1,MSFT,-0.019756212949679774,-0.08291203235591504,-0.04926624737945495,239.62000122070313,237.53199920654296,-0.5102612934802624,0.0350860878168624,0.0,0.0,0.0,0.0,0.0,0.0,0.0,0.0
2022-10-28,226.2400054931641,236.6000061035156,226.0500030517578,235.8699951171875,40647700,232.1300048828125,0,MSFT,0.04022048563257985,-0.0590042620635195,-0.00257950195099943,238.37000122070313,238.26299896240235,0.005518916699237542,0.03924411839072873,0.0,0.0,0.0,0.0,0.0,0.0,0.0,0.0
2022-10-31,233.75999450683597,234.9199981689453,231.1499938964844,232.1300048828125,28357300,228.1699981689453,0,MSFT,-0.015856150895822374,0.0035016320808707313,-0.01702303246907577,235.34600219726562,237.7229995727539,-0.30236397139321536,0.03972652061796131,0.0,0.0,0.0,0.0,0.0,0.0,0.0,0.0
2022-11-01,234.6000061035156,235.7400054931641,227.3300018310547,228.1699981689453,30592300,220.1000061035156,0,MSFT,-0.017059434931155693,0.006262395452901082,-0.05761604671060028,230.8480010986328,236.68999938964845,0.07881568414482332,0.03811463078231924,0.0,0.0,0.0,0.0,0.0,0.0,0.0,0.0
2022-11-02,229.4600067138672,231.3000030517578,220.0399932861328,220.1000061035156,38407000,214.25,0,MSFT,-0.03536833120125815,-0.06685881773914004,-0.1098078620686932,228.6040008544922,235.0520004272461,0.2554466319956328,0.0369203449229422,0.0,0.0,0.0,0.0,0.0,0.0,0.0,0.0
2022-11-03,220.08999633789065,220.41000366210935,213.97999572753903,214.25,36633900,221.38999938964844,1,MSFT,-0.026578854799141904,-0.07702582392069035,-0.14525653526754978,226.1040008544922,232.86200103759765,-0.046166063478011776,0.03459195480323864,0.0,0.0,0.0,0.0,0.0,0.0,0.0,0.0
2022-11-04,217.5500030517578,221.58999633789065,213.42999267578125,221.38999938964844,36789100,227.8699951171875,1,MSFT,0.033325551410261056,-0.029714681306508672,-0.04292757919833712,223.20800170898437,230.78900146484375,0.004236513174955547,0.029937117038021342,0.0,0.0,0.0,0.0,0.0,0.0,0.0,0.0
2022-11-07,221.9900054931641,228.41000366210935,221.27999877929688,227.8699951171875,33498000,228.8699951171875,1,MSFT,0.029269595489425093,0.035302084498887165,0.004939338995314291,222.3559997558594,228.8510009765625,-0.08945856245464012,0.03182176888442602,0.0,0.0,0.0,0.0,0.0,0.0,0.0,0.0
2022-11-08,228.6999969482422,231.6499938964844,225.83999633789065,228.8699951171875,28192500,224.50999450683597,0,MSFT,0.004388467202475432,0.06823801688302211,-0.029677365264378697,222.49599914550782,226.6720001220703,-0.15838259000537347,0.02700407718960537,0.0,0.0,0.0,0.0,0.0,0.0,0.0,0.0
2022-11-09,227.3699951171875,228.6300048828125,224.3300018310547,224.50999450683597,27852900,242.97999572753903,1,MSFT,-0.019050118859482157,0.014092755435155535,-0.03282647747249812,223.37799682617188,225.99099884033203,-0.01204575685022613,0.02726387048078503,0.0,0.0,0.0,0.0,0.0,0.0,0.0,0.0
2022-11-10,235.42999267578125,243.3300018310547,235.0,242.97999572753903,46268000,247.1100006103516,1,MSFT,0.08226805787098579,0.06630974210791063,0.06490773404673411,229.12399597167968,227.61399841308594,0.6611555708741279,0.041651995407756416,0.0,0.0,0.0,0.0,0.0,0.0,0.0,0.0
2022-11-11,242.9900054931641,247.9900054931641,241.92999267578125,247.1100006103516,34620200,241.5500030517578,0,MSFT,0.016997304121462165,0.07969592293574657,0.12271691848174182,234.26799621582032,228.73799896240234,-0.251746347367511,0.03659323591257136,0.0,0.0,0.0,0.0,0.0,0.0,0.0,0.0
2022-11-14,241.9900054931641,243.91000366210935,239.2100067138672,241.5500030517578,31123300,241.97000122070312,1,MSFT,-0.022500091234109565,0.07589866358668051,0.12742125111672253,237.00399780273438,229.67999877929688,-0.1010075042894033,0.035803318294762965,0.0,0.0,0.0,0.0,0.0,0.0,0.0,0.0
2022-11-15,245.66000366210935,247.0,240.02999877929688,241.97000122070312,31390100,241.72999572753903,0,MSFT,0.0017387628384972764,-0.0041566981833699446,0.09295813671706865,239.6239990234375,231.05999908447265,0.008572355759190131,0.03551184161178505,0.0,0.0,0.0,0.0,0.0,0.0,0.0,0.0
2022-11-16,242.7899932861328,243.8000030517578,240.4199981689453,241.72999572753903,24093300,241.67999267578125,0,MSFT,-0.000991881191690247,-0.021771700333957256,0.06082415810481634,243.06799926757813,233.222998046875,-0.23245545570100123,0.03508336830544206,0.0,0.0,0.0,0.0,0.0,0.0,0.0,0.0
2022-11-17,237.77999877929688,243.25,237.6300048828125,241.67999267578125,23123500,241.22000122070312,0,MSFT,-0.00020685497307559864,0.0005381478881438806,0.05597062888053417,242.80799865722656,235.96599731445312,-0.040251854249936714,0.0352262765003893,0.0,0.0,0.0,0.0,0.0,0.0,0.0,0.0
2022-11-18,243.50999450683597,243.7400054931641,239.02999877929688,241.22000122070312,27613500,242.0500030517578,1,MSFT,-0.001903307965153811,-0.00309955778078419,0.0744287876830283,241.62999877929687,237.9489974975586,0.1941747572815533,0.03356252801326945,0.0,0.0,0.0,0.0,0.0,0.0,0.0,0.0
2022-11-21,241.42999267578125,244.6699981689453,241.19000244140625,242.0500030517578,26394700,245.02999877929688,1,MSFT,0.003440849957940584,0.0013238213290645007,-0.003827445436389132,241.72999877929686,239.36699829101562,-0.04413783113332248,0.0116404351202141,0.0,0.0,0.0,0.0,0.0,0.0,0.0,0.0
2022-11-22,243.58999633789065,245.30999755859372,240.7100067138672,245.02999877929688,19665700,247.5800018310547,1,MSFT,0.01231148808084015,0.013861329878513073,-0.008417311423727036,242.3419982910156,240.98299865722657,-0.2549375442797228,0.010550990284849116,0.0,0.0,0.0,0.0,0.0,0.0,0.0,0.0
2022-11-23,245.1100006103516,248.27999877929688,244.2700042724609,247.5800018310547,19508500,247.4900054931641,0,MSFT,0.01040690145884815,0.026365975367575345,0.024963770246795747,243.51199951171876,243.28999938964844,-0.007993613245396824,0.0056502811049307326,0.0,0.0,0.0,0.0,0.0,0.0,0.0,0.0
2022-11-25,247.30999755859372,248.6999969482422,246.72999572753903,247.4900054931641,9200800,241.75999450683597,0,MSFT,-0.00036350406828100645,0.022474705113897597,0.02281276292355816,244.67400207519532,243.74100036621093,-0.5283696850090986,0.005815570657997914,0.0,0.0,0.0,0.0,0.0,0.0,0.0,0.0
2022-11-28,246.0800018310547,246.6499938964844,240.8000030517578,241.75999450683597,24778200,240.3300018310547,0,MSFT,-0.02315249448118173,-0.013345322159537987,0.00012410035919052653,244.78200073242186,243.20599975585938,1.6930484305712548,0.011629779986793239,0.0,0.0,0.0,0.0,0.0,0.0,0.0,0.0
2022-11-29,241.3999938964844,242.7899932861328,238.2100067138672,240.3300018310547,17956300,255.13999938964844,1,MSFT,-0.005914926821115718,-0.029283463714275704,-0.005585860996518699,244.43800048828126,243.08399963378906,-0.27531862685747954,0.011850942769314903,0.0,0.0,0.0,0.0,0.0,0.0,0.0,0.0
2022-11-30,240.57000732421875,255.3300018310547,239.8600006103516,255.13999938964844,47594200,254.69000244140625,0,MSFT,0.06162359025405717,0.030910314463973965,0.05770664993989971,246.46000061035156,244.4009994506836,1.6505571860572612,0.026311969641010263,0.0,0.0,0.0,0.0,0.0,0.0,0.0,0.0
2022-12-01,253.8699951171875,256.1199951171875,250.9199981689453,254.69000244140625,26041500,255.0200042724609,1,MSFT,-0.0017637255989600975,0.05348282688765815,0.05222061239530573,247.8820007324219,245.6970001220703,-0.4528429934739947,0.026545842867529514,0.0,0.0,0.0,0.0,0.0,0.0,0.0,0.0
2022-12-02,249.82000732421875,256.0599975585937,249.69000244140625,255.0200042724609,21528500,250.1999969482422,0,MSFT,0.0012956999799416113,0.0611242971309629,0.04077054051721318,249.38800048828125,247.03100128173827,-0.17330030912197836,0.0265459839237411,0.0,0.0,0.0,0.0,0.0,0.0,0.0,0.0
2022-12-05,252.00999450683597,253.82000732421875,248.05999755859372,250.1999969482422,23435300,245.1199951171875,0,MSFT,-0.01890050679737687,-0.019361928561667408,0.010582418199412302,251.0760009765625,247.9290008544922,0.08857096407088272,0.028009367603446935,0.0,0.0,0.0,0.0,0.0,0.0,0.0,0.0
2022-12-06,250.82000732421875,251.8600006103516,243.77999877929688,245.1199951171875,22463700,244.3699951171875,0,MSFT,-0.020303764560419157,-0.03757511968464655,-0.00957618620296996,252.03399963378905,248.23600006103516,-0.041458824935033944,0.02925610657671326,0.0,0.0,0.0,0.0,0.0,0.0,0.0,0.0
2022-12-07,244.8300018310547,246.16000366210935,242.2100067138672,244.3699951171875,20481500,247.3999938964844,1,MSFT,-0.0030597259095139773,-0.04176146567661043,0.010795833345693229,249.87999877929687,248.1699996948242,-0.08824013853461365,0.02766472050969928,0.0,0.0,0.0,0.0,0.0,0.0,0.0,0.0
2022-12-08,244.83999633789065,248.7400054931641,243.05999755859372,247.3999938964844,22611800,245.4199981689453,0,MSFT,0.012399225927241408,-0.011191059496043931,0.029417850503740794,248.4219970703125,248.1519989013672,0.10401093669897232,0.027673566776613746,0.0,0.0,0.0,0.0,0.0,0.0,0.0,0.0
2022-12-09,244.6999969482422,248.30999755859372,244.16000366210935,245.4199981689453,20609700,252.50999450683597,1,MSFT,-0.008003216557747939,0.0012239028138620878,-0.03809673608197672,246.5019958496094,247.94499816894532,-0.08854226554276967,0.011485249889298948,0.0,0.0,0.0,0.0,0.0,0.0,0.0,0.0
2022-12-12,247.4499969482422,252.5399932861328,247.1699981689453,252.50999450683597,30665100,256.9200134277344,1,MSFT,0.02888923637351648,0.03331014262100762,-0.00855945625534249,246.96399536132813,249.0199981689453,0.4878964759312363,0.017437795523319317,0.0,0.0,0.0,0.0,0.0,0.0,0.0,0.0
2022-12-13,261.69000244140625,263.9200134277344,253.07000732421875,256.9200134277344,42196900,257.2200012207031,1,MSFT,0.017464730176369292,0.03848027391315645,0.007450431822765946,249.3239990234375,250.6789993286133,0.37605616808684794,0.01882349413009953,0.0,0.0,0.0,0.0,0.0,0.0,0.0,0.0
2022-12-14,257.1300048828125,262.5899963378906,254.30999755859372,257.2200012207031,35410900,249.00999450683597,0,MSFT,0.0011676310808426127,0.048080853800816836,0.028057571375243118,251.8940002441406,250.88699951171876,-0.160817500811671,0.01665276954802781,0.0,0.0,0.0,0.0,0.0,0.0,0.0,0.0
2022-12-15,253.72000122070312,254.1999969482422,247.33999633789065,249.00999450683597,35560400,244.69000244140625,0,MSFT,-0.03191822826725943,-0.013860837496098566,0.015869775894001403,252.21600036621095,250.31899871826172,0.004221863889367405,0.019773309107075615,0.0,0.0,0.0,0.0,0.0,0.0,0.0,0.0
2022-12-16,248.5500030517578,249.83999633789065,243.50999450683597,244.69000244140625,86102000,240.4499969482422,0,MSFT,-0.017348669373634773,-0.047602406769171934,0.0013095197062360509,252.07000122070312,249.28599853515624,1.4212888493942701,0.021124654998748348,0.0,0.0,0.0,0.0,0.0,0.0,0.0,0.0
2022-12-19,244.8600006103516,245.2100067138672,238.7100067138672,240.4499969482422,29696400,241.8000030517578,1,MSFT,-0.017328070010458996,-0.06519712383513954,-0.028092146805590468,249.6580017089844,248.31099853515624,-0.6551020882209473,0.021292787296852248,0.0,0.0,0.0,0.0,0.0,0.0,0.0,0.0
2022-12-20,239.3999938964844,242.91000366210935,238.4199981689453,241.8000030517578,25150800,244.42999267578125,1,MSFT,0.005614498318360139,-0.02895462677856575,-0.014750204319924798,246.63399963378907,247.97899932861327,-0.15306905887582334,0.02147333636907275,0.0,0.0,0.0,0.0,0.0,0.0,0.0,0.0
2022-12-21,241.69000244140625,245.6199951171875,240.1100006103516,244.42999267578125,23690600,238.19000244140625,0,MSFT,0.010876714602275905,-0.001062608864402903,-0.03199874067097952,244.07599792480468,247.98499908447266,-0.058057795378278265,0.01795700722679125,0.0,0.0,0.0,0.0,0.0,0.0,0.0,0.0
2022-12-22,241.25999450683597,241.9900054931641,233.8699951171875,238.19000244140625,28651700,238.72999572753903,1,MSFT,-0.025528742058475218,-0.009399020734121355,-0.07290210963497568,241.91199951171876,247.06399993896486,0.20941217191628758,0.016486216492293572,0.0,0.0,0.0,0.0,0.0,0.0,0.0,0.0
2022-12-23,236.1100006103516,238.8699951171875,233.94000244140625,238.72999572753903,21207000,236.9600067138672,0,MSFT,0.002267069484856332,-0.012696473471762726,-0.0718840113732021,240.71999816894532,246.3949996948242,-0.25983449498633593,0.016622108077199844,0.0,0.0,0.0,0.0,0.0,0.0,0.0,0.0
2022-12-27,238.6999969482422,238.92999267578125,235.8300018310547,236.9600067138672,16688600,234.52999877929688,0,MSFT,-0.007414187765880542,-0.030560840264077016,-0.04839158290346446,240.02200012207032,244.84000091552736,-0.21306172490215491,0.013673747026999899,0.0,0.0,0.0,0.0,0.0,0.0,0.0,0.0
2022-12-28,236.88999938964844,239.72000122070312,234.1699981689453,234.52999877929688,17457100,241.00999450683597,1,MSFT,-0.010254928535280539,-0.015365899595259913,-0.04152194025394351,238.56799926757813,242.6009994506836,0.04604939899092786,0.013024707754999663,0.0,0.0,0.0,0.0,0.0,0.0,0.0,0.0
2022-12-29,235.6499938964844,241.9199981689453,235.6499938964844,241.00999450683597,19770700,239.82000732421875,0,MSFT,0.027629709466877372,0.009550533322587151,0.0023289563971768956,237.88399963378907,240.97999877929686,0.13253060359395308,0.016974306669678585,0.0,0.0,0.0,0.0,0.0,0.0,0.0,0.0
2022-12-30,238.2100067138672,239.9600067138672,236.66000366210935,239.82000732421875,21938500,239.5800018310547,0,MSFT,-0.00493750138890392,0.012069549836758231,-0.008188567835192506,238.21000061035156,240.06100006103514,0.10964710404790923,0.016908233996260933,0.0,0.0,0.0,0.0,0.0,0.0,0.0,0.0
2023-01-03,243.0800018310547,245.75,237.3999938964844,239.5800018310547,25740000,229.1000061035156,0,MSFT,-0.0010007734377206479,0.021532439679539994,-0.01984204471649975,238.3800018310547,239.55,0.1732798504911457,0.016087740481557568,0.0,0.0,0.0,0.0,0.0,0.0,0.0,0.0
2023-01-04,232.27999877929688,232.8699951171875,225.9600067138672,229.1000061035156,50623400,222.30999755859372,0,MSFT,-0.04374319912948865,-0.04941698964680308,-0.038162795435239816,236.80800170898436,238.41500091552734,0.9667210567210567,0.021083658139427197,0.0,0.0,0.0,0.0,0.0,0.0,0.0,0.0
2023-01-05,227.1999969482422,227.5500030517578,221.75999450683597,222.30999755859372,39585600,224.92999267578125,1,MSFT,-0.02963774929736973,-0.0730131316439867,-0.06878062439914479,234.36400146484374,236.46600036621095,-0.21803750834594282,0.022559356295644595,0.0,0.0,0.0,0.0,0.0,0.0,0.0,0.0
2023-01-06,223.0,225.75999450683597,219.3500061035156,224.92999267578125,43613600,227.1199951171875,1,MSFT,0.011785322954254385,-0.06114871459765758,-0.05076811992418773,231.14800109863282,234.51600036621093,0.10175417323471159,0.024032210172309804,0.0,0.0,0.0,0.0,0.0,0.0,0.0,0.0
2023-01-09,226.4499969482422,231.2400054931641,226.41000366210935,227.1199951171875,27369800,228.8500061035156,1,MSFT,0.009736373594974257,-0.008642561909987245,-0.03159512088294736,228.60799865722657,233.40899963378905,-0.37244804372947893,0.024780105894343058,0.0,0.0,0.0,0.0,0.0,0.0,0.0,0.0
2023-01-10,227.75999450683597,231.30999755859372,227.3300018310547,228.8500061035156,27033900,235.7700042724609,1,MSFT,0.007617167239878819,0.029418418500041232,-0.05045429102723564,226.46199951171874,232.4210006713867,-0.012272650877975022,0.021405731699772654,0.0,0.0,0.0,0.0,0.0,0.0,0.0,0.0
2023-01-11,231.2899932861328,235.9499969482422,231.1100006103516,235.7700042724609,28669300,238.50999450683597,1,MSFT,0.030238138450453755,0.0481928242104408,-0.016887677958755676,227.7959991455078,232.3020004272461,0.060494416269942564,0.025712380854710924,0.0,0.0,0.0,0.0,0.0,0.0,0.0,0.0
2023-01-12,235.25999450683597,239.8999938964844,233.55999755859372,238.50999450683597,27269500,239.22999572753903,1,MSFT,0.011621453894570255,0.050149698989609304,-0.004466179631191669,231.03599853515624,232.7,-0.04882574740227352,0.026242992747586073,0.0,0.0,0.0,0.0,0.0,0.0,0.0,0.0
2023-01-13,237.0,239.3699951171875,234.9199981689453,239.22999572753903,21333300,240.3500061035156,1,MSFT,0.003018746540126349,0.04535717433771125,0.04421645287711762,233.8959991455078,232.52200012207032,-0.21768642622710355,0.018015095510318335,0.0,0.0,0.0,0.0,0.0,0.0,0.0,0.0
2023-01-17,237.97000122070312,240.91000366210935,237.08999633789065,240.3500061035156,29831300,235.80999755859372,0,MSFT,0.004681730535380568,0.019425718912750023,0.08114798588924055,236.54200134277343,232.575,0.39834437241308196,0.009012563582457106,0.0,0.0,0.0,0.0,0.0,0.0,0.0,0.0
2023-01-18,241.57000732421875,242.3800048828125,235.5200042724609,235.80999755859372,30028700,231.92999267578125,0,MSFT,-0.01888915510560274,-0.011320267537739848,0.048370627471166605,237.93399963378903,232.1979995727539,0.006617210781963978,0.014494681206716918,0.0,0.0,0.0,0.0,0.0,0.0,0.0,0.0
2023-01-19,233.77999877929688,235.5200042724609,230.67999267578125,231.92999267578125,28623000,240.22000122070312,1,MSFT,-0.0164539456468481,-0.030514580872508246,0.021178221477646364,237.16599731445314,232.48099822998046,-0.04681188329831132,0.016822030053806124,0.0,0.0,0.0,0.0,0.0,0.0,0.0,0.0
2023-01-20,234.8600006103516,240.7400054931641,234.50999450683597,240.22000122070312,35389800,242.5800018310547,1,MSFT,0.03574358128192001,-0.00054089818810521,0.04968317594033422,237.50799865722655,234.2719985961914,0.23641127764385295,0.02093239611436684,0.0,0.0,0.0,0.0,0.0,0.0,0.0,0.0
2023-01-23,241.1000061035156,245.1699981689453,239.6499938964844,242.5800018310547,31934000,242.0399932861328,0,MSFT,0.009824330190487673,0.028709572717665388,0.02888407106581714,238.1779998779297,236.03699951171876,-0.09764960525349109,0.018452766234579265,0.0,0.0,0.0,0.0,0.0,0.0,0.0,0.0
2023-01-24,242.5,243.9499969482422,240.44000244140625,242.0399932861328,40234400,240.6100006103516,0,MSFT,-0.0022261049585529102,0.04359074259310858,0.014800213243037375,238.51599731445313,237.52899932861328,0.2599235924093444,0.018268512791091915,0.0,0.0,0.0,0.0,0.0,0.0,0.0,0.0
2023-01-25,234.47999572753903,243.3000030517578,230.8999938964844,240.6100006103516,66526600,248.0,1,MSFT,-0.005908084264779845,0.00162350923181509,0.0057685278077932445,239.4759979248047,238.7049987792969,0.6534756327918398,0.01851522378494248,0.0,0.0,0.0,0.0,0.0,0.0,0.0,0.0
2023-01-26,243.6499938964844,248.30999755859372,242.0,248.0,33454500,248.16000366210935,1,MSFT,0.03071360031130177,0.022343136812737363,0.03182855711345245,242.68999938964845,239.9279983520508,-0.497125961645417,0.02172214241299053,0.0,0.0,0.0,0.0,0.0,0.0,0.0,0.0
2023-01-27,248.9900054931641,249.8300018310547,246.8300018310547,248.16000366210935,26498900,242.7100067138672,0,MSFT,0.0006451760568926268,0.02528512041702813,0.05237269934005617,244.2779998779297,240.89299926757812,-0.20791223901119427,0.019309427209453854,0.0,0.0,0.0,0.0,0.0,0.0,0.0,0.0
2023-01-30,244.50999450683597,245.6000061035156,242.1999969482422,242.7100067138672,25867400,247.80999755859372,1,MSFT,-0.021961625031497012,0.008727842143670506,0.04647960323594491,244.3040008544922,241.24100036621093,-0.02383117789795053,0.020521257884932385,0.0,0.0,0.0,0.0,0.0,0.0,0.0,0.0
2023-01-31,243.4499969482422,247.9499969482422,242.9499969482422,247.80999755859372,26541100,252.75,1,MSFT,0.02101269294075281,-0.0007661388766382338,0.03159602156074115,245.45800170898437,241.98699951171875,0.02604436472161864,0.01759149845942533,0.0,0.0,0.0,0.0,0.0,0.0,0.0,0.0
2023-02-01,248.0,255.17999267578125,245.47000122070312,252.75,31259900,264.6000061035156,1,MSFT,0.019934637383781206,0.018496116498049053,0.041924305763787695,247.88600158691406,243.68099975585938,0.17779217892250143,0.018485619089123658,0.0,0.0,0.0,0.0,0.0,0.0,0.0,0.0
2023-02-02,258.82000732421875,264.69000244140625,257.25,264.6000061035156,39940400,258.3500061035156,0,MSFT,0.046884297145462384,0.09018993360028515,0.09320778979989885,251.20600280761718,246.9480010986328,0.27768802843259266,0.023475758882901435,0.0,0.0,0.0,0.0,0.0,0.0,0.0,0.0
2023-02-03,259.5400085449219,264.20001220703125,257.1000061035156,258.3500061035156,29077300,256.7699890136719,0,MSFT,-0.023620558789990698,0.04253262034930505,0.07372929407823126,253.24400329589844,248.76100158691406,-0.27198275430391283,0.0266052041445498,0.0,0.0,0.0,0.0,0.0,0.0,0.0,0.0
2023-02-06,257.44000244140625,258.29998779296875,254.77999877929688,256.7699890136719,22518000,267.5599975585937,1,MSFT,-0.006115800474224331,0.01590500104321224,0.03536285892609636,256.0559997558594,250.18000030517578,-0.22558146733018536,0.025566524889825956,0.0,0.0,0.0,0.0,0.0,0.0,0.0,0.0
2023-02-07,260.5299987792969,268.7699890136719,260.0799865722656,267.5599975585937,50841400,266.7300109863281,0,MSFT,0.042022078150057096,0.011186664349206676,0.07817534497984235,260.00599975585936,252.73200073242188,1.2578115285549338,0.028890441060114996,0.0,0.0,0.0,0.0,0.0,0.0,0.0,0.0
2023-02-08,273.20001220703125,276.760009765625,266.2099914550781,266.7300109863281,54686000,263.6199951171875,0,MSFT,-0.0031020577808302807,0.03243663512612738,0.09896585887692022,262.802001953125,255.34400177001953,0.075619475466844,0.026023404133318075,0.0,0.0,0.0,0.0,0.0,0.0,0.0,0.0
2023-02-09,273.79998779296875,273.9800109863281,262.79998779296875,263.6199951171875,42375100,263.1000061035156,0,MSFT,-0.01165978982882443,0.02667759627917765,0.06379886894940778,262.6059997558594,256.90600128173827,-0.22511977471382072,0.027419157897005463,0.0,0.0,0.0,0.0,0.0,0.0,0.0,0.0
2023-02-10,261.5299987792969,264.0899963378906,260.6600036621094,263.1000061035156,25818500,271.32000732421875,1,MSFT,-0.0019724945880554845,-0.016669126535260093,0.04094957904457219,263.5559997558594,258.4000015258789,-0.39071530214677963,0.02723825489434113,0.0,0.0,0.0,0.0,0.0,0.0,0.0,0.0
2023-02-13,267.6400146484375,274.6000061035156,267.1499938964844,271.32000732421875,44630900,272.1700134277344,1,MSFT,0.031242877347060993,0.017208398563466787,0.02539682942438848,266.46600341796875,261.26100158691406,0.7286403160524431,0.023749416571303725,0.0,0.0,0.0,0.0,0.0,0.0,0.0,0.0
2023-02-14,272.6700134277344,274.9700012207031,269.2799987792969,272.1700134277344,37047900,269.32000732421875,0,MSFT,0.0031328544912645473,0.03243311762731094,0.05349335009762446,267.38800659179685,263.69700317382814,-0.16990470727679696,0.020530597552538693,0.0,0.0,0.0,0.0,0.0,0.0,0.0,0.0
2023-02-15,268.32000732421875,270.7300109863281,266.17999267578125,269.32000732421875,28922400,262.1499938964844,0,MSFT,-0.010471418462388193,0.023641205155487066,0.04887649977614261,267.906005859375,265.35400390625,-0.21932417222028777,0.021076084612227826,0.0,0.0,0.0,0.0,0.0,0.0,0.0,0.0
2023-02-16,264.0199890136719,266.739990234375,261.8999938964844,262.1499938964844,29603600,258.0599975585937,0,MSFT,-0.026622654213367847,-0.03379777819619656,-0.020219777662856986,267.61200561523435,265.1090026855469,0.02355267889248469,0.017793980981735315,0.0,0.0,0.0,0.0,0.0,0.0,0.0,0.0
2023-02-17,259.3900146484375,260.0899963378906,256.0,258.0599975585937,30000100,252.6699981689453,0,MSFT,-0.015601741114309231,-0.05184265412430211,-0.032504829117930956,266.60400390624994,265.08000183105463,0.0133936413138942,0.01844701291437981,0.0,0.0,0.0,0.0,0.0,0.0,0.0,0.0
2023-02-21,254.47999572753903,255.4900054931641,251.58999633789065,252.6699981689453,28397400,251.50999450683597,0,MSFT,-0.020886613348217842,-0.06182239975669335,-0.041537050114027085,262.87400207519534,264.670002746582,-0.05342315525614916,0.019346221148376277,0.0,0.0,0.0,0.0,0.0,0.0,0.0,0.0
2023-02-22,254.08999633789065,254.33999633789065,250.33999633789065,251.50999450683597,22491100,254.7700042724609,1,MSFT,-0.004590982983795788,-0.04058744854996965,-0.04405173442724897,258.74199829101565,263.06500244140625,-0.20798735095466492,0.01928322564902315,0.0,0.0,0.0,0.0,0.0,0.0,0.0,0.0
2023-02-23,255.55999755859372,256.8399963378906,250.47999572753903,254.7700042724609,29219100,249.22000122070312,0,MSFT,0.01296175037503855,-0.012748947210951544,-0.060998093045092405,255.83199768066407,261.8690017700195,0.2991405489282428,0.013822930324886393,0.0,0.0,0.0,0.0,0.0,0.0,0.0,0.0
2023-02-24,249.9600067138672,251.0,248.1000061035156,249.22000122070312,24990900,250.16000366210935,1,MSFT,-0.021784366128998478,-0.013654161448702684,-0.08432233925404442,253.24599914550782,260.4290023803711,-0.14470671581260208,0.013419743160387068,0.0,0.0,0.0,0.0,0.0,0.0,0.0,0.0
2023-02-27,252.4600067138672,252.82000732421875,249.38999938964844,250.16000366210935,21190000,249.4199981689453,0,MSFT,0.003771777693612144,-0.005367543533900898,-0.07114214741218161,251.66600036621094,259.13500213623047,-0.15209136125549705,0.014777011969249446,0.0,0.0,0.0,0.0,0.0,0.0,0.0,0.0
2023-02-28,249.07000732421875,251.4900054931641,248.72999572753903,249.4199981689453,22491000,246.2700042724609,0,MSFT,-0.0029581287269389023,-0.020999356336290242,-0.04855996957438713,251.01600036621093,256.94500122070315,0.06139688532326559,0.013051482083508455,0.0,0.0,0.0,0.0,0.0,0.0,0.0,0.0
2023-03-01,250.75999450683597,250.92999267578125,245.7899932861328,246.2700042724609,27565300,251.1100006103516,1,MSFT,-0.012629275597824119,-0.011836918922208728,-0.045687023938903226,249.96800231933594,254.3550003051758,0.2256146903205727,0.012770791375001964,0.0,0.0,0.0,0.0,0.0,0.0,0.0,0.0
2023-03-02,246.5500030517578,251.3999938964844,245.6100006103516,251.1100006103516,24808200,255.2899932861328,1,MSFT,0.019653210922658593,0.0037975573006683305,-0.006174051410530512,249.23600158691406,252.53399963378905,-0.1000206781714692,0.01430573972289544,0.0,0.0,0.0,0.0,0.0,0.0,0.0,0.0
2023-03-03,252.19000244140625,255.6199951171875,251.38999938964844,255.2899932861328,30760100,256.8699951171875,1,MSFT,0.016646062146554286,0.023534580868737942,0.015029218964871527,250.45,251.8479995727539,0.23991664046565253,0.015563540893038706,0.0,0.0,0.0,0.0,0.0,0.0,0.0,0.0
2023-03-06,256.42999267578125,260.1199951171875,255.97999572753903,256.8699951171875,24109800,254.1499938964844,0,MSFT,0.00618904725060565,0.04304215154436464,0.008242692662048245,251.79199829101563,251.72899932861327,-0.21619890702565991,0.01498550622173403,0.0,0.0,0.0,0.0,0.0,0.0,0.0,0.0
2023-03-07,256.29998779296875,257.69000244140625,253.38999938964844,254.1499938964844,21473200,253.6999969482422,0,MSFT,-0.010589018851587584,0.012106221491552605,0.0197816894777052,252.73799743652344,251.8769989013672,-0.10935802039004883,0.012507498724416706,0.0,0.0,0.0,0.0,0.0,0.0,0.0,0.0
2023-03-08,254.0399932861328,254.5399932861328,250.80999755859372,253.6999969482422,17340200,252.32000732421875,0,MSFT,-0.0017705959435336815,-0.006228196872991143,0.014150916350778031,254.2239959716797,252.09599914550782,-0.19247247732056705,0.012615788952817114,0.0,0.0,0.0,0.0,0.0,0.0,0.0,0.0
2023-03-09,255.82000732421875,259.5599975585937,251.5800018310547,252.32000732421875,26653400,248.58999633789065,0,MSFT,-0.005439454633911489,-0.01771319297488594,0.011627011372637108,254.46599731445312,251.8509994506836,0.5370872308277874,0.01281415504753015,0.0,0.0,0.0,0.0,0.0,0.0,0.0,0.0
2023-03-10,251.0800018310547,252.7899932861328,247.6000061035156,248.58999633789065,28333900,253.9199981689453,1,MSFT,-0.014782858584556191,-0.021876835302456654,0.009420522293340339,253.1259979248047,251.78799896240236,0.06305011743342304,0.013235103448808865,0.0,0.0,0.0,0.0,0.0,0.0,0.0,0.0
2023-03-13,247.3999938964844,257.9100036621094,245.72999572753903,253.9199981689453,33339700,260.7900085449219,1,MSFT,0.021440934508925258,0.0008671707660603545,0.011190305251737032,252.53599853515624,252.16399841308595,0.1766717606824335,0.013656233124182345,0.0,0.0,0.0,0.0,0.0,0.0,0.0,0.0
2023-03-14,256.75,261.07000732421875,255.8600006103516,260.7900085449219,33620300,265.44000244140625,1,MSFT,0.0270558066537383,0.03356848832767989,0.021544186624755657,253.86400146484374,253.3009994506836,0.008416392469038358,0.015935392067722858,0.0,0.0,0.0,0.0,0.0,0.0,0.0,0.0
2023-03-15,259.9800109863281,266.4800109863281,259.2099914550781,265.44000244140625,46028000,276.20001220703125,1,MSFT,0.01783041429550547,0.06778231767867515,0.033363208966111335,256.2120025634766,255.21799926757814,0.36905381570063334,0.01688371862999123,0.0,0.0,0.0,0.0,0.0,0.0,0.0,0.0
2023-03-16,265.2099914550781,276.5599975585937,263.2799987792969,276.20001220703125,54768800,279.42999267578125,1,MSFT,0.040536504169149,0.08774422731076892,0.08675986165684435,260.9880035400391,257.7270004272461,0.18990179890501424,0.019896027445959353,0.0,0.0,0.0,0.0,0.0,0.0,0.0,0.0
2023-03-17,278.260009765625,283.3299865722656,276.32000732421875,279.42999267578125,69527400,272.2300109863281,0,MSFT,0.011694353099191312,0.07147507005679077,0.10141898319686726,267.1560028076172,260.14100036621096,0.269470939659076,0.01895751818394837,0.0,0.0,0.0,0.0,0.0,0.0,0.0,0.0
2023-03-20,276.9800109863281,277.4800109863281,269.8500061035156,272.2300109863281,43466600,273.7799987792969,1,MSFT,-0.025766674581018112,0.02558020073263334,0.07890774843124504,270.81800537109376,261.677001953125,-0.37482776574415266,0.023461822433199733,0.0,0.0,0.0,0.0,0.0,0.0,0.0,0.0
2023-03-21,274.8800048828125,275.0,269.5199890136719,273.7799987792969,34558700,272.2900085449219,0,MSFT,0.005693669802799839,-0.008761815064368683,0.10133152102857457,273.41600341796874,263.64000244140624,-0.20493666401328836,0.020818043665997515,0.0,0.0,0.0,0.0,0.0,0.0,0.0,0.0
2023-03-22,273.3999938964844,281.0400085449219,272.17999267578125,272.2900085449219,34873300,277.6600036621094,1,MSFT,-0.005442290309805031,-0.025551960483868985,0.0723456620527938,274.7860046386719,265.4990036010742,0.009103351688576344,0.021692787351350024,0.0,0.0,0.0,0.0,0.0,0.0,0.0,0.0
2023-03-23,277.94000244140625,281.0599975585937,275.20001220703125,277.6600036621094,36610900,280.57000732421875,1,MSFT,0.019721601779969733,0.019946341169761572,0.06468804234991077,275.0780029296875,268.03300323486326,0.04982608471237304,0.02090750777832393,0.0,0.0,0.0,0.0,0.0,0.0,0.0,0.0
2023-03-24,277.239990234375,280.6300048828125,275.2799987792969,280.57000732421875,28172000,276.3800048828125,0,MSFT,0.010480456759089485,0.024800966378831557,0.05699971648452773,275.306005859375,271.2310043334961,-0.2305023913643205,0.020582773188279398,0.0,0.0,0.0,0.0,0.0,0.0,0.0,0.0
2023-03-27,280.5,281.4599914550781,275.5199890136719,276.3800048828125,26840200,275.2300109863281,0,MSFT,-0.014933892903828516,0.015020736015056046,0.0006516751188494485,276.13600463867186,273.4770050048828,-0.047273888967769406,0.01624920158490695,0.0,0.0,0.0,0.0,0.0,0.0,0.0,0.0
2023-03-28,275.7900085449219,276.1400146484375,272.04998779296875,275.2300109863281,21878600,280.510009765625,1,MSFT,-0.0041609156819140125,-0.00875168423154804,-0.015030532868840263,276.42600708007814,274.92100524902344,-0.18485704279401793,0.015467265861885592,0.0,0.0,0.0,0.0,0.0,0.0,0.0,0.0
2023-03-29,278.9599914550781,281.1400146484375,278.4100036621094,280.510009765625,25087000,284.04998779296875,1,MSFT,0.019183950036463004,-0.00021384166884386158,0.03041545180598293,278.07000732421875,276.4280059814453,0.14664558061301913,0.013139711437342732,0.0,0.0,0.0,0.0,0.0,0.0,0.0,0.0
2023-03-30,284.2300109863281,284.4599914550781,281.4800109863281,284.04998779296875,25053400,288.29998779296875,1,MSFT,0.012619792178901301,0.027751583959224613,0.03751183088415044,279.34800415039064,277.21300354003904,-0.0013393390999322241,0.013512092638464151,0.0,0.0,0.0,0.0,0.0,0.0,0.0,0.0
2023-03-31,283.7300109863281,289.2699890136719,283.0,288.29998779296875,32766000,287.2300109863281,0,MSFT,0.014962155193252835,0.04748746969780804,0.05879752743628708,280.8940002441406,278.1000030517578,0.3078464400041512,0.01298584813652657,0.0,0.0,0.0,0.0,0.0,0.0,0.0,0.0
2023-04-03,286.5199890136719,288.2699890136719,283.95001220703125,287.2300109863281,24883300,287.17999267578125,0,MSFT,-0.0037113314323447,0.02395636870968665,0.034466639768055085,283.0640014648437,279.6000030517578,-0.24057559665506922,0.012554219781168037,0.0,0.0,0.0,0.0,0.0,0.0,0.0,0.0
2023-04-04,287.2300109863281,290.45001220703125,285.6700134277344,287.17999267578125,25824300,284.3399963378906,0,MSFT,-0.00017414026610629296,0.011019204426418794,0.023559130266993078,285.45399780273436,280.94000244140625,0.03781652755060616,0.012412800100948489,0.0,0.0,0.0,0.0,0.0,0.0,0.0,0.0
2023-04-05,285.8500061035156,287.1499938964844,282.9200134277344,284.3399963378906,22064800,291.6000061035156,1,MSFT,-0.009889255555128096,-0.013735662930106751,0.028800894834824398,286.2199951171875,282.14500122070314,-0.14557993827519045,0.011264424617798112,0.0,0.0,0.0,0.0,0.0,0.0,0.0,0.0
2023-04-06,283.2099914550781,292.0799865722656,282.0299987792969,291.6000061035156,29770300,289.3900146484375,0,MSFT,0.025532847503443312,0.015214270619498427,0.05947750777076655,287.72999877929686,283.53900146484375,0.34922138428628413,0.013072762950839966,0.0,0.0,0.0,0.0,0.0,0.0,0.0,0.0
2023-04-10,289.2099914550781,289.6000061035156,284.7099914550781,289.3900146484375,23103000,282.8299865722656,0,MSFT,-0.0075788457092610395,0.007695598680341531,0.03165664173707028,287.9480041503906,284.42100219726564,-0.22395810589748844,0.013291484633093202,0.0,0.0,0.0,0.0,0.0,0.0,0.0,0.0
2023-04-11,285.75,285.9800109863281,281.6400146484375,282.8299865722656,27276600,283.489990234375,1,MSFT,-0.02266846727293359,-0.005310578128553511,-0.004295022964733719,287.0679992675781,285.0660003662109,0.18065186339436434,0.01610856521515715,0.0,0.0,0.0,0.0,0.0,0.0,0.0,0.0
2023-04-12,284.7900085449219,287.010009765625,281.9599914550781,283.489990234375,27403400,289.8399963378906,1,MSFT,0.0023335703194284907,-0.027812125169372037,-0.016684001950245886,286.3299987792969,285.8919982910156,0.0046486732217358995,0.014736494037185147,0.0,0.0,0.0,0.0,0.0,0.0,0.0,0.0
2023-04-13,283.5899963378906,289.8999938964844,283.1700134277344,289.8399963378906,24222700,286.1400146484375,0,MSFT,0.022399401468340185,0.001554931637844481,0.009086743208343684,287.42999877929685,286.8249969482422,-0.11606953881635129,0.01738808645242498,0.0,0.0,0.0,0.0,0.0,0.0,0.0,0.0
2023-04-14,287.0,288.4800109863281,283.69000244140625,286.1400146484375,20987900,288.79998779296875,1,MSFT,-0.012765600801139088,0.011703243055262602,-0.003621345685170585,286.33800048828124,287.03399963378905,-0.13354415486300042,0.018212488308430988,0.0,0.0,0.0,0.0,0.0,0.0,0.0,0.0
2023-04-17,289.92999267578125,291.6000061035156,286.1600036621094,288.79998779296875,23836200,288.3699951171875,0,MSFT,0.009296054408186816,0.018730811462527086,0.015685417150312464,286.2199951171875,287.08399963378906,0.13571152902386618,0.017984514309806302,0.0,0.0,0.0,0.0,0.0,0.0,0.0,0.0
2023-04-18,291.57000732421875,291.760009765625,287.010009765625,288.3699951171875,20161800,288.45001220703125,1,MSFT,-0.001488894369654492,-0.005071768007440247,-0.011076855002470354,287.3279968261719,287.197998046875,-0.1541520880006041,0.014800915475512877,0.0,0.0,0.0,0.0,0.0,0.0,0.0,0.0
2023-04-19,285.989990234375,289.04998779296875,284.5400085449219,288.45001220703125,17150300,286.1099853515625,0,MSFT,0.00027748063667720757,0.008072962327313471,-0.0032482200277303974,288.32000122070315,287.325,-0.14936662401174494,0.014558681037234374,0.0,0.0,0.0,0.0,0.0,0.0,0.0,0.0
2023-04-20,285.25,289.0299987792969,285.0799865722656,286.1099853515625,23244400,285.760009765625,0,MSFT,-0.008112417252349569,-0.009314413279458367,0.011597068680901046,287.5739990234375,287.5019989013672,0.3553348921010129,0.011577969011745855,0.0,0.0,0.0,0.0,0.0,0.0,0.0,0.0
2023-04-21,285.010009765625,286.2699890136719,283.0599975585937,285.760009765625,21676400,281.7699890136719,0,MSFT,-0.0012232204531675839,-0.009050821499309802,0.008007406291041352,287.497998046875,286.9179992675781,-0.06745710794858117,0.01162377585268915,0.0,0.0,0.0,0.0,0.0,0.0,0.0,0.0
2023-04-24,282.0899963378906,284.95001220703125,278.7200012207031,281.7699890136719,26611000,275.4200134277344,0,MSFT,-0.013962838100494368,-0.023158339090534996,-0.027842973454950237,286.0919982910156,286.15599670410154,0.22764850251886837,0.008186410235145164,0.0,0.0,0.0,0.0,0.0,0.0,0.0,0.0
2023-04-25,279.510009765625,281.6000061035156,275.3699951171875,275.4200134277344,45772200,295.3699951171875,1,MSFT,-0.02253602524585896,-0.03736315567837534,-0.03746418072241353,283.502001953125,285.4149993896484,0.7200481004096051,0.010450458059780374,0.0,0.0,0.0,0.0,0.0,0.0,0.0,0.0
2023-04-26,296.70001220703125,299.57000732421875,292.7300109863281,295.3699951171875,64599200,304.8299865722656,1,MSFT,0.0724347567962329,0.03362956685032459,0.022749333801663996,284.88599853515626,286.6029998779297,0.4113195345646483,0.031430197530344546,0.0,0.0,0.0,0.0,0.0,0.0,0.0,0.0
2023-04-27,295.9700012207031,305.20001220703125,295.25,304.8299865722656,46462600,307.260009765625,1,MSFT,0.03202759796683097,0.08183979294358013,0.0570794178790659,288.6299987792969,288.1019989013672,-0.28075579883342205,0.033033033165614054,0.0,0.0,0.0,0.0,0.0,0.0,0.0,0.0
2023-04-28,304.010009765625,308.92999267578125,303.3099975585937,307.260009765625,36469600,305.5599975585937,0,MSFT,0.007971732770402085,0.11560523849239046,0.06521059720078326,292.92999877929685,290.21399841308596,-0.21507621183489511,0.0328446009026892,0.0,0.0,0.0,0.0,0.0,0.0,0.0,0.0
2023-05-01,306.9700012207031,308.6000061035156,305.1499938964844,305.5599975585937,21294100,305.4100036621094,0,MSFT,-0.00553281309965481,0.034499111656088655,0.06798089267360474,297.68800048828126,291.88999938964844,-0.41611369469366266,0.03262762392576618,0.0,0.0,0.0,0.0,0.0,0.0,0.0,0.0
2023-05-02,307.760009765625,309.17999267578125,303.9100036621094,305.4100036621094,26404400,304.3999938964844,0,MSFT,-0.0004908819795874653,0.0019027560128381804,0.06876397405151602,303.6859985351563,293.5940002441406,0.2399866629723726,0.03258722682872056,0.0,0.0,0.0,0.0,0.0,0.0,0.0,0.0
2023-05-03,306.6199951171875,308.6099853515625,304.0899963378906,304.3999938964844,22360800,305.4100036621094,1,MSFT,-0.003307061830045477,-0.009308129200810145,0.08031375151778297,305.49199829101565,295.1889984130859,-0.15314114314280958,0.031513153216591476,0.0,0.0,0.0,0.0,0.0,0.0,0.0,0.0
2023-05-04,306.239990234375,307.760009765625,303.3999938964844,305.4100036621094,22519900,310.6499938964844,1,MSFT,0.003318034776204515,-0.0004908819795874653,0.10888820264415489,305.6080017089844,297.11900024414064,0.007115130049014429,0.028198637592004954,0.0,0.0,0.0,0.0,0.0,0.0,0.0,0.0
2023-05-05,305.7200012207031,311.9700012207031,304.2699890136719,310.6499938964844,28197100,308.6499938964844,0,MSFT,0.017157231824574737,0.017157231824574737,0.05173172303176754,306.28599853515624,299.6079986572266,0.2520970341786597,0.013309237472390515,0.0,0.0,0.0,0.0,0.0,0.0,0.0,0.0
2023-05-08,310.1300048828125,310.20001220703125,306.0899963378906,308.6499938964844,21318600,307.0,0,MSFT,-0.0064381137591988935,0.01396189252699287,0.012531599555456241,306.90399780273435,302.29599914550784,-0.24394352610729475,0.008457790287811412,0.0,0.0,0.0,0.0,0.0,0.0,0.0,0.0
2023-05-09,308.0,310.0400085449219,306.3099975585937,307.0,21340800,312.3099975585937,1,MSFT,-0.00534584133845073,0.005206104314938287,-0.0008462206514389115,307.2219970703125,305.45399780273436,0.0010413441783232447,0.008338050511497632,0.0,0.0,0.0,0.0,0.0,0.0,0.0,0.0
2023-05-10,308.6199951171875,313.0,307.6700134277344,312.3099975585937,30078000,310.1099853515625,0,MSFT,0.017296408985647105,0.005343646208673336,0.022090587949771257,308.8039978027344,307.147998046875,0.409412955465587,0.010127600816268468,0.0,0.0,0.0,0.0,0.0,0.0,0.0,0.0
2023-05-11,310.1000061035156,311.1199951171875,306.260009765625,310.1099853515625,31680200,308.9700012207031,0,MSFT,-0.007044322065349329,0.004730249421510679,0.015389088874288914,309.743994140625,307.6759979248047,0.05326816942615875,0.01080281075972796,0.0,0.0,0.0,0.0,0.0,0.0,0.0,0.0
2023-05-12,310.54998779296875,310.6499938964844,306.6000061035156,308.9700012207031,19774700,309.4599914550781,1,MSFT,-0.0036760639279866947,0.006416942086980848,0.01501316496666183,309.4079956054687,307.8469970703125,-0.3758025517515672,0.01083520638264661,0.0,0.0,0.0,0.0,0.0,0.0,0.0,0.0
2023-05-15,309.1000061035156,309.8999938964844,307.5899963378906,309.4599914550781,16336500,311.739990234375,1,MSFT,0.0015858828767811861,-0.009125567947855573,0.013260822318870158,309.5699951171875,308.23699645996095,-0.17386863011828246,0.010824686635339418,0.0,0.0,0.0,0.0,0.0,0.0,0.0,0.0
2023-05-16,309.8299865722656,313.7099914550781,309.8299865722656,311.739990234375,26730300,314.0,1,MSFT,0.007367668979037845,0.005256215406816533,0.0035087602102250592,310.5179931640625,308.8699951171875,0.6362317509870534,0.00901038608171822,0.0,0.0,0.0,0.0,0.0,0.0,0.0,0.0
2023-05-17,312.2900085449219,314.42999267578125,310.739990234375,314.0,24315000,318.5199890136719,1,MSFT,0.0072496626561315836,0.016279893709499227,0.01733356944536313,310.8559936523437,309.8299957275391,-0.09035813290535455,0.0087256066411405,0.0,0.0,0.0,0.0,0.0,0.0,0.0,0.0
2023-05-18,314.5299987792969,319.0400085449219,313.7200012207031,318.5199890136719,27276000,318.3399963378906,0,MSFT,0.01439486947029267,0.029276797675827915,0.03752439418134168,312.5379943847656,311.1409942626953,0.12177668106107342,0.008957797451200816,0.0,0.0,0.0,0.0,0.0,0.0,0.0,0.0
2023-05-19,316.739990234375,318.75,316.3699951171875,318.3399963378906,27546700,321.17999267578125,1,MSFT,-0.0005650906755918506,0.02117150930348566,0.019307735347683153,314.4119934082031,311.9099945068359,0.009924475729579108,0.007379479351957188,0.0,0.0,0.0,0.0,0.0,0.0,0.0,0.0
2023-05-22,318.6000061035156,322.5899963378906,318.010009765625,321.17999267578125,24115700,315.260009765625,0,MSFT,0.008921267734376181,0.02286621871267913,0.035697036042451336,316.75599365234376,313.1629943847656,-0.12455212421088546,0.006220881642727414,0.0,0.0,0.0,0.0,0.0,0.0,0.0,0.0
2023-05-23,320.0299987792969,322.7200012207031,315.25,315.260009765625,30797200,313.8500061035156,0,MSFT,-0.018431979093206596,-0.010234771318879288,0.020357991132054387,317.4599975585937,313.98899536132814,0.27706017241879777,0.010614827297753508,0.0,0.0,0.0,0.0,0.0,0.0,0.0,0.0
2023-05-24,314.7300109863281,316.5,312.6099853515625,313.8500061035156,23384900,325.9200134277344,1,MSFT,-0.004472510367419025,-0.014104386146971182,0.014186049149021551,317.42999877929685,314.1429962158203,-0.2406809709973634,0.01098343960230836,0.0,0.0,0.0,0.0,0.0,0.0,0.0,0.0
2023-05-25,323.239990234375,326.8999938964844,320.0,325.9200134277344,43301700,332.8900146484375,1,MSFT,0.03845788462479027,0.014758144529687378,0.04548669929288973,318.9100036621094,315.7239990234375,0.8516948971344758,0.01771051730150996,0.0,0.0,0.0,0.0,0.0,0.0,0.0,0.0
2023-05-26,324.0199890136719,333.3999938964844,323.8800048828125,332.8900146484375,36630600,331.2099914550781,0,MSFT,0.021385618966441866,0.0559221098036482,0.06015928231986467,321.82000732421875,318.1160003662109,-0.1540609260144521,0.018593140363883633,0.0,0.0,0.0,0.0,0.0,0.0,0.0,0.0
2023-05-30,335.2300109863281,335.739990234375,330.5199890136719,331.2099914550781,29503100,328.3900146484375,0,MSFT,-0.005046781577794146,0.05531299988516403,0.039840521408725627,323.8260070800781,320.29100036621094,-0.19457775739409133,0.019017772080915662,0.0,0.0,0.0,0.0,0.0,0.0,0.0,0.0
2023-05-31,332.2900085449219,335.94000244140625,327.3299865722656,328.3900146484375,45950600,332.5799865722656,1,MSFT,-0.008514165874803026,0.007578550315845423,0.031570077358044735,326.45200805664064,321.9560028076172,0.5574837898390339,0.01968336669747994,0.0,0.0,0.0,0.0,0.0,0.0,0.0,0.0
2023-06-01,325.92999267578125,333.5299987792969,324.7200012207031,332.5799865722656,26773900,335.3999938964844,1,MSFT,0.012759133155475944,-0.0009313228469748358,0.03549409725528019,330.1980041503906,323.8140014648437,-0.41733296191997493,0.01987584191023441,0.0,0.0,0.0,0.0,0.0,0.0,0.0,0.0
2023-06-02,334.25,337.5,332.54998779296875,335.3999938964844,25873800,335.94000244140625,1,MSFT,0.00847918527294178,0.012650591919038057,0.06388372615300031,332.0940002441406,325.502001953125,-0.03361856136013053,0.016936839208452827,0.0,0.0,0.0,0.0,0.0,0.0,0.0,0.0
2023-06-05,335.2200012207031,338.5599975585937,334.6600036621094,335.94000244140625,21307100,333.67999267578125,0,MSFT,0.0016100433951962145,0.022990917677723877,0.07038392833615181,332.70399780273436,327.2620025634766,-0.17649900671721974,0.0162730485516083,0.0,0.0,0.0,0.0,0.0,0.0,0.0,0.0
2023-06-06,335.3299865722656,335.3699951171875,332.1700134277344,333.67999267578125,20396200,323.3800048828125,0,MSFT,-0.006727420816814433,0.003307493378819526,0.02380945915666355,333.197998046875,328.5120025634766,-0.04275100788000241,0.011224489755494223,0.0,0.0,0.0,0.0,0.0,0.0,0.0,0.0
2023-06-07,331.6499938964844,334.489990234375,322.5,323.3800048828125,40717100,325.260009765625,1,MSFT,-0.030867861481214676,-0.03583777350151551,-0.028568023512716145,332.19599609375,329.3240020751953,0.9963081358292232,0.014252788650049497,0.0,0.0,0.0,0.0,0.0,0.0,0.0,0.0
2023-06-08,323.94000244140625,326.6400146484375,323.3500061035156,325.260009765625,23277700,326.7900085449219,1,MSFT,0.005813608925801628,-0.03179136928667503,-0.017964378620685784,330.73200073242185,330.4650024414062,-0.4283065346009416,0.01470922982833364,0.0,0.0,0.0,0.0,0.0,0.0,0.0,0.0
2023-06-09,324.989990234375,329.989990234375,324.4100036621094,326.7900085449219,22529000,331.8500061035156,1,MSFT,0.004703925270122644,-0.0206484784287142,-0.004872273918646752,329.0100036621094,330.552001953125,-0.03216383061900441,0.014655698206764312,0.0,0.0,0.0,0.0,0.0,0.0,0.0,0.0
2023-06-12,328.5799865722656,332.1000061035156,325.1600036621094,331.8500061035156,24260300,334.2900085449219,1,MSFT,0.015483942061521594,0.026192099365489607,-0.0021949019731269948,328.19200439453124,330.4480010986328,0.07684761862488343,0.015099260004247493,0.0,0.0,0.0,0.0,0.0,0.0,0.0,0.0
2023-06-13,334.4700012207031,336.9800109863281,330.3900146484375,334.2900085449219,22951300,337.3399963378906,1,MSFT,0.0073527268239528265,0.027762400873700077,-0.0033094376021517435,328.3140075683594,330.75600280761716,-0.053956463852466774,0.014996813056641703,0.0,0.0,0.0,0.0,0.0,0.0,0.0,0.0
2023-06-14,334.3399963378906,339.0400085449219,332.8099975585937,337.3399963378906,26003800,348.1000061035156,1,MSFT,0.009123777902440233,0.03228369141377385,0.004167392648419588,331.106005859375,331.6510009765625,0.13299900223516747,0.015425415071465536,0.0,0.0,0.0,0.0,0.0,0.0,0.0,0.0
2023-06-15,337.4800109863281,349.8399963378906,337.20001220703125,348.1000061035156,38899100,342.3299865722656,0,MSFT,0.03189663212910987,0.048967906286345064,0.04321509753132102,335.67400512695315,333.2030029296875,0.49590059914320217,0.018853814838544865,0.0,0.0,0.0,0.0,0.0,0.0,0.0,0.0
2023-06-16,351.32000732421875,351.4700012207031,341.95001220703125,342.3299865722656,46552000,338.04998779296875,0,MSFT,-0.016575752456419512,0.024050907361364837,0.05859973221387116,338.78200073242186,333.8960021972656,0.19673719957531155,0.014421569535513587,0.0,0.0,0.0,0.0,0.0,0.0,0.0,0.0
2023-06-20,339.3099975585937,342.0799865722656,335.8599853515625,338.04998779296875,26375400,333.5599975585937,0,MSFT,-0.012502552937743827,0.0021046761806653436,0.039322319508506176,340.0219970703125,334.10700073242185,-0.4334206908403506,0.0164567726022054,0.0,0.0,0.0,0.0,0.0,0.0,0.0,0.0
2023-06-21,336.3699951171875,337.7300109863281,332.07000732421875,333.5599975585937,25117800,339.7099914550781,1,MSFT,-0.013282030458539373,-0.04176963024987168,0.020716634036077597,339.87599487304686,334.0950012207031,-0.04768079346663934,0.017962551514905105,0.0,0.0,0.0,0.0,0.0,0.0,0.0,0.0
2023-06-22,334.1199951171875,340.1199951171875,333.3399963378906,339.7099914550781,23556800,335.0199890136719,0,MSFT,0.01843744436232675,-0.007653419857902022,0.023685355452760515,340.34999389648436,335.7279998779297,-0.06214716256997033,0.018333576083747822,0.0,0.0,0.0,0.0,0.0,0.0,0.0,0.0
2023-06-23,334.3599853515625,337.9599914550781,333.45001220703125,335.0199890136719,23146900,328.6000061035156,0,MSFT,-0.013805900795904158,-0.008963167841178898,0.0021836742053027436,337.73399047851564,336.70399780273436,-0.017400495822862183,0.019309387299522637,0.0,0.0,0.0,0.0,0.0,0.0,0.0,0.0
2023-06-26,333.7200012207031,336.1099853515625,328.489990234375,328.6000061035156,21520600,334.57000732421875,1,MSFT,-0.019162984659683246,-0.014869862967326508,-0.02590855021419025,334.9879943847656,336.88499755859374,-0.07025994841641858,0.02013863645017035,0.0,0.0,0.0,0.0,0.0,0.0,0.0,0.0
2023-06-27,331.8599853515625,336.1499938964844,329.29998779296875,334.57000732421875,24354100,335.8500061035156,1,MSFT,0.018167988769977272,-0.015130506196898486,-0.038868137150429694,334.2919982910156,337.15699768066406,0.13166454466882893,0.016437259283850387,0.0,0.0,0.0,0.0,0.0,0.0,0.0,0.0
2023-06-28,334.6600036621094,337.9800109863281,333.8099975585937,335.8500061035156,20259500,335.04998779296875,0,MSFT,0.0038258025264543694,0.0024775151246567706,-0.01892904718524291,334.75,337.31299743652346,-0.1681277485105177,0.01595432663063268,0.0,0.0,0.0,0.0,0.0,0.0,0.0,0.0
2023-06-29,334.7099914550781,336.1099853515625,332.6199951171875,335.04998779296875,16997000,340.5400085449219,1,MSFT,-0.002382070257578861,0.01962867184920647,-0.008874427180388778,333.8179992675781,337.08399658203126,-0.16103556356277304,0.015356603298870734,0.0,0.0,0.0,0.0,0.0,0.0,0.0,0.0
2023-06-30,337.75,342.7300109863281,337.20001220703125,340.5400085449219,26832800,337.989990234375,0,MSFT,0.016385676621321066,0.01784380276178732,0.020925803565824852,334.9220031738281,336.3279968261719,0.5786785903394718,0.015549987752036129,0.0,0.0,0.0,0.0,0.0,0.0,0.0,0.0
2023-07-03,339.19000244140625,340.8999938964844,336.57000732421875,337.989990234375,12508700,338.1499938964844,1,MSFT,-0.007488160705236169,0.006371844847308905,-0.005063145812508663,336.8,335.8939971923828,-0.5338280015503414,0.014317422122011234,0.0,0.0,0.0,0.0,0.0,0.0,0.0,0.0
2023-07-05,335.0899963378906,341.6499938964844,334.7300109863281,338.1499938964844,18172400,341.2699890136719,1,MSFT,0.00047339763523290834,0.009252368949289824,0.009342740688480955,337.5159973144531,335.90399780273435,0.45278086451829536,0.01309337491595408,0.0,0.0,0.0,0.0,0.0,0.0,0.0,0.0
2023-07-06,337.29998779296875,342.989990234375,335.5,341.2699890136719,28161200,337.2200012207031,0,MSFT,0.009226660279469279,0.002143596788727109,0.038557464013451614,338.59999389648436,336.6749969482422,0.549668728401312,0.009589411153292616,0.0,0.0,0.0,0.0,0.0,0.0,0.0,0.0
2023-07-07,339.32000732421875,341.7900085449219,337.0,337.2200012207031,21214800,331.8299865722656,0,MSFT,-0.011867400953344598,-0.002278141471402595,0.007920596103871302,339.03399658203125,336.4259979248047,-0.24666562504438727,0.009674019057437075,0.0,0.0,0.0,0.0,0.0,0.0,0.0,0.0
2023-07-10,334.6000061035156,335.2300109863281,327.5899963378906,331.8299865722656,32791400,332.4700012207031,1,MSFT,-0.015983674245080848,-0.018689952501236617,-0.011969687235947046,337.2919921875,336.10699768066405,0.5456850877689161,0.011493220380997113,0.0,0.0,0.0,0.0,0.0,0.0,0.0,0.0
2023-07-11,331.0599975585937,332.8599853515625,327.0,332.4700012207031,26698200,337.20001220703125,1,MSFT,0.0019287426523706408,-0.025785999578815,-0.007700303436094513,336.1879943847656,336.49399719238284,-0.18581701299731024,0.011563497351432804,0.0,0.0,0.0,0.0,0.0,0.0,0.0,0.0
2023-07-12,336.6000061035156,341.6499938964844,335.6700134277344,337.20001220703125,29995300,342.6600036621094,1,MSFT,0.014226880527450136,-5.927588399123884e-05,-0.009807941076180549,335.997998046875,336.7569976806641,0.12349521690600862,0.01103794125333022,0.0,0.0,0.0,0.0,0.0,0.0,0.0,0.0
2023-07-13,339.5599975585937,343.739990234375,339.0199890136719,342.6600036621094,20567200,345.239990234375,1,MSFT,0.016192144891518767,0.03263724656627809,0.01381701696105253,336.2760009765625,337.43799743652346,-0.31431924334812456,0.012390760090139388,0.0,0.0,0.0,0.0,0.0,0.0,0.0,0.0
2023-07-14,347.5899963378906,351.42999267578125,344.3099975585937,345.239990234375,28352700,345.7300109863281,1,MSFT,0.00752929009715908,0.03840944736904195,0.020967016016155915,337.8799987792969,338.4569976806641,0.3785396164767203,0.012529427182432338,0.0,0.0,0.0,0.0,0.0,0.0,0.0,0.0
2023-07-17,345.67999267578125,346.989990234375,342.20001220703125,345.7300109863281,20363900,359.489990234375,1,MSFT,0.0014193626631158196,0.025296555369220153,0.013068895936459102,340.6600036621094,338.9759979248047,-0.28176505235832916,0.012230441870816896,0.0,0.0,0.0,0.0,0.0,0.0,0.0,0.0
2023-07-18,345.8299865722656,366.7799987792969,342.1700134277344,359.489990234375,64738600,355.0799865722656,0,MSFT,0.039799782520444804,0.04911570183972036,0.06603994108610611,346.0640014648437,341.12599792480466,2.1790865207548653,0.017131121781318783,0.0,0.0,0.0,0.0,0.0,0.0,0.0,0.0
2023-07-19,361.75,362.4599914550781,352.44000244140625,355.0799865722656,39732900,346.8699951171875,0,MSFT,-0.012267389306818255,0.028501901912378447,0.07006600048466871,349.63999633789064,342.8189971923828,-0.38625642198008603,0.016251942591935437,0.0,0.0,0.0,0.0,0.0,0.0,0.0,0.0
2023-07-20,353.57000732421875,357.9700012207031,345.3699951171875,346.8699951171875,33778400,343.7699890136719,0,MSFT,-0.023121526882809107,0.0032973247755008206,0.0433121600253048,350.48199462890625,343.3789978027344,-0.14986321159542848,0.020488275497484394,0.0,0.0,0.0,0.0,0.0,0.0,0.0,0.0
2023-07-21,349.1499938964844,350.29998779296875,339.8299865722656,343.7699890136719,69405400,345.1099853515625,1,MSFT,-0.00893708348128619,-0.04372862012222989,0.019483916277579727,350.1879943847656,344.03399658203125,1.054727281339554,0.020853335653920023,0.0,0.0,0.0,0.0,0.0,0.0,0.0,0.0
2023-07-24,345.8500061035156,346.9200134277344,342.3099975585937,345.1099853515625,26678100,350.9800109863281,1,MSFT,0.0038979444998537005,-0.028078184064801004,0.007149891038549683,350.0639892578125,345.36199645996095,-0.6156192457647387,0.02005408083492792,0.0,0.0,0.0,0.0,0.0,0.0,0.0,0.0
2023-07-25,347.1099853515625,351.8900146484375,345.07000732421875,350.9800109863281,41637700,337.7699890136719,0,MSFT,0.017009144573970625,0.011848865358769611,0.016626175745331206,348.36199340820315,347.21299743652344,0.5607445807609988,0.02085762652790272,0.0,0.0,0.0,0.0,0.0,0.0,0.0,0.0
2023-07-26,341.44000244140625,344.6700134277344,333.1099853515625,337.7699890136719,58383700,330.7200012207031,0,MSFT,-0.03763753364624178,-0.01745353053422405,-0.023023809677231166,344.8999938964844,347.2699951171875,0.4021835980373556,0.025837722822686857,0.0,0.0,0.0,0.0,0.0,0.0,0.0,0.0
2023-07-27,340.4800109863281,341.3299865722656,329.04998779296875,330.7200012207031,39635300,338.3699951171875,1,MSFT,-0.02087215567479972,-0.041696806066623515,-0.08003001417345401,341.6699951171875,346.07599487304685,-0.3211238753282166,0.0180868356545177,0.0,0.0,0.0,0.0,0.0,0.0,0.0,0.0
2023-07-28,333.6700134277344,340.010009765625,333.1700134277344,338.3699951171875,28484900,335.9200134277344,0,MSFT,0.02313133124167832,-0.03592801719306982,-0.047059795220751766,340.5899963378906,345.3889953613281,-0.28132498050979804,0.02234942501144431,0.0,0.0,0.0,0.0,0.0,0.0,0.0,0.0
2023-07-31,336.9200134277344,337.70001220703125,333.3599853515625,335.9200134277344,25446000,336.3399963378906,1,MSFT,-0.007240540605867318,-0.005477027699647419,-0.031567970258579936,338.752001953125,344.4079956054687,-0.10668459429381882,0.021173480446306906,0.0,0.0,0.0,0.0,0.0,0.0,0.0,0.0
2023-08-01,335.19000244140625,338.5400085449219,333.70001220703125,336.3399963378906,18311900,327.5,0,MSFT,0.0012502467652069083,0.016993212071975794,-0.02161326733930158,335.8239990234375,342.09299621582034,-0.2803623359270613,0.0211580245957039,0.0,0.0,0.0,0.0,0.0,0.0,0.0,0.0
2023-08-02,333.6300048828125,333.6300048828125,326.3599853515625,327.5,27761300,326.6600036621094,0,MSFT,-0.02628291738758859,-0.03212458336745516,-0.05102716843624,333.77000122070314,339.3349975585937,0.5160250984332593,0.022564726475313365,0.0,0.0,0.0,0.0,0.0,0.0,0.0,0.0
2023-08-03,326.0,329.8800048828125,325.95001220703125,326.6600036621094,18253700,327.7799987792969,1,MSFT,-0.0025648743141698516,-0.027566115132991564,-0.06929171623157226,332.9580017089844,337.3139984130859,-0.34247675721237836,0.02014246183812656,0.0,0.0,0.0,0.0,0.0,0.0,0.0,0.0
2023-08-04,331.8800048828125,335.1400146484375,327.239990234375,327.7799987792969,23741500,330.1099853515625,1,MSFT,0.003428626414717195,-0.025450430076101593,-0.02957631097880231,330.8400024414062,335.7149993896484,0.3006404181070139,0.016393232487152305,0.0,0.0,0.0,0.0,0.0,0.0,0.0,0.0
2023-08-07,328.3699951171875,331.1099853515625,327.5199890136719,330.1099853515625,17741500,326.04998779296875,0,MSFT,0.007108385444331011,0.00796942092080144,-0.001844508547680923,329.67799682617186,334.2149993896484,-0.25272202683065514,0.014991700529316613,0.0,0.0,0.0,0.0,0.0,0.0,0.0,0.0
2023-08-08,326.9599914550781,328.75,323.0,326.04998779296875,22327600,322.2300109863281,0,MSFT,-0.012298923809499152,-0.0018674336077324494,-0.03640986937967705,327.6199951171875,331.7219970703125,0.2584956176197053,0.01135445091443488,0.0,0.0,0.0,0.0,0.0,0.0,0.0,0.0
2023-08-09,326.4700012207031,327.1099853515625,321.04998779296875,322.2300109863281,22373300,322.92999267578125,1,MSFT,-0.0117159237836445,-0.016932051417529292,-0.04075375653183977,326.5659973144531,330.1679992675781,0.0020467941023665226,0.011609749952171003,0.0,0.0,0.0,0.0,0.0,0.0,0.0,0.0
2023-08-10,326.0199890136719,328.260009765625,321.17999267578125,322.92999267578125,20113700,321.010009765625,0,MSFT,0.0021723044582673268,-0.021750304426976563,-0.03987038059142256,325.8199951171875,329.3889984130859,-0.10099538288942622,0.011708780206563664,0.0,0.0,0.0,0.0,0.0,0.0,0.0,0.0
2023-08-11,320.260009765625,322.4100036621094,319.2099914550781,321.010009765625,24355500,324.0400085449219,1,MSFT,-0.0059455081711282665,-0.01545768506681855,-0.01981676407442745,324.46599731445315,327.6529998779297,0.21089108418640024,0.0075427868095806734,0.0,0.0,0.0,0.0,0.0,0.0,0.0,0.0
2023-08-14,321.3900146484375,324.0599975585937,320.0799865722656,324.0400085449219,18836100,321.8599853515625,0,MSFT,0.009438954198061067,0.005617098025889833,-0.008020556810798163,323.252001953125,326.4649993896484,-0.22661821765104395,0.008862415658665865,0.0,0.0,0.0,0.0,0.0,0.0,0.0,0.0
2023-08-15,323.0,325.0899963378906,320.8999938964844,321.8599853515625,16966300,320.3999938964844,0,MSFT,-0.006727635896408679,-0.0033134343309295655,-0.018060935535363365,322.41400146484375,325.0169982910156,-0.09926683336784159,0.008825676389068412,0.0,0.0,0.0,0.0,0.0,0.0,0.0,0.0
2023-08-16,320.79998779296875,324.4200134277344,319.79998779296875,320.3999938964844,20698900,316.8800048828125,0,MSFT,-0.004536107380615828,-0.0019003017058129013,-0.029414413031878195,322.047998046875,324.30699768066404,0.22000082516518038,0.007727130251212791,0.0,0.0,0.0,0.0,0.0,0.0,0.0,0.0
2023-08-17,320.5400085449219,321.8699951171875,316.2099914550781,316.8800048828125,21257200,316.4800109863281,0,MSFT,-0.010986233085912955,-0.02209604824497091,-0.02812446941718305,320.83800048828124,323.32899780273436,0.02697244781123631,0.007511605527510202,0.0,0.0,0.0,0.0,0.0,0.0,0.0,0.0
2023-08-18,314.489990234375,318.3800048828125,311.54998779296875,316.4800109863281,24755000,321.8800048828125,1,MSFT,-0.001262288217372065,-0.016715263189233998,-0.017844396250987216,319.9320007324219,322.1989990234375,0.16454660068118088,0.0067304055188539685,0.0,0.0,0.0,0.0,0.0,0.0,0.0,0.0
2023-08-21,317.92999267578125,322.7699890136719,317.0400085449219,321.8800048828125,24040000,322.4599914550781,1,MSFT,0.017062669707495814,0.004619260344949527,-0.0032514409215093076,319.5,321.3760009765625,-0.028883053928499325,0.010020456267991884,0.0,0.0,0.0,0.0,0.0,0.0,0.0,0.0
2023-08-22,325.5,326.0799865722656,321.4599914550781,322.4599914550781,16084600,327.0,1,MSFT,0.00180187201276083,0.017609146952421995,0.004516936062248567,319.6200012207031,321.0170013427734,-0.33092346089850244,0.009732453669496476,0.0,0.0,0.0,0.0,0.0,0.0,0.0,0.0
2023-08-23,323.82000732421875,329.20001220703125,323.4599914550781,327.0,21166400,319.9700012207031,0,MSFT,0.01407929251760942,0.03324061125025146,0.009134648120674216,320.94000244140625,321.49400024414064,0.3159419569028761,0.010551683715391683,0.0,0.0,0.0,0.0,0.0,0.0,0.0,0.0
2023-08-24,332.8500061035156,332.9800109863281,319.9599914550781,319.9700012207031,23281400,322.9800109863281,1,MSFT,-0.02149846721497517,-0.005933899692852185,-0.005872069275076219,321.55800170898436,321.1980010986328,0.09992251870889701,0.013500533564092075,0.0,0.0,0.0,0.0,0.0,0.0,0.0,0.0
2023-08-25,321.4700012207031,325.3599853515625,318.79998779296875,322.9800109863281,21684100,323.70001220703125,1,MSFT,0.009407162403167968,0.0016126637258266907,0.008052487949413933,322.8580017089844,321.39500122070314,-0.06860841701959508,0.013874447971106124,0.0,0.0,0.0,0.0,0.0,0.0,0.0,0.0
2023-08-28,325.6600036621094,326.1499938964844,321.7200012207031,323.70001220703125,14808500,328.4100036621094,1,MSFT,0.0022292439043034573,-0.010091705788895289,0.0215223656246184,323.2220031738281,321.3610015869141,-0.31708025696247477,0.012792164058955623,0.0,0.0,0.0,0.0,0.0,0.0,0.0,0.0
2023-08-29,321.8800048828125,328.9800109863281,321.8800048828125,328.4100036621094,19284600,328.7900085449219,1,MSFT,0.014550482784862373,0.026377480417561605,0.03769588050316597,324.41200561523436,322.01600341796876,0.3022655907080394,0.013276924889094932,0.0,0.0,0.0,0.0,0.0,0.0,0.0,0.0
2023-08-30,328.6700134277344,329.8099975585937,326.45001220703125,328.7900085449219,15222100,327.760009765625,0,MSFT,0.0011571050777230418,0.0179887217814223,0.021467638738930317,324.77000732421874,322.8550048828125,-0.21066031963328247,0.012266087385224535,0.0,0.0,0.0,0.0,0.0,0.0,0.0,0.0
2023-08-31,329.20001220703125,330.9100036621094,326.7799987792969,327.760009765625,26411000,328.6600036621094,1,MSFT,-0.0031326948889207618,0.012542469587542238,0.016436204338500682,326.3280090332031,323.94300537109376,0.7350431280835101,0.012493076850082234,0.0,0.0,0.0,0.0,0.0,0.0,0.0,0.0
2023-09-01,331.3099975585937,331.989990234375,326.7799987792969,328.6600036621094,14942000,333.54998779296875,1,MSFT,0.002745892938946115,0.0007612435590031996,0.005076463798499686,327.46400756835936,325.1610046386719,-0.43425088031502024,0.01141490736530026,0.0,0.0,0.0,0.0,0.0,0.0,0.0,0.0
2023-09-05,329.0,334.8500061035156,328.6600036621094,333.54998779296875,18553900,332.8800048828125,0,MSFT,0.014878549493009485,0.014477262460353968,0.04244143676112522,329.4340026855469,326.3280029296875,0.2417280149912997,0.007014412064435085,0.0,0.0,0.0,0.0,0.0,0.0,0.0,0.0
2023-09-06,333.3800048828125,334.4599914550781,330.17999267578125,332.8800048828125,17535800,329.9100036621094,0,MSFT,-0.0020086431859566156,0.015621170870872003,0.030652032818537123,330.3280029296875,327.37000427246096,-0.054872560485935584,0.007400320760885578,0.0,0.0,0.0,0.0,0.0,0.0,0.0,0.0
2023-09-07,331.2900085449219,333.0799865722656,329.0299987792969,329.9100036621094,18381000,334.2699890136719,1,MSFT,-0.0089221376386025,0.0038033225402294146,0.019184402906683662,330.552001953125,327.6610046386719,0.04819854241038324,0.008966418551663318,0.0,0.0,0.0,0.0,0.0,0.0,0.0,0.0
2023-09-08,330.0899963378906,336.1600036621094,329.4599914550781,334.2699890136719,19530100,337.94000244140625,1,MSFT,0.013215680952881836,0.0021586006507368083,0.017843504418920464,331.8539978027344,329.09100341796875,0.06251564115118868,0.00868342868073106,0.0,0.0,0.0,0.0,0.0,0.0,0.0,0.0
2023-09-11,337.239990234375,338.4200134277344,335.42999267578125,337.94000244140625,16583300,331.7699890136719,0,MSFT,0.010979189123628608,0.01520066535800213,0.027829294256775494,333.7099975585937,330.5870025634766,-0.15088504411139725,0.009196971727896082,0.0,0.0,0.0,0.0,0.0,0.0,0.0,0.0
2023-09-12,335.82000732421875,336.7900085449219,331.4800109863281,331.7699890136719,17565500,336.0599975585937,1,MSFT,-0.01825771848008484,0.0056378567818982095,0.012234498195537347,333.3539978027344,331.3940002441406,0.059228259755296,0.01237134045773789,0.0,0.0,0.0,0.0,0.0,0.0,0.0,0.0
2023-09-13,331.3099975585937,336.8500061035156,331.1700134277344,336.0599975585937,16544400,338.70001220703125,1,MSFT,0.012930670907503439,0.005354978322174686,0.022515650867247494,333.9899963378906,332.15899963378905,-0.05813099541715294,0.013079177575844345,0.0,0.0,0.0,0.0,0.0,0.0,0.0,0.0
2023-09-14,339.1499938964844,340.8599853515625,336.57000732421875,338.70001220703125,20267000,330.2200012207031,0,MSFT,0.007855783692247487,0.0022489488078782927,0.01544003778305969,335.747998046875,333.15,0.22500664877541654,0.012284579763623344,0.0,0.0,0.0,0.0,0.0,0.0,0.0,0.0
2023-09-15,336.9200134277344,337.3999938964844,329.6499938964844,330.2200012207031,37679800,329.0599975585937,0,MSFT,-0.025036937350757182,-0.00467187462487717,-0.007990878463985274,334.93800048828126,333.3959991455078,0.859170079439483,0.016106057877212237,0.0,0.0,0.0,0.0,0.0,0.0,0.0,0.0
2023-09-18,327.79998779296875,330.3999938964844,326.3599853515625,329.0599975585937,16834200,328.6499938964844,0,MSFT,-0.0035128207189791816,-0.02082961391077054,-0.0025764787186818294,333.16199951171876,333.4359985351563,-0.553230112686373,0.015791181217296654,0.0,0.0,0.0,0.0,0.0,0.0,0.0,0.0
2023-09-19,326.1700134277344,329.3900146484375,324.510009765625,328.6499938964844,16505900,320.7699890136719,0,MSFT,-0.0012459845169612294,-0.029672329342591786,-0.016812742100391298,332.5380004882812,332.9459991455078,-0.01950196623540179,0.01463810145395632,0.0,0.0,0.0,0.0,0.0,0.0,0.0,0.0
2023-09-20,329.510009765625,329.5899963378906,320.510009765625,320.7699890136719,21436500,319.5299987792969,0,MSFT,-0.02397689039755313,-0.028617322306637938,-0.05080787507750406,329.47999877929686,331.73499755859376,0.2987174283135121,0.015290290553326655,0.0,0.0,0.0,0.0,0.0,0.0,0.0,0.0
2023-09-21,319.260009765625,325.3500061035156,315.0,319.5299987792969,35560400,317.010009765625,0,MSFT,-0.00386566785187048,-0.02896128016168198,-0.03689300008950058,325.64599609375,330.6969970703125,0.6588715508595153,0.014522869895736125,0.0,0.0,0.0,0.0,0.0,0.0,0.0,0.0
2023-09-22,321.32000732421875,321.45001220703125,316.1499938964844,317.010009765625,21447900,317.5400085449219,1,MSFT,-0.007886549066751236,-0.03541756989816236,-0.056686270104632785,323.0039978027344,328.9709991455078,-0.396859990326318,0.012106356768075116,0.0,0.0,0.0,0.0,0.0,0.0,0.0,0.0
2023-09-25,316.5899963378906,317.6700134277344,315.0,317.5400085449219,17836000,312.1400146484375,0,MSFT,0.001671867647613734,-0.0100694596732126,-0.06247417448917969,320.7,326.9309997558594,-0.16840343343637376,0.010901914640738586,0.0,0.0,0.0,0.0,0.0,0.0,0.0,0.0
2023-09-26,315.1300048828125,315.8800048828125,310.0199890136719,312.1400146484375,26297600,312.7900085449219,1,MSFT,-0.01700571188250899,-0.023127669261388317,-0.054751337003907996,317.39800415039065,324.96800231933594,0.4744113029827315,0.009244470733780373,0.0,0.0,0.0,0.0,0.0,0.0,0.0,0.0
2023-09-27,312.29998779296875,314.29998779296875,309.69000244140625,312.7900085449219,19410100,313.6400146484375,1,MSFT,0.0020823792720598977,-0.013311886346500823,-0.04944383739860303,315.8020080566406,322.64100341796876,-0.26190602944755415,0.009912313561108195,0.0,0.0,0.0,0.0,0.0,0.0,0.0,0.0
2023-09-28,310.989990234375,315.4800109863281,309.45001220703125,313.6400146484375,19683600,315.75,1,MSFT,0.0027174976191528533,-0.012281897687020593,-0.04567162491040422,314.62401123046874,320.1350036621094,0.014090602315289358,0.0104082470362817,0.0,0.0,0.0,0.0,0.0,0.0,0.0,0.0
2023-09-29,317.75,319.4700012207031,314.9800109863281,315.75,24147300,321.79998779296875,1,MSFT,0.006727411213545587,0.011565275780576867,-0.015649808852466918,314.37200927734375,318.68800354003906,0.22677254160824245,0.008078029647145832,0.0,0.0,0.0,0.0,0.0,0.0,0.0,0.0
2023-10-02,316.2799987792969,321.8900146484375,315.17999267578125,321.79998779296875,20570000,313.3900146484375,0,MSFT,0.019160689763954908,0.028805201579042317,0.007104149915012403,315.2240051269531,317.9620025634766,-0.14814492717612326,0.011330870973447354,0.0,0.0,0.0,0.0,0.0,0.0,0.0,0.0
2023-10-03,320.8299865722656,321.3900146484375,311.2099914550781,313.3900146484375,21033500,318.9599914550781,1,MSFT,-0.02613416241004285,-0.0007970921703986944,-0.01141918237807027,315.4740051269531,316.4360046386719,0.022532814778803978,0.015179447315998964,0.0,0.0,0.0,0.0,0.0,0.0,0.0,0.0
2023-10-04,314.0299987792969,320.0400085449219,314.0,318.9599914550781,20720100,319.3599853515625,1,MSFT,0.01777330657101195,0.010166243721545953,0.004471823618898085,316.7080017089844,316.2550048828125,-0.014900040411724103,0.016872783582218446,0.0,0.0,0.0,0.0,0.0,0.0,0.0,0.0
2023-10-05,319.0899963378906,319.9800109863281,314.8999938964844,319.3599853515625,16965600,327.260009765625,1,MSFT,0.0012540566440939482,-0.007582357159615638,0.023130551561153734,317.85199584960935,316.2380035400391,-0.18120086293019821,0.014972919246871188,0.0,0.0,0.0,0.0,0.0,0.0,0.0,0.0
2023-10-06,316.54998779296875,329.19000244140625,316.29998779296875,327.260009765625,25673600,329.82000732421875,1,MSFT,0.02473705152937633,0.044257935699536954,0.046261072366142963,320.15399780273435,317.26300354003905,0.513273918989013,0.01696447621280465,0.0,0.0,0.0,0.0,0.0,0.0,0.0,0.0
2023-10-09,324.75,330.29998779296875,323.17999267578125,329.82000732421875,19891200,328.3900146484375,0,MSFT,0.00782251873801254,0.034048207173563716,0.05158778191589364,321.75800170898435,318.4910034179687,-0.2252274710208152,0.016879011230131524,0.0,0.0,0.0,0.0,0.0,0.0,0.0,0.0
2023-10-10,330.9599914550781,331.1000061035156,327.6700134277344,328.3900146484375,20557100,332.4200134277344,1,MSFT,-0.004335675956660623,0.028275393634347834,0.04003171701801267,324.75800170898435,320.1160034179687,0.03347711550836552,0.017453481166665175,0.0,0.0,0.0,0.0,0.0,0.0,0.0,0.0
2023-10-11,331.2099914550781,332.82000732421875,329.1400146484375,332.4200134277344,20063200,331.1600036621094,0,MSFT,0.01227198940141716,0.01576729055836923,0.033001945424553814,327.45000610351565,322.07900390625,-0.02402576238866372,0.016751663054940823,0.0,0.0,0.0,0.0,0.0,0.0,0.0,0.0
2023-10-12,330.57000732421875,333.6300048828125,328.7200012207031,331.1600036621094,19313100,327.7300109863281,0,MSFT,-0.00379041488095877,0.004062810951833473,0.0567024735411763,329.810009765625,323.8310028076172,-0.03738685753020454,0.011034854986562474,0.0,0.0,0.0,0.0,0.0,0.0,0.0,0.0
2023-10-13,332.3800048828125,333.8299865722656,326.3599853515625,327.7300109863281,21072400,332.6400146484375,1,MSFT,-0.010357508871394194,-0.0020098164763503457,0.02749567270566322,329.9040100097656,325.02900390625,0.09109361003671079,0.01195054015944297,0.0,0.0,0.0,0.0,0.0,0.0,0.0,0.0
2023-10-16,331.04998779296875,336.1400146484375,330.6000061035156,332.6400146484375,22158000,332.0599975585937,0,MSFT,0.01498185548321418,0.000661817014067756,0.04158325997621737,330.4680114746094,326.1130065917969,0.05151762495017187,0.012547194953003823,0.0,0.0,0.0,0.0,0.0,0.0,0.0,0.0
2023-10-17,329.5899963378906,333.4599914550781,327.4100036621094,332.0599975585937,18338500,330.1099853515625,0,MSFT,-0.0017436780432348309,0.002717701070575451,0.014667199320828495,331.20200805664064,327.9800048828125,-0.17237566567379725,0.009558886922838114,0.0,0.0,0.0,0.0,0.0,0.0,0.0,0.0
2023-10-18,332.489990234375,335.5899963378906,328.29998779296875,330.1099853515625,23153600,331.32000732421875,1,MSFT,-0.005872469497585575,0.0072619970263683165,0.0008792008395619444,330.74000244140626,329.0950042724609,0.2625678217956757,0.009598932860506856,0.0,0.0,0.0,0.0,0.0,0.0,0.0,0.0
2023-10-19,332.1499938964844,336.8800048828125,330.9100036621094,331.32000732421875,25052100,326.6700134277344,0,MSFT,0.0036655115759907098,-0.003968275811958022,0.008922295274166547,330.7720031738281,330.29100646972654,0.0819958883283809,0.009448906997993913,0.0,0.0,0.0,0.0,0.0,0.0,0.0,0.0
2023-10-20,331.7200012207031,331.9200134277344,325.45001220703125,326.6700134277344,25027700,329.32000732421875,1,MSFT,-0.014034751278796276,-0.01623195859329074,-0.017297394163212743,330.56000366210935,330.2320068359375,-0.0009739702460073163,0.009591777086698257,0.0,0.0,0.0,0.0,0.0,0.0,0.0,0.0
2023-10-23,325.4700012207031,332.7300109863281,324.3900146484375,329.32000732421875,24374700,330.5299987792969,1,MSFT,0.008112143103305103,-0.0023930752246177356,-0.005556215477543036,329.8960021972656,330.1820068359375,-0.026091091071093198,0.010340386297530767,0.0,0.0,0.0,0.0,0.0,0.0,0.0,0.0
2023-10-24,331.29998779296875,331.8399963378906,327.6000061035156,330.5299987792969,31153600,340.6700134277344,1,MSFT,0.0036742117945081088,-0.0023844275246220903,0.00854358068869554,329.5900024414062,330.39600524902346,0.2781121408673748,0.009492799988213988,0.0,0.0,0.0,0.0,0.0,0.0,0.0,0.0
2023-10-25,345.0199890136719,346.20001220703125,337.6199951171875,340.6700134277344,55053800,327.8900146484375,0,MSFT,0.030678046428119332,0.04285670378220097,0.024140206907409034,331.70200805664064,331.22100524902345,0.7671729751938781,0.014040314567247077,0.0,0.0,0.0,0.0,0.0,0.0,0.0,0.0
2023-10-26,340.5400085449219,341.6300048828125,326.94000244140625,327.8900146484375,37828500,329.8099975585937,1,MSFT,-0.03751430497421182,-0.004342258727005999,-0.012557920077140183,331.01600952148436,330.8940063476563,-0.31288121800856616,0.021033521122450508,0.0,0.0,0.0,0.0,0.0,0.0,0.0,0.0
2023-10-27,330.42999267578125,336.7200012207031,328.3999938964844,329.8099975585937,29856500,337.3099975585937,1,MSFT,0.005855569930102389,-0.0021783233696253124,-0.0009087510414121924,331.6440063476563,331.1020050048828,-0.21074057919293654,0.021104671743574378,0.0,0.0,0.0,0.0,0.0,0.0,0.0,0.0
2023-10-30,333.4100036621094,339.45001220703125,331.8299865722656,337.3099975585937,22828100,338.1099853515625,1,MSFT,0.022740365833414655,-0.009862963385984802,0.018079168483517982,333.2420043945312,331.56900329589837,-0.23540602548858702,0.022809991203269733,0.0,0.0,0.0,0.0,0.0,0.0,0.0,0.0
2023-10-31,338.8500061035156,339.0,334.69000244140625,338.1099853515625,20265300,346.07000732421875,1,MSFT,0.0023716693805668765,0.031168898857999228,0.03501996342972835,334.75800170898435,332.1740020751953,-0.11226514690228273,0.021604442967661973,0.0,0.0,0.0,0.0,0.0,0.0,0.0,0.0
2023-11-01,339.7900085449219,347.4200134277344,339.6499938964844,346.07000732421875,28158800,348.32000732421875,1,MSFT,0.023542700060690258,0.0493011427366945,0.050862381961231495,335.8380004882812,333.7700042724609,0.38950817407094895,0.02271782539428764,0.0,0.0,0.0,0.0,0.0,0.0,0.0,0.0
2023-11-02,347.239990234375,348.8299865722656,344.7699890136719,348.32000732421875,24348100,352.79998779296875,1,MSFT,0.006501574688303036,0.032640626857531885,0.053822674524622194,339.92399902343743,335.47000427246087,-0.13532892026648868,0.02266695885286018,0.0,0.0,0.0,0.0,0.0,0.0,0.0,0.0
2023-11-03,349.6300048828125,354.3900146484375,347.3299865722656,352.79998779296875,23637700,356.5299987792969,1,MSFT,0.012861679991238661,0.043447407878628,0.03560622857053275,344.5219970703125,338.08300170898434,-0.029176814617978386,0.020564756884590425,0.0,0.0,0.0,0.0,0.0,0.0,0.0,0.0
2023-11-06,353.45001220703125,357.5400085449219,353.3500061035156,356.5299987792969,23828300,360.5299987792969,1,MSFT,0.01057259386447873,0.030225073637423217,0.0873463138594417,348.3659973144531,340.80400085449213,0.008063390262165848,0.008286860882869188,0.0,0.0,0.0,0.0,0.0,0.0,0.0,0.0
2023-11-07,359.3999938964844,362.4599914550781,357.6300048828125,360.5299987792969,25833900,363.2000122070313,1,MSFT,0.011219252275251446,0.03505394808892781,0.09314454215489776,352.85,343.80400085449213,0.08416882446502694,0.007853813660944321,0.0,0.0,0.0,0.0,0.0,0.0,0.0,0.0
2023-11-08,361.6799926757813,363.8699951171875,360.5499877929688,363.2000122070313,26767800,360.6900024414063,0,MSFT,0.00740580100622612,0.029478528270713955,0.07675436493381826,356.2760009765625,346.0570007324219,0.036150174770359866,0.006679664448343277,0.0,0.0,0.0,0.0,0.0,0.0,0.0,0.0
2023-11-09,362.2999877929688,364.7900085449219,360.3599853515625,360.6900024414063,24847300,369.6700134277344,1,MSFT,-0.006910819607005569,0.011668032637793813,0.06678305305406873,358.75000000000006,349.3369995117188,-0.07174665082673959,0.009083425477297841,0.0,0.0,0.0,0.0,0.0,0.0,0.0,0.0
2023-11-10,361.489990234375,370.1000061035156,361.0700073242188,369.6700134277344,28042100,366.6799926757813,0,MSFT,0.024896756010826415,0.025351606466547327,0.06819431214507343,362.1240051269532,353.3230010986328,0.1285773504565888,0.009444206200547036,0.0,0.0,0.0,0.0,0.0,0.0,0.0,0.0
2023-11-13,368.2200012207031,368.4700012207031,365.8999938964844,366.6799926757813,19986500,370.2699890136719,1,MSFT,-0.00808835080840975,0.009581443699859582,0.05271010842185975,364.15400390625007,356.2600006103516,-0.28726807193469817,0.011585217188786289,0.0,0.0,0.0,0.0,0.0,0.0,0.0,0.0
2023-11-14,371.010009765625,371.9500122070313,367.3500061035156,370.2699890136719,27683900,369.6700134277344,0,MSFT,0.009790543279149855,0.026560166645655192,0.04951814576296121,366.10200195312507,359.47600097656255,0.38512996272483924,0.01140159760023137,0.0,0.0,0.0,0.0,0.0,0.0,0.0,0.0
2023-11-15,371.2799987792969,373.1300048828125,367.1099853515625,369.6700134277344,26860100,376.1700134277344,1,MSFT,-0.001620373251247642,0.0,0.03685528481032985,367.3960021972656,361.8360015869141,-0.02975736800089579,0.011689665684387097,0.0,0.0,0.0,0.0,0.0,0.0,0.0,0.0
2023-11-16,370.9599914550781,376.3500061035156,370.1799926757813,376.1700134277344,27182300,369.8500061035156,0,MSFT,0.01758324928692301,0.02588093417015025,0.043380619369795426,370.49200439453125,364.6210021972657,0.011995487730872112,0.012454483651263679,0.0,0.0,0.0,0.0,0.0,0.0,0.0,0.0
2023-11-17,373.6099853515625,374.3699951171875,367.0,369.8500061035156,40157000,377.4400024414063,1,MSFT,-0.016800933350932468,-0.0011342612758733495,0.018309453945430265,370.5280029296875,366.32600402832037,0.47732163944920036,0.01512278043154525,0.0,0.0,0.0,0.0,0.0,0.0,0.0,0.0
2023-11-20,371.2200012207031,378.8699951171875,371.0,377.4400024414063,52465100,373.0700073242188,0,MSFT,0.020521822935339662,0.02101871596677629,0.046438769820688286,372.6800048828125,368.4170043945313,0.3064994895036979,0.015760312263500983,0.0,0.0,0.0,0.0,0.0,0.0,0.0,0.0
2023-11-21,375.6700134277344,376.2200012207031,371.1199951171875,373.0700073242188,28423100,377.8500061035156,1,MSFT,-0.0115779861406341,-0.008240970818667148,0.00919737542398491,373.24000854492186,369.6710052490235,-0.4582474826122508,0.014701453624531442,0.0,0.0,0.0,0.0,0.0,0.0,0.0,0.0
2023-11-22,378.0,379.7900085449219,374.9700012207031,377.8500061035156,23345300,377.4299926757813,0,MSFT,0.012812605370183805,0.02163039034197256,0.030462565863556224,374.8760070800781,371.13600463867186,-0.1786504638832499,0.014574866767569236,0.0,0.0,0.0,0.0,0.0,0.0,0.0,0.0
2023-11-24,377.3299865722656,377.9700012207031,375.1400146484375,377.4299926757813,10176600,378.6099853515625,1,MSFT,-0.0011115877225081894,-2.652015038218103e-05,0.01933725085628013,375.12800292968757,372.81000366210935,-0.5640835628584768,0.014483421076734332,0.0,0.0,0.0,0.0,0.0,0.0,0.0,0.0
2023-11-27,376.7799987792969,380.6400146484375,376.2000122070313,378.6099853515625,22179200,382.7000122070313,1,MSFT,0.0031263882009366917,0.014849700910234631,0.024183654608424865,376.8799987792969,373.70400085449216,1.1794312442269521,0.01435086793883112,0.0,0.0,0.0,0.0,0.0,0.0,0.0,0.0
2023-11-28,378.3500061035156,383.0,378.1600036621094,382.7000122070313,20453100,378.8500061035156,0,MSFT,0.010802744284916121,0.012835797340670085,0.017359168849729212,377.9320007324219,375.3060028076172,-0.07782516952820662,0.013442547458002026,0.0,0.0,0.0,0.0,0.0,0.0,0.0,0.0
2023-11-29,383.760009765625,384.2999877929688,377.4400024414063,378.8500061035156,28963400,378.9100036621094,1,MSFT,-0.010060114922162411,0.0037623226963685585,0.024334189134719297,379.08800048828124,376.16400451660155,0.41608851469948327,0.011989063288969815,0.0,0.0,0.0,0.0,0.0,0.0,0.0,0.0
2023-11-30,378.489990234375,380.0899963378906,375.4700012207031,378.9100036621094,30554400,374.510009765625,0,MSFT,0.00015836757985265848,0.0007924204911506916,0.0038946619626818446,379.3,377.08800354003904,0.05493139617586329,0.009351398962357763,0.0,0.0,0.0,0.0,0.0,0.0,0.0,0.0
2023-12-01,376.760009765625,378.1600036621094,371.30999755859375,374.510009765625,33040500,369.1400146484375,0,MSFT,-0.01161223998827976,-0.02140058055962568,0.003859871909120738,378.71600341796875,376.9220031738281,0.0813663498546855,0.009358835233154176,0.0,0.0,0.0,0.0,0.0,0.0,0.0,0.0
2023-12-04,369.1000061035156,369.5199890136719,362.8999938964844,369.1400146484375,32063300,372.5199890136719,1,MSFT,-0.014338722536543558,-0.025630173679936585,-0.023051452466278266,376.82200927734374,376.8510040283203,-0.02957582361041755,0.00906991913232798,0.0,0.0,0.0,0.0,0.0,0.0,0.0,0.0
2023-12-05,366.4500122070313,373.0799865722656,365.6199951171875,372.5199890136719,23065000,368.7999877929688,0,MSFT,0.009156347811421606,-0.016864201490272013,-0.013009044743106046,374.7860046386719,376.3590026855469,-0.28064173057670294,0.010236375864363845,0.0,0.0,0.0,0.0,0.0,0.0,0.0,0.0
2023-12-06,373.5400085449219,374.1799926757813,368.0299987792969,368.7999877929688,21182100,370.9500122070313,1,MSFT,-0.009986044589318732,-0.015246647148976389,-0.02591056215668619,372.7760009765625,375.9320007324219,-0.08163451116410148,0.010378291360482307,0.0,0.0,0.0,0.0,0.0,0.0,0.0,0.0
2023-12-07,368.2300109863281,371.4500122070313,366.3200073242188,370.9500122070313,23118900,374.2300109863281,1,MSFT,0.005829784395951387,0.004903281916802227,-0.03070289946487781,371.1840026855469,375.24200134277345,0.09143569334485258,0.009338422248716621,0.0,0.0,0.0,0.0,0.0,0.0,0.0,0.0
2023-12-08,369.2000122070313,374.4599914550781,368.2300109863281,374.2300109863281,20154400,371.2999877929688,0,MSFT,0.008842158434722469,0.004590416683904364,-0.012194786967814286,371.1280029296875,374.9220031738281,-0.1282284191721924,0.010130782769275187,0.0,0.0,0.0,0.0,0.0,0.0,0.0,0.0
2023-12-11,368.4800109863281,371.6000061035156,366.1000061035156,371.2999877929688,27708800,374.3800048828125,1,MSFT,-0.007829471467659443,0.006778742089881495,-0.020083966629518613,371.5599975585938,374.1910034179688,0.3748263406501806,0.010333468742162111,0.0,0.0,0.0,0.0,0.0,0.0,0.0,0.0
2023-12-12,370.8500061035156,374.4200134277344,370.4599914550781,374.3800048828125,24838300,374.3699951171875,0,MSFT,0.008295225400225537,0.009246509133060465,-0.0003471332659275017,371.9320007324219,373.3590026855469,-0.1035952477191362,0.01025865618811515,0.0,0.0,0.0,0.0,0.0,0.0,0.0,0.0
2023-12-13,376.0199890136719,377.6400146484375,370.7699890136719,374.3699951171875,30955500,365.9299926757813,0,MSFT,-2.6736913014691055e-05,0.000374059072628663,0.01416801284393654,373.0460021972657,372.9110015869141,0.24628094515325127,0.008131273914897522,0.0,0.0,0.0,0.0,0.0,0.0,0.0,0.0
2023-12-14,373.30999755859375,373.760009765625,364.1300048828125,365.9299926757813,43277500,370.7300109863281,1,MSFT,-0.022544548311795753,-0.014462685951343812,-0.01769031604274185,372.0419982910156,371.6130004882813,0.3980552728917317,0.01159677334311808,0.0,0.0,0.0,0.0,0.0,0.0,0.0,0.0
2023-12-15,366.8500061035156,372.3999938964844,366.2799987792969,370.7300109863281,78502300,372.6499938964844,1,MSFT,0.013117313165416533,-0.009749435997862377,0.005233251782108983,371.3419982910156,371.2350006103516,0.8139287158454163,0.01236923506787846,0.0,0.0,0.0,0.0,0.0,0.0,0.0,0.0
2023-12-18,369.4500122070313,373.0,368.6799926757813,372.6499938964844,21802900,373.260009765625,1,MSFT,0.005178924967655485,-0.004594388554469253,0.004582778362342443,371.61199951171875,371.5859985351563,-0.7222641884377909,0.012327605622916477,0.0,0.0,0.0,0.0,0.0,0.0,0.0,0.0
2023-12-19,371.489990234375,373.260009765625,369.8399963378906,373.260009765625,20603700,370.6199951171875,0,MSFT,0.0016369673396803286,0.020031200602729005,-0.0025919920696541032,371.38800048828125,371.66000061035163,-0.055001857551059685,0.011826942751893449,0.0,0.0,0.0,0.0,0.0,0.0,0.0,0.0
2023-12-20,375.0,376.0299987792969,370.5299987792969,370.6199951171875,26316700,373.5400085449219,1,MSFT,-0.007072856934487004,-0.00029675468907397473,-0.0018313835123540123,370.63800048828125,371.8420013427735,0.2772802943160695,0.011749978396398927,0.0,0.0,0.0,0.0,0.0,0.0,0.0,0.0
2023-12-21,372.55999755859375,374.4100036621094,370.0400085449219,373.5400085449219,17708000,374.5799865722656,1,MSFT,0.007878726097363176,0.002388339361370617,-0.0022436997888110044,372.1600036621094,372.1010009765625,-0.3271192816728541,0.011700728348722891,0.0,0.0,0.0,0.0,0.0,0.0,0.0,0.0
2023-12-22,373.6799926757813,375.1799926757813,372.7099914550781,374.5799865722656,17107500,374.6600036621094,1,MSFT,0.0027841141606086417,0.0035363467076729993,0.0005609195657156896,372.92999877929685,372.13599853515626,-0.03391122656426471,0.011758228263269542,0.0,0.0,0.0,0.0,0.0,0.0,0.0,0.0
2023-12-26,375.0,376.9400024414063,373.5,374.6600036621094,12673100,374.0700073242188,0,MSFT,0.00021361816624532182,0.01090067615926782,0.02385705233531632,373.3320007324219,372.4720001220703,-0.2592079497296508,0.006337330237828425,0.0,0.0,0.0,0.0,0.0,0.0,0.0,0.0
2023-12-27,373.6900024414063,375.05999755859375,372.80999755859375,374.0700073242188,14905400,375.2799987792969,1,MSFT,-0.0015747513268661306,0.0014188541178266068,0.009009241871205997,373.49400024414064,372.4410003662109,0.17614474753611975,0.004833745192649179,0.0,0.0,0.0,0.0,0.0,0.0,0.0,0.0
2023-12-28,375.3699951171875,376.4599914550781,374.1600036621094,375.2799987792969,14327000,376.0400085449219,1,MSFT,0.0032346657881858754,0.0018687923330793499,0.007057573932345296,374.4260009765625,372.53200073242186,-0.03880472848766214,0.004624512804836749,0.0,0.0,0.0,0.0,0.0,0.0,0.0,0.0
2023-12-29,376.0,377.1600036621094,373.4800109863281,376.0400085449219,18730800,370.8699951171875,0,MSFT,0.0020251805800926004,0.0036833525578487958,0.007447888084883392,374.9260009765625,373.5430023193359,0.3073776785091087,0.004635538526402974,0.0,0.0,0.0,0.0,0.0,0.0,0.0,0.0
2024-01-02,373.8599853515625,375.8999938964844,366.7699890136719,370.8699951171875,25258600,370.6000061035156,0,MSFT,-0.013748572785485358,-0.008554581079412094,0.0006745453653167477,374.1840026855469,373.5570007324219,0.3485062036859077,0.006780417196663302,0.0,0.0,0.0,0.0,0.0,0.0,0.0,0.0
2024-01-03,369.010009765625,373.260009765625,368.510009765625,370.6000061035156,23083500,367.9400024414063,0,MSFT,-0.0007279882903079571,-0.012470669076434238,-0.007870649392708096,373.37200317382815,373.352001953125,-0.0861132445978795,0.005855438163978182,0.0,0.0,0.0,0.0,0.0,0.0,0.0,0.0
2024-01-04,370.6700134277344,373.1000061035156,367.1700134277344,367.9400024414063,20901500,367.75,0,MSFT,-0.007177559682409518,-0.021540277415848297,-0.017726478639771948,372.1460021972656,372.82000122070315,-0.09452639331123958,0.005959923383647561,0.0,0.0,0.0,0.0,0.0,0.0,0.0,0.0
2024-01-05,368.9700012207031,372.05999755859375,366.5,367.75,21004600,374.6900024414063,1,MSFT,-0.0005163951735217553,-0.008412638278277651,-0.01844339826660879,370.64000244140624,372.5330017089844,0.004932660335382533,0.00590995885411877,0.0,0.0,0.0,0.0,0.0,0.0,0.0,0.0
2024-01-08,369.2999877929688,375.2000122070313,369.010009765625,374.6900024414063,23134000,375.7900085449219,1,MSFT,0.018871522614293257,0.01103614751897286,0.001657430708284835,370.37000122070316,372.6480010986328,0.10137779343572362,0.010095269145091366,0.0,0.0,0.0,0.0,0.0,0.0,0.0,0.0
2024-01-09,372.010009765625,375.989990234375,371.1900024414063,375.7900085449219,20830000,382.7699890136719,1,MSFT,0.0029357764988340307,0.021335016718563082,0.0013590113176400465,371.35400390625006,372.7690032958984,-0.09959367165211375,0.010081312450068942,0.0,0.0,0.0,0.0,0.0,0.0,0.0,0.0
2024-01-10,376.3699951171875,384.1700134277344,376.3200073242188,382.7699890136719,25514200,384.6300048828125,1,MSFT,0.018574151281394835,0.04084293409564066,0.01789697988464445,373.7880004882813,373.5800018310547,0.22487758041286598,0.012272683871974489,0.0,0.0,0.0,0.0,0.0,0.0,0.0,0.0
2024-01-11,386.0,390.6799926757813,380.3800048828125,384.6300048828125,27850800,388.4700012207031,1,MSFT,0.0048593565914965,0.026528603316445798,0.03710197629030931,377.1260009765625,374.63600158691406,0.09158037485008341,0.009933263460733692,0.0,0.0,0.0,0.0,0.0,0.0,0.0,0.0
2024-01-12,385.489990234375,388.6799926757813,384.6499938964844,388.4700012207031,21661200,390.2699890136719,1,MSFT,0.00998361097455347,0.03374222940327454,0.04821909018586479,381.27000122070314,375.9550018310547,-0.22224137188159765,0.009678904189091772,0.0,0.0,0.0,0.0,0.0,0.0,0.0,0.0
2024-01-16,393.6600036621094,394.0299987792969,387.6199951171875,390.2699890136719,27202300,389.4700012207031,0,MSFT,0.004633530999337276,0.019594012632301983,0.060689205914275623,384.38599853515626,377.3779998779297,0.2558076191531402,0.0076563084283760695,0.0,0.0,0.0,0.0,0.0,0.0,0.0,0.0
2024-01-17,387.9800109863281,390.1099853515625,384.80999755859375,389.4700012207031,22234100,393.8699951171875,1,MSFT,-0.0020498316946956363,0.0125835121453024,0.05906186599783303,387.1219970703125,379.2380004882813,-0.18263896802843882,0.007971956910919155,0.0,0.0,0.0,0.0,0.0,0.0,0.0,0.0
2024-01-18,391.7200012207031,393.989990234375,390.1199951171875,393.8699951171875,23392100,398.6700134277344,1,MSFT,0.011297388457887969,0.013900671556402733,0.051188963011577826,389.3419982910156,381.56499938964845,0.05208216208436589,0.006704635527966003,0.0,0.0,0.0,0.0,0.0,0.0,0.0,0.0
2024-01-19,395.760009765625,398.6700134277344,393.5,398.6700134277344,29331100,396.510009765625,0,MSFT,0.012186808769524937,0.021523623774638345,0.06088508039744078,392.15,384.63800048828125,0.25388913351088616,0.0066409129683853985,0.0,0.0,0.0,0.0,0.0,0.0,0.0,0.0
2024-01-22,400.0199890136719,400.6199951171875,393.5899963378906,396.510009765625,27016900,398.8999938964844,1,MSFT,-0.00541802390287105,0.01807586854663157,0.03589628535758149,393.75800170898435,387.5140014648438,-0.07889918891551972,0.006763855290024678,0.0,0.0,0.0,0.0,0.0,0.0,0.0,0.0
2024-01-23,395.75,399.3800048828125,393.9299926757813,398.8999938964844,20525900,402.55999755859375,1,MSFT,0.006027550558615369,0.012770708207413328,0.037100561143220245,395.4840026855469,389.93500061035155,-0.2402570243070078,0.006772186511560506,0.0,0.0,0.0,0.0,0.0,0.0,0.0,0.0
2024-01-24,401.5400085449219,405.6300048828125,400.4500122070313,402.55999755859375,24867000,404.8699951171875,1,MSFT,0.009175241208600138,0.009757403365790118,0.036270487537300555,398.102001953125,392.61199951171875,0.21149377128408497,0.006684080678559962,0.0,0.0,0.0,0.0,0.0,0.0,0.0,0.0
2024-01-25,404.3200073242188,407.010009765625,402.5299987792969,404.8699951171875,21021200,403.9299926757813,0,MSFT,0.005738269009845087,0.021083920066744533,0.037410014898696664,400.302001953125,394.82200012207034,-0.15465476334097394,0.006683672453115414,0.0,0.0,0.0,0.0,0.0,0.0,0.0,0.0
2024-01-26,404.3699951171875,406.1700134277344,402.4299926757813,403.9299926757813,17803300,409.7200012207031,1,MSFT,-0.002321738960018749,0.012609673743445127,0.037127356175717496,401.3539978027344,396.7519989013672,-0.15307879664338853,0.006733969898561096,0.0,0.0,0.0,0.0,0.0,0.0,0.0,0.0
2024-01-29,406.05999755859375,409.9800109863281,404.3299865722656,409.7200012207031,24510200,408.5899963378906,0,MSFT,0.01433418822545618,0.0177861777263828,0.040241720110717694,403.99599609375,398.8769989013672,0.3767222930580285,0.0072659960296359094,0.0,0.0,0.0,0.0,0.0,0.0,0.0,0.0
2024-01-30,412.260009765625,413.0499877929688,406.4500122070313,408.5899963378906,33477600,397.5799865722656,0,MSFT,-0.0027579929694567795,0.009188137588774348,0.024882691388963485,405.9339965820312,400.70899963378906,0.3658640076376365,0.007229126592846442,0.0,0.0,0.0,0.0,0.0,0.0,0.0,0.0
2024-01-31,406.9599914550781,415.3200073242188,397.2099914550781,397.5799865722656,47871100,403.7799987792969,1,MSFT,-0.026946351756786724,-0.015720561034477498,0.002698486243192466,404.9379943847656,401.51999816894534,0.4299442014959256,0.013518554019666612,0.0,0.0,0.0,0.0,0.0,0.0,0.0,0.0
2024-02-01,401.8299865722656,408.0,401.7999877929688,403.7799987792969,30657700,411.2200012207031,1,MSFT,0.015594377022054351,-0.014497711665793389,0.01223365494480011,404.7199951171875,402.51099853515626,-0.3595781170685445,0.01461394861214338,0.0,0.0,0.0,0.0,0.0,0.0,0.0,0.0
2024-02-02,403.80999755859375,412.6499938964844,403.55999755859375,411.2200012207031,28256700,405.6499938964844,0,MSFT,0.018425881578826964,0.00643678236468026,0.021512330372192245,406.17799682617186,403.7659973144531,-0.07831637728857677,0.015761952808005613,0.0,0.0,0.0,0.0,0.0,0.0,0.0,0.0
2024-02-05,409.8999938964844,411.1600036621094,403.989990234375,405.6499938964844,25352300,405.489990234375,0,MSFT,-0.013545078808628541,0.020297820807818612,0.0019265413310538548,405.36399536132814,404.67999572753905,-0.1027862418470663,0.016880126487059888,0.0,0.0,0.0,0.0,0.0,0.0,0.0,0.0
2024-02-06,405.8800048828125,407.9700012207031,402.9100036621094,405.489990234375,18382600,414.0499877929688,1,MSFT,-0.00039443772837877145,0.004234958294734081,0.0038620493325085548,404.743994140625,405.3389953613281,-0.27491391313608626,0.01684405856094306,0.0,0.0,0.0,0.0,0.0,0.0,0.0,0.0
2024-02-07,407.4400024414063,414.2999877929688,407.3999938964844,414.0499877929688,22340500,414.1099853515625,1,MSFT,0.02111025614626416,0.006881928320278341,0.010568160107793378,408.0379943847656,406.4879943847656,0.21530686627571716,0.017920327055916646,0.0,0.0,0.0,0.0,0.0,0.0,0.0,0.0
2024-02-08,414.0499877929688,415.55999755859375,412.5299987792969,414.1099853515625,21225300,420.5499877929688,1,MSFT,0.00014490414288736986,0.02085539648063439,0.013509848657936807,410.10399169921874,407.4119934082031,-0.04991830979611023,0.01783494861024108,0.0,0.0,0.0,0.0,0.0,0.0,0.0,0.0
2024-02-09,415.25,420.8200073242188,415.0899963378906,420.5499877929688,22032800,415.260009765625,0,MSFT,0.015551429980465326,0.037140244941407996,0.05777454096404333,411.96998901367186,409.07399291992186,0.038044220811955576,0.012855112710379936,0.0,0.0,0.0,0.0,0.0,0.0,0.0,0.0
2024-02-12,420.55999755859375,420.739990234375,414.75,415.260009765625,21202900,406.3200073242188,0,MSFT,-0.01257871401948063,0.002922405526699867,0.028431351282961925,413.8919921875,409.62799377441405,-0.037666569841327435,0.014440025265650044,0.0,0.0,0.0,0.0,0.0,0.0,0.0,0.0
2024-02-13,404.9400024414063,410.0700073242188,403.3900146484375,406.3200073242188,27824900,409.489990234375,1,MSFT,-0.02152868619940551,-0.018811374521023216,-0.011915747974171276,414.05799560546876,409.4009948730469,0.3123157681260582,0.01567798204513098,0.0,0.0,0.0,0.0,0.0,0.0,0.0,0.0
2024-02-14,408.0700073242188,409.8399963378906,404.5700073242188,409.489990234375,20401200,406.55999755859375,0,MSFT,0.0078016904238404905,-0.026298889263167702,0.009466279787176735,413.14599609375,410.5919952392578,-0.2668005994630709,0.015031354794000657,0.0,0.0,0.0,0.0,0.0,0.0,0.0,0.0
2024-02-15,408.1400146484375,409.1300048828125,404.2900085449219,406.55999755859375,21825500,404.05999755859375,0,MSFT,-0.0071552241706915876,-0.020950758566762984,0.002638800833530519,411.63599853515626,410.8699951171875,0.06981452071446781,0.015382261477776346,0.0,0.0,0.0,0.0,0.0,0.0,0.0,0.0
2024-02-16,407.9599914550781,408.2900085449219,403.4400024414063,404.05999755859375,22296500,402.7900085449219,0,MSFT,-0.0061491539133524675,-0.0055621424613278014,-0.024127497956527466,408.3380004882813,410.15399475097655,0.021580261620581354,0.012461652335987356,0.0,0.0,0.0,0.0,0.0,0.0,0.0,0.0
2024-02-20,403.239990234375,404.489990234375,398.010009765625,402.7900085449219,24307900,402.1799926757813,0,MSFT,-0.003143070388915925,-0.016361771592068308,-0.027335677011097514,405.8440002441406,409.8679962158203,0.09021146816764958,0.012366655986660485,0.0,0.0,0.0,0.0,0.0,0.0,0.0,0.0
2024-02-21,400.1700134277344,402.2900085449219,397.2200012207031,402.1799926757813,18518900,411.6499938964844,1,MSFT,-0.0015144761692184039,-0.010773329666259657,-0.04368088372464962,405.0159973144531,409.53699645996096,-0.23815302843931396,0.009163427281540253,0.0,0.0,0.0,0.0,0.0,0.0,0.0,0.0
2024-02-22,410.1900024414063,412.8299865722656,408.5700073242188,411.6499938964844,27009900,410.3399963378906,0,MSFT,0.023546674109016008,0.01878433000977786,-0.008693386755874055,405.447998046875,409.29699707031256,0.458504554806171,0.013967268515603948,0.0,0.0,0.0,0.0,0.0,0.0,0.0,0.0
2024-02-23,415.6700134277344,415.8599853515625,408.9700012207031,410.3399963378906,16295900,407.5400085449219,0,MSFT,-0.003182309189887045,0.018744228091066795,0.009893652641288941,406.20399780273436,408.91999816894537,-0.3966693693793757,0.010891482035232575,0.0,0.0,0.0,0.0,0.0,0.0,0.0,0.0
2024-02-26,411.4599914550781,412.1600036621094,407.3599853515625,407.5400085449219,16193500,407.4800109863281,0,MSFT,-0.006823580001845908,0.013327405556599947,-0.004761976448647842,406.9,407.61900024414064,-0.006283789173963994,0.010874463204809946,0.0,0.0,0.0,0.0,0.0,0.0,0.0,0.0
2024-02-27,407.989990234375,408.3200073242188,403.8500061035156,407.4800109863281,14835800,407.7200012207031,1,MSFT,-0.00014721881860868535,-0.010129923410626462,0.0022629216677958475,407.83800048828124,406.84100036621095,-0.0838422823972581,0.010489554425059514,0.0,0.0,0.0,0.0,0.0,0.0,0.0,0.0
2024-02-28,408.1799926757813,409.2999877929688,405.3200073242188,407.7200012207031,13183100,413.6400146484375,1,MSFT,0.0005889619807217805,-0.006384937224179543,0.00905806980206858,408.9460021972656,406.9809997558594,-0.1113994526752855,0.010093340161047393,0.0,0.0,0.0,0.0,0.0,0.0,0.0,0.0
2024-02-29,408.6400146484375,414.2000122070313,405.9200134277344,413.6400146484375,31947300,415.5,1,MSFT,0.014519801358800155,0.01496787057863358,0.026937128214056916,409.34400634765626,407.3960021972656,1.4233526257101894,0.010958800433992433,0.0,0.0,0.0,0.0,0.0,0.0,0.0,0.0
2024-03-01,411.2699890136719,415.8699951171875,410.8800048828125,415.5,17823400,414.9200134277344,0,MSFT,0.004496628192858232,0.019681920087954774,0.03311951754635567,410.3760070800781,408.2900024414063,-0.4420999583689389,0.010700353911128078,0.0,0.0,0.0,0.0,0.0,0.0,0.0,0.0
2024-03-04,413.4400024414063,417.3500061035156,412.3200073242188,414.9200134277344,17596000,402.6499938964844,0,MSFT,-0.001395876226872761,0.017659207754033623,0.007943689007007038,411.8520080566406,409.3760040283203,-0.01275850847761928,0.006840777365887585,0.0,0.0,0.0,0.0,0.0,0.0,0.0,0.0
2024-03-05,413.9599914550781,414.25,400.6400146484375,402.6499938964844,26919200,402.0899963378906,0,MSFT,-0.02957201179544222,-0.02656904642384228,-0.018740562728557397,410.88600463867186,409.36200256347655,0.529847692657422,0.013579462240597941,0.0,0.0,0.0,0.0,0.0,0.0,0.0,0.0
2024-03-06,402.9700012207031,405.1600036621094,398.3900146484375,402.0899963378906,22344100,409.1400146484375,1,MSFT,-0.00139078000020465,-0.03227437704478786,-0.013372950122099492,409.7600036621094,409.3530029296875,-0.169956759487652,0.013453777564524236,0.0,0.0,0.0,0.0,0.0,0.0,0.0,0.0
2024-03-07,406.1199951171875,409.7799987792969,402.239990234375,409.1400146484375,18718500,406.2200012207031,0,MSFT,0.017533433745569926,-0.013930392828119254,0.004073828451342187,408.86000366210936,409.1020050048828,-0.16226207365702805,0.015351084765665955,0.0,0.0,0.0,0.0,0.0,0.0,0.0,0.0
2024-03-08,407.9599914550781,410.4200134277344,404.3299865722656,406.2200012207031,18002200,404.5199890136719,0,MSFT,-0.007136953911104138,0.0088662793451737,-0.0036789953779776674,407.00400390625,408.69000549316405,-0.038266955151320836,0.015634090346263882,0.0,0.0,0.0,0.0,0.0,0.0,0.0,0.0
2024-03-11,403.760009765625,405.6799926757813,401.260009765625,404.5199890136719,16120800,415.2799987792969,1,MSFT,-0.004184954462908452,0.006043404953897991,-0.02204821901120213,404.9239990234375,408.38800354003905,-0.10450944884514113,0.014186343201643649,0.0,0.0,0.0,0.0,0.0,0.0,0.0,0.0
2024-03-12,407.6199951171875,415.5700073242188,406.7900085449219,415.2799987792969,22457000,415.1000061035156,0,MSFT,0.02659945134444608,0.01500704871444869,-0.0005294854890568468,407.45,409.1680023193359,0.3930450101731924,0.018082032797947515,0.0,0.0,0.0,0.0,0.0,0.0,0.0,0.0
2024-03-13,418.1000061035156,418.1799926757813,411.4500122070313,415.1000061035156,17115900,425.2200012207031,1,MSFT,-0.00043342486108244316,0.02186008777541182,0.0004338009012732069,410.052001953125,409.9060028076172,-0.2378367546867346,0.018072733321794307,0.0,0.0,0.0,0.0,0.0,0.0,0.0,0.0
2024-03-14,420.239990234375,427.8200073242188,417.989990234375,425.2200012207031,34157300,416.4200134277344,0,MSFT,0.024379655428537372,0.05117179068827582,0.056053663644215046,413.26799926757815,411.0640014648437,0.9956473220806386,0.014387330127642022,0.0,0.0,0.0,0.0,0.0,0.0,0.0,0.0
2024-03-15,419.2900085449219,422.6000061035156,412.7900085449219,416.4200134277344,45079900,417.3200073242188,1,MSFT,-0.020695140792310163,0.0027451710936923224,0.0356388301632895,415.30800170898436,411.1560028076172,0.3197735183987025,0.017890707869360537,0.0,0.0,0.0,0.0,0.0,0.0,0.0,0.0
2024-03-18,414.25,420.7300109863281,413.7799987792969,417.3200073242188,20106000,421.4100036621094,1,MSFT,0.00216126475064482,0.0053481117515319365,0.01999313775947864,417.8680053710938,411.3960021972656,-0.5539919121382257,0.01704084807084908,0.0,0.0,0.0,0.0,0.0,0.0,0.0,0.0
2024-03-19,417.8299865722656,421.6700134277344,415.5499877929688,421.4100036621094,19837900,425.2300109863281,1,MSFT,0.009800623660760621,-0.008960061962410504,0.03739353649687316,419.09400634765626,413.2720031738281,-0.013334328061275214,0.016564778248969986,0.0,0.0,0.0,0.0,0.0,0.0,0.0,0.0
2024-03-20,422.0,425.9599914550781,420.6600036621094,425.2300109863281,17860100,429.3699951171875,1,MSFT,0.009064823547192402,0.021156518117548817,0.0511965354867947,421.12000732421876,415.58600463867185,-0.0996980527172735,0.01603893415306759,0.0,0.0,0.0,0.0,0.0,0.0,0.0,0.0
2024-03-21,429.8299865722656,430.8200073242188,427.1600036621094,429.3699951171875,21296200,428.739990234375,0,MSFT,0.00973587005596488,0.028874694674312584,0.03392890671187576,421.95000610351565,417.6090026855469,0.19238974025901312,0.013755302577380373,0.0,0.0,0.0,0.0,0.0,0.0,0.0,0.0
2024-03-22,429.7000122070313,429.8599853515625,426.0700073242188,428.739990234375,17648500,422.8599853515625,0,MSFT,-0.0014672773830890495,0.01739395483867745,0.0328595132023628,424.41400146484375,419.8610015869141,-0.17128407884974783,0.013826964140292131,0.0,0.0,0.0,0.0,0.0,0.0,0.0,0.0
2024-03-25,425.239990234375,427.4100036621094,421.6099853515625,422.8599853515625,18060500,421.6499938964844,0,MSFT,-0.01371461728960277,-0.005573514506345245,-0.005550105503893454,425.5219970703125,421.69500122070315,0.023344760177918866,0.012196154851785533,0.0,0.0,0.0,0.0,0.0,0.0,0.0,0.0
2024-03-26,425.6099853515625,425.989990234375,421.3500061035156,421.6499938964844,16725600,421.4299926757813,0,MSFT,-0.0028614470439243256,-0.01797983396253877,0.012559387877877803,425.5699951171875,422.3320007324219,-0.07391268237313475,0.00868908984880855,0.0,0.0,0.0,0.0,0.0,0.0,0.0,0.0
2024-03-27,424.4400024414063,424.4500122070313,419.010009765625,421.4299926757813,16705000,420.7200012207031,0,MSFT,-0.0005217626559650412,-0.017049955042909848,0.009848522187840825,424.80999145507815,422.9649993896484,-0.001231644903620821,0.008730452399247595,0.0,0.0,0.0,0.0,0.0,0.0,0.0,0.0
2024-03-28,420.9599914550781,421.8699951171875,419.1199951171875,420.7200012207031,21871200,424.5700073242188,1,MSFT,-0.001684719804991186,-0.005060739263565428,-0.0016373660696472614,423.0799926757812,422.51499938964844,0.309260700389105,0.007939355780151999,0.0,0.0,0.0,0.0,0.0,0.0,0.0,0.0
2024-04-01,423.9500122070313,427.8900146484375,422.2200012207031,424.5700073242188,16316000,421.4400024414063,0,MSFT,0.00915099375438544,0.006925206854031973,-0.001552109787779199,422.24599609375,423.3299987792969,-0.2539961227550386,0.007956176834141633,0.0,0.0,0.0,0.0,0.0,0.0,0.0,0.0
2024-04-02,420.1099853515625,422.3800048828125,417.8399963378906,421.4400024414063,17912000,420.4500122070313,0,MSFT,-0.007372176151911547,2.375190612657896e-05,-0.01846890273181956,421.9619995117188,423.74199829101565,0.09781809266977204,0.006962901313765696,0.0,0.0,0.0,0.0,0.0,0.0,0.0,0.0
2024-04-03,419.7300109863281,423.260009765625,419.0899963378906,420.4500122070313,16502300,417.8800048828125,0,MSFT,-0.0023490656526194975,-0.0006417308729997906,-0.01933567713805262,421.7220031738282,423.6459991455078,-0.07870142920946854,0.006946132255176363,0.0,0.0,0.0,0.0,0.0,0.0,0.0,0.0
2024-04-04,424.989990234375,428.6700134277344,417.5700073242188,417.8800048828125,19370900,425.5199890136719,1,MSFT,-0.00611251575598315,-0.01575712444590449,-0.011776901672570617,421.01200561523444,422.91099853515624,0.17383031456221243,0.005362578369159521,0.0,0.0,0.0,0.0,0.0,0.0,0.0,0.0
2024-04-05,420.010009765625,426.510009765625,418.3200073242188,425.5199890136719,16554800,424.5899963378906,0,MSFT,0.018282722412147567,0.009681061476438213,0.00917821694108123,421.9720031738282,422.5259979248047,-0.14537786060534097,0.009180901735783368,0.0,0.0,0.0,0.0,0.0,0.0,0.0,0.0
2024-04-08,425.1700134277344,427.2799987792969,423.2999877929688,424.5899963378906,14272400,426.2799987792969,1,MSFT,-0.0021855440397451353,0.009846554907033234,0.007498288486886162,421.9760009765625,422.1109985351562,-0.13786937927368492,0.009258401537184926,0.0,0.0,0.0,0.0,0.0,0.0,0.0,0.0
2024-04-09,426.4400024414063,427.739990234375,421.6199951171875,426.2799987792969,12496900,423.260009765625,0,MSFT,0.003980316201471101,0.020101449694488238,0.013215434356488087,422.9440002441406,422.4529998779297,-0.1244009416776436,0.00922150408847272,0.0,0.0,0.0,0.0,0.0,0.0,0.0,0.0
2024-04-10,422.1900024414063,424.0299987792969,419.7000122070313,423.260009765625,16216600,427.9299926757813,1,MSFT,-0.0070845196169653235,-0.005311100080833686,-0.003085468912064293,423.50599975585936,422.61400146484374,0.29764981715465444,0.009139155255023993,0.0,0.0,0.0,0.0,0.0,0.0,0.0,0.0
2024-04-11,425.8200073242188,429.3699951171875,422.3599853515625,427.9299926757813,17966400,421.8999938964844,0,MSFT,0.011033366730635041,0.00786640374643377,0.015399559122955653,425.5159973144531,423.2640014648438,0.10790177965788139,0.009443473878082781,0.0,0.0,0.0,0.0,0.0,0.0,0.0,0.0
2024-04-12,424.0499877929688,425.1799926757813,419.7699890136719,421.8999938964844,19253800,413.6400146484375,0,MSFT,-0.01409108705279638,-0.010274948145245322,0.003448642281734804,424.7919982910156,423.3820007324219,0.07165598005165208,0.0112593444339349,0.0,0.0,0.0,0.0,0.0,0.0,0.0,0.0
2024-04-15,426.6000061035156,426.8200073242188,413.4299926757813,413.6400146484375,20273500,414.5799865722656,1,MSFT,-0.01957805017194081,-0.022728334582127085,-0.01014643003932203,422.602001953125,422.28900146484375,0.05296097393761223,0.013511590599222138,0.0,0.0,0.0,0.0,0.0,0.0,0.0,0.0
2024-04-16,414.5700073242188,418.3999938964844,413.7300109863281,414.5799865722656,16765600,411.8399963378906,0,MSFT,0.002272439538101745,-0.031196705844430572,-0.025709726273410727,420.2619995117187,421.6029998779297,-0.1730288307396355,0.010689218816687612,0.0,0.0,0.0,0.0,0.0,0.0,0.0,0.0
2024-04-17,417.25,418.8800048828125,410.3299865722656,411.8399963378906,15855500,404.2699890136719,0,MSFT,-0.0066090750232039586,-0.02384450747601108,-0.03002896938215538,417.9779968261719,420.74199829101565,-0.054283771532185,0.010717915179006476,0.0,0.0,0.0,0.0,0.0,0.0,0.0,0.0
2024-04-18,410.6300048828125,411.8900146484375,403.9500122070313,404.2699890136719,21029900,399.1199951171875,0,MSFT,-0.018380942578505644,-0.022652609280872982,-0.051632752718056785,413.24599609375,419.38099670410156,0.3263473242723345,0.011162949972794661,0.0,0.0,0.0,0.0,0.0,0.0,0.0,0.0
2024-04-19,404.0299987792969,405.4800109863281,397.7699890136719,399.1199951171875,30565800,400.9599914550781,1,MSFT,-0.012738996305536321,-0.03729073268321714,-0.05703353515916787,408.68999633789065,416.7409973144531,0.45344485708443694,0.011331931008137897,0.0,0.0,0.0,0.0,0.0,0.0,0.0,0.0
2024-04-22,400.0799865722656,402.8500061035156,395.75,400.9599914550781,20286900,407.5700073242188,1,MSFT,0.004610133194029364,-0.026418038509028352,-0.06302433033979193,406.15399169921875,414.37799682617185,-0.33628761557034337,0.00963922966406304,0.0,0.0,0.0,0.0,0.0,0.0,0.0,0.0
2024-04-23,404.239990234375,408.2000122070313,403.05999755859375,407.5700073242188,15734500,409.05999755859375,1,MSFT,0.016485474885294726,0.008162906968677719,-0.03396536330783051,404.75199584960944,412.5069976806641,-0.22440096811242727,0.013296354218016363,0.0,0.0,0.0,0.0,0.0,0.0,0.0,0.0
2024-04-24,409.55999755859375,412.4700012207031,406.7799987792969,409.05999755859375,15065300,399.0400085449219,0,MSFT,0.003655789698945311,0.024904796960843134,-0.011072471056109978,404.19599609375,411.0869964599609,-0.04253074454224792,0.011825131401349293,0.0,0.0,0.0,0.0,0.0,0.0,0.0,0.0
2024-04-25,394.0299987792969,399.8900146484375,388.0299987792969,399.0400085449219,40586500,406.3200073242188,1,MSFT,-0.024495157369272214,-0.0047884650615356295,-0.037483666676309646,403.15,408.19799804687506,1.6940386185472578,0.014431570959856569,0.0,0.0,0.0,0.0,0.0,0.0,0.0,0.0
2024-04-26,412.1700134277344,413.0,405.760009765625,406.3200073242188,29694700,402.25,0,MSFT,0.01824378163443585,-0.003066957768081413,-0.013403236846241118,404.5900024414062,406.63999938964844,-0.268360169021719,0.016914622032951413,0.0,0.0,0.0,0.0,0.0,0.0,0.0,0.0
2024-04-29,405.25,406.3200073242188,399.1900024414063,402.25,19582100,389.3299865722656,0,MSFT,-0.010016753423050528,-0.016647918640879333,-0.004996633607654566,404.84800415039064,405.50099792480466,-0.3405523544605603,0.015807526533208823,0.0,0.0,0.0,0.0,0.0,0.0,0.0,0.0
2024-04-30,401.489990234375,402.1600036621094,389.1700134277344,389.3299865722656,28781400,394.9400024414063,1,MSFT,-0.03211936215720168,-0.024333454703109436,-0.024528985429676076,401.2,402.9759979248047,0.4697810755741212,0.01954233358644292,0.0,0.0,0.0,0.0,0.0,0.0,0.0,0.0
2024-05-01,392.6099853515625,401.7200012207031,390.30999755859375,394.9400024414063,23562500,397.8399963378906,1,MSFT,0.01440941120033501,-0.028007493300057806,-0.015013939400351006,398.3760009765625,401.28599853515624,-0.1813289138123927,0.020535549756303312,0.0,0.0,0.0,0.0,0.0,0.0,0.0,0.0
2024-05-02,397.6600036621094,399.9299926757813,394.6499938964844,397.8399963378906,17709400,406.6600036621094,1,MSFT,0.0073428720275419135,-0.010963340365716334,-0.023873226222429156,398.13599853515626,400.64299926757815,-0.24840742705570296,0.01942641903000253,0.0,0.0,0.0,0.0,0.0,0.0,0.0,0.0
2024-05-03,402.2799987792969,407.1499938964844,401.8599853515625,406.6600036621094,17446700,413.5400085449219,1,MSFT,0.022169735082964825,0.04451241283113205,-0.005867095073603723,398.20399780273436,401.3970001220703,-0.014833930003275042,0.021660388178281465,0.0,0.0,0.0,0.0,0.0,0.0,0.0,0.0
2024-05-06,408.760009765625,413.9299926757813,406.3699951171875,413.5400085449219,16996600,409.3399963378906,0,MSFT,0.016918321990989416,0.04709577654462871,0.03633720852421152,400.4619995117188,402.6550018310547,-0.02579857508869876,0.01961750004703426,0.0,0.0,0.0,0.0,0.0,0.0,0.0,0.0
2024-05-07,414.6600036621094,414.6700134277344,409.0899963378906,409.3399963378906,20018200,410.5400085449219,1,MSFT,-0.010156241524996279,0.028906093167748947,0.007432538293055346,404.46400146484376,402.8320007324219,0.17777673181695164,0.019424964185837515,0.0,0.0,0.0,0.0,0.0,0.0,0.0,0.0
2024-05-08,408.1700134277344,412.2300109863281,406.7099914550781,410.5400085449219,11792300,412.3200073242188,1,MSFT,0.0029315781935970175,0.009541151939880477,0.020609095201794547,407.58400268554686,402.98000183105466,-0.41092106183373134,0.018782347265218758,0.0,0.0,0.0,0.0,0.0,0.0,0.0,0.0
2024-05-09,410.5700073242188,412.7200012207031,409.1000061035156,412.3200073242188,14689700,414.739990234375,1,MSFT,0.004335749847148351,-0.0029501407251882883,0.059050218439020474,410.4800048828125,404.30800170898436,0.24570270430704788,0.010724201245703332,0.0,0.0,0.0,0.0,0.0,0.0,0.0,0.0
2024-05-10,412.9400024414063,415.3800048828125,411.7999877929688,414.739990234375,13402300,413.7200012207031,0,MSFT,0.005869186231977519,0.013191952764925796,0.05013416638114854,412.09600219726565,405.15,-0.08763963865837965,0.010391126242016801,0.0,0.0,0.0,0.0,0.0,0.0,0.0,0.0
2024-05-13,418.010009765625,418.3500061035156,410.8200073242188,413.7200012207031,15440200,416.55999755859375,1,MSFT,-0.0024593457049932876,0.0077458776479595315,0.039915556577990285,412.1320007324219,406.2970001220703,0.15205599038970918,0.010989692919440875,0.0,0.0,0.0,0.0,0.0,0.0,0.0,0.0
2024-05-14,412.0199890136719,417.489990234375,411.5499877929688,416.55999755859375,15109300,423.0799865722656,1,MSFT,0.0068645371978899306,0.010283251258872195,0.024344646159768946,413.5760009765625,409.02000122070314,-0.021431069545731263,0.008366673313527424,0.0,0.0,0.0,0.0,0.0,0.0,0.0,0.0
2024-05-15,417.8999938964844,423.80999755859375,417.2699890136719,423.0799865722656,22239500,420.989990234375,0,MSFT,0.01565198063156492,0.0201089755853483,0.023069056996228854,416.08399658203126,411.83399963378906,0.47190803015361404,0.008034576540735984,0.0,0.0,0.0,0.0,0.0,0.0,0.0,0.0
2024-05-16,421.7999877929688,425.4200134277344,420.3500061035156,420.989990234375,17530100,420.2099914550781,0,MSFT,-0.004939955573941224,0.01757224449439576,0.0284604338708887,417.8179931640625,414.1489990234375,-0.2117583578767508,0.006712663304481025,0.0,0.0,0.0,0.0,0.0,0.0,0.0,0.0
2024-05-17,422.5400085449219,422.9200134277344,418.0299987792969,420.2099914550781,15352200,425.3399963378906,1,MSFT,-0.0018527727437477326,0.008762228533408134,0.023554300942384643,418.9119934082031,415.5039978027344,-0.1242377396592147,0.00707753903455783,0.0,0.0,0.0,0.0,0.0,0.0,0.0,0.0
2024-05-20,420.2099914550781,426.7699890136719,419.989990234375,425.3399963378906,16272100,429.0400085449219,1,MSFT,0.012208193491660246,0.0053418025842708605,0.03157738839346158,421.2359924316406,416.6839965820312,0.059919750915178316,0.007843766390862152,0.0,0.0,0.0,0.0,0.0,0.0,0.0,0.0
2024-05-21,426.8299865722656,432.9700012207031,424.8500061035156,429.0400085449219,21453300,430.5199890136719,1,MSFT,0.008698951988733272,0.01912163827473723,0.03447947785904559,423.73199462890625,418.65399780273435,0.31841003926967026,0.00799883847029526,0.0,0.0,0.0,0.0,0.0,0.0,0.0,0.0
2024-05-22,430.0899963378906,432.4100036621094,427.1300048828125,430.5199890136719,18073700,427.0,0,MSFT,0.00344951622057188,0.024535346060889474,0.04060714430870993,425.2199951171875,420.65199584960936,-0.15753287373038183,0.007383104779402383,0.0,0.0,0.0,0.0,0.0,0.0,0.0,0.0
2024-05-23,432.9700012207031,433.6000061035156,425.4200134277344,427.0,17211700,430.1600036621094,1,MSFT,-0.008176133753362347,0.0039027687882675632,0.025062421986253636,426.4219970703125,422.1199951171875,-0.047693610052175206,0.009006575559618875,0.0,0.0,0.0,0.0,0.0,0.0,0.0,0.0
2024-05-24,427.1900024414063,431.05999755859375,424.4100036621094,430.1600036621094,11855300,430.3200073242188,1,MSFT,0.007400476960443436,0.002610467776620551,0.01673446467464701,428.41199951171876,423.66199645996096,-0.3112069115775896,0.007591654620126676,0.0,0.0,0.0,0.0,0.0,0.0,0.0,0.0
2024-05-28,429.6300048828125,430.8200073242188,426.6000061035156,430.3200073242188,15718000,429.1700134277344,0,MSFT,0.00037196313173537554,-0.00046451197286156987,0.022162087712939593,429.4080017089844,425.3219970703125,0.32582051909272636,0.006976438581529279,0.0,0.0,0.0,0.0,0.0,0.0,0.0,0.0
2024-05-29,425.6900024414063,430.9400024414063,425.6900024414063,429.1700134277344,15517100,414.6700134277344,0,MSFT,-0.0026724155905165636,0.005081998659799414,0.021322724720633124,429.4340026855469,426.58299865722654,-0.012781524366967778,0.007080639581606714,0.0,0.0,0.0,0.0,0.0,0.0,0.0,0.0
2024-05-30,424.2999877929688,424.2999877929688,414.239990234375,414.6700134277344,28394500,415.1300048828125,1,MSFT,-0.03378614429323723,-0.036009833788597345,-0.02508577373871046,426.2640075683594,425.74200134277345,0.8298844500583227,0.01455287962111466,0.0,0.0,0.0,0.0,0.0,0.0,0.0,0.0
2024-05-31,416.75,416.75,404.510009765625,415.1300048828125,47995300,413.5199890136719,0,MSFT,0.0011092951990325783,-0.03529931721246138,-0.0324212273565927,423.8900085449219,425.1560028076172,0.6903026994664461,0.01375049351895677,0.0,0.0,0.0,0.0,0.0,0.0,0.0,0.0
2024-06-03,415.5299987792969,416.4299926757813,408.9200134277344,413.5199890136719,17484700,416.0700073242188,1,MSFT,-0.003878341363436566,-0.036465791934220726,-0.0394871328482268,420.5620056152344,424.48700256347655,-0.63569974560009,0.01330598153011072,0.0,0.0,0.0,0.0,0.0,0.0,0.0,0.0
2024-06-04,412.4299926757813,416.4400024414063,409.6799926757813,416.0700073242188,14348900,424.010009765625,1,MSFT,0.006166614379704338,0.003376163819784894,-0.02559717254281313,417.7120056152344,423.56000366210935,-0.17934537052394384,0.01394328557667733,0.0,0.0,0.0,0.0,0.0,0.0,0.0,0.0
2024-06-05,417.80999755859375,424.0799865722656,416.2999877929688,424.010009765625,16988000,424.5199890136719,1,MSFT,0.019083332856576263,0.021390901111374205,-0.014296991454638364,416.6800048828125,423.0570037841797,0.1839235063314959,0.01602504034156705,0.0,0.0,0.0,0.0,0.0,0.0,0.0,0.0
2024-06-06,424.010009765625,425.30999755859375,420.5799865722656,424.5199890136719,14861300,423.8500061035156,0,MSFT,0.0012027528508791185,0.02660089062740889,-0.013478384020794487,418.65,422.4570037841797,-0.12518836825994817,0.01604810854558919,0.0,0.0,0.0,0.0,0.0,0.0,0.0,0.0
2024-06-07,426.2000122070313,426.2799987792969,423.0,423.8500061035156,13621700,427.8699951171875,1,MSFT,-0.0015782128698177411,0.0186987733851105,-0.01239603690325064,420.3940002441406,422.1420043945312,-0.08341127626789047,0.016043806950083575,0.0,0.0,0.0,0.0,0.0,0.0,0.0,0.0
2024-06-10,424.7000122070313,428.0799865722656,423.8900146484375,427.8699951171875,13982900,432.6799926757813,1,MSFT,0.009484461379694054,0.00910352412127291,0.031832496351351214,423.2640014648438,421.9130035400391,0.026516514091486476,0.0078507419480522,0.0,0.0,0.0,0.0,0.0,0.0,0.0,0.0
2024-06-11,425.4800109863281,432.8200073242188,425.25,432.6799926757813,14551100,441.05999755859375,1,MSFT,0.01124172672420376,0.019221718348453543,0.042275883666667236,426.58599853515625,422.1490020751953,0.04063534746011199,0.00805017633022554,0.0,0.0,0.0,0.0,0.0,0.0,0.0,0.0
2024-06-12,435.3200073242188,443.3999938964844,433.25,441.05999755859375,22366200,441.5799865722656,1,MSFT,0.019367673626387916,0.04060396651468956,0.06659897774376122,429.99599609375,423.33800048828124,0.5370796709527115,0.00810958834531356,0.0,0.0,0.0,0.0,0.0,0.0,0.0,0.0
2024-06-13,440.8500061035156,443.3900146484375,439.3699951171875,441.5799865722656,15960600,442.5700073242188,1,MSFT,0.0011789530144428184,0.03204242319287465,0.061311747540044204,433.4079956054687,426.02899780273435,-0.28639643748155696,0.008631187683437017,0.0,0.0,0.0,0.0,0.0,0.0,0.0,0.0
2024-06-14,438.2799987792969,443.1400146484375,436.7200012207031,442.5700073242188,13582000,448.3699951171875,1,MSFT,0.002241996426600279,0.022857573300941514,0.04377254576808931,437.15199584960936,428.772998046875,-0.14902948510707614,0.007482584200217134,0.0,0.0,0.0,0.0,0.0,0.0,0.0,0.0
2024-06-17,442.5899963378906,450.9400024414063,440.7200012207031,448.3699951171875,20790000,446.3399963378906,0,MSFT,0.013105243683446677,0.016573703348879754,0.05618111448398144,441.2519958496094,432.25799865722655,0.530702400235606,0.007519887310750085,0.0,0.0,0.0,0.0,0.0,0.0,0.0,0.0
2024-06-18,449.7099914550781,450.1400146484375,444.8900146484375,446.3399963378906,17112500,445.7000122070313,0,MSFT,-0.004527508087971643,0.010779496151024137,0.05306120068541964,443.98399658203124,435.2849975585938,-0.17688792688792687,0.008189815936071529,0.0,0.0,0.0,0.0,0.0,0.0,0.0,0.0
2024-06-20,446.2999877929688,446.5299987792969,441.2699890136719,445.7000122070313,19877400,449.7799987792969,1,MSFT,-0.0014338489405166799,0.007072338457222882,0.04167157616406447,444.91199951171876,437.45399780273436,0.1615719503287072,0.008756074980023848,0.0,0.0,0.0,0.0,0.0,0.0,0.0,0.0
2024-06-21,447.3800048828125,450.5799865722656,446.510009765625,449.7799987792969,34187100,447.6700134277344,0,MSFT,0.009154109177745173,0.0031447324251501207,0.039521138931720934,446.552001953125,439.97999877929686,0.7198979745842011,0.008576816336766165,0.0,0.0,0.0,0.0,0.0,0.0,0.0,0.0
2024-06-24,449.7999877929688,452.75,446.4100036621094,447.6700134277344,15913700,450.9500122070313,1,MSFT,-0.004691149800544747,0.002979829503867437,0.01498665919768083,447.57200317382814,442.36199951171875,-0.5345115555282548,0.006760925143555638,0.0,0.0,0.0,0.0,0.0,0.0,0.0,0.0
2024-06-25,448.25,451.4200134277344,446.75,450.9500122070313,16413400,452.1600036621094,1,MSFT,0.007326822616914974,0.01177922337045234,0.021219316816189604,448.0880065917969,444.6700012207031,0.0314006170783665,0.0070090030725754315,0.0,0.0,0.0,0.0,0.0,0.0,0.0,0.0
2024-06-26,449.0,453.6000061035156,448.1900024414063,452.1600036621094,16507000,452.8500061035156,1,MSFT,0.002683205282900669,0.005291486702992287,0.021668879904157334,449.25200805664065,446.6180023193359,0.005702657584656379,0.007002768265711827,0.0,0.0,0.0,0.0,0.0,0.0,0.0,0.0
2024-06-27,452.1799926757813,456.1700134277344,451.7699890136719,452.8500061035156,14806300,446.9500122070313,0,MSFT,0.0015260138796395761,0.01157100659058874,0.009991772498418872,450.6820068359375,447.7970031738281,-0.10302901799236686,0.005434090245741891,0.0,0.0,0.0,0.0,0.0,0.0,0.0,0.0
2024-06-28,453.0700073242188,455.3800048828125,446.4100036621094,446.9500122070313,28362300,456.7300109863281,1,MSFT,-0.013028583011955752,-0.008870162749133215,0.001366706712698118,450.1160095214844,448.33400573730466,0.9155562159351087,0.0075330145122689905,0.0,0.0,0.0,0.0,0.0,0.0,0.0,0.0
2024-07-01,448.6600036621094,457.3699951171875,445.6600036621094,456.7300109863281,17662800,459.2799987792969,1,MSFT,0.021881638913048285,0.010107057871562297,0.024747584647077048,451.9280090332031,449.7500061035156,-0.3772437355221544,0.01102522283226021,0.0,0.0,0.0,0.0,0.0,0.0,0.0,0.0
2024-07-02,453.2000122070313,459.5899963378906,453.1099853515625,459.2799987792969,13979800,460.7699890136719,1,MSFT,0.005583140436648648,0.014198945763757909,0.021121437204373317,453.59400634765626,450.84100646972655,-0.20851733586973753,0.010803095712829086,0.0,0.0,0.0,0.0,0.0,0.0,0.0,0.0
2024-07-03,458.1900024414063,461.0199890136719,457.8800048828125,460.7699890136719,9932800,467.55999755859375,1,MSFT,0.003244187071797633,0.030920631903325724,0.029262571074692323,455.3160034179688,452.2840057373047,-0.2894891200160231,0.010259257254559416,0.0,0.0,0.0,0.0,0.0,0.0,0.0,0.0
2024-07-05,459.6099853515625,468.3500061035156,458.9700012207031,467.55999755859375,16000300,466.239990234375,0,MSFT,0.014736221339971767,0.02371200996597045,0.03683331833226955,458.25800170898435,454.4700042724609,0.6108549452319587,0.010994657628088886,0.0,0.0,0.0,0.0,0.0,0.0,0.0,0.0
2024-07-08,466.5499877929688,467.7000122070313,464.4599914550781,466.239990234375,12962300,459.5400085449219,0,MSFT,-0.0028231827596699732,0.015154135763753684,0.031139389725384214,462.1159973144531,456.1160034179687,-0.1898714399105017,0.011397046325385777,0.0,0.0,0.0,0.0,0.0,0.0,0.0,0.0
2024-07-09,467.0,467.3299865722656,458.0,459.5400085449219,17207200,466.25,1,MSFT,-0.014370242428336288,-0.0026694023006639256,0.014773108868805007,462.67799682617186,457.3030029296875,0.32748046257222874,0.01347077265088469,0.0,0.0,0.0,0.0,0.0,0.0,0.0,0.0
2024-07-10,461.2200012207031,466.4599914550781,458.8599853515625,466.25,18196100,454.7000122070313,0,MSFT,0.014601539213798809,-0.002801774243806232,0.04318153544210834,464.0719970703125,458.8330017089844,0.057470128783299934,0.012267803962654662,0.0,0.0,0.0,0.0,0.0,0.0,0.0,0.0
2024-07-11,462.9800109863281,464.7799987792969,451.5499877929688,454.7000122070313,23111200,453.5499877929688,0,MSFT,-0.024772091781166128,-0.024751154489220495,-0.0044446362850405485,462.8580017089844,459.0870025634766,0.27011832205802344,0.014708981442209237,0.0,0.0,0.0,0.0,0.0,0.0,0.0,0.0
2024-07-12,454.3299865722656,456.3599853515625,450.6499938964844,453.5499877929688,16324300,453.9599914550781,1,MSFT,-0.0025291937171509904,-0.013034818820062632,-0.012476073422656442,460.0559997558594,459.15700073242186,-0.29366281283533524,0.014463402546250025,0.0,0.0,0.0,0.0,0.0,0.0,0.0,0.0
2024-07-15,453.2999877929688,457.260009765625,451.4299926757813,453.9599914550781,14429400,449.5199890136719,0,MSFT,0.0009039878142307334,-0.02635926765666885,-0.014779603101259475,457.6,459.8579986572266,-0.11607848422290701,0.01435667644039741,0.0,0.0,0.0,0.0,0.0,0.0,0.0,0.0
2024-07-16,454.2200012207031,454.2999877929688,446.6600036621094,449.5199890136719,17175700,443.5199890136719,0,MSFT,-0.009780602971585006,-0.011392177379139556,-0.0385833019058931,455.59599609375,459.1369964599609,0.1903266941106352,0.01244643098458554,0.0,0.0,0.0,0.0,0.0,0.0,0.0,0.0
2024-07-17,442.5899963378906,444.8500061035156,439.1799926757813,443.5199890136719,21778000,440.3699951171875,0,MSFT,-0.01334757106834128,-0.022114428506776473,-0.048730271312166895,451.04999389648435,457.5609954833984,0.26795414451812727,0.012696891988305781,0.0,0.0,0.0,0.0,0.0,0.0,0.0,0.0
2024-07-18,444.3399963378906,444.6499938964844,434.3999938964844,440.3699951171875,20794800,437.1099853515625,0,MSFT,-0.007102259141666956,-0.029936550783540627,-0.041715657116415006,448.1839904785156,455.52099609375,-0.045146478097162324,0.01228834833259013,0.0,0.0,0.0,0.0,0.0,0.0,0.0,0.0
2024-07-19,433.1000061035156,441.1400146484375,432.0,437.1099853515625,20940400,442.9400024414063,1,MSFT,-0.007402888030001886,-0.02760723430639689,-0.06249869093498661,444.8959899902344,452.4759948730469,0.007001750437609422,0.008308934454369064,0.0,0.0,0.0,0.0,0.0,0.0,0.0,0.0
2024-07-22,441.7900085449219,444.6000061035156,438.9100036621094,442.9400024414063,15808800,444.8500061035156,1,MSFT,0.013337643351146067,-0.0013076898147372784,-0.025863227292526436,442.6919921875,450.14599609375,-0.24505740100475637,0.008833504654141336,0.0,0.0,0.0,0.0,0.0,0.0,0.0,0.0
2024-07-23,443.8999938964844,448.3900146484375,443.1000061035156,444.8500061035156,13107100,428.8999938964844,0,MSFT,0.0043121046904359694,0.010173288452897333,-0.01918196874348599,441.75799560546875,448.6769958496094,-0.17089848691867815,0.00934846232286013,0.0,0.0,0.0,0.0,0.0,0.0,0.0,0.0
2024-07-24,440.4500122070313,441.4800109863281,427.5899963378906,428.8999938964844,26805800,418.3999938964844,0,MSFT,-0.035854809459797354,-0.018782438585737027,-0.055203097255925426,438.83399658203126,444.94199523925784,1.0451358424060242,0.015360659539355271,0.0,0.0,0.0,0.0,0.0,0.0,0.0,0.0
2024-07-25,428.7999877929688,429.7999877929688,417.510009765625,418.3999938964844,29943800,425.2699890136719,1,MSFT,-0.024481231404573478,-0.055402556575747886,-0.06922939107884918,434.43999633789065,441.31199340820314,0.11706421744547812,0.01660304085135808,0.0,0.0,0.0,0.0,0.0,0.0,0.0,0.0
2024-07-26,418.2000122070313,428.9200134277344,417.2699890136719,425.2699890136719,23583800,426.7300109863281,1,MSFT,0.016419682641982014,-0.044014874274920235,-0.04114808904235756,432.0719970703125,438.48399353027344,-0.21239789205110904,0.019230007991034023,0.0,0.0,0.0,0.0,0.0,0.0,0.0,0.0
2024-07-29,431.5799865722656,432.1499938964844,424.7000122070313,426.7300109863281,15125800,422.9200134277344,0,MSFT,0.0034331648373364665,-0.005059414644524307,-0.030973918028247227,428.8299987792969,435.76099548339846,-0.35863601285628266,0.019523384513993228,0.0,0.0,0.0,0.0,0.0,0.0,0.0,0.0
2024-07-30,427.7200012207031,429.0499877929688,417.3599853515625,422.9200134277344,32687600,418.3500061035156,0,MSFT,-0.00892835624517585,0.010803106111823446,-0.032463161216542136,424.4440002441406,433.1009979248047,1.161049332927845,0.019571991756394118,0.0,0.0,0.0,0.0,0.0,0.0,0.0,0.0
2024-07-31,420.5,421.7799987792969,412.2099914550781,418.3500061035156,42891400,417.1099853515625,0,MSFT,-0.010805843136103221,-0.01627197565999372,-0.05551541112194658,422.33400268554686,430.58399963378906,0.31216118650497426,0.017957731847488445,0.0,0.0,0.0,0.0,0.0,0.0,0.0,0.0
2024-08-01,420.7900085449219,427.4599914550781,413.0899963378906,417.1099853515625,30296400,408.489990234375,0,MSFT,-0.002964074898677782,-0.02254358818713087,-0.06235814402910922,422.0760009765625,428.25799865722655,-0.2936486102109047,0.01732669934015594,0.0,0.0,0.0,0.0,0.0,0.0,0.0,0.0
2024-08-02,412.489990234375,415.0,404.3399963378906,408.489990234375,29437900,395.1499938964844,0,MSFT,-0.020666000383381178,-0.03411998187649046,-0.04758685929717066,418.7200012207031,425.3959991455078,-0.02833670006997535,0.01404772941494448,0.0,0.0,0.0,0.0,0.0,0.0,0.0,0.0
2024-08-05,389.1700134277344,401.0400085449219,385.5799865722656,395.1499938964844,40709200,399.6099853515625,1,MSFT,-0.03265685000074703,-0.05545598629987991,-0.055568834462632055,412.40399780273435,420.61699829101565,0.3828839693048758,0.01596619905475645,0.0,0.0,0.0,0.0,0.0,0.0,0.0,0.0
2024-08-06,400.0,405.6700134277344,398.5,399.6099853515625,24946500,398.4299926757813,0,MSFT,0.011286831643597228,-0.04195536097092012,-0.0603381482940345,407.7419921875,416.09299621582034,-0.3872024014227742,0.014726209784199452,0.0,0.0,0.0,0.0,0.0,0.0,0.0,0.0
2024-08-07,408.6400146484375,410.0799865722656,397.4700012207031,398.4299926757813,20650900,402.6900024414063,1,MSFT,-0.002952860836905935,-0.024627280469765478,-0.06631832208176591,403.75798950195315,413.04599609375,-0.172192491932736,0.014026318439864169,0.0,0.0,0.0,0.0,0.0,0.0,0.0,0.0
2024-08-08,402.4400024414063,405.8599853515625,399.9400024414063,402.6900024414063,20203000,406.0199890136719,1,MSFT,0.010691990673231233,0.019081383427522303,-0.047834130199621905,400.8739929199219,411.47499694824216,-0.021689127350381865,0.01601809563039373,0.0,0.0,0.0,0.0,0.0,0.0,0.0,0.0
2024-08-09,404.0299987792969,408.0499877929688,402.260009765625,406.0199890136719,19276700,406.80999755859375,1,MSFT,0.008269354968031717,0.016040649375840932,-0.029472969785956815,400.37999267578124,409.5499969482422,-0.045849626293124834,0.016837847621921424,0.0,0.0,0.0,0.0,0.0,0.0,0.0,0.0
2024-08-12,407.05999755859375,408.760009765625,404.239990234375,406.80999755859375,16762900,414.010009765625,1,MSFT,0.0019457380579734895,0.021032565411388537,-0.024693697477147114,402.7119934082031,407.55799560546876,-0.1304061379800484,0.016996590913677896,0.0,0.0,0.0,0.0,0.0,0.0,0.0,0.0
2024-08-13,409.5899963378906,414.9500122070313,409.5700073242188,414.010009765625,19414300,416.8599853515625,1,MSFT,0.017698710086381908,0.028110971853257727,0.013513230833594791,405.5919982910156,406.6669952392578,0.15817072224973017,0.01669915090831981,0.0,0.0,0.0,0.0,0.0,0.0,0.0,0.0
2024-08-14,414.7999877929688,417.7200012207031,412.4500122070313,416.8599853515625,18267000,421.0299987792969,1,MSFT,0.00688383256132119,0.026698183910166096,0.05494114080833157,409.2779968261719,406.5179931640625,-0.059095615087847664,0.0067004478430138575,0.0,0.0,0.0,0.0,0.0,0.0,0.0,0.0
2024-08-15,419.7999877929688,421.1099853515625,417.6600036621094,421.0299987792969,20752100,418.4700012207031,0,MSFT,0.010003391004818063,0.03495489615801528,0.05360229777263914,412.94599609375,406.9099945068359,0.1360431378989435,0.006602435444832636,0.0,0.0,0.0,0.0,0.0,0.0,0.0,0.0
2024-08-16,420.6000061035156,421.3399963378906,417.2999877929688,418.4700012207031,22775600,421.5299987792969,1,MSFT,-0.006080321036543768,0.01077266575656699,0.05029743973423506,415.4359985351563,407.9079956054687,0.09750820398899385,0.00747612129939358,0.0,0.0,0.0,0.0,0.0,0.0,0.0,0.0
2024-08-19,418.9599914550781,421.75,416.4599914550781,421.5299987792969,15234000,424.7999877929688,1,MSFT,0.007312346284482851,0.011202834505201764,0.04678535901976333,418.3799987792969,410.54599609375,-0.3311262930504575,0.007309672749442072,0.0,0.0,0.0,0.0,0.0,0.0,0.0,0.0
2024-08-20,421.7000122070313,425.8599853515625,421.6400146484375,424.7999877929688,16387600,424.1400146484375,0,MSFT,0.007757428944894729,0.008954205221961331,0.04625387736431019,420.5379943847656,413.06499633789065,0.07572535118813173,0.007292449669182885,0.0,0.0,0.0,0.0,0.0,0.0,0.0,0.0
2024-08-21,424.0799865722656,426.3999938964844,421.7200012207031,424.1400146484375,16067300,415.5499877929688,0,MSFT,-0.0015536091419403597,0.013549390425107166,0.04259978170115564,421.99400024414064,415.63599853515626,-0.01954526593277839,0.007761765543807248,0.0,0.0,0.0,0.0,0.0,0.0,0.0,0.0
2024-08-22,424.3599853515625,426.7900085449219,414.6099853515625,415.5499877929688,19361900,416.7900085449219,1,MSFT,-0.02025280935256446,-0.014186442254751741,0.0037196637545444666,420.897998046875,416.9219970703125,0.20505000840215848,0.010865056147336825,0.0,0.0,0.0,0.0,0.0,0.0,0.0,0.0
2024-08-23,416.9800109863281,419.260009765625,412.0899963378906,416.7900085449219,18493800,413.489990234375,0,MSFT,0.0029840471384416922,-0.018855883894117964,-0.0001678664518054429,420.56199951171874,417.9989990234375,-0.044835475857224805,0.010584395914623686,0.0,0.0,0.0,0.0,0.0,0.0,0.0,0.0
2024-08-26,416.3699951171875,417.2799987792969,411.3399963378906,413.489990234375,13152800,413.8399963378906,1,MSFT,-0.007917700143695305,-0.02510969030566501,-0.017908482927066482,418.95399780273436,418.6669982910156,-0.28879948955866286,0.00991455880343008,0.0,0.0,0.0,0.0,0.0,0.0,0.0,0.0
2024-08-27,412.8599853515625,414.3599853515625,410.25,413.8399963378906,13492900,410.6000061035156,0,MSFT,0.0008464681413864472,-0.004115007833738971,-0.011064126148365494,416.7619995117187,418.6499969482422,0.025857612067392566,0.009847272517542931,0.0,0.0,0.0,0.0,0.0,0.0,0.0,0.0
2024-08-28,414.8800048828125,415.0,407.30999755859375,410.6000061035156,14882700,413.1199951171875,1,MSFT,-0.007829089172254888,-0.014851609478395367,-0.025929335296261846,414.0539978027344,418.0239990234375,0.10300231973852925,0.00922008488150387,0.0,0.0,0.0,0.0,0.0,0.0,0.0,0.0
2024-08-29,414.9400024414063,422.0499877929688,410.6000061035156,413.1199951171875,17045200,417.1400146484375,1,MSFT,0.006137333113035881,-0.0008948103362255155,-0.027495275450604928,413.5679992675781,417.2329986572266,0.14530293562324048,0.008899017435791017,0.0,0.0,0.0,0.0,0.0,0.0,0.0,0.0
2024-08-30,415.6000061035156,417.489990234375,412.1300048828125,417.1400146484375,24308300,409.4400024414063,0,MSFT,0.00973087620731028,0.007974140585127243,-0.016503983963414015,413.63800048828125,417.1,0.42610822988289954,0.010313251747057614,0.0,0.0,0.0,0.0,0.0,0.0,0.0,0.0
2024-09-03,417.9100036621094,419.8800048828125,407.0299987792969,409.4400024414063,20313600,408.8999938964844,0,MSFT,-0.018459059156721525,-0.00282514282724311,-0.01470337030693536,412.8280029296875,415.89100036621096,-0.1643348156802409,0.009803350602416641,0.0,0.0,0.0,0.0,0.0,0.0,0.0,0.0
2024-09-04,405.9100036621094,411.239990234375,404.3699951171875,408.8999938964844,15135800,408.3900146484375,0,MSFT,-0.0013188954222889127,-0.010214952727006232,-0.018930431360345557,411.8400024414062,414.3010009765625,-0.25489327347195967,0.00956546537080994,0.0,0.0,0.0,0.0,0.0,0.0,0.0,0.0
2024-09-05,407.6199951171875,413.1000061035156,406.1300048828125,408.3900146484375,14195500,401.7000122070313,0,MSFT,-0.001247197984003856,-0.02097617033305821,-0.012333975927801166,411.39800415039065,412.7260009765625,-0.062124235256808324,0.009285715649419655,0.0,0.0,0.0,0.0,0.0,0.0,0.0,0.0
2024-09-06,409.05999755859375,410.6499938964844,400.7999877929688,401.7000122070313,19609500,405.7200012207031,1,MSFT,-0.016381405522770343,-0.018903844734815878,-0.029334970612524658,409.1140075683594,411.34100341796875,0.3813884681765347,0.010667920106735857,0.0,0.0,0.0,0.0,0.0,0.0,0.0,0.0
2024-09-09,407.239990234375,408.6499938964844,402.1499938964844,405.7200012207031,15295100,414.2000122070313,1,MSFT,0.01000744060620029,-0.007776944786617612,-0.011885057988971881,406.8300048828125,410.2340026855469,-0.22001580866416792,0.011732386996340119,0.0,0.0,0.0,0.0,0.0,0.0,0.0,0.0
2024-09-10,408.2000122070313,416.3299865722656,407.7000122070313,414.2000122070313,19594300,423.0400085449219,1,MSFT,0.020901141084526564,0.014226590636882586,0.002614293916074928,407.7820068359375,410.3050048828125,0.2810834842531269,0.014390886734802625,0.0,0.0,0.0,0.0,0.0,0.0,0.0,0.0
2024-09-11,415.5,423.989990234375,409.5799865722656,423.0400085449219,19266900,427.0,1,MSFT,0.02134233722202805,0.05312421132537137,0.01414391736418974,410.610009765625,411.2250061035156,-0.016708940865455824,0.01619364552016558,0.0,0.0,0.0,0.0,0.0,0.0,0.0,0.0
2024-09-12,423.30999755859375,427.3699951171875,419.75,427.0,17395700,430.5899963378906,1,MSFT,0.009360796556096007,0.0524499623269028,0.042887840596637083,414.3320068359375,412.86500549316406,-0.09711993107349914,0.013489120594793475,0.0,0.0,0.0,0.0,0.0,0.0,0.0,0.0
2024-09-13,425.8299865722656,431.8299865722656,425.4599914550781,430.5899963378906,15874600,431.3399963378906,1,MSFT,0.00840748556883053,0.039570216436080274,0.05304476098108535,420.11000366210936,414.61200561523435,-0.08744114924952717,0.013093303166642402,0.0,0.0,0.0,0.0,0.0,0.0,0.0,0.0
2024-09-16,430.6000061035156,433.5299987792969,428.2200012207031,431.3399963378906,13834700,435.1499938964844,1,MSFT,0.0017417961549934802,0.019619864848048785,0.05619623611319091,425.2340026855469,416.03200378417966,-0.1285008756126138,0.012806691593080217,0.0,0.0,0.0,0.0,0.0,0.0,0.0,0.0
2024-09-17,440.2300109863281,441.8500061035156,432.2699890136719,435.1499938964844,18874200,430.80999755859375,0,MSFT,0.008832933627627604,0.01908663675991651,0.08327104972108734,429.4239990234375,418.6030029296875,0.36426521717131566,0.007117527086889488,0.0,0.0,0.0,0.0,0.0,0.0,0.0,0.0
2024-09-18,435.0,436.0299987792969,430.4100036621094,430.80999755859375,18898000,438.6900024414063,1,MSFT,-0.009973564055531292,0.0005109297070859942,0.061840669088044864,430.9779968261719,420.79400329589845,0.0012609805978531785,0.010850063322083029,0.0,0.0,0.0,0.0,0.0,0.0,0.0,0.0
2024-09-19,441.2300109863281,441.5,436.8999938964844,438.6900024414063,21706600,435.2699890136719,0,MSFT,0.018291137456114326,0.01703993639801027,0.059126000754761154,433.3159973144531,423.8240020751953,0.14861890147105505,0.010394534487620507,0.0,0.0,0.0,0.0,0.0,0.0,0.0,0.0
2024-09-20,437.2200012207031,439.239990234375,434.2200012207031,435.2699890136719,55167100,433.510009765625,0,MSFT,-0.007795968471360881,0.0002757557597852234,0.02890974901124821,434.2519958496094,427.1809997558594,1.5414896851648807,0.010125512172891636,0.0,0.0,0.0,0.0,0.0,0.0,0.0,0.0
2024-09-23,434.2799987792969,436.4599914550781,430.3900146484375,433.510009765625,15128900,429.1700134277344,0,MSFT,-0.0040434196991964155,0.006267292361672894,0.015245924509660336,434.6859985351563,429.9600006103516,-0.725762274979109,0.010236846493997646,0.0,0.0,0.0,0.0,0.0,0.0,0.0,0.0
2024-09-24,433.0,433.3500061035156,426.1000061035156,429.1700134277344,17015800,432.1099853515625,1,MSFT,-0.010011294411026439,-0.02170094818822199,-0.0032977610307555194,433.49000244140626,431.4570007324219,0.12472155939955987,0.010733082469840055,0.0,0.0,0.0,0.0,0.0,0.0,0.0,0.0
2024-09-25,429.8299865722656,433.1199951171875,428.5700073242188,432.1099853515625,13396400,431.30999755859375,0,MSFT,0.006850366595622326,-0.007259870291700943,0.0017851092414549186,433.75,432.36399841308594,-0.2127081888597656,0.011073074226283536,0.0,0.0,0.0,0.0,0.0,0.0,0.0,0.0
2024-09-26,435.0899963378906,435.2999877929688,429.1300048828125,431.30999755859375,14492000,428.0199890136719,0,MSFT,-0.001851352248474103,-0.00507488214221552,-0.00882453496897928,432.2739990234375,432.7949981689453,0.08178316562658616,0.010419058688520357,0.0,0.0,0.0,0.0,0.0,0.0,0.0,0.0
2024-09-27,431.5199890136719,431.8500061035156,427.4700012207031,428.0199890136719,14896100,430.2999877929688,1,MSFT,-0.007627944085564442,-0.0026796476409834957,-0.006476192662038693,430.8239990234375,432.5379974365234,0.027884349986199375,0.010124126460394064,0.0,0.0,0.0,0.0,0.0,0.0,0.0,0.0
2024-09-30,428.2099914550781,430.4200134277344,425.3699951171875,430.2999877929688,16807300,420.6900024414063,0,MSFT,0.005326851170084357,-0.004188742727435635,-0.01912515580876073,430.18199462890624,432.4339965820312,0.1283020387886762,0.006606363699274215,0.0,0.0,0.0,0.0,0.0,0.0,0.0,0.0
2024-10-01,428.4500122070313,428.4800109863281,418.80999755859375,420.6900024414063,19092900,417.1300048828125,0,MSFT,-0.022333222459179236,-0.024622650013450542,-0.03349642047526413,428.4859924316406,430.9879974365234,0.1359885287940359,0.009917313843374905,0.0,0.0,0.0,0.0,0.0,0.0,0.0,0.0
2024-10-02,422.5799865722656,422.8200073242188,416.7099914550781,417.1300048828125,16582300,416.5400085449219,0,MSFT,-0.008462282293218104,-0.02544269989809178,-0.03778460592332866,425.4899963378906,429.6199981689453,-0.13149390611169598,0.010000462122282262,0.0,0.0,0.0,0.0,0.0,0.0,0.0,0.0
2024-10-03,417.6300048828125,419.5499877929688,414.2900085449219,416.5400085449219,13686400,416.05999755859375,0,MSFT,-0.0014144183611446426,-0.03197764266418546,-0.029428908096206463,422.53599853515624,427.4049987792969,-0.1746380176453206,0.009873170059502685,0.0,0.0,0.0,0.0,0.0,0.0,0.0,0.0
2024-10-04,418.239990234375,419.75,414.9700012207031,416.05999755859375,19169700,409.5400085449219,0,MSFT,-0.0011523766660612722,-0.01100574022663503,-0.03714329299729224,420.1440002441406,425.48399963378904,0.40063859013327097,0.00878112661783557,0.0,0.0,0.0,0.0,0.0,0.0,0.0,0.0
2024-10-07,416.0,417.1099853515625,409.0,409.5400085449219,20919800,414.7099914550781,1,MSFT,-0.015670790395449274,-0.018195757315571104,-0.050474111745379635,415.99200439453125,423.0869995117188,0.09129511677282376,0.009393164506063006,0.0,0.0,0.0,0.0,0.0,0.0,0.0,0.0
2024-10-08,410.8999938964844,415.6600036621094,408.1700134277344,414.7099914550781,19229300,417.4599914550781,1,MSFT,0.012623877526703575,-0.0043933765119861246,-0.031096672819569182,414.79600219726564,421.6409973144531,-0.0808086119370166,0.012034718708761136,0.0,0.0,0.0,0.0,0.0,0.0,0.0,0.0
2024-10-09,415.8599853515625,420.3800048828125,414.2999877929688,417.4599914550781,14974300,415.8399963378906,0,MSFT,0.006631139969285993,0.003364884643319188,-0.029839639093990455,414.86199951171875,420.1759979248047,-0.22127690555558444,0.01221981546960705,0.0,0.0,0.0,0.0,0.0,0.0,0.0,0.0
2024-10-10,415.2300109863281,417.3500061035156,413.1499938964844,415.8399963378906,13848400,416.3200073242188,1,MSFT,-0.0038805996990056713,0.015383082633006584,-0.011528693516293376,414.7219970703125,418.6289978027344,-0.0751888235176269,0.009314702640214301,0.0,0.0,0.0,0.0,0.0,0.0,0.0,0.0
2024-10-11,416.1400146484375,417.1300048828125,413.25,416.3200073242188,14144900,419.1400146484375,1,MSFT,0.0011543165413510081,0.003882269302197594,-0.001941834797574038,414.7739990234375,417.45899963378906,0.02141041564368451,0.008833750215974177,0.0,0.0,0.0,0.0,0.0,0.0,0.0,0.0
2024-10-14,417.7699890136719,424.0400085449219,417.5199890136719,419.1400146484375,16653100,418.739990234375,0,MSFT,0.006773653138467894,0.00402439330174742,0.006241912061696331,416.6940002441406,416.34300231933594,0.17732186158968966,0.009187968917095276,0.0,0.0,0.0,0.0,0.0,0.0,0.0,0.0
2024-10-15,422.1799926757813,422.4800109863281,415.260009765625,418.739990234375,18900200,416.1199951171875,0,MSFT,-0.0009543932816771239,0.0069738214746615235,0.0064413610813518485,417.5,416.1480010986328,0.1349358377719463,0.009180808096759835,0.0,0.0,0.0,0.0,0.0,0.0,0.0,0.0
2024-10-16,415.1700134277344,416.3599853515625,410.4800109863281,416.1199951171875,15508900,416.7200012207031,1,MSFT,-0.0062568543207947025,-0.0004804290053626037,0.016066773538546464,417.23200073242185,416.0470001220703,-0.17943196368292402,0.00669176130943371,0.0,0.0,0.0,0.0,0.0,0.0,0.0,0.0
2024-10-17,422.3599853515625,422.5,415.5899963378906,416.7200012207031,14820000,418.1600036621094,1,MSFT,0.0014419064465927,-0.005773758990212929,0.004846784034723939,417.4080017089844,416.06499938964845,-0.04441965581053464,0.004914964110434195,0.0,0.0,0.0,0.0,0.0,0.0,0.0,0.0
2024-10-18,417.1400146484375,419.6499938964844,416.260009765625,418.1600036621094,17145300,418.7799987792969,1,MSFT,0.003455563537118511,-0.0013850756693694066,0.0016768366343116181,417.7760009765625,416.275,0.15690283400809713,0.004395521375781376,0.0,0.0,0.0,0.0,0.0,0.0,0.0,0.0
2024-10-21,416.1199951171875,418.9599914550781,413.75,418.7799987792969,14206100,427.510009765625,1,MSFT,0.001482674363300518,0.006392395687114805,0.007070032866721476,417.70399780273436,417.1989990234375,-0.17142890471441152,0.004006186457236748,0.0,0.0,0.0,0.0,0.0,0.0,0.0,0.0
2024-10-22,418.489990234375,430.5799865722656,418.0400085449219,427.510009765625,25482200,424.6000061035156,0,MSFT,0.020846294024966072,0.025892706165565826,0.026878368189237056,419.4580017089844,418.4790008544922,0.7937505719374072,0.0085069331772741,0.0,0.0,0.0,0.0,0.0,0.0,0.0,0.0
2024-10-23,430.8599853515625,431.0799865722656,422.5299987792969,424.6000061035156,19654400,424.7300109863281,1,MSFT,-0.006806866729751504,0.015400809223758305,0.01302665282306159,421.15400390625,419.19300231933596,-0.22870081861063807,0.009239913479174348,0.0,0.0,0.0,0.0,0.0,0.0,0.0,0.0
2024-10-24,425.3299865722656,425.9800109863281,422.3999938964844,424.7300109863281,13581600,428.1499938964844,1,MSFT,0.0003061820088170464,0.014207966532248317,0.014304869111260166,422.756005859375,420.0820037841797,-0.30897915988277436,0.009187443538699908,0.0,0.0,0.0,0.0,0.0,0.0,0.0,0.0
2024-10-25,426.760009765625,432.5199890136719,426.5700073242188,428.1499938964844,16899100,426.5899963378906,0,MSFT,0.008052133877269885,0.0014970038507642336,0.028909927233631283,424.75400390625,421.26500244140624,0.24426429875714195,0.008599814039743315,0.0,0.0,0.0,0.0,0.0,0.0,0.0,0.0
2024-10-28,431.6600036621094,431.9400024414063,426.2999877929688,426.5899963378906,14882400,431.9500122070313,1,MSFT,-0.0036435772061950145,0.004686740946230339,0.02368495653742375,426.3160034179688,422.01000061035154,-0.11933771620973899,0.009065106305094195,0.0,0.0,0.0,0.0,0.0,0.0,0.0,0.0
2024-10-29,428.0,433.1700134277344,425.7999877929688,431.9500122070313,17644100,432.5299987792969,1,MSFT,0.01256479503775143,0.016999037115217108,0.03297782768355062,427.20400390625,423.3310028076172,0.1855681879266784,0.009708014853317395,0.0,0.0,0.0,0.0,0.0,0.0,0.0,0.0
2024-10-30,437.4400024414063,438.5,432.1000061035156,432.5299987792969,29749100,406.3500061035156,0,MSFT,0.0013427168789790223,0.010230071108844774,0.032833468742728744,428.7900024414063,424.9720031738281,0.6860650302367364,0.009715852581955937,0.0,0.0,0.0,0.0,0.0,0.0,0.0,0.0
2024-10-31,415.3599853515625,416.1600036621094,406.2999877929688,406.3500061035156,53971000,410.3699951171875,1,MSFT,-0.06052757669911324,-0.047446002972707846,-0.04949592565963534,425.11400146484374,423.93500366210935,0.8142061440514168,0.02452489098863546,0.0,0.0,0.0,0.0,0.0,0.0,0.0,0.0
2024-11-01,409.010009765625,415.5,407.5,410.3699951171875,24230400,408.4599914550781,0,MSFT,0.009892922242624058,-0.04995952420415861,-0.033513920823776244,421.55800170898436,423.1560028076172,-0.551047784921532,0.025340815344015867,0.0,0.0,0.0,0.0,0.0,0.0,0.0,0.0
2024-11-04,409.7999877929688,410.4200134277344,405.5700073242188,408.4599914550781,19672300,411.4599914550781,1,MSFT,-0.004654345309929253,-0.05564933621286405,-0.038306733949567184,417.9320007324219,422.12400207519534,-0.18811493000528257,0.025250823361125007,0.0,0.0,0.0,0.0,0.0,0.0,0.0,0.0
2024-11-05,408.3699951171875,414.8999938964844,408.0799865722656,411.4599914550781,17626000,420.1799926757813,1,MSFT,0.007344660585515195,0.012575329826033599,-0.03898167156214294,413.83399658203126,420.5190002441406,-0.10401935716718436,0.02518990084399825,0.0,0.0,0.0,0.0,0.0,0.0,0.0,0.0
2024-11-06,412.4200134277344,420.4500122070313,410.5199890136719,420.1799926757813,26681800,425.4299926757813,1,MSFT,0.021192828954927023,0.0239052505673385,-0.015026146222688497,411.36399536132814,420.0769989013672,0.5137751049585839,0.02714869697326941,0.0,0.0,0.0,0.0,0.0,0.0,0.0,0.0
2024-11-07,421.2799987792969,426.8500061035156,419.8800048828125,425.4299926757813,19901800,422.5400085449219,0,MSFT,0.01249464536987377,0.04154629970061463,-0.015094384412530082,415.17999267578125,420.1469970703125,-0.25410579496135943,0.027142507991634427,0.0,0.0,0.0,0.0,0.0,0.0,0.0,0.0
2024-11-08,425.3200073242188,426.5,421.7799987792969,422.5400085449219,16891400,418.010009765625,0,MSFT,-0.006793089769441485,0.02692854061134997,-0.023096641302497223,417.61399536132814,419.58599853515625,-0.15126269985629437,0.027157450074658182,0.0,0.0,0.0,0.0,0.0,0.0,0.0,0.0
2024-11-11,422.5199890136719,424.80999755859375,416.0,418.010009765625,24503300,423.0299987792969,1,MSFT,-0.010720875390940132,-0.005164412746874181,0.02869448378730688,419.5239990234375,418.7279998779297,0.4506376025669867,0.011702396455786461,0.0,0.0,0.0,0.0,0.0,0.0,0.0,0.0
2024-11-12,418.25,424.4400024414063,417.2000122070313,423.0299987792969,19401200,425.2000122070313,1,MSFT,0.012009255511576278,-0.005641336854013135,0.03085021763955753,421.83800048828124,417.83599853515625,-0.2082209335069154,0.011902385759377295,0.0,0.0,0.0,0.0,0.0,0.0,0.0,0.0
2024-11-13,421.6400146484375,429.3299865722656,418.2099914550781,425.2000122070313,21502200,426.8900146484375,1,MSFT,0.005129691591604146,0.006295270526617269,0.04098325687252591,422.8420043945313,417.1029998779297,0.10829227058120106,0.011215111614359204,0.0,0.0,0.0,0.0,0.0,0.0,0.0,0.0
2024-11-14,425.0,428.1700134277344,420.0,426.8900146484375,30246900,415.0,0,MSFT,0.003974605815823207,0.021243522105586443,0.03750066473970648,423.1340087890625,419.15700073242186,0.4066886179088651,0.011210493506685671,0.0,0.0,0.0,0.0,0.0,0.0,0.0,0.0
2024-11-15,419.8200073242188,422.7999877929688,413.6400146484375,415.0,28247600,415.760009765625,1,MSFT,-0.027852641758860153,-0.01898210245719778,-0.012328032667129563,421.6260070800781,419.6200012207031,-0.06609933579970184,0.014488794782110879,0.0,0.0,0.0,0.0,0.0,0.0,0.0,0.0
2024-11-18,414.8699951171875,418.3999938964844,412.1000061035156,415.760009765625,24727000,417.7900085449219,1,MSFT,0.0018313488328314254,-0.022201322131688794,-0.022729904042110505,421.17600708007814,420.3500030517578,-0.12463359719055778,0.013258463925883372,0.0,0.0,0.0,0.0,0.0,0.0,0.0,0.0
2024-11-19,413.1099853515625,417.9400024414063,411.5499877929688,417.7900085449219,18133500,415.489990234375,0,MSFT,0.004882621540347909,-0.02131698046629149,-0.011241539035220183,420.1280090332031,420.9830047607422,-0.2666518380717434,0.013464381856239173,0.0,0.0,0.0,0.0,0.0,0.0,0.0,0.0
2024-11-20,416.8699951171875,417.2900085449219,410.5799865722656,415.489990234375,19191700,412.8699951171875,0,MSFT,-0.005505201808337579,0.0011806993599396964,-0.006028610493473474,418.1860046386719,420.5140045166016,0.05835608128601755,0.013007914069653962,0.0,0.0,0.0,0.0,0.0,0.0,0.0,0.0
2024-11-21,419.5,419.7799987792969,410.2900085449219,412.8699951171875,20780200,417.0,1,MSFT,-0.00630579599693748,-0.006951160719056881,-0.02401721790754152,415.3820007324219,419.2580047607422,0.08277015584862202,0.011789233787014635,0.0,0.0,0.0,0.0,0.0,0.0,0.0,0.0
2024-11-22,411.3699951171875,417.3999938964844,411.05999755859375,417.0,24814600,418.7900085449219,1,MSFT,0.010003160635686958,-0.001890922541860962,-0.019285070488282763,415.78200073242186,418.70400390625,0.19414635085321597,0.012499836635174063,0.0,0.0,0.0,0.0,0.0,0.0,0.0,0.0
2024-11-25,418.3800048828125,421.0799865722656,414.8500061035156,418.7900085449219,27691100,427.989990234375,1,MSFT,0.004292586438661594,0.007942473677128525,-0.01897445671149356,416.38800048828125,418.78200378417966,0.11591966020004363,0.012528723569568375,0.0,0.0,0.0,0.0,0.0,0.0,0.0,0.0
2024-11-26,419.5899963378906,429.0400085449219,418.8500061035156,427.989990234375,23458900,422.989990234375,0,MSFT,0.021968006642322457,0.03662168550876621,0.03130118128765069,418.42799682617186,419.2780029296875,-0.15283610979701057,0.009657299266474597,0.0,0.0,0.0,0.0,0.0,0.0,0.0,0.0
2024-11-27,425.1099853515625,427.2300109863281,422.0199890136719,422.989990234375,18332400,423.4599914550781,1,MSFT,-0.011682516213199046,0.014364484974520364,0.01738979290679188,419.92799682617186,419.0570007324219,-0.21853113317333717,0.011452486490458727,0.0,0.0,0.0,0.0,0.0,0.0,0.0,0.0
2024-11-29,420.0899963378906,424.8800048828125,417.7999877929688,423.4599914550781,16271900,430.9800109863281,1,MSFT,0.0011111402906784917,0.011151132584041434,0.013571370291749263,422.04599609375,418.71399841308596,-0.11239663110121967,0.01141155434008374,0.0,0.0,0.0,0.0,0.0,0.0,0.0,0.0
2024-12-02,421.5700073242188,433.0,421.30999755859375,430.9800109863281,20207200,431.2000122070313,1,MSFT,0.017758512452168196,0.006986193182498823,0.03728133316332194,424.8419982910156,420.31199951171874,0.24184637319550872,0.012225780089750922,0.0,0.0,0.0,0.0,0.0,0.0,0.0,0.0
2024-12-03,429.8399963378906,432.4700012207031,427.739990234375,431.2000122070313,18302000,437.4200134277344,1,MSFT,0.0005104673420925909,0.019409494697752105,0.044396583202034545,427.3239990234375,421.8559997558594,-0.09428322578090975,0.011389601577305172,0.0,0.0,0.0,0.0,0.0,0.0,0.0,0.0
2024-12-04,433.0299987792969,439.6700134277344,432.6300048828125,437.4200134277344,26009400,442.6199951171875,1,MSFT,0.014424863276016442,0.03296656651006713,0.04896885714084975,429.2100036621094,423.8190002441406,0.4211233744945908,0.011747483682420278,0.0,0.0,0.0,0.0,0.0,0.0,0.0,0.0
2024-12-05,437.9200134277344,444.6600036621094,436.1700134277344,442.6199951171875,21697800,443.5700073242188,1,MSFT,0.011887845845700351,0.027008176328689792,0.05690199404484941,433.13600463867186,426.53200073242186,-0.1657708366975017,0.011815800531051857,0.0,0.0,0.0,0.0,0.0,0.0,0.0,0.0
2024-12-06,442.2999877929688,446.1000061035156,441.7699890136719,443.5700073242188,18821000,446.0199890136719,1,MSFT,0.00214633820774357,0.02868737190862669,0.036402760450803706,437.1580078125,429.602001953125,-0.1325848703555199,0.010170118436096795,0.0,0.0,0.0,0.0,0.0,0.0,0.0,0.0
2024-12-09,442.6000061035156,448.3299865722656,440.5,446.0199890136719,19144400,443.3299865722656,0,MSFT,0.005523325853865169,0.019660681546200598,0.05444572994868313,440.16600341796874,432.5040008544922,0.017182933956750412,0.0070068747200293085,0.0,0.0,0.0,0.0,0.0,0.0,0.0,0.0
2024-12-10,444.3900146484375,449.6199951171875,441.6000061035156,443.3299865722656,18469500,448.989990234375,1,MSFT,-0.0060311253030496115,0.001604065480345307,0.04692295734695251,442.5919982910156,434.95799865722654,-0.035253128852301474,0.008478641849376604,0.0,0.0,0.0,0.0,0.0,0.0,0.0,0.0
2024-12-11,444.0499877929688,450.3500061035156,444.0499877929688,448.989990234375,19200200,449.55999755859375,1,MSFT,0.012767021932965417,0.01221900223338257,0.04178843284826539,444.90599365234374,437.05799865722656,0.039562521995722744,0.007542253531720411,0.0,0.0,0.0,0.0,0.0,0.0,0.0,0.0
2024-12-12,449.1099853515625,456.1600036621094,449.1099853515625,449.55999755859375,20834800,447.2699890136719,0,MSFT,0.0012695323651228385,0.007936883171425269,0.04257881454499435,446.293994140625,439.7149993896484,0.08513452984864744,0.007456997184538265,0.0,0.0,0.0,0.0,0.0,0.0,0.0,0.0
2024-12-13,448.4400024414063,451.4299926757813,445.5799865722656,447.2699890136719,20177800,451.5899963378906,1,MSFT,-0.005093888596312213,0.00888729064295779,0.02251834686015064,447.03399047851565,442.0959991455078,-0.03153378002188645,0.007430151488621458,0.0,0.0,0.0,0.0,0.0,0.0,0.0,0.0
2024-12-16,447.2699890136719,452.1799926757813,445.2799987792969,451.5899963378906,23598800,454.4599914550781,1,MSFT,0.009658612091871577,0.005790788570048999,0.02026569364162656,448.1479919433594,444.15699768066406,0.16954276482074349,0.007033396111987768,0.0,0.0,0.0,0.0,0.0,0.0,0.0,0.0
2024-12-17,451.010009765625,455.2900085449219,449.5700073242188,454.4599914550781,22733500,437.3900146484375,0,MSFT,0.006355311544678388,0.01089953270552213,0.024550767524954553,450.3739929199219,446.4829956054688,-0.03666711866705086,0.007138215602322583,0.0,0.0,0.0,0.0,0.0,0.0,0.0,0.0
2024-12-18,451.3200073242188,452.6499938964844,437.0199890136719,437.3900146484375,24444500,437.0299987792969,0,MSFT,-0.037561011150808676,-0.02208950881551852,-0.019348851122835797,448.0539978027344,446.47999572753906,0.07526337783447334,0.01694022392990992,0.0,0.0,0.0,0.0,0.0,0.0,0.0,0.0
2024-12-19,441.6199951171875,443.1799926757813,436.3200073242188,437.0299987792969,22963700,436.6000061035156,0,MSFT,-0.0008231003385616997,-0.032241629966708985,-0.014210606058207231,445.547998046875,445.92099609375,-0.06057804414080881,0.016881869862872836,0.0,0.0,0.0,0.0,0.0,0.0,0.0,0.0
2024-12-20,433.1099853515625,443.739990234375,428.6300048828125,436.6000061035156,64263700,435.25,0,MSFT,-0.0009838973914428895,-0.03929935679129615,-0.02759523463850888,443.41400146484375,445.2239959716797,1.7984906613481275,0.01564283296119342,0.0,0.0,0.0,0.0,0.0,0.0,0.0,0.0
2024-12-23,436.739990234375,437.6499938964844,432.8299865722656,435.25,19152500,439.3299865722656,1,MSFT,-0.0030920890623981068,-0.004892692052326786,-0.03183111850766629,440.1460021972656,444.1469970703125,-0.7019701635604548,0.015489522263293396,0.0,0.0,0.0,0.0,0.0,0.0,0.0,0.0
2024-12-24,434.6499938964844,439.6000061035156,434.1900024414063,439.3299865722656,7164500,438.1099853515625,0,MSFT,0.009373892182115151,0.0052627686872595,-0.017752146659595236,437.1200012207031,443.7469970703125,-0.625923508680329,0.01633986537797023,0.0,0.0,0.0,0.0,0.0,0.0,0.0,0.0
2024-12-26,439.0799865722656,440.9400024414063,436.6300048828125,438.1099853515625,8194200,430.5299987792969,0,MSFT,-0.0027769586825197035,0.003458495709889764,-0.02985010982449232,437.2639953613281,442.65899658203125,0.1437225207620909,0.015457575459844436,0.0,0.0,0.0,0.0,0.0,0.0,0.0,0.0
2024-12-27,434.6000061035156,435.2200012207031,426.3500061035156,430.5299987792969,18117700,424.8299865722656,0,MSFT,-0.01730156085390988,-0.010844345136595379,-0.05265588418281408,435.9639953613281,440.75599670410156,1.2110395157550462,0.015346972999872529,0.0,0.0,0.0,0.0,0.0,0.0,0.0,0.0
2024-12-30,426.05999755859375,427.5499877929688,421.8999938964844,424.8299865722656,13158700,421.5,0,MSFT,-0.013239523896575789,-0.033004803776613745,-0.02871585462751658,433.6099914550781,438.5119964599609,-0.2737102391583921,0.008780370485685139,0.0,0.0,0.0,0.0,0.0,0.0,0.0,0.0
2024-12-31,426.1000061035156,426.7300109863281,420.6600036621094,421.5,13246500,418.5799865722656,0,MSFT,-0.007838398129881519,-0.03791282076858804,-0.03553531524763731,430.8599914550781,435.50299682617185,0.00667239164963096,0.008741560246090959,0.0,0.0,0.0,0.0,0.0,0.0,0.0,0.0
2025-01-02,425.5299987792969,426.0700073242188,414.8500061035156,418.5799865722656,16896500,423.3500061035156,1,MSFT,-0.006927671240176458,-0.027756514623635264,-0.04127352102459092,426.7099914550781,431.9149963378906,0.27554448344845817,0.008559314465482791,0.0,0.0,0.0,0.0,0.0,0.0,0.0,0.0
2025-01-03,421.0799865722656,424.0299987792969,419.5400085449219,423.3500061035156,16662900,427.8500061035156,1,MSFT,0.011395718104707964,-0.0034837005755907757,-0.027340594822479858,423.75799560546875,430.51099548339846,-0.013825348444944208,0.010823760211217013,0.0,0.0,0.0,0.0,0.0,0.0,0.0,0.0
2025-01-06,428.0,434.3200073242188,425.4800109863281,427.8500061035156,20573600,422.3699951171875,0,MSFT,0.010629502622233833,0.015065257659586218,-0.0261306553607209,423.2219970703125,429.59299621582034,0.23469504107928385,0.01108762766670545,0.0,0.0,0.0,0.0,0.0,0.0,0.0,0.0
2025-01-07,429.0,430.6499938964844,420.7999877929688,422.3699951171875,18139100,424.55999755859375,1,MSFT,-0.012808252677697252,0.009054442798276385,-0.03592702919506485,422.72999877929686,428.1699951171875,-0.11833125947816614,0.011582245907570126,0.0,0.0,0.0,0.0,0.0,0.0,0.0,0.0
2025-01-08,423.4599914550781,426.9700012207031,421.5400085449219,424.55999755859375,15054600,418.9500122070313,0,MSFT,0.005185033185888699,0.0028581349654741572,-0.01386663237783703,423.3419982910156,427.1009948730469,-0.1700470254863803,0.010739847247368406,0.0,0.0,0.0,0.0,0.0,0.0,0.0,0.0
2025-01-10,424.6300048828125,424.7099914550781,415.0199890136719,418.9500122070313,20201100,417.1900024414063,0,MSFT,-0.013213645618575298,-0.02080166827047103,-0.013840770546064363,423.41600341796874,425.06299743652346,0.3418556454505599,0.010735314289686358,0.0,0.0,0.0,0.0,0.0,0.0,0.0,0.0
2025-01-13,415.239990234375,418.5,412.2900085449219,417.1900024414063,17604800,415.6700134277344,0,MSFT,-0.004201001824425954,-0.012264111408633593,-0.01022537973569082,422.1840026855469,422.9709991455078,-0.12852270420917677,0.010487376515123676,0.0,0.0,0.0,0.0,0.0,0.0,0.0,0.0
2025-01-14,417.80999755859375,419.739990234375,410.7200012207031,415.6700134277344,16935900,426.30999755859375,1,MSFT,-0.003643397504199286,-0.020939288161816227,-0.006952012131207996,419.7480041503906,421.48500061035156,-0.03799531945832957,0.010271147508736086,0.0,0.0,0.0,0.0,0.0,0.0,0.0,0.0
2025-01-15,419.1300048828125,428.1499938964844,418.2699890136719,426.30999755859375,19637800,424.5799865722656,0,MSFT,0.02559718956659629,0.01756769336940689,0.006991830429676105,420.5360046386719,421.63300170898435,0.15953684185664763,0.013883612542965827,0.0,0.0,0.0,0.0,0.0,0.0,0.0,0.0
2025-01-16,428.7000122070313,429.489990234375,424.3900146484375,424.5799865722656,15300000,429.0299987792969,1,MSFT,-0.004058105595073136,0.017713713386257934,-0.007642911030972033,420.5400024414063,421.9410003662109,-0.22089032376335438,0.013296968225416364,0.0,0.0,0.0,0.0,0.0,0.0,0.0,0.0
2025-01-17,434.0899963378906,434.4800109863281,428.1700134277344,429.0299987792969,26197500,428.5,0,MSFT,0.010480974958233968,0.03214084470850387,0.015768174205323282,422.5559997558594,422.9860015869141,0.7122549019607842,0.012758632365308994,0.0,0.0,0.0,0.0,0.0,0.0,0.0,0.0
2025-01-21,430.2000122070313,430.8999938964844,425.6000061035156,428.5,26085700,446.2000122070313,1,MSFT,-0.0012353420059316722,0.005137112556468315,0.009280201771393992,424.8179992675781,423.5010009765625,-0.004267582784616808,0.012747999733515364,0.0,0.0,0.0,0.0,0.0,0.0,0.0,0.0
2025-01-22,437.55999755859375,447.2699890136719,436.0,446.2000122070313,27803800,446.7099914550781,1,MSFT,0.04130691296856792,0.050920972063024594,0.06504355938897532,430.9239990234375,425.33600158691405,0.06586367243355551,0.017937728790300304,0.0,0.0,0.0,0.0,0.0,0.0,0.0,0.0
2025-01-23,442.0,446.75,441.5,446.7099914550781,18389300,444.05999755859375,0,MSFT,0.001142938668971194,0.0412092224927989,0.0707590997888734,435.0039978027344,427.77000122070314,-0.33860479502801777,0.017378414078962616,0.0,0.0,0.0,0.0,0.0,0.0,0.0,0.0
2025-01-24,445.1600036621094,446.6499938964844,441.3999938964844,444.05999755859375,15549500,434.55999755859375,0,MSFT,-0.005932246753318604,0.03631271308890027,0.06829933171447089,438.9,429.7200012207031,-0.15442675903922387,0.0176952634228227,0.0,0.0,0.0,0.0,0.0,0.0,0.0,0.0
2025-01-27,424.010009765625,435.2000122070313,423.5,434.55999755859375,35647800,447.2000122070313,1,MSFT,-0.021393505499775367,-0.02608698863736636,0.019352114769173534,440.00599975585936,431.2809997558594,1.2925367375156758,0.019448001908762034,0.0,0.0,0.0,0.0,0.0,0.0,0.0,0.0
2025-01-28,434.6000061035156,448.3800048828125,431.3800048828125,447.2000122070313,23491700,442.3299865722656,0,MSFT,0.02908692636103316,0.0010969549849491056,0.053276240873674885,443.7460021972656,434.28200073242186,-0.3410056160548477,0.021407306249856897,0.0,0.0,0.0,0.0,0.0,0.0,0.0,0.0
2025-01-29,446.6900024414063,446.8800048828125,440.3999938964844,442.3299865722656,23581400,414.989990234375,0,MSFT,-0.010890039136472796,-0.0038958946895455426,0.031000134794328504,442.9719970703125,436.947998046875,0.003818369892344853,0.022433381026902805,0.0,0.0,0.0,0.0,0.0,0.0,0.0,0.0
2025-01-30,418.7699890136719,422.8599853515625,413.1600036621094,414.989990234375,54586300,415.05999755859375,1,MSFT,-0.0618090501839037,-0.04503407454474695,-0.03152861088827308,436.62799682617185,435.8159973144531,1.3148031923465102,0.033836625573068276,0.0,0.0,0.0,0.0,0.0,0.0,0.0,0.0
2025-01-31,418.9800109863281,420.6900024414063,414.9100036621094,415.05999755859375,34161900,410.9200134277344,0,MSFT,0.00016869641645866906,-0.07186944045421517,-0.06978936305808292,430.8279968261719,434.86399841308594,-0.37416714450329114,0.027648579721364946,0.0,0.0,0.0,0.0,0.0,0.0,0.0,0.0
2025-02-03,411.6000061035156,415.4100036621094,408.6600036621094,410.9200134277344,25679100,412.3699951171875,1,MSFT,-0.009974423348939943,-0.07101027309483499,-0.08011904526864122,426.1,433.05299987792966,-0.24831171568326116,0.02722140665405237,0.0,0.0,0.0,0.0,0.0,0.0,0.0,0.0
2025-02-04,412.6900024414063,413.9200134277344,409.739990234375,412.3699951171875,20532100,413.2900085449219,1,MSFT,0.003528622705323947,-0.0063133935247637885,-0.07136423594927566,419.1339965820313,431.43999938964845,-0.2004353735138693,0.027775172461435894,0.0,0.0,0.0,0.0,0.0,0.0,0.0,0.0
2025-02-05,412.3500061035156,413.8299865722656,410.3999938964844,413.2900085449219,16316700,415.8200073242188,1,MSFT,0.0022310387240296325,-0.004264417250718133,-0.04894603537640152,413.3260009765625,428.1489990234375,-0.20530778634430968,0.02762087019603539,0.0,0.0,0.0,0.0,0.0,0.0,0.0,0.0
2025-02-06,414.0,418.2000122070313,414.0,415.8200073242188,16309800,409.75,0,MSFT,0.006121606443389105,0.011924446939467925,-0.0701699553359697,413.49200439453125,425.06000061035155,-0.0004228796263950896,0.02373761249518898,0.0,0.0,0.0,0.0,0.0,0.0,0.0,0.0
2025-02-07,416.4800109863281,418.6499938964844,408.1000061035156,409.75,22886800,412.2200012207031,1,MSFT,-0.01459767980689286,-0.0063535057065511324,-0.07365538751902567,412.4300048828125,421.6290008544922,0.4032544850335382,0.023799746605493936,0.0,0.0,0.0,0.0,0.0,0.0,0.0,0.0
2025-02-10,413.7099914550781,415.4599914550781,410.9200134277344,412.2200012207031,20817900,411.4400024414063,0,MSFT,0.00602806887297902,-0.002588998771071105,-0.006674833318527695,412.69000244140625,419.39500122070314,-0.09039708478249475,0.008142742378940847,0.0,0.0,0.0,0.0,0.0,0.0,0.0,0.0
2025-02-11,409.6400146484375,412.489990234375,409.2999877929688,411.4400024414063,18140600,409.0400085449219,0,MSFT,-0.001892190522019832,-0.010533415433753746,-0.00872161889481149,412.50400390625,415.8190002441406,-0.12860567108113685,0.008133744799259615,0.0,0.0,0.0,0.0,0.0,0.0,0.0,0.0
2025-02-12,407.2099914550781,410.75,404.3699951171875,409.0400085449219,19121700,410.5400085449219,1,MSFT,-0.005833156431662712,-0.00173274302642612,-0.004575111509245389,411.65400390625,412.49000244140626,0.05408310640221381,0.0075183752131951515,0.0,0.0,0.0,0.0,0.0,0.0,0.0,0.0
2025-02-13,407.0,411.0,406.3599853515625,410.5400085449219,23891700,408.4299926757813,0,MSFT,0.003667122943146639,-0.004075475888618452,-0.00443772969404721,410.59800415039064,412.0450042724609,0.24945480788842,0.007531315993350423,0.0,0.0,0.0,0.0,0.0,0.0,0.0,0.0
2025-02-14,407.7900085449219,408.9100036621094,405.8800048828125,408.4299926757813,22758500,409.6400146484375,1,MSFT,-0.005139610818003071,-0.007315792698240786,-0.011759335499668455,410.33400268554686,411.3820037841797,-0.04743069768999275,0.007582857229495491,0.0,0.0,0.0,0.0,0.0,0.0,0.0,0.0
2025-02-18,408.0,410.6000061035156,406.5,409.6400146484375,21423100,414.7699890136719,1,MSFT,0.002962617815427393,0.0014668640988200199,-0.01486218211468282,409.81800537109376,411.25400390625,-0.05867697783245818,0.007122319567746745,0.0,0.0,0.0,0.0,0.0,0.0,0.0,0.0
2025-02-19,407.8800048828125,415.489990234375,407.6499938964844,414.7699890136719,24114200,416.1300048828125,1,MSFT,0.012523128068035572,0.010303454914765364,0.012251345976014294,410.4840026855469,411.49400329589844,0.1256167408078197,0.006554183048248897,0.0,0.0,0.0,0.0,0.0,0.0,0.0,0.0
2025-02-20,415.2900085449219,419.30999755859375,412.5400085449219,416.1300048828125,23508700,408.2099914550781,0,MSFT,0.003278964016598218,0.01885270999954103,0.009485235191234676,411.902001953125,411.7780029296875,-0.025109686408837928,0.006334454999298531,0.0,0.0,0.0,0.0,0.0,0.0,0.0,0.0
2025-02-21,417.3399963378906,418.0499877929688,407.8900146484375,408.2099914550781,27524800,404.0,0,MSFT,-0.019032545922673227,-0.0034909265262736966,-0.007850503031212153,411.4359985351563,411.0170013427734,0.17083462718057563,0.01003568973527015,0.0,0.0,0.0,0.0,0.0,0.0,0.0,0.0
2025-02-24,408.510009765625,409.3699951171875,399.3200073242188,404.0,26443700,397.8999938964844,0,MSFT,-0.01031329840818318,-0.025966172333931503,-0.012321553979158906,410.55,410.44200134277344,-0.03927730628378767,0.01052035390014203,0.0,0.0,0.0,0.0,0.0,0.0,0.0,0.0
2025-02-25,401.1000061035156,401.9200134277344,396.7000122070313,397.8999938964844,29387400,399.7300109863281,1,MSFT,-0.015099025008702083,-0.043808451138874105,-0.03078875233923617,408.2019958496094,409.01000061035154,0.11131952033943815,0.0112817071386686,0.0,0.0,0.0,0.0,0.0,0.0,0.0,0.0
2025-02-26,398.010009765625,403.6000061035156,394.25,399.7300109863281,19619000,392.5299987792969,0,MSFT,0.0045991885345939565,-0.020773574009109397,-0.021301035294828075,405.1940002441406,407.83900146484376,-0.332400960956056,0.011765809956918944,0.0,0.0,0.0,0.0,0.0,0.0,0.0,0.0
2025-02-27,401.2699890136719,405.739990234375,392.1700134277344,392.5299987792969,21127400,396.989990234375,1,MSFT,-0.01801218824992734,-0.02839109213045332,-0.04176841923957264,400.4739990234375,406.18800048828126,0.0768846526326521,0.01262988861685324,0.0,0.0,0.0,0.0,0.0,0.0,0.0,0.0
2025-02-28,392.6600036621094,397.6300048828125,386.5700073242188,396.989990234375,32845700,388.489990234375,0,MSFT,0.011362167143780022,-0.0022870160242981497,-0.04286712937350634,398.22999877929686,404.83299865722654,0.5546494126111117,0.01235051985931633,0.0,0.0,0.0,0.0,0.0,0.0,0.0,0.0
2025-03-03,398.8200073242188,398.8200073242188,386.1600036621094,388.489990234375,23007700,388.6099853515625,1,MSFT,-0.021411119194672312,-0.0281190314538019,-0.06642158537984133,395.12799682617185,402.83899841308596,-0.2995217029930859,0.012721022473112093,0.0,0.0,0.0,0.0,0.0,0.0,0.0,0.0
2025-03-04,383.3999938964844,392.5799865722656,381.0,388.6099853515625,29342900,401.0199890136719,1,MSFT,0.0003088756987408292,-0.009986532086528332,-0.04801451829645509,393.2699951171875,400.7359954833984,0.2753512954358759,0.012454074549248968,0.0,0.0,0.0,0.0,0.0,0.0,0.0,0.0
2025-03-05,389.3399963378906,401.6700134277344,388.80999755859375,401.0199890136719,23433100,396.8900146484375,0,MSFT,0.03193434067547818,0.010151386378577598,-0.007376264817643863,393.5279907226562,399.3609954833984,-0.20140476912643268,0.019040756239815528,0.0,0.0,0.0,0.0,0.0,0.0,0.0,0.0
2025-03-06,394.2799987792969,402.1499938964844,392.6799926757813,396.8900146484375,23304600,393.30999755859375,0,MSFT,-0.010298674575779265,0.021622241564048572,-0.0025382740978620033,394.3999938964844,397.43699645996094,-0.005483696139221839,0.018523667794673793,0.0,0.0,0.0,0.0,0.0,0.0,0.0,0.0
2025-03-07,392.3200073242188,394.7999877929688,385.5400085449219,393.30999755859375,22034100,380.1600036621094,0,MSFT,-0.009020174249067203,0.01209441955738555,-0.016060874218308263,393.66399536132815,395.9469970703125,-0.05451713395638624,0.018648350483456665,0.0,0.0,0.0,0.0,0.0,0.0,0.0,0.0
2025-03-10,385.8399963378906,386.3999938964844,377.2200012207031,380.1600036621094,32840100,380.4500122070313,1,MSFT,-0.03343417146299554,-0.052017320639972664,-0.03151350254924756,391.997998046875,393.56299743652346,0.49042166460168546,0.021522457582252765,0.0,0.0,0.0,0.0,0.0,0.0,0.0,0.0
2025-03-11,379.0,386.0,376.9100036621094,380.4500122070313,30380200,383.2699890136719,1,MSFT,0.0007628591701605014,-0.04142206111173807,-0.041663463649496135,390.3660034179687,391.8179992675781,-0.07490537483137993,0.020583923857900695,0.0,0.0,0.0,0.0,0.0,0.0,0.0,0.0
2025-03-12,382.9500122070313,385.2200012207031,378.9500122070313,383.2699890136719,24253600,378.7699890136719,0,MSFT,0.0074122137367840235,-0.02552695992281806,-0.013436642775670804,386.8160034179688,390.1719970703125,-0.20166424184172582,0.01982824317290236,0.0,0.0,0.0,0.0,0.0,0.0,0.0,0.0
2025-03-13,383.1600036621094,385.3200073242188,377.4500122070313,378.7699890136719,20473000,388.55999755859375,1,MSFT,-0.011741070600337244,-0.0036563937159285187,-0.025321007459416456,383.19199829101564,388.79599609375,-0.15587789029257515,0.02013911261570174,0.0,0.0,0.0,0.0,0.0,0.0,0.0,0.0
2025-03-14,379.7799987792969,390.2300109863281,379.510009765625,388.55999755859375,19952800,388.7000122070313,1,MSFT,0.025846843279256015,0.02131682242435895,-0.031070749080922555,382.24199829101565,387.9529968261719,-0.02540907536755732,0.018412199242637844,0.0,0.0,0.0,0.0,0.0,0.0,0.0,0.0
2025-03-17,386.7000122070313,392.7099914550781,385.5700073242188,388.7000122070313,22474300,383.5199890136719,0,MSFT,0.0003603424164022595,0.014167619038822687,-0.020635445940006436,383.95,387.9739990234375,0.12637324084840218,0.018278821763785716,0.0,0.0,0.0,0.0,0.0,0.0,0.0,0.0
2025-03-18,387.0700073242188,387.3699951171875,381.1000061035156,383.5199890136719,19486900,387.8200073242188,1,MSFT,-0.0133265321087781,0.01254059227968174,-0.02489132899161406,384.5639953613281,387.4649993896484,-0.1329251634088715,0.018591654708817233,0.0,0.0,0.0,0.0,0.0,0.0,0.0,0.0
2025-03-19,385.5299987792969,389.6799926757813,384.0,387.8200073242188,19185500,386.8399963378906,0,MSFT,0.011211979645717074,-0.0019044426575676177,0.02014942021338406,385.47399902343756,386.1450012207032,-0.015466800773853207,0.01356882383396424,0.0,0.0,0.0,0.0,0.0,0.0,0.0,0.0
2025-03-20,385.739990234375,391.7900085449219,383.2799987792969,386.8399963378906,18470500,391.260009765625,1,MSFT,-0.0025269737708732976,-0.004785222049722981,0.016795857342178477,387.0880004882813,385.1399993896485,-0.03726772823225877,0.013712703589657526,0.0,0.0,0.0,0.0,0.0,0.0,0.0,0.0
2025-03-21,383.2200012207031,391.739990234375,382.7999877929688,391.260009765625,39675900,393.0799865722656,1,MSFT,0.011425947341478171,0.020181531533359554,0.02084697727707585,387.62800292968757,384.9350006103516,1.1480685417287027,0.014034318197326609,0.0,0.0,0.0,0.0,0.0,0.0,0.0,0.0
2025-03-24,395.3999938964844,395.3999938964844,389.80999755859375,393.0799865722656,21004500,395.1600036621094,1,MSFT,0.004651578902047371,0.013562939375764138,0.03778017787485588,388.5039978027344,386.2269989013672,-0.4705980204607835,0.012434087800448098,0.0,0.0,0.0,0.0,0.0,0.0,0.0,0.0
2025-03-25,393.9200134277344,396.3599853515625,392.6400146484375,395.1600036621094,15775000,389.9700012207031,0,MSFT,0.005291587363635442,0.02150761917842514,0.016985809514579175,390.8320007324219,387.69799804687506,-0.24897045871122858,0.008643849818616085,0.0,0.0,0.0,0.0,0.0,0.0,0.0,0.0
2025-03-26,395.0,395.30999755859375,388.5700073242188,389.9700012207031,16108400,390.5799865722656,1,MSFT,-0.013133926493846482,-0.003297062088442493,0.003267272893717754,391.2619995117187,388.36799926757817,0.021134706814579962,0.010492346487576841,0.0,0.0,0.0,0.0,0.0,0.0,0.0,0.0
2025-03-27,390.1300048828125,392.239990234375,387.3999938964844,390.5799865722656,13766800,378.7999877929688,0,MSFT,0.0015641853210581758,-0.006360028710188148,0.01840842136220977,392.00999755859374,389.54899902343755,-0.14536515110128878,0.008548107202056038,0.0,0.0,0.0,0.0,0.0,0.0,0.0,0.0
2025-03-28,388.0799865722656,389.1300048828125,376.9299926757813,378.7999877929688,21632000,375.3900146484375,0,MSFT,-0.030160272375136854,-0.04140099128840369,-0.02325826249523333,389.5179931640625,388.57299804687506,0.5713165005665806,0.014120483278348493,0.0,0.0,0.0,0.0,0.0,0.0,0.0,0.0
2025-03-31,372.5400085449219,377.0700073242188,367.239990234375,375.3900146484375,35184700,382.1900024414063,1,MSFT,-0.009002041326345078,-0.03738745679571931,-0.02959875348424934,385.97999877929686,387.24199829101565,0.6265116494082841,0.01427496019592063,0.0,0.0,0.0,0.0,0.0,0.0,0.0,0.0
2025-04-01,374.6499938964844,382.8500061035156,373.2300109863281,382.1900024414063,19689500,382.1400146484375,0,MSFT,0.018114461034178575,-0.021480834705561613,-0.023181534268354897,383.38599853515626,387.10899963378904,-0.4403959675654475,0.015652210521188495,0.0,0.0,0.0,0.0,0.0,0.0,0.0,0.0
2025-04-02,377.9700012207031,385.0799865722656,376.6199951171875,382.1400146484375,16092600,373.1099853515625,0,MSFT,-0.00013079304181029539,0.008817389026142708,-0.027831414209679828,381.82000122070315,386.54100036621094,-0.18268112445719797,0.015351876282248034,0.0,0.0,0.0,0.0,0.0,0.0,0.0,0.0
2025-04-03,374.7900085449219,377.4800109863281,369.3500061035156,373.1099853515625,30198000,359.8399963378906,0,MSFT,-0.02363015897506171,-0.006073761176120573,-0.0558002280245985,378.3260009765625,385.1679992675781,0.8765146713396219,0.01632014855174814,0.0,0.0,0.0,0.0,0.0,0.0,0.0,0.0
2025-04-04,364.1300048828125,374.5899963378906,359.4800109863281,359.8399963378906,49209900,357.8599853515625,0,MSFT,-0.035565890848963,-0.058478782701654186,-0.07726236579351764,374.53400268554685,382.0259979248047,0.6295748062785615,0.01939627868564262,0.0,0.0,0.0,0.0,0.0,0.0,0.0,0.0
2025-04-07,350.8800048828125,371.0,344.7900085449219,357.8599853515625,50425000,354.5599975585937,0,MSFT,-0.005502476118493749,-0.06353699787030209,-0.08377285663777667,371.0279968261719,378.5039978027344,0.024692185921938448,0.018792145149074516,0.0,0.0,0.0,0.0,0.0,0.0,0.0,0.0
2025-04-08,368.260009765625,373.6499938964844,350.25,354.5599975585937,35868900,390.489990234375,1,MSFT,-0.009221449527884173,-0.04971721079908942,-0.06399152855206358,365.5019958496094,374.4439971923828,-0.2886683192860684,0.017055741518814622,0.0,0.0,0.0,0.0,0.0,0.0,0.0,0.0
2025-04-09,353.5400085449219,393.2300109863281,353.1000061035156,390.489990234375,50199700,381.3500061035156,0,MSFT,0.10133684827162037,0.08517672912519703,0.04022476623433646,367.1719909667969,374.49599609375,0.39953274284965534,0.04516908706815304,0.0,0.0,0.0,0.0,0.0,0.0,0.0,0.0
2025-04-10,382.05999755859375,383.8999938964844,367.7999877929688,381.3500061035156,38024400,388.4500122070313,1,MSFT,-0.023406449229014803,0.06564025516537275,-0.0021978501073415257,368.8199951171875,373.572998046875,-0.2425373059998367,0.04610407601439219,0.0,0.0,0.0,0.0,0.0,0.0,0.0,0.0
2025-04-11,380.6400146484375,390.0499877929688,378.8900146484375,388.4500122070313,23839200,387.80999755859375,0,MSFT,0.01861808309919999,0.09558330009531613,0.016512265967223883,374.5419982910156,374.5380004882812,-0.37305519613721716,0.04659959080524231,0.0,0.0,0.0,0.0,0.0,0.0,0.0,0.0
2025-04-14,393.2200012207031,394.6499938964844,384.2099914550781,387.80999755859375,19251200,385.7300109863281,0,MSFT,-0.001647611348500777,-0.006863153327368754,0.03939860305046561,380.53200073242186,375.7799987792969,-0.19245612268868084,0.0452074932878173,0.0,0.0,0.0,0.0,0.0,0.0,0.0,0.0
2025-04-15,388.510009765625,391.8900146484375,384.1600036621094,385.7300109863281,17199900,371.6099853515625,0,MSFT,-0.005363416583790803,0.011485524617045773,0.07194868528212939,386.76600341796876,376.1339996337891,-0.10655439660904253,0.04185463804929173,0.0,0.0,0.0,0.0,0.0,0.0,0.0,0.0
2025-04-16,380.6700134277344,381.6099853515625,368.0,371.6099853515625,21967800,367.7799987792969,0,MSFT,-0.03660598147045935,-0.04335185049883228,0.03842284849615685,382.99000244140626,375.08099670410155,0.2772051000296514,0.045363765926850756,0.0,0.0,0.0,0.0,0.0,0.0,0.0,0.0
2025-04-17,373.75,374.3200073242188,366.8900146484375,367.7799987792969,21120200,359.1199951171875,0,MSFT,-0.010306468403001201,-0.051649000555408775,0.037285653519101514,380.2760009765625,374.547998046875,-0.03858374529993902,0.045427227290856596,0.0,0.0,0.0,0.0,0.0,0.0,0.0,0.0
2025-04-21,362.8200073242188,364.4800109863281,355.6700134277344,359.1199951171875,20807300,366.8200073242188,1,MSFT,-0.02354669555400757,-0.0689861175206401,-0.08033495326822337,374.4099975585938,374.4759979248047,-0.014815200613630508,0.018073948092279097,0.0,0.0,0.0,0.0,0.0,0.0,0.0,0.0
2025-04-22,363.3800048828125,367.7699890136719,359.8599853515625,366.8200073242188,19485000,374.3900146484375,1,MSFT,0.021441335240937054,-0.012889799026288618,-0.0381014777677825,370.2119995117188,375.3720001220703,-0.0635498118448814,0.020970514931472728,0.0,0.0,0.0,0.0,0.0,0.0,0.0,0.0
2025-04-23,376.05999755859375,380.3900146484375,373.0199890136719,374.3900146484375,20545500,387.2999877929688,1,MSFT,0.020636844155362155,0.017972744279406205,-0.036195127086520174,367.9440002441406,377.35500183105466,0.054426481909160884,0.021365147651905062,0.0,0.0,0.0,0.0,0.0,0.0,0.0,0.0
2025-04-24,375.7000122070313,388.4500122070313,375.1900024414063,387.2999877929688,22232300,391.8500061035156,1,MSFT,0.034482685540249136,0.07846957300883695,-0.0013151021604281832,371.08200073242193,377.03600158691404,0.08210070331702801,0.02615346441303701,0.0,0.0,0.0,0.0,0.0,0.0,0.0,0.0
2025-04-25,387.0,392.1600036621094,384.6000061035156,391.8500061035156,18973200,391.1600036621094,0,MSFT,0.011748046614912466,0.06823509699451513,0.015866007162726126,375.89600219726566,378.08600158691405,-0.14659302006540031,0.026356005418030258,0.0,0.0,0.0,0.0,0.0,0.0,0.0,0.0
2025-04-28,391.9599914550781,392.739990234375,386.6400146484375,391.1600036621094,16579400,394.0400085449219,1,MSFT,-0.001760884089979986,0.04479283196006012,0.05260896929895886,382.30400390625005,378.35700073242185,-0.12616743617312842,0.020329678194971113,0.0,0.0,0.0,0.0,0.0,0.0,0.0,0.0
2025-04-29,391.2999877929688,395.1000061035156,390.3800048828125,394.0400085449219,14974000,395.260009765625,1,MSFT,0.007362728438105481,0.017402584467820725,0.07140140805042394,387.7480041503906,378.98000183105466,-0.0968310071534555,0.018784477670395587,0.0,0.0,0.0,0.0,0.0,0.0,0.0,0.0
2025-04-30,390.2999877929688,396.6600036621094,384.4400024414063,395.260009765625,36461100,425.3999938964844,1,MSFT,0.003096135403123812,0.00870231876737182,0.10063492743322278,391.9220031738281,379.93300170898436,1.434960598370509,0.012484958154699154,0.0,0.0,0.0,0.0,0.0,0.0,0.0,0.0
2025-05-01,431.1099853515625,436.989990234375,424.8999938964844,425.3999938964844,58938100,435.2799987792969,1,MSFT,0.07625356318928223,0.08753448694604282,0.15969681424843563,399.54200439453126,385.31200256347654,0.6164652190965165,0.026900226964131767,0.0,0.0,0.0,0.0,0.0,0.0,0.0,0.0
2025-05-02,431.739990234375,439.4400024414063,429.989990234375,435.2799987792969,30757400,436.1700134277344,1,MSFT,0.023225211623337794,0.10465939838612481,0.16263784221926092,408.2280029296875,392.06200256347654,-0.4781406255037064,0.026901152255985047,0.0,0.0,0.0,0.0,0.0,0.0,0.0,0.0
2025-05-05,432.8699951171875,439.5,432.1099853515625,436.1700134277344,20136100,433.30999755859375,0,MSFT,0.0020446945665628657,0.10350149939622666,0.1261813250066226,417.2300048828125,399.7670043945312,-0.3453250274730634,0.02719646947172896,0.0,0.0,0.0,0.0,0.0,0.0,0.0,0.0
2025-05-06,432.2000122070313,437.7300109863281,431.1700134277344,433.30999755859375,15104200,433.3500061035156,1,MSFT,-0.006557112550366728,0.018594273097319647,0.10580576957838694,425.08400268554686,406.41600341796874,-0.24989446814427818,0.028673171078152263,0.0,0.0,0.0,0.0,0.0,0.0,0.0,0.0
2025-05-07,433.8399963378906,438.1199951171875,431.1099853515625,433.3500061035156,23295300,438.1700134277344,1,MSFT,9.233238362216234e-05,-0.004433910772821514,0.1078586819879741,432.702001953125,412.31200256347654,0.5423061135313356,0.028502726030872096,0.0,0.0,0.0,0.0,0.0,0.0,0.0,0.0
2025-05-08,437.9299926757813,443.6700134277344,435.6600036621094,438.1700134277344,23491300,438.7300109863281,1,MSFT,0.011122665873615656,0.004585367949260455,0.11199371618575515,435.256005859375,417.3990051269531,0.008413714354397639,0.028368299707101356,0.0,0.0,0.0,0.0,0.0,0.0,0.0,0.0
2025-05-09,440.0,440.739990234375,435.8800048828125,438.7300109863281,15324200,449.260009765625,1,MSFT,0.0012780371577985061,0.012508396894307605,0.10997824254085131,435.9460083007813,422.0870056152344,-0.3476648801896872,0.028509947389092606,0.0,0.0,0.0,0.0,0.0,0.0,0.0,0.0
2025-05-12,445.9400024414063,449.3699951171875,439.7799987792969,449.260009765625,22821900,449.1400146484375,0,MSFT,0.024001090683593684,0.03671398047311647,0.05608842550887916,438.5640075683594,427.8970062255859,0.48927187063598754,0.011920530893053756,0.0,0.0,0.0,0.0,0.0,0.0,0.0,0.0
2025-05-13,447.7799987792969,450.6700134277344,445.3599853515625,449.1400146484375,23618800,452.9400024414063,1,MSFT,-0.00026709503311928007,0.025035946971556866,0.031841609786826375,441.7300109863281,433.4070068359375,0.034918214522016155,0.010041312144079717,0.0,0.0,0.0,0.0,0.0,0.0,0.0,0.0
2025-05-14,448.1400146484375,453.8999938964844,448.1400146484375,452.9400024414063,19902800,453.1300048828125,1,MSFT,0.008460586162520434,0.03238892051886788,0.03844828506636988,445.64801025390625,439.1750061035156,-0.1573322946127661,0.010069355176891781,0.0,0.0,0.0,0.0,0.0,0.0,0.0,0.0
2025-05-15,450.7699890136719,456.1900024414063,450.4299926757813,453.1300048828125,21992300,454.2699890136719,1,MSFT,0.00041948699691363167,0.00861415446081315,0.045740941671992275,448.6400085449219,441.94800720214846,0.10498522820909617,0.008968206568474553,0.0,0.0,0.0,0.0,0.0,0.0,0.0,0.0
2025-05-16,452.0499877929688,454.3599853515625,448.7300109863281,454.2699890136719,23849800,458.8699951171875,1,MSFT,0.0025157992597604206,0.011421770935394981,0.04827502622708857,451.7480041503906,443.8470062255859,0.08446137966470091,0.008725642734127037,0.0,0.0,0.0,0.0,0.0,0.0,0.0,0.0
2025-05-19,450.8800048828125,459.5899963378906,450.7999877929688,458.8699951171875,21336500,458.1700134277344,0,MSFT,0.010126150119454946,0.013092225557066683,0.047241894824158415,453.6700012207031,446.11700439453125,-0.10538033861919183,0.008650985011486357,0.0,0.0,0.0,0.0,0.0,0.0,0.0,0.0
2025-05-20,455.5899963378906,458.3399963378906,454.3200073242188,458.1700134277344,15441800,452.5700073242188,0,MSFT,-0.0015254466339085226,0.01112265462585138,0.04430971657877314,455.4760009765625,448.60300598144534,-0.2762730532186628,0.008998903938250766,0.0,0.0,0.0,0.0,0.0,0.0,0.0,0.0
2025-05-21,454.5700073242188,457.7799987792969,451.80999755859375,452.5700073242188,19216900,454.8599853515625,1,MSFT,-0.01222255044938425,-0.0037422275971700225,0.007367665687227687,455.402001953125,450.52500610351564,0.24447279462238858,0.007352597549352732,0.0,0.0,0.0,0.0,0.0,0.0,0.0,0.0
2025-05-22,454.9500122070313,460.25,453.8999938964844,454.8599853515625,18025600,450.1799926757813,0,MSFT,0.005059942086933722,-0.008738879875117789,0.01273538432687249,455.747998046875,452.1940032958984,-0.061992308853144884,0.00746565790008777,0.0,0.0,0.0,0.0,0.0,0.0,0.0,0.0
2025-05-23,449.9800109863281,453.6900024414063,448.9100036621094,450.1799926757813,16883500,460.6900024414063,1,MSFT,-0.010288864324180969,-0.017438986659508493,-0.006093543848519012,454.92999877929685,453.33900146484376,-0.06335988815906268,0.008033540213935726,0.0,0.0,0.0,0.0,0.0,0.0,0.0,0.0
2025-05-27,456.4800109863281,460.9500122070313,456.1199951171875,460.6900024414063,20974300,457.3599853515625,0,MSFT,0.023346239141272207,0.017941964747501205,0.016683948264580195,455.29400024414065,454.48200073242185,0.24229573251991599,0.01221853813938702,0.0,0.0,0.0,0.0,0.0,0.0,0.0,0.0
2025-05-28,461.2200012207031,462.5199890136719,456.9299926757813,457.3599853515625,17086300,458.6799926757813,1,MSFT,-0.007228325060662288,0.005496196808931764,0.006802114188964481,455.1319946289062,455.3039978027344,-0.1853697143647225,0.012750630483978979,0.0,0.0,0.0,0.0,0.0,0.0,0.0,0.0
2025-05-29,461.5499877929688,461.7200012207031,455.30999755859375,458.6799926757813,13974800,460.3599853515625,1,MSFT,0.002886145195242884,0.018881336661537684,-0.00041406595207360564,456.35399169921874,455.87799682617185,-0.18210496128477205,0.012171050105420668,0.0,0.0,0.0,0.0,0.0,0.0,0.0,0.0
2025-05-30,459.7200012207031,461.6799926757813,455.5400085449219,460.3599853515625,34770500,461.9700012207031,1,MSFT,0.0036626683147453765,-0.0007163539214979364,0.004779823776427827,457.45399169921876,456.6009948730469,1.4880856971119445,0.012220266405797774,0.0,0.0,0.0,0.0,0.0,0.0,0.0,0.0
2025-06-02,457.1400146484375,462.1099853515625,456.8900146484375,461.9700012207031,16626500,462.9700012207031,1,MSFT,0.003497297593992865,0.010079622216178308,0.02077025376043129,459.81199340820314,457.37099609375,-0.5218216591650968,0.010802192313108562,0.0,0.0,0.0,0.0,0.0,0.0,0.0,0.0
2025-06-03,461.4700012207031,464.1400146484375,460.8599853515625,462.9700012207031,15743800,463.8699951171875,1,MSFT,0.0021646427199983886,0.00935294456576452,0.017829697336142702,460.2679931640625,457.78099670410154,-0.053089946771719854,0.010765124177932654,0.0,0.0,0.0,0.0,0.0,0.0,0.0,0.0
2025-06-04,464.0,465.6900024414063,463.0199890136719,463.8699951171875,14162700,467.6799926757813,1,MSFT,0.001943957263130125,0.007624489263428291,0.030410064116878077,461.5699951171875,458.3509948730469,-0.1004268346904813,0.009208849397875795,0.0,0.0,0.0,0.0,0.0,0.0,0.0,0.0
2025-06-05,464.9599914550781,469.6499938964844,464.0299987792969,467.6799926757813,20131700,470.3800048828125,1,MSFT,0.008213502918271942,0.012360091434487464,0.015172871556430323,463.3699951171875,459.86199340820315,0.4214591850424001,0.004644097477781052,0.0,0.0,0.0,0.0,0.0,0.0,0.0,0.0
2025-06-06,470.0899963378906,473.3399963378906,468.7799987792969,470.3800048828125,15285600,472.75,1,MSFT,0.005773204433192403,0.016005364586412885,0.02846777144537871,465.3739990234375,461.41399536132815,-0.24071985972371934,0.0022397182397671674,0.0,0.0,0.0,0.0,0.0,0.0,0.0,0.0
2025-06-09,469.7000122070313,473.4299926757813,468.6199951171875,472.75,16469900,470.9200134277344,0,MSFT,0.005038469094318598,0.019143305185258086,0.03067499683633268,467.5299987792969,463.67099609375,0.07747814936934105,0.002205561969898269,0.0,0.0,0.0,0.0,0.0,0.0,0.0,0.0
2025-06-10,471.1900024414063,472.7999877929688,466.9599914550781,470.9200134277344,15375900,472.6199951171875,1,MSFT,-0.003870939338478263,0.00692785837045462,0.02293863153225084,469.1200012207031,464.6939971923828,-0.06642420415424499,0.0038265347700337654,0.0,0.0,0.0,0.0,0.0,0.0,0.0,0.0
2025-06-11,470.0199890136719,475.4700012207031,469.6600036621094,472.6199951171875,16399200,478.8699951171875,1,MSFT,0.003609915996305446,0.004762086421877365,0.023053431756051124,470.8700012207031,466.2199981689453,0.06655220182233235,0.0038279771759594334,0.0,0.0,0.0,0.0,0.0,0.0,0.0,0.0
2025-06-12,475.0199890136719,480.4200134277344,473.5199890136719,478.8699951171875,18950600,474.9599914550781,0,MSFT,0.013224154848654468,0.01294552113630365,0.034343464705188564,473.1080017089844,468.23899841308594,0.15558076003707488,0.005297248956987154,0.0,0.0,0.0,0.0,0.0,0.0,0.0,0.0
2025-06-13,476.4100036621094,479.1799926757813,472.760009765625,474.9599914550781,16814500,479.1400146484375,1,MSFT,-0.008165062964850311,0.008578904935336196,0.023907552664812926,474.0239990234375,469.6989990234375,-0.11271938619357702,0.007241796932503376,0.0,0.0,0.0,0.0,0.0,0.0,0.0,0.0
2025-06-16,475.2099914550781,480.6900024414063,475.0,479.1400146484375,15626100,478.0400085449219,0,MSFT,0.008800790105611966,0.013795479663600174,0.024503981680056297,475.302001953125,471.41600036621094,-0.07067709417467072,0.007309893838108533,0.0,0.0,0.0,0.0,0.0,0.0,0.0,0.0
2025-06-17,475.3999938964844,478.739990234375,474.0799865722656,478.0400085449219,15414100,480.239990234375,1,MSFT,-0.0022957926073503554,-0.0017332189962382394,0.016284713598780032,476.7260009765625,472.9230010986328,-0.013567044880040457,0.007522450118870031,0.0,0.0,0.0,0.0,0.0,0.0,0.0,0.0
2025-06-18,478.0,481.0,474.4599914550781,480.239990234375,17526500,477.3999938964844,0,MSFT,0.004602086959519358,0.011116723248880689,0.01584344840692764,478.25,474.56000061035155,0.13704335640744514,0.007498075716325112,0.0,0.0,0.0,0.0,0.0,0.0,0.0,0.0
2025-06-20,482.2300109863281,483.4599914550781,476.8699951171875,477.3999938964844,37576200,486.0,1,MSFT,-0.00591370230643351,-0.0036315496488638077,0.013760257122188424,477.95599975585935,475.53200073242186,1.1439648532222635,0.007810264638837402,0.0,0.0,0.0,0.0,0.0,0.0,0.0,0.0
2025-06-23,478.2099914550781,487.75,472.510009765625,486.0,24864000,490.1099853515625,1,MSFT,0.018014256835915177,0.01665130807629911,0.028310281031370454,480.16400146484375,477.0940002441406,-0.3383045651236687,0.009922966735235477,0.0,0.0,0.0,0.0,0.0,0.0,0.0,0.0
2025-06-24,488.9500122070313,491.8500061035156,486.7999877929688,490.1099853515625,22305600,492.2699890136719,1,MSFT,0.00845675998263884,0.02055221413854058,0.02347190333281257,482.3579956054688,478.8299987792969,-0.10289575289575292,0.009333503652177931,0.0,0.0,0.0,0.0,0.0,0.0,0.0,0.0
2025-06-25,492.0400085449219,494.55999755859375,489.3900146484375,492.2699890136719,17495100,497.4500122070313,1,MSFT,0.004407181503474078,0.031147874543986154,0.03644516984591317,485.20399169921876,480.9649963378906,-0.21566333118140735,0.007836339405649437,0.0,0.0,0.0,0.0,0.0,0.0,0.0,0.0
2025-06-26,492.9800109863281,498.0400085449219,492.80999755859375,497.4500122070313,21578900,495.9400024414063,0,MSFT,0.010522727992698266,0.02355969589924145,0.03821429435825463,488.64599609375,483.447998046875,0.23342535910054818,0.007995342714361644,0.0,0.0,0.0,0.0,0.0,0.0,0.0,0.0
2025-06-27,497.5499877929688,499.2999877929688,493.0299987792969,495.9400024414063,34539200,497.4100036621094,1,MSFT,-0.003035500509740774,0.011895324037648036,0.03744455187123186,492.3539978027344,485.154998779297,0.6006005866842146,0.00811794246331722,0.0,0.0,0.0,0.0,0.0,0.0,0.0,0.0
2025-06-30,497.0400085449219,500.760009765625,495.3299865722656,497.4100036621094,28369000,492.0499877929688,0,MSFT,0.0029640706808617967,0.010441454411503237,0.035752985542405025,494.63599853515626,487.4000000000001,-0.17864339648862737,0.008164664778374837,0.0,0.0,0.0,0.0,0.0,0.0,0.0,0.0
2025-07-01,496.4700012207031,498.0499877929688,490.9800109863281,492.0499877929688,19945400,491.0899963378906,0,MSFT,-0.010775850565284628,-0.010855411160016426,0.03068704248802523,495.0239990234375,488.6909973144532,-0.2969297472593324,0.009371405724950835,0.0,0.0,0.0,0.0,0.0,0.0,0.0,0.0
2025-07-02,489.989990234375,493.5,488.7000122070313,491.0899963378906,16319600,498.8399963378906,1,MSFT,-0.001951003920118155,-0.009779421058273452,0.010473243493602125,494.7880004882812,489.9959960937501,-0.1817862765349404,0.007343669849828264,0.0,0.0,0.0,0.0,0.0,0.0,0.0,0.0
2025-07-03,493.80999755859375,500.1300048828125,493.4400024414063,498.8399963378906,13984800,497.7200012207031,0,MSFT,0.015781221482401575,0.002874877194373182,0.017812350793191767,495.0659973144531,491.85599670410164,-0.14306723204000094,0.008862700608972958,0.0,0.0,0.0,0.0,0.0,0.0,0.0,0.0
2025-07-07,497.3800048828125,498.75,495.2300109863281,497.7200012207031,13981600,496.6199951171875,0,MSFT,-0.0022451991127608872,0.011523246760286376,0.011071185180211884,495.4219970703125,493.8879974365235,-0.00022881986156397804,0.00898727815051551,0.0,0.0,0.0,0.0,0.0,0.0,0.0,0.0
2025-07-08,497.239990234375,498.2000122070313,494.1099853515625,496.6199951171875,11846600,503.510009765625,1,MSFT,-0.002210090213006888,0.01126066264948311,-0.0016685437118822977,495.2639953613281,494.9499969482423,-0.15270069233850203,0.008130067964384272,0.0,0.0,0.0,0.0,0.0,0.0,0.0,0.0
2025-07-09,500.2999877929688,506.7799987792969,499.739990234375,503.510009765625,18659500,501.4800109863281,0,MSFT,0.013873816431438035,0.0093617461751625,0.015263957912152959,497.5559997558594,496.28999938964853,0.575093275707798,0.009540469923012055,0.0,0.0,0.0,0.0,0.0,0.0,0.0,0.0
2025-07-10,503.0499877929688,504.4400024414063,497.75,501.4800109863281,16492100,503.3200073242188,1,MSFT,-0.004031694981082468,0.007554467886368377,0.008182399417490327,499.6340026855469,497.21100158691416,-0.11615530962780352,0.00981033440990234,0.0,0.0,0.0,0.0,0.0,0.0,0.0,0.0
2025-07-11,498.4700012207031,505.0299987792969,497.7999877929688,503.3200073242188,16459500,503.0199890136719,0,MSFT,0.0036691319645456577,0.013491225228356551,0.022904216666685295,500.5300048828125,497.7980010986328,-0.0019767039976715806,0.00826794343294624,0.0,0.0,0.0,0.0,0.0,0.0,0.0,0.0
2025-07-14,501.5199890136719,503.9700012207031,501.0299987792969,503.0199890136719,12058800,505.8200073242188,1,MSFT,-0.0005960786501254534,-0.0009732095538304009,0.024292884735475084,501.5900024414062,498.50599975585936,-0.26736535131686867,0.008140231688625219,0.0,0.0,0.0,0.0,0.0,0.0,0.0,0.0
2025-07-15,503.0199890136719,508.2999877929688,502.7900085449219,505.8200073242188,14927200,505.6199951171875,0,MSFT,0.005566415593219798,0.008654375534040915,0.013992484639504088,503.4300048828125,499.3470001220703,0.23786778120542684,0.0062631233334043915,0.0,0.0,0.0,0.0,0.0,0.0,0.0,0.0
2025-07-16,505.1799926757813,506.7200012207031,501.8900146484375,505.6199951171875,15154400,511.7000122070313,1,MSFT,-0.00039542169968598273,0.00456963315485126,0.01587236574200146,503.852001953125,500.70400085449216,0.015220537006270352,0.006090619860654583,0.0,0.0,0.0,0.0,0.0,0.0,0.0,0.0
2025-07-17,505.6799926757813,513.3699951171875,505.6199951171875,511.7000122070313,17503100,510.0499877929688,0,MSFT,0.012024874705429012,0.017255821603390675,0.03036530393079606,505.8960021972656,502.76500244140624,0.1549846909148498,0.006692896086299137,0.0,0.0,0.0,0.0,0.0,0.0,0.0,0.0
2025-07-18,514.47998046875,514.6400146484375,507.4299926757813,510.0499877929688,21209700,510.05999755859375,1,MSFT,-0.003224593266952902,0.008362619919141778,0.012988774603285513,507.24199829101565,503.88600158691406,0.21176820106152627,0.00565714228298343,0.0,0.0,0.0,0.0,0.0,0.0,0.0,0.0
2025-07-21,506.7099914550781,512.0900268554688,505.5499877929688,510.05999755859375,14066800,505.2699890136719,0,MSFT,1.96250678650145e-05,0.008781303121482065,0.017109329154297193,508.65,505.1200012207031,-0.3367751547640938,0.005137415816993413,0.0,0.0,0.0,0.0,0.0,0.0,0.0,0.0
2025-07-22,510.9700012207031,511.2000122070313,505.2699890136719,505.2699890136719,13868600,505.8699951171875,1,MSFT,-0.009391068830822413,-0.012566001641520108,0.0038742383793159973,508.5399963378906,505.98500061035156,-0.01408991383967928,0.0067378881166291075,0.0,0.0,0.0,0.0,0.0,0.0,0.0,0.0
2025-07-23,506.75,506.7900085449219,500.7000122070313,505.8699951171875,16396600,510.8800048828125,1,MSFT,0.0011874960250199962,-0.008195260809373828,0.005665790954160643,508.5899963378906,506.2209991455078,0.18228227795163177,0.006720056085993483,0.0,0.0,0.0,0.0,0.0,0.0,0.0,0.0
2025-07-24,508.7699890136719,513.6699829101562,507.2999877929688,510.8800048828125,16107000,513.7100219726562,1,MSFT,0.009903749607573342,0.0016076683687089588,0.01000355360666938,508.4259948730469,507.16099853515624,-0.017662198260614992,0.007395886507411007,0.0,0.0,0.0,0.0,0.0,0.0,0.0,0.0
2025-07-25,512.469970703125,518.2899780273438,510.3599853515625,513.7100219726562,19125700,512.5,0,MSFT,0.005539494720473437,0.016704006061115884,0.016000211490041494,509.1580017089844,508.2,0.18741540944930768,0.007489150873689414,0.0,0.0,0.0,0.0,0.0,0.0,0.0,0.0
2025-07-28,514.0800170898438,515.0,510.1199951171875,512.5,14308000,512.5700073242188,1,MSFT,-0.0023554572052336686,0.013106143765804212,0.0015633921709679033,509.6460021972656,509.1480010986328,-0.2518966626058131,0.006243881084053584,0.0,0.0,0.0,0.0,0.0,0.0,0.0,0.0
2025-07-29,515.530029296875,517.6199951171875,511.55999755859375,512.5700073242188,16469200,513.239990234375,1,MSFT,0.0001365996570121819,0.0033080222855734753,0.0049407305000717106,511.106005859375,509.8230010986328,0.15104836455129989,0.006059570524519727,0.0,0.0,0.0,0.0,0.0,0.0,0.0,0.0
2025-07-30,515.1699829101562,515.9500122070312,509.4400024414063,513.239990234375,26380400,533.5,1,MSFT,0.0013071051770152664,-0.0009149748266080726,0.00623454631024245,512.5800048828125,510.5850006103516,0.6018021518956598,0.006054303908131605,0.0,0.0,0.0,0.0,0.0,0.0,0.0,0.0
2025-07-31,555.22998046875,555.4500122070312,531.9000244140625,533.5,51617300,524.1099853515625,0,MSFT,0.03947472946598163,0.0409756097560976,0.05587114137025129,517.10400390625,512.7649993896484,0.9566534245121379,0.01449435340594082,0.0,0.0,0.0,0.0,0.0,0.0,0.0,0.0
2025-08-01,535.0,535.7999877929688,520.8599853515625,524.1099853515625,28977600,535.6400146484375,1,MSFT,-0.01760077722293818,0.022513954898738975,0.0360566754510705,519.1839965820312,514.1709991455078,-0.4386068236812076,0.01739133223502631,0.0,0.0,0.0,0.0,0.0,0.0,0.0,0.0
2025-08-04,528.27001953125,538.25,528.1300048828125,535.6400146484375,25349000,527.75,0,MSFT,0.021999255154699693,0.04364434736239731,0.04846541169937657,523.8119995117188,516.7290008544921,-0.12522086025067636,0.018501897836189985,0.0,0.0,0.0,0.0,0.0,0.0,0.0,0.0
2025-08-05,537.1799926757812,537.2999877929688,527.239990234375,527.75,19171600,524.9400024414062,0,MSFT,-0.014730069510613508,-0.010777881911902543,0.027330551141342196,526.847998046875,518.977001953125,-0.2436940313227346,0.020258333387670892,0.0,0.0,0.0,0.0,0.0,0.0,0.0,0.0
2025-08-06,530.9000244140625,531.7000122070312,524.030029296875,524.9400024414062,21355700,520.8400268554688,0,MSFT,-0.005324486136605855,0.0015836696743851686,0.024273175495426846,529.1880004882812,520.8840026855469,0.1139237205032444,0.020444606515964,0.0,0.0,0.0,0.0,0.0,0.0,0.0,0.0
2025-08-07,526.7999877929688,528.0900268554688,517.5499877929688,520.8400268554688,16079100,522.0399780273438,1,MSFT,-0.007810369883928137,-0.027630474550491835,0.016134419519437282,526.656005859375,521.8800048828125,-0.24708157541078024,0.02088545167747294,0.0,0.0,0.0,0.0,0.0,0.0,0.0,0.0
2025-08-08,522.5999755859375,524.6599731445312,519.4099731445312,522.0399780273438,15531000,521.77001953125,0,MSFT,0.0023038766415852674,-0.010819558451267142,0.017145951134770687,526.2420043945312,522.7130004882813,-0.034087728790790583,0.020879569986859418,0.0,0.0,0.0,0.0,0.0,0.0,0.0,0.0
2025-08-11,522.2999877929688,527.5900268554688,519.719970703125,521.77001953125,20194400,529.239990234375,1,MSFT,-0.0005171222654515306,-0.006038752801107217,-0.021986842490627878,523.4680053710938,523.6400024414063,0.3002639881527267,0.013156194171484814,0.0,0.0,0.0,0.0,0.0,0.0,0.0,0.0
2025-08-12,523.75,530.97998046875,522.7000122070312,529.239990234375,18667000,520.5800170898438,0,MSFT,0.014316596246437996,0.016127722421067414,0.009788031188475488,523.7660034179687,525.3070007324219,-0.07563482945767142,0.01281835614537353,0.0,0.0,0.0,0.0,0.0,0.0,0.0,0.0
2025-08-13,532.1099853515625,532.7000122070312,519.3699951171875,520.5800170898438,19619200,522.47998046875,1,MSFT,-0.01636303624882196,-0.002796645848880841,-0.028115893411134074,522.8940063476563,526.0410034179688,0.05100980339636796,0.010579989106599953,0.0,0.0,0.0,0.0,0.0,0.0,0.0,0.0
2025-08-14,522.5599975585938,525.9500122070312,520.1400146484375,522.47998046875,20269100,520.1699829101562,0,MSFT,0.0036497047841510533,0.0013606779058288332,-0.00998582573424922,523.2219970703125,524.9390014648437,0.0331257135866907,0.00972450121950886,0.0,0.0,0.0,0.0,0.0,0.0,0.0,0.0
2025-08-15,522.77001953125,526.0999755859375,519.0800170898438,520.1699829101562,25213300,517.0999755859375,0,MSFT,-0.0044212173574982305,-0.0171377966358931,-0.009086789936117334,522.847998046875,524.5450012207032,0.24392794944028107,0.009669461498391405,0.0,0.0,0.0,0.0,0.0,0.0,0.0,0.0
2025-08-18,521.5900268554688,522.8200073242188,514.02001953125,517.0999755859375,23760600,509.7699890136719,0,MSFT,-0.005901930955421908,-0.006684931018598128,-0.007180806152920938,521.9139892578125,522.6909973144532,-0.05761641673243878,0.009479122200845628,0.0,0.0,0.0,0.0,0.0,0.0,0.0,0.0
2025-08-19,515.0,515.1599731445312,508.5499877929688,509.7699890136719,21481000,505.7200012207031,0,MSFT,-0.014175182592031321,-0.02432627455634795,-0.023503926002060305,518.0199890136719,520.8929962158203,-0.09594033820694758,0.01051437928747761,0.0,0.0,0.0,0.0,0.0,0.0,0.0,0.0
2025-08-20,509.8699951171875,511.0,504.4400024414063,505.7200012207031,27723000,504.239990234375,0,MSFT,-0.007944735626365218,-0.027779345529726385,-0.03076071393478297,515.0479858398437,518.97099609375,0.290582375122201,0.010556185582262201,0.0,0.0,0.0,0.0,0.0,0.0,0.0,0.0
2025-08-21,503.6900024414063,507.6300048828125,502.7200012207031,504.239990234375,18443300,507.2300109863281,1,MSFT,-0.00292654232135503,-0.024869437166363362,-0.04723754905393429,511.3999877929688,517.3109924316407,-0.33472928615229236,0.006804253826165411,0.0,0.0,0.0,0.0,0.0,0.0,0.0,0.0
2025-08-22,504.25,510.7300109863281,502.4100036621094,507.2300109863281,24324200,504.260009765625,0,MSFT,0.005929757278004377,-0.004982596233760739,-0.025644484354480412,508.81199340820314,515.8299957275391,0.3188637608237137,0.0068369435635908206,0.0,0.0,0.0,0.0,0.0,0.0,0.0,0.0
2025-08-25,506.6300048828125,508.1900024414063,504.1199951171875,504.260009765625,21638600,502.0400085449219,0,MSFT,-0.0058553341804989945,-0.002886956125037532,-0.034872093447061325,506.24400024414064,514.0789947509766,-0.11040856431043977,0.006034372129161058,0.0,0.0,0.0,0.0,0.0,0.0,0.0,0.0
2025-08-26,504.3599853515625,504.9800109863281,498.510009765625,502.0400085449219,30835700,506.739990234375,1,MSFT,-0.004402493114088024,-0.00436296551654014,-0.03485394190530555,504.6980041503906,511.35899658203124,0.4250321185289252,0.006034697399004063,0.0,0.0,0.0,0.0,0.0,0.0,0.0,0.0
2025-08-27,502.0,507.2900085449219,499.8999938964844,506.739990234375,17277900,509.6400146484375,1,MSFT,0.00936176720870363,-0.0009660720803965628,-0.02003478213245591,504.902001953125,509.97499389648436,-0.4396786841226241,0.008081615478460142,0.0,0.0,0.0,0.0,0.0,0.0,0.0,0.0
2025-08-28,507.0899963378906,511.0899963378906,505.5,509.6400146484375,18015600,506.6900024414063,0,MSFT,0.005722904191400424,0.01066910875068805,-0.00025496668700697445,505.9820068359375,508.6909973144531,0.0426961609917873,0.006842329263159228,0.0,0.0,0.0,0.0,0.0,0.0,0.0,0.0
2025-08-29,508.6600036621094,509.6000061035156,504.489990234375,506.6900024414063,20961600,505.1199951171875,0,MSFT,-0.005788423440545976,0.009262197867380362,0.0019180598322428022,505.87400512695314,507.34299926757814,0.1635249450476255,0.006463980338498614,0.0,0.0,0.0,0.0,0.0,0.0,0.0,0.0
2025-09-02,500.4700012207031,506.0,496.80999755859375,505.1199951171875,18128000,505.3500061035156,1,MSFT,-0.0030985559546349295,-0.0031968961368891158,0.001745210415388554,506.04600219726564,506.14500122070314,-0.13518052057094876,0.0064785641766893975,0.0,0.0,0.0,0.0,0.0,0.0,0.0,0.0
2025-09-03,503.7900085449219,507.7900085449219,502.3200073242188,505.3500061035156,16345100,507.9700012207031,1,MSFT,0.0004553590999198942,-0.00841772314107092,-0.0037064149243787314,506.7080017089844,505.7030029296875,-0.09835061782877319,0.005993317167161848,0.0,0.0,0.0,0.0,0.0,0.0,0.0,0.0
2025-09-04,504.2999877929688,508.1499938964844,503.1499938964844,507.9700012207031,15509500,495.0,0,MSFT,0.005184515851476723,0.0025261970299972347,0.007357298582535865,506.95400390625,505.9280029296875,-0.0511223547118097,0.005803339925178626,0.0,0.0,0.0,0.0,0.0,0.0,0.0,0.0
2025-09-05,509.0700073242188,511.9700012207031,492.3699951171875,495.0,31994800,498.2000122070313,1,MSFT,-0.025533006259296664,-0.02003483373260584,-0.014022803810648798,504.0260009765625,505.00400390625,1.0629162771204745,0.01165995404152808,0.0,0.0,0.0,0.0,0.0,0.0,0.0,0.0
2025-09-08,498.1099853515625,501.2000122070313,495.0299987792969,498.2000122070313,16771000,498.4100036621094,1,MSFT,0.006464671125315791,-0.014148597625661674,-0.016852780897346986,502.3280029296875,504.1010040283203,-0.47582107092402515,0.011234924317985779,0.0,0.0,0.0,0.0,0.0,0.0,0.0,0.0
2025-09-09,501.4299926757813,502.25,497.7000122070313,498.4100036621094,14410500,500.3699951171875,1,MSFT,0.00042150030094911806,-0.018820004204224916,-0.02203518299887597,500.9860046386719,503.51600341796876,-0.1407489118120565,0.010767386704242788,0.0,0.0,0.0,0.0,0.0,0.0,0.0,0.0
2025-09-10,502.9800109863281,503.2300109863281,496.7200012207031,500.3699951171875,21611800,501.010009765625,1,MSFT,0.003932488193810091,0.01084847498421726,-0.012473124185925943,499.99000244140626,503.3490020751953,0.4997258943131744,0.010991566234174353,0.0,0.0,0.0,0.0,0.0,0.0,0.0,0.0
2025-09-11,502.25,503.1700134277344,497.8800048828125,501.010009765625,18881600,509.8999938964844,1,MSFT,0.0012790827881028477,0.005640300059699621,-0.00813665147151621,498.59800415039064,502.7760040283203,-0.1263291350095781,0.011025802776172312,0.0,0.0,0.0,0.0,0.0,0.0,0.0,0.0
2025-09-12,506.6499938964844,512.5499877929688,503.8500061035156,509.8999938964844,23624900,515.3599853515625,1,MSFT,0.017744124783092063,0.023053289761343798,0.009003636564786532,501.5780029296875,502.802001953125,0.2512128209473774,0.013164743590979463,0.0,0.0,0.0,0.0,0.0,0.0,0.0,0.0
2025-09-15,508.7900085449219,515.469970703125,507.0,515.3599853515625,17143800,509.0400085449219,0,MSFT,0.010707965327386493,0.02995781198044134,0.014548071959171738,505.00999755859374,503.66900024414065,-0.2743334363320057,0.013591075722167225,0.0,0.0,0.0,0.0,0.0,0.0,0.0,0.0
2025-09-16,516.8800048828125,517.22998046875,508.6000061035156,509.0400085449219,19711900,510.0199890136719,1,MSFT,-0.012263227620067041,0.01602762145022485,0.028363653626104712,507.13599853515626,504.0610015869141,0.14979759446563778,0.009351174748436752,0.0,0.0,0.0,0.0,0.0,0.0,0.0,0.0
2025-09-17,510.6199951171875,511.2900085449219,505.9299926757813,510.0199890136719,15816600,508.4500122070313,0,MSFT,0.001925154118143313,0.00023533068959369352,0.023725364345693167,509.0659973144531,504.5279998779297,-0.19761159502635461,0.009312402454702488,0.0,0.0,0.0,0.0,0.0,0.0,0.0,0.0
2025-09-18,511.489990234375,513.0700073242188,507.6600036621094,508.4500122070313,18913700,517.9299926757812,1,MSFT,-0.0030782652454010018,-0.013408051344571126,0.020144075101125924,510.5539978027344,504.5760009765625,0.19581325948686823,0.009588350769590519,0.0,0.0,0.0,0.0,0.0,0.0,0.0,0.0
2025-09-19,510.55999755859375,519.2999877929688,510.30999755859375,517.9299926757812,52474100,514.4500122070312,0,MSFT,0.01864486230927631,0.017464214956838475,0.035094025880750834,512.1599975585938,506.86900024414064,1.7743963370466909,0.011311888431965698,0.0,0.0,0.0,0.0,0.0,0.0,0.0,0.0
2025-09-22,515.5900268554688,517.739990234375,512.5399780273438,514.4500122070312,20009300,509.2300109863281,0,MSFT,-0.0067190170833154594,0.008685979547442102,0.026825816210126252,511.9780029296875,508.49400024414064,-0.6186823594878235,0.012124441161566349,0.0,0.0,0.0,0.0,0.0,0.0,0.0,0.0
2025-09-23,513.7999877929688,514.5900268554688,507.30999755859375,509.2300109863281,19799600,510.1499938964844,1,MSFT,-0.010146760806378219,0.0015340717092542366,-0.001313949633606537,512.0160034179687,509.5760009765625,-0.010480126741065354,0.011356632981662023,0.0,0.0,0.0,0.0,0.0,0.0,0.0,0.0
2025-09-24,510.3800048828125,512.47998046875,506.9200134277344,510.1499938964844,13533700,507.0299987792969,0,MSFT,0.0018066156556137969,-0.015021332784963981,-0.010109421769569527,512.0420043945312,510.5540008544922,-0.3164659892119033,0.010398392990120789,0.0,0.0,0.0,0.0,0.0,0.0,0.0,0.0
2025-09-25,508.2999877929688,510.010009765625,505.0400085449219,507.0299987792969,15786500,511.4599914550781,1,MSFT,-0.0061158387817614734,-0.014423196135037397,-0.003948628264742071,511.75800170898435,511.1559997558594,0.1664585442266342,0.009553743318219456,0.0,0.0,0.0,0.0,0.0,0.0,0.0,0.0
2025-09-26,510.05999755859375,513.9400024414062,506.6199951171875,511.4599914550781,16213100,514.5999755859375,1,MSFT,0.00873714116807034,0.004379122244642986,0.0028234235371658034,510.46400146484376,511.31199951171874,0.027023089348493956,0.010171980344079163,0.0,0.0,0.0,0.0,0.0,0.0,0.0,0.0
2025-09-29,511.5,516.8499755859375,508.8800048828125,514.5999755859375,17617800,517.9500122070312,1,MSFT,0.006139256605245391,0.008722888841896426,0.012095512304564737,510.493994140625,511.2359985351562,0.08663981595129866,0.01023598682041771,0.0,0.0,0.0,0.0,0.0,0.0,0.0,0.0
2025-09-30,513.239990234375,518.1599731445312,509.6600036621094,517.9500122070312,19728200,519.7100219726562,1,MSFT,0.006509982083227506,0.021537213683657574,3.865296764637982e-05,512.2379943847657,512.1269989013672,0.11978794174073948,0.007584753135260821,0.0,0.0,0.0,0.0,0.0,0.0,0.0,0.0
2025-10-01,514.7999877929688,520.510009765625,511.6900024414063,519.7100219726562,22632300,515.739990234375,0,MSFT,0.0033980301653540046,0.016130353606168102,0.010224530354385974,514.15,513.0960021972656,0.1472055230583631,0.007027792428842685,0.0,0.0,0.0,0.0,0.0,0.0,0.0,0.0
2025-10-02,517.6400146484375,521.5999755859375,510.6799926757813,515.739990234375,21222900,517.3499755859375,1,MSFT,-0.007638936272985952,0.002215341435139795,0.012783966199159558,515.8919982910156,513.825,-0.06227382988030383,0.0063696781574543795,0.0,0.0,0.0,0.0,0.0,0.0,0.0,0.0
2025-10-03,517.0999755859375,520.489990234375,515.0,517.3499755859375,15112300,528.5700073242188,1,MSFT,0.003121699658835464,-0.0011584836508390373,0.01411346030695837,517.0699951171875,513.7669982910156,-0.287924835908382,0.006388111524403305,0.0,0.0,0.0,0.0,0.0,0.0,0.0,0.0
2025-10-06,518.6099853515625,531.030029296875,518.2000122070312,528.5700073242188,21388600,523.97998046875,0,MSFT,0.021687508007657064,0.017047940153112284,0.04248271028692718,519.8640014648438,515.1789978027343,0.41531070717230345,0.008707702266080338,0.0,0.0,0.0,0.0,0.0,0.0,0.0,0.0
2025-10-07,528.2899780273438,529.7999877929688,521.4400024414062,523.97998046875,14615200,524.8499755859375,1,MSFT,-0.008683857940984696,0.015977024063288825,0.02447892156345044,521.0699951171875,516.6539947509766,-0.3166827188315271,0.010161092113565794,0.0,0.0,0.0,0.0,0.0,0.0,0.0,0.0
2025-10-08,523.280029296875,526.9500122070312,523.0900268554688,524.8499755859375,13363400,522.4000244140625,0,MSFT,0.0016603594595525628,0.014496956323436061,0.019918384155244162,522.0979858398438,518.1239929199219,-0.08565055558596535,0.010108434380510236,0.0,0.0,0.0,0.0,0.0,0.0,0.0,0.0
2025-10-09,522.3400268554688,524.3300170898438,517.4000244140625,522.4000244140625,18343600,510.9599914550781,0,MSFT,-0.004667907565661822,-0.011672972027661155,0.008591586257657102,523.4299926757812,519.6609954833984,0.37267461873475316,0.010317392055108182,0.0,0.0,0.0,0.0,0.0,0.0,0.0,0.0
2025-10-10,519.6400146484375,523.5800170898438,509.6300048828125,510.9599914550781,24133800,514.0499877929688,1,MSFT,-0.021898990092536486,-0.02484825661091905,-0.016836370567505643,522.1519958496094,519.6109954833985,0.31565232560675116,0.013412994049940485,0.0,0.0,0.0,0.0,0.0,0.0,0.0,0.0
2025-10-13,516.4099731445312,516.4099731445312,511.6799926757813,514.0499877929688,14284200,513.5700073242188,0,MSFT,0.0060474330467461535,-0.020577285501274467,-0.0032768497177002587,519.2479919433594,519.5559967041015,-0.40812470477090224,0.013509984813329852,0.0,0.0,0.0,0.0,0.0,0.0,0.0,0.0
2025-10-14,510.2300109863281,515.280029296875,506.0,513.5700073242188,14684300,513.4299926757812,0,MSFT,-0.00093372333459385,-0.016902788432576643,-0.007306404639214836,517.1659973144531,519.1179962158203,0.02800996905671993,0.01342092826807236,0.0,0.0,0.0,0.0,0.0,0.0,0.0,0.0
2025-10-15,514.9600219726562,517.1900024414062,510.0,513.4299926757812,14694700,511.6099853515625,0,MSFT,-0.0002726301116511287,0.00483404035934254,-0.0286433479740571,514.8820007324218,518.4899932861329,0.00070823941216136,0.009119248691825902,0.0,0.0,0.0,0.0,0.0,0.0,0.0,0.0
2025-10-16,512.5800170898438,516.8499755859375,508.1300048828125,511.6099853515625,15559600,513.5800170898438,1,MSFT,-0.0035448013364658415,-0.0047466248406740075,-0.02360776285025501,512.7239929199219,518.0769927978515,0.05885795558943019,0.008893445530891605,0.0,0.0,0.0,0.0,0.0,0.0,0.0,0.0
2025-10-17,509.0400085449219,515.47998046875,507.30999755859375,513.5800170898438,19867800,516.7899780273438,1,MSFT,0.003850651462417254,1.9490557241041984e-05,-0.021472723674059613,513.247998046875,517.6999969482422,0.27688372451733967,0.009135287538536114,0.0,0.0,0.0,0.0,0.0,0.0,0.0,0.0
2025-10-20,514.6099853515625,518.7000122070312,513.4299926757812,516.7899780273438,14665600,517.6599731445312,1,MSFT,0.006250167122328731,0.006544193754735028,-0.01073898569015408,513.79599609375,516.5219940185547,-0.26184076747299656,0.009727841675529297,0.0,0.0,0.0,0.0,0.0,0.0,0.0,0.0
2025-10-21,517.5,518.6900024414062,513.0399780273438,517.6599731445312,15586200,520.5399780273438,1,MSFT,0.0016834597306014665,0.011825390368038535,0.013112536796419993,514.6139892578125,515.8899932861328,0.06277274710888059,0.0037050950836476377,0.0,0.0,0.0,0.0,0.0,0.0,0.0,0.0
2025-10-22,521.1500244140625,525.22998046875,517.7100219726562,520.5399780273438,18962700,520.5599975585938,1,MSFT,0.0055635069973014595,0.013551853082092169,0.01262521231104241,516.035986328125,515.4589935302735,0.2166339454132502,0.0036176111810677053,0.0,0.0,0.0,0.0,0.0,0.0,0.0,0.0
2025-10-23,522.4600219726562,523.9500122070312,518.6099853515625,520.5599975585938,14023500,523.6099853515625,1,MSFT,3.8459161822324006e-05,0.007295070902188616,0.0136105888869833,517.8259887695312,515.2749908447265,-0.2604692369757471,0.0035123202894707236,0.0,0.0,0.0,0.0,0.0,0.0,0.0,0.0
2025-10-24,522.7899780273438,525.3499755859375,520.7100219726562,523.6099853515625,15532400,531.52001953125,1,MSFT,0.00585905142014953,0.011494055008518078,0.019827421110962806,519.831982421875,516.539990234375,0.10759796056619253,0.0036315772381401985,0.0,0.0,0.0,0.0,0.0,0.0,0.0,0.0
2025-10-27,531.780029296875,534.5800170898438,529.010009765625,531.52001953125,18734700,542.0700073242188,1,MSFT,0.015106729055933688,0.021093560470641703,0.03891642999502043,522.7779907226562,518.2869934082031,0.2061690401998404,0.004832124711968963,0.0,0.0,0.0,0.0,0.0,0.0,0.0,0.0
2025-10-28,550.0,553.719970703125,540.77001953125,542.0700073242188,29986700,541.5499877929688,0,MSFT,0.019848712005754443,0.04132090415419176,0.05547332311683584,527.6599975585938,521.1369934082031,0.6005967536176187,0.007157461996266659,0.0,0.0,0.0,0.0,0.0,0.0,0.0,0.0
2025-10-29,544.9400024414062,546.27001953125,536.72998046875,541.5499877929688,36023000,525.760009765625,0,MSFT,-0.0009593217190099201,0.03426214729148258,0.04791116472524726,531.8619995117188,523.9489929199219,0.20129924266424792,0.007892604913907246,0.0,0.0,0.0,0.0,0.0,0.0,0.0,0.0
2025-10-30,530.47998046875,534.969970703125,522.1199951171875,525.760009765625,41023100,517.8099975585938,0,MSFT,-0.029157009294181968,-0.010836863248734785,0.015647407644616473,532.902001953125,525.3639953613281,0.13880298698054028,0.015814352048533157,0.0,0.0,0.0,0.0,0.0,0.0,0.0,0.0
2025-10-31,528.8800048828125,529.3200073242188,515.0999755859375,517.8099975585938,34006400,517.030029296875,0,MSFT,-0.015120990678951118,-0.044754384927839785,-0.00524451643290802,531.7420043945312,525.7869934082031,-0.1710426564545342,0.01699737402198362,0.0,0.0,0.0,0.0,0.0,0.0,0.0,0.0
2025-11-03,519.8099975585938,524.9600219726562,514.5900268554688,517.030029296875,22374700,514.3300170898438,0,MSFT,-0.0015062827396076228,-0.04527736875412425,-0.006781097814419379,528.8440063476562,525.8109985351563,-0.3420444386938929,0.01699733213331795,0.0,0.0,0.0,0.0,0.0,0.0,0.0,0.0
2025-11-04,511.760009765625,515.5499877929688,507.8399963378906,514.3300170898438,20958700,507.1600036621094,0,MSFT,-0.005222157426142293,-0.02173994306047844,-0.01772305441327282,523.2960083007813,525.4780029296875,-0.06328576472533709,0.016783347084248328,0.0,0.0,0.0,0.0,0.0,0.0,0.0,0.0
2025-11-05,513.2999877929688,514.8300170898438,506.5799865722656,507.1600036621094,23024300,497.1000061035156,0,MSFT,-0.0139404918816588,-0.020567377892852012,-0.04583085297638245,516.4180114746093,524.140005493164,0.09855573103293613,0.015245228194637781,0.0,0.0,0.0,0.0,0.0,0.0,0.0,0.0
2025-11-06,505.6600036621094,505.7000122070313,495.80999755859375,497.1000061035156,27406500,496.8200073242188,0,MSFT,-0.019835944250241266,-0.03854712891717882,-0.08295976647497116,510.6860107421875,521.7940063476562,0.19032934768918053,0.010382608077011938,0.0,0.0,0.0,0.0,0.0,0.0,0.0,0.0
2025-11-07,496.9500122070313,499.3800048828125,493.25,496.8200073242188,24019800,506.0,1,MSFT,-0.000563264485735071,-0.03404430848640572,-0.08259621729665689,506.4880126953125,519.1150085449219,-0.12357287504789005,0.010455209085981458,0.0,0.0,0.0,0.0,0.0,0.0,0.0,0.0
2025-11-10,500.0400085449219,506.8500061035156,498.7999877929688,506.0,26101500,508.6799926757813,1,MSFT,0.018477501993575007,-0.002287253832583769,-0.03758370625113472,504.2820068359375,516.5630065917969,0.08666600054954654,0.012809858222664287,0.0,0.0,0.0,0.0,0.0,0.0,0.0,0.0
2025-11-11,504.7999877929688,509.6000061035156,502.3500061035156,508.6799926757813,17980000,511.1400146484375,1,MSFT,0.0052964282130065765,0.02329508434939398,-0.01763195945589935,503.152001953125,513.2240051269531,-0.3111507001513323,0.012545930348876815,0.0,0.0,0.0,0.0,0.0,0.0,0.0,0.0
2025-11-12,509.3599853515625,511.6700134277344,499.1199951171875,511.1400146484375,26574900,503.2900085449219,0,MSFT,0.004836089502392005,0.028823330608893194,-0.011392016545823336,503.9480041503906,510.1830078125,0.4780255839822025,0.012852454410623155,0.0,0.0,0.0,0.0,0.0,0.0,0.0,0.0
2025-11-13,510.30999755859375,513.5,501.2900085449219,503.2900085449219,25273100,510.1799926757813,1,MSFT,-0.015357839101904136,-0.005355714338099116,-0.02146483420778722,505.1860046386719,507.9360076904297,-0.04898607332482907,0.013864308289403169,0.0,0.0,0.0,0.0,0.0,0.0,0.0,0.0
2025-11-14,498.2300109863281,511.6000061035156,497.4400024414063,510.1799926757813,28505700,507.489990234375,0,MSFT,0.013689888561029262,0.0029488087237510285,0.005954706585427072,507.8580017089844,507.1730072021484,0.12790674669905955,0.014164513408657145,0.0,0.0,0.0,0.0,0.0,0.0,0.0,0.0
2025-11-17,508.4500122070313,512.1199951171875,504.9100036621094,507.489990234375,19092800,493.7900085449219,0,MSFT,-0.005272653730103882,-0.007140948290994209,0.020901194937213097,508.1559997558594,506.21900329589846,-0.33021115075230567,0.011406240199365527,0.0,0.0,0.0,0.0,0.0,0.0,0.0,0.0
2025-11-18,495.3699951171875,502.9800109863281,486.7799987792969,493.7900085449219,33815100,487.1199951171875,0,MSFT,-0.026995570263614543,-0.018875796933592537,-0.006098785746604607,505.1780029296875,504.1650024414063,0.7710917204391183,0.016169123840287496,0.0,0.0,0.0,0.0,0.0,0.0,0.0,0.0
2025-11-19,490.1000061035156,495.1900024414063,482.8299865722656,487.1199951171875,23245300,478.4299926757813,0,MSFT,-0.013507793418885194,-0.045199729290929636,-0.03731226261425391,500.3739990234375,502.16100158691404,-0.3125763342412118,0.014229433103068912,0.0,0.0,0.0,0.0,0.0,0.0,0.0,0.0
2025-11-20,492.7099914550781,493.5700073242188,475.5,478.4299926757813,26802500,472.1199951171875,0,MSFT,-0.017839551914340168,-0.0572622083544404,-0.05946764259564763,495.40199584960936,500.29400024414065,0.15302878431338818,0.014035379527470594,0.0,0.0,0.0,0.0,0.0,0.0,0.0,0.0
2025-11-21,478.5,478.9200134277344,468.2699890136719,472.1199951171875,31769200,474.0,1,MSFT,-0.013188967362399273,-0.04388507878397663,-0.07633919946198697,487.7899963378906,497.8239990234375,0.18530734073314048,0.012746191934336144,0.0,0.0,0.0,0.0,0.0,0.0,0.0,0.0
2025-11-24,475.0,476.8999938964844,468.0199890136719,474.0,34421000,476.989990234375,1,MSFT,0.003982048848293118,-0.02693380532250822,-0.058197079313382694,481.0919982910156,494.6239990234375,0.08347078302255007,0.013753587032781182,0.0,0.0,0.0,0.0,0.0,0.0,0.0,0.0
2025-11-25,474.0700073242188,479.1499938964844,464.8900146484375,476.989990234375,28019800,485.5,1,MSFT,0.006307996275052741,-0.0030098498494055548,-0.06505547633754138,477.73199462890625,491.4549987792969,-0.1859678684523982,0.011936238988440666,0.0,0.0,0.0,0.0,0.0,0.0,0.0,0.0
2025-11-26,486.30999755859375,488.30999755859375,481.2000122070313,485.5,25709100,492.010009765625,1,MSFT,0.01784106572434263,0.028340263113599606,-0.043330884662807434,477.4079956054687,488.8909973144531,-0.08246668427326387,0.015854974778935573,0.0,0.0,0.0,0.0,0.0,0.0,0.0,0.0
2025-11-28,487.6000061035156,492.6300048828125,486.6499938964844,492.010009765625,14386700,486.739990234375,0,MSFT,0.013408876963182381,0.037995801193301704,-0.0036047687245477356,480.1239990234375,487.76299743652345,-0.44040437043692704,0.014301081119692078,0.0,0.0,0.0,0.0,0.0,0.0,0.0,0.0
2025-12-01,488.4400024414063,489.8599853515625,484.6499938964844,486.739990234375,23964000,490.0,1,MSFT,-0.010711203891482723,0.02044068051660619,-0.0007801052853949608,483.047998046875,485.4189971923828,0.6657051304329693,0.013908461452492756,0.0,0.0,0.0,0.0,0.0,0.0,0.0,0.0
2025-12-02,486.7200012207031,493.5,486.3200073242188,490.0,19562700,477.7300109863281,0,MSFT,0.00669764110414528,0.009268795056642576,0.024183281778614063,486.247998046875,483.6699981689453,-0.18366299449173762,0.01156626059541491,0.0,0.0,0.0,0.0,0.0,0.0,0.0,0.0
2025-12-03,476.3200073242188,484.239990234375,475.2000122070313,477.7300109863281,34615100,480.8399963378906,1,MSFT,-0.025040793905452774,-0.029023797272131335,0.011882605962808546,486.3960021972656,482.0639984130859,0.7694438906694883,0.014821766885111914,0.0,0.0,0.0,0.0,0.0,0.0,0.0,0.0
2025-12-04,479.760009765625,481.3200073242188,476.489990234375,480.8399963378906,22318200,483.1600036621094,1,MSFT,0.006509922508618482,-0.012121448853305461,0.014430372020866278,485.46400146484376,481.4359985351563,-0.3552466986950782,0.014914760023937414,0.0,0.0,0.0,0.0,0.0,0.0,0.0,0.0
2025-12-05,482.5199890136719,483.3999938964844,478.8800048828125,483.1600036621094,22608700,491.0199890136719,1,MSFT,0.004824905045104577,-0.013959176199776824,0.01293531007789639,483.6940002441406,481.90899963378905,0.013016282675126112,0.01485618219299809,0.0,0.0,0.0,0.0,0.0,0.0,0.0,0.0
2025-12-08,484.8900146484375,492.2999877929688,484.3800048828125,491.0199890136719,21965900,492.0199890136719,1,MSFT,0.01626787253081341,0.027819014342232995,0.011369699307254066,484.55,483.7989990234375,-0.02843153299393597,0.014584838506077027,0.0,0.0,0.0,0.0,0.0,0.0,0.0,0.0
2025-12-09,489.1000061035156,492.1199951171875,488.5,492.0199890136719,14696100,478.55999755859375,0,MSFT,0.002036576967077819,0.02325096240106661,2.0282611834732123e-05,484.95399780273436,485.6009979248047,-0.3309584401276524,0.01366888736504166,0.0,0.0,0.0,0.0,0.0,0.0,0.0,0.0
2025-12-10,484.0299987792969,484.25,475.0799865722656,478.55999755859375,35756200,483.4700012207031,1,MSFT,-0.027356594763681685,-0.009520668243749308,-0.016805672103996305,485.1199951171875,485.75799865722655,1.4330400582467457,0.016920819362728063,0.0,0.0,0.0,0.0,0.0,0.0,0.0,0.0
2025-12-11,476.6300048828125,486.0299987792969,475.8599853515625,483.4700012207031,24669200,478.5299987792969,0,MSFT,0.010259954210878552,-0.01537613124087811,-0.01332652812101398,485.64599609375,485.55499877929685,-0.3100720993841627,0.017285960443411994,0.0,0.0,0.0,0.0,0.0,0.0,0.0,0.0
2025-12-12,479.8200073242188,482.4500122070313,476.3399963378906,478.5299987792969,21248100,474.8200073242188,0,MSFT,-0.01021780550795981,-0.027417565415213563,0.0016745604725922902,484.7199951171875,484.2069976806641,-0.1386790005350802,0.014672715547230672,0.0,0.0,0.0,0.0,0.0,0.0,0.0,0.0
2025-12-15,480.1000061035156,480.7200012207031,472.5199890136719,474.8200073242188,23727700,476.3900146484375,1,MSFT,-0.0077528921165695985,-0.00781509163627292,-0.01251973433890785,481.47999877929686,483.01499938964844,0.11669749295231102,0.014662153682721028,0.0,0.0,0.0,0.0,0.0,0.0,0.0,0.0
2025-12-16,471.9100036621094,477.8900146484375,470.8800048828125,476.3900146484375,20705600,476.1199951171875,0,MSFT,0.003306531527738743,-0.01464410729598431,-0.014011898671990153,478.35400390625,481.6540008544922,-0.12736590567143047,0.01456032077556423,0.0,0.0,0.0,0.0,0.0,0.0,0.0,0.0
2025-12-17,476.9100036621094,480.0,475.0,476.1199951171875,24527200,483.9800109863281,1,MSFT,-0.0005668035075194755,-0.005036264535676294,-0.030344984379178763,477.8660034179687,481.4929992675781,0.18456842593308087,0.012264343894185497,0.0,0.0,0.0,0.0,0.0,0.0,0.0,0.0
2025-12-18,478.1900024414063,489.6000061035156,477.8900146484375,483.9800109863281,28573500,485.9200134277344,1,MSFT,0.016508476749030443,0.019291528412480385,-0.016340754861324025,477.96800537109374,481.8070007324219,0.16497194950911642,0.014526962067507547,0.0,0.0,0.0,0.0,0.0,0.0,0.0,0.0
2025-12-19,487.3599853515625,487.8500061035156,482.489990234375,485.9200134277344,70836100,484.9200134277344,0,MSFT,0.00400843505386228,0.020004614887509264,0.015379504987228954,479.4460083007813,482.0830017089844,1.479083766426934,0.009443731025293615,0.0,0.0,0.0,0.0,0.0,0.0,0.0,0.0
2025-12-22,486.1199951171875,488.7300109863281,482.6900024414063,484.9200134277344,16963000,486.8500061035156,1,MSFT,-0.002057951869374297,0.018482774092234644,0.0029991772051423116,481.46600952148435,481.47300415039064,-0.7605317062910013,0.008823352200808486,0.0,0.0,0.0,0.0,0.0,0.0,0.0,0.0
2025-12-23,484.9800109863281,487.8299865722656,484.739990234375,486.8500061035156,14683600,488.0199890136719,1,MSFT,0.003980022730220467,0.005929986883835614,0.01738659508378282,483.5580078125,480.956005859375,-0.13437481577551136,0.0074906049728078695,0.0,0.0,0.0,0.0,0.0,0.0,0.0,0.0
2025-12-24,485.6799926757813,489.1600036621094,484.8299865722656,488.0199890136719,5855900,487.7099914550781,0,MSFT,0.0024031691393415766,0.004321648682720447,0.027799969432290128,485.93800659179686,481.9020050048828,-0.6011945299517829,0.00601418778589405,0.0,0.0,0.0,0.0,0.0,0.0,0.0,0.0
2025-12-26,486.7099914550781,488.1199951171875,485.9599914550781,487.7099914550781,8842200,487.1000061035156,0,MSFT,-0.0006352148796615609,0.0057534808836252616,0.023761994287379018,486.6840026855469,482.3260040283203,0.5099643094998207,0.006262807288286857,0.0,0.0,0.0,0.0,0.0,0.0,0.0,0.0
2025-12-29,484.8599853515625,488.3500061035156,484.1799926757813,487.1000061035156,10893400,487.4800109863281,1,MSFT,-0.0012507132563402967,0.000513505179964735,0.02306143640034608,486.9200012207031,483.18300476074216,0.23197846689737855,0.006339454198325346,0.0,0.0,0.0,0.0,0.0,0.0,0.0,0.0
2025-12-30,485.9299926757813,489.6799926757813,485.5,487.4800109863281,13944500,483.6199951171875,0,MSFT,0.0007801372984006516,-0.001106467029014735,0.007231703625253383,487.4320007324219,484.4490051269531,0.28008702517120465,0.002484341929709867,0.0,0.0,0.0,0.0,0.0,0.0,0.0,0.0
2025-12-31,487.8399963378906,488.1400146484375,483.2999877929688,483.6199951171875,15601600,472.9400024414063,0,MSFT,-0.007918305945161852,-0.008386123740643847,-0.00473332698178508,486.78599853515624,485.1720031738281,0.11883538312596365,0.003829115526370722,0.0,0.0,0.0,0.0,0.0,0.0,0.0,0.0
2026-01-02,484.3900146484375,484.6600036621094,470.1600036621094,472.9400024414063,25571600,472.8500061035156,0,MSFT,-0.022083439029838448,-0.0290700133128311,-0.024705127968725038,483.77000122070314,484.85400390625,0.6390370218439134,0.009011496818304718,0.0,0.0,0.0,0.0,0.0,0.0,0.0,0.0
2026-01-05,474.05999755859375,476.0700073242188,469.5,472.8500061035156,25250300,478.510009765625,1,MSFT,-0.00019029123657565705,-0.030011496990843378,-0.02875629007802305,480.7980041503906,483.7410034179687,-0.012564720236512339,0.008558563634640595,0.0,0.0,0.0,0.0,0.0,0.0,0.0,0.0
2026-01-06,473.7999877929688,478.739990234375,469.75,478.510009765625,23037700,483.4700012207031,1,MSFT,0.011969976925135795,-0.010566116792429692,-0.019486864190270792,479.0800048828125,483.0000030517578,-0.08762668166318821,0.010351362720900339,0.0,0.0,0.0,0.0,0.0,0.0,0.0,0.0
2026-01-07,479.760009765625,489.7000122070313,477.9500122070313,483.4700012207031,25564200,478.1099853515625,0,MSFT,0.010365491533829152,0.022264978062627394,-0.008693671051776097,478.2780029296875,482.85500183105466,0.10966806582254307,0.011499310241372584,0.0,0.0,0.0,0.0,0.0,0.0,0.0,0.0
2026-01-08,481.239990234375,482.6600036621094,475.8599853515625,478.1099853515625,18162600,479.2799987792969,1,MSFT,-0.011086553158639045,0.011123991075714157,-0.01845621153624588,477.1760009765625,481.9809997558594,-0.2895298894547844,0.012093596005867716,0.0,0.0,0.0,0.0,0.0,0.0,0.0,0.0
2026-01-09,474.05999755859375,479.8200073242188,472.2000122070313,479.2799987792969,18491000,477.1799926757813,0,MSFT,0.0024471637564189574,0.0016091387807102286,-0.0168212275831372,478.4440002441406,481.10700073242185,0.018081111735104072,0.012187181055971316,0.0,0.0,0.0,0.0,0.0,0.0,0.0,0.0
2026-01-12,476.6700134277344,480.989990234375,475.6799926757813,477.1799926757813,23519900,470.6700134277344,0,MSFT,-0.004381585104457075,-0.013010132022752807,-0.013316245205795663,479.30999755859375,480.0540008544922,0.27196473960305023,0.011989892446930788,0.0,0.0,0.0,0.0,0.0,0.0,0.0,0.0
2026-01-13,474.6799926757813,475.7799987792969,465.9500122070313,470.6700134277344,28545800,459.3800048828125,0,MSFT,-0.013642607292779219,-0.015561214264030454,-0.004799739928857405,477.74199829101565,478.41100158691404,0.21368713302352482,0.009849388286278264,0.0,0.0,0.0,0.0,0.0,0.0,0.0,0.0
2026-01-14,466.4599914550781,468.2000122070313,457.1700134277344,459.3800048828125,28184300,456.6600036621094,0,MSFT,-0.023987099714937177,-0.0415206016257067,-0.028486837362447393,472.9239990234375,475.6010009765625,-0.012663859481955364,0.01320219747869186,0.0,0.0,0.0,0.0,0.0,0.0,0.0,0.0
2026-01-15,464.1199951171875,464.25,455.8999938964844,456.6600036621094,23225800,459.8599853515625,1,MSFT,-0.005921026583203148,-0.04300261814961337,-0.04566258940793688,468.6340026855469,472.9050018310547,-0.17593128089042476,0.01115870476557309,0.0,0.0,0.0,0.0,0.0,0.0,0.0,0.0
2026-01-16,457.8299865722656,463.1900024414063,456.4800109863281,459.8599853515625,34246700,454.5199890136719,0,MSFT,0.007007361415038327,-0.022967318434939155,-0.04883450019552027,464.75,471.5970001220703,0.4745111040308623,0.010350648642901946,0.0,0.0,0.0,0.0,0.0,0.0,0.0,0.0
2026-01-20,451.2200012207031,456.7999877929688,449.2799987792969,454.5199890136719,26130000,444.1099853515625,0,MSFT,-0.01161222221543845,-0.010579511118208984,-0.049340103868662166,460.21799926757814,469.7639984130859,-0.2370067772953306,0.01038640141173545,0.0,0.0,0.0,0.0,0.0,0.0,0.0,0.0
2026-01-21,452.6000061035156,452.6900024414063,438.6799926757813,444.1099853515625,37980500,451.1400146484375,1,MSFT,-0.022903291194518283,-0.027482192900416202,-0.07338093289373793,454.90599365234374,466.32399597167966,0.4535208572522005,0.010887518037190708,0.0,0.0,0.0,0.0,0.0,0.0,0.0,0.0
2026-01-22,447.6199951171875,452.8399963378906,444.7000122070313,451.1400146484375,25349400,465.9500122070313,1,MSFT,0.01582947812197899,-0.0189622297675206,-0.05457055707915359,453.25799560546875,463.09099731445315,-0.3325680283303274,0.014831749932634874,0.0,0.0,0.0,0.0,0.0,0.0,0.0,0.0
2026-01-23,451.8699951171875,471.1000061035156,450.5299987792969,465.9500122070313,38000200,470.2799987792969,1,MSFT,0.03282794050120974,0.02514745989095668,-0.010028259897691072,455.1159973144531,461.875,0.4990571768957057,0.020961208098266692,0.0,0.0,0.0,0.0,0.0,0.0,0.0,0.0
2026-01-26,465.30999755859375,474.25,462.0,470.2799987792969,29291200,480.5799865722656,1,MSFT,0.009292813518248622,0.05892687462772961,0.023727619357888585,457.2,460.975,-0.2291830042999774,0.018584362253010463,0.0,0.0,0.0,0.0,0.0,0.0,0.0,0.0
2026-01-27,473.7000122070313,482.8699951171875,473.1600036621094,480.5799865722656,29213900,481.6300048828125,1,MSFT,0.021901819808846534,0.06525684037752666,0.052380288876481274,462.41199951171876,461.31499938964845,-0.002639017862020032,0.019198036944565598,0.0,0.0,0.0,0.0,0.0,0.0,0.0,0.0
2026-01-28,483.2099914550781,483.739990234375,478.0,481.6300048828125,36875400,433.5,0,MSFT,0.0021848981228622666,0.033651662764232926,0.0473405389133974,469.91600341796874,462.41099853515624,0.2622552962801954,0.019303963155080758,0.0,0.0,0.0,0.0,0.0,0.0,0.0,0.0
2026-01-29,439.989990234375,442.5,421.0199890136719,433.5,128855300,430.2900085449219,0,MSFT,-0.09993149179840488,-0.07820872432331061,-0.046246566755592355,466.38800048828125,459.822998046875,2.4943431122103084,0.0450409985024742,0.0,0.0,0.0,0.0,0.0,0.0,0.0,0.0
2026-01-30,439.1700134277344,439.6000061035156,426.4500122070313,430.2900085449219,58566800,423.3699951171875,0,MSFT,-0.0074048245791883405,-0.10464434523384292,-0.03111836541054258,459.25599975585936,457.1859985351563,-0.5454839653471762,0.04443865352217704,0.0,0.0,0.0,0.0,0.0,0.0,0.0,0.0
2026-02-02,430.239990234375,430.739990234375,422.25,423.3699951171875,42219900,411.2099914550781,0,MSFT,-0.016082208023224243,-0.12096424470024558,-0.061555212638121914,449.8739990234375,453.53699951171876,-0.27911547156409433,0.043742959597413096,0.0,0.0,0.0,0.0,0.0,0.0,0.0,0.0
2026-02-03,422.010009765625,422.0499877929688,408.55999755859375,411.2099914550781,61424100,414.1900024414063,1,MSFT,-0.02872193070447404,-0.05141870483257638,-0.11748045781278149,436.0,449.20599975585935,0.45486133316279753,0.040167693284095876,0.0,0.0,0.0,0.0,0.0,0.0,0.0,0.0
2026-02-04,411.0,419.7999877929688,409.239990234375,414.1900024414063,45012400,393.6700134277344,0,MSFT,0.007246932341753887,-0.03741663943803786,-0.1192693639607958,422.5119995117187,446.21400146484376,-0.26718665800557106,0.039951647838027446,0.0,0.0,0.0,0.0,0.0,0.0,0.0,0.0
2026-02-05,407.4400024414063,408.2999877929688,392.3200073242188,393.6700134277344,66289200,401.1400146484375,1,MSFT,-0.04954245368724175,-0.0701513617686399,-0.18084392936213634,414.54600219726564,440.4670013427734,0.47268752610391807,0.03731934164338528,0.0,0.0,0.0,0.0,0.0,0.0,0.0,0.0
2026-02-06,399.1700134277344,401.7900085449219,392.9200134277344,401.1400146484375,53515300,413.6000061035156,1,MSFT,0.01897528632079659,-0.024488648174641248,-0.16711996640234106,408.71600341796875,433.9860015869141,-0.1926995649366714,0.03998685327544405,0.0,0.0,0.0,0.0,0.0,0.0,0.0,0.0
2026-02-09,404.8500061035156,414.8900146484375,400.8699951171875,413.6000061035156,45480500,413.2699890136719,0,MSFT,0.03106145236096225,-0.00142445818202519,-0.04590540691230538,406.7620056152344,428.31800231933596,-0.15014024026773654,0.027951694301583657,0.0,0.0,0.0,0.0,0.0,0.0,0.0,0.0
2026-02-10,419.6199951171875,423.6799926757813,412.7000122070313,413.2699890136719,44857900,404.3699951171875,0,MSFT,-0.0007979136483889926,0.049787829698477726,-0.03955476351590237,407.17400512695315,421.5870025634766,-0.013689383362100238,0.02802169961774221,0.0,0.0,0.0,0.0,0.0,0.0,0.0,0.0
2026-02-11,416.1799926757813,416.4599914550781,401.010009765625,404.3699951171875,42491000,401.8399963378906,0,MSFT,-0.021535543671403534,0.008052002669393987,-0.04487800321026736,405.2100036621094,413.8610015869141,-0.05276439601497174,0.02844057225555344,0.0,0.0,0.0,0.0,0.0,0.0,0.0,0.0
2026-02-12,405.0,406.2000122070313,398.010009765625,401.8399963378906,40802400,401.3200073242188,0,MSFT,-0.006256643197682599,-0.02843329205048828,-0.02278639943555727,406.8440002441406,410.69500122070315,-0.039740180273469705,0.026687429592564548,0.0,0.0,0.0,0.0,0.0,0.0,0.0,0.0
2026-02-13,404.4500122070313,405.5400085449219,398.0499877929688,401.3200073242188,34091600,396.8599853515625,0,MSFT,-0.0012940200537793212,-0.02891567741943568,-0.031072684133674033,406.8799987792969,407.7980010986328,-0.16447071740877983,0.02633493173490614,0.0,0.0,0.0,0.0,0.0,0.0,0.0,0.0
2026-02-17,399.2200012207031,400.5199890136719,394.5299987792969,396.8599853515625,32078800,399.6000061035156,1,MSFT,-0.01111338057226019,-0.018572124184062067,0.008103162077427895,403.53199462890626,405.1470001220703,-0.05904093677034816,0.017990489968542526,0.0,0.0,0.0,0.0,0.0,0.0,0.0,0.0
2026-02-18,398.1300048828125,402.55999755859375,396.3200073242188,399.6000061035156,23223400,398.4599914550781,0,MSFT,0.006904250499142339,-0.005574333701943157,-0.0038390798441575447,400.797998046875,403.9860015869141,-0.276051473247129,0.016532357114068634,0.0,0.0,0.0,0.0,0.0,0.0,0.0,0.0
2026-02-19,400.6900024414063,404.4299926757813,396.6700134277344,398.4599914550781,28234000,397.2300109863281,0,MSFT,-0.002852889467029107,-0.007126522019696213,-0.03660545073746513,399.6159973144531,402.4130004882812,0.21575652143958246,0.0090327994313967,0.0,0.0,0.0,0.0,0.0,0.0,0.0,0.0
2026-02-20,396.1099853515625,400.1199951171875,395.1600036621094,397.2300109863281,34015200,384.4700012207031,0,MSFT,-0.0030868355547025716,0.0009323833302010698,-0.03881234653797494,398.6940002441406,402.7690002441406,0.20476021817666634,0.008883789335620968,0.0,0.0,0.0,0.0,0.0,0.0,0.0,0.0
2026-02-23,395.0,395.3599853515625,383.1000061035156,384.4700012207031,43238300,389.0,1,MSFT,-0.032122471647954565,-0.03786287450379344,-0.04921234052174739,395.3239990234375,401.1019989013672,0.2711464286554246,0.01229439104952927,0.0,0.0,0.0,0.0,0.0,0.0,0.0,0.0
2026-02-24,384.1400146484375,389.3599853515625,381.7099914550781,389.0,33884700,400.6000061035156,1,MSFT,0.01178245055508631,-0.023741383471230226,-0.031953007303668235,393.752001953125,398.6419982910156,-0.21632672884919157,0.014241311675526027,0.0,0.0,0.0,0.0,0.0,0.0,0.0,0.0
2026-02-25,390.5299987792969,401.4700012207031,390.1600036621094,400.6000061035156,43625500,401.7200012207031,1,MSFT,0.029820067104153303,0.008483737441739914,-0.0017940825465038168,393.952001953125,397.375,0.2874689756733866,0.019359301218044904,0.0,0.0,0.0,0.0,0.0,0.0,0.0,0.0
2026-02-26,404.7099914550781,407.489990234375,398.739990234375,401.7200012207031,34405900,392.739990234375,0,MSFT,0.002795794059219592,0.04486695956831688,0.012246172576041658,394.60400390625,397.11000061035156,-0.211335113637666,0.01874399682681502,0.0,0.0,0.0,0.0,0.0,0.0,0.0,0.0
2026-02-27,390.8800048828125,396.8200073242188,389.8800048828125,392.739990234375,51367200,398.5499877929688,1,MSFT,-0.022353905603506474,0.009614370782454973,-0.01716720661751825,393.70599975585935,396.2,0.49297649531039744,0.020609237484363465,0.0,0.0,0.0,0.0,0.0,0.0,0.0,0.0
2026-03-02,392.8599853515625,401.1900024414063,390.6300048828125,398.5499877929688,35474900,403.9299926757813,1,MSFT,0.014793496213936885,-0.005117369643816483,0.00022586041213834562,396.5219970703125,395.922998046875,-0.3093861452444361,0.021584819005200075,0.0,0.0,0.0,0.0,0.0,0.0,0.0,0.0
2026-03-03,393.1400146484375,406.7000122070313,392.6700134277344,403.9299926757813,38199200,405.2000122070313,1,MSFT,0.013498946299321357,0.00550132293229777,0.016866756045992082,399.50799560546875,396.6299987792969,0.07679514248102182,0.02206469117429902,0.0,0.0,0.0,0.0,0.0,0.0,0.0,0.0
2026-03-04,401.2699890136719,411.0299987792969,400.30999755859375,405.2000122070313,35808000,410.6799926757813,1,MSFT,0.0031441575378865494,0.031725880436113796,0.053918409552136115,400.42799682617186,397.1899993896485,-0.06259816959517472,0.01601004027173522,0.0,0.0,0.0,0.0,0.0,0.0,0.0,0.0
2026-03-05,404.4200134277344,411.6099853515625,404.3999938964844,410.6799926757813,39001300,408.9599914550781,0,MSFT,0.013524136978431578,0.03043534124786773,0.055732628986584265,402.2199951171875,398.4119995117188,0.08917839588918675,0.016098434989239865,0.0,0.0,0.0,0.0,0.0,0.0,0.0,0.0
2026-03-06,409.2000122070313,413.0499877929688,408.510009765625,408.9599914550781,31123900,409.4100036621094,1,MSFT,-0.004188178755669458,0.012452649891077083,0.02086866007037025,405.4639953613281,399.5849975585938,-0.20197788278852247,0.013257816816840467,0.0,0.0,0.0,0.0,0.0,0.0,0.0,0.0
2026-03-09,404.9200134277344,410.2099914550781,403.5,409.4100036621094,30131900,405.760009765625,0,MSFT,0.0011003819846291396,0.010389909497157346,0.019142692467486677,407.63599853515626,402.0789978027344,-0.03187261236541694,0.01327829266157206,0.0,0.0,0.0,0.0,0.0,0.0,0.0,0.0
2026-03-10,410.0299987792969,410.2000122070313,402.9299926757813,405.760009765625,31706400,404.8800048828125,0,MSFT,-0.008915253325116002,-0.011980089115372294,0.03315175397208736,408.002001953125,403.7549987792969,0.05225359170845523,0.009459719694042048,0.0,0.0,0.0,0.0,0.0,0.0,0.0,0.0
2026-03-11,405.5700073242188,409.010009765625,401.5899963378906,404.8800048828125,25512100,401.8599853515625,0,MSFT,-0.002168781697636457,-0.009976493196190317,0.015882617698465218,407.93800048828126,404.1829986572266,-0.19536434284560844,0.00857706391369057,0.0,0.0,0.0,0.0,0.0,0.0,0.0,0.0
2026-03-12,404.6300048828125,406.1199951171875,401.7099914550781,401.8599853515625,27263900,395.5499877929688,0,MSFT,-0.007459048347235875,-0.01844121600110682,-0.005124668536016119,406.1739990234375,404.19699707031253,0.06866545678325187,0.00761406886564829,0.0,0.0,0.0,0.0,0.0,0.0,0.0,0.0
2026-03-13,401.0,404.7999877929688,394.25,395.5499877929688,26848000,399.9500122070313,1,MSFT,-0.01570198026328362,-0.02516271127495706,-0.023815459336985256,403.49199829101565,404.47799682617193,-0.015254604073518419,0.009192837565044154,0.0,0.0,0.0,0.0,0.0,0.0,0.0,0.0
2026-03-16,398.0700073242188,400.6300048828125,394.7900085449219,399.9500122070313,27733700,399.4100036621094,0,MSFT,0.011123813803188609,-0.01217642910572514,-0.026127351368735896,401.6,404.61799926757817,0.03298942193087018,0.008472851434255656,0.0,0.0,0.0,0.0,0.0,0.0,0.0,0.0
2026-03-17,400.2699890136719,404.3999938964844,397.75,399.4100036621094,26228300,391.7900085449219,0,MSFT,-0.001350190094862147,-0.006096605232565722,-0.02335188769686225,400.3299987792969,404.16600036621094,-0.05428053234873098,0.008515853365009833,0.0,0.0,0.0,0.0,0.0,0.0,0.0,0.0
2026-03-18,397.1300048828125,398.0,391.0,391.7900085449219,25908500,389.0199890136719,0,MSFT,-0.019078127856892224,-0.0095056993150886,-0.043037529517059525,397.7119995117188,402.825,-0.012192936637143825,0.010041367066611696,0.0,0.0,0.0,0.0,0.0,0.0,0.0,0.0
2026-03-19,390.1000061035156,392.489990234375,387.05999755859375,389.0199890136719,25138800,381.8699951171875,0,MSFT,-0.007070163788856276,-0.027328473208550808,-0.04125596497698847,395.1440002441406,400.65899963378905,-0.029708396858173947,0.009982913825860109,0.0,0.0,0.0,0.0,0.0,0.0,0.0,0.0
2026-03-20,386.7900085449219,387.0,380.1199951171875,381.8699951171875,50853200,383.0,1,MSFT,-0.018379502592174246,-0.04391479528329556,-0.05683167725777161,392.4080017089844,397.95,1.022896876541442,0.010803957167205239,0.0,0.0,0.0,0.0,0.0,0.0,0.0,0.0
2026-03-23,383.8999938964844,387.2099914550781,381.6799926757813,383.0,29680100,372.739990234375,0,MSFT,0.002959135038786531,-0.022435509720034164,-0.04693173254128069,389.01799926757815,395.3089996337891,-0.41635727938458145,0.011621519377746437,0.0,0.0,0.0,0.0,0.0,0.0,0.0,0.0
2026-03-24,382.3599853515625,382.4700012207031,371.8500061035156,372.739990234375,42733600,371.0400085449219,0,MSFT,-0.02678853724706265,-0.041848746180301655,-0.057666535867857416,383.6839965820312,392.0069976806641,0.4398064696547519,0.013622420461399127,0.0,0.0,0.0,0.0,0.0,0.0,0.0,0.0
2026-03-25,376.9200134277344,377.05999755859375,369.6300048828125,371.0400085449219,31181200,365.9700012207031,0,MSFT,-0.004560770869753483,-0.028360401997392204,-0.07228404245464648,379.53399658203125,388.622998046875,-0.27033528651927285,0.01089960661027209,0.0,0.0,0.0,0.0,0.0,0.0,0.0,0.0
2026-03-26,370.8200073242188,374.7200012207031,365.1900024414063,365.9700012207031,36836600,356.7699890136719,0,MSFT,-0.013664314379738696,-0.04446474877101014,-0.08372349749581043,374.9239990234375,385.03399963378905,0.1813721088348108,0.010122065523803106,0.0,0.0,0.0,0.0,0.0,0.0,0.0,0.0
2026-03-27,361.8999938964844,362.4500122070313,356.510009765625,356.7699890136719,37883400,358.9599914550781,1,MSFT,-0.02513870584021738,-0.04284488286502708,-0.0893846672132137,369.90399780273435,381.1559997558594,0.028417389227018752,0.011011692784715732,0.0,0.0,0.0,0.0,0.0,0.0,0.0,0.0
2026-03-30,361.8999938964844,365.3599853515625,356.2799987792969,358.9599914550781,44797000,370.1700134277344,1,MSFT,0.0061384155305796995,-0.032557182006374474,-0.07727108736702293,365.09599609375,377.05699768066404,0.18249681918729577,0.013165209322484965,0.0,0.0,0.0,0.0,0.0,0.0,0.0,0.0
2026-03-31,364.5499877929688,372.8999938964844,363.0700073242188,370.1700134277344,45244400,369.3699951171875,0,MSFT,0.031229168262500107,0.011476383837533133,-0.030638651475779488,364.5820007324219,374.13299865722655,0.009987275933656337,0.02021431405319566,0.0,0.0,0.0,0.0,0.0,0.0,0.0,0.0
2026-04-01,373.489990234375,373.989990234375,368.2000122070313,369.3699951171875,29417200,373.4599914550781,1,MSFT,-0.0021612185793732364,0.035316889008376595,-0.03558748011178203,364.247998046875,371.8909973144531,-0.34981566779535145,0.020001026184186886,0.0,0.0,0.0,0.0,0.0,0.0,0.0,0.0
2026-04-02,367.2099914550781,373.6400146484375,364.1499938964844,373.4599914550781,24099100,372.8800048828125,0,MSFT,0.011072898156205158,0.04039447388335082,0.0019316446841413093,365.74599609375,370.3349975585937,-0.18078199148797303,0.01815890691449298,0.0,0.0,0.0,0.0,0.0,0.0,0.0,0.0
2026-04-06,373.489990234375,373.7300109863281,369.5,372.8800048828125,16146600,372.2900085449219,0,MSFT,-0.0015530085833448393,0.007320937290365315,0.004959024082352714,368.96799926757814,369.4359985351563,-0.3299915764489131,0.01805680291129428,0.0,0.0,0.0,0.0,0.0,0.0,0.0,0.0
2026-04-07,370.3399963378906,372.4500122070313,366.55999755859375,372.2900085449219,21443300,374.3299865722656,1,MSFT,-0.0015822686391459007,0.007905388814291703,0.017269195024559814,371.6340026855469,368.36499938964846,0.3280381009004991,0.016984199038184784,0.0,0.0,0.0,0.0,0.0,0.0,0.0,0.0
2026-04-08,384.9800109863281,385.0,371.4100036621094,374.3299865722656,33064800,373.0700073242188,0,MSFT,0.005479540091115842,0.002329553732912215,0.049219379710553124,372.46599731445315,368.5239990234375,0.5419641566363387,0.0118139196811581,0.0,0.0,0.0,0.0,0.0,0.0,0.0,0.0
2026-04-09,372.5,373.5,367.0499877929688,373.0700073242188,30435300,370.8699951171875,0,MSFT,-0.0033659586280662124,0.0005095538482038364,0.03930804603583926,373.20599975585935,368.7269989013672,-0.07952565870653994,0.012451210780691245,0.0,0.0,0.0,0.0,0.0,0.0,0.0,0.0
2026-04-10,372.9800109863281,375.6400146484375,370.0299987792969,370.8699951171875,28111100,384.3699951171875,1,MSFT,-0.005897049250382036,-0.003814266821944634,0.0018909735096350744,372.68800048828126,369.2169982910156,-0.07636527321892672,0.005884416958893853,0.0,0.0,0.0,0.0,0.0,0.0,0.0,0.0
2026-04-13,373.6099853515625,384.5400085449219,371.0199890136719,384.3699951171875,35745800,393.1099853515625,1,MSFT,0.036400895671633515,0.026821277763125817,0.04060968730078107,374.9859985351562,371.9769989013672,0.2715902259249905,0.014684010924535553,0.0,0.0,0.0,0.0,0.0,0.0,0.0,0.0
2026-04-14,387.9200134277344,394.6900024414063,386.5199890136719,393.1099853515625,37504500,411.2200012207031,1,MSFT,0.022738482049594833,0.05371640076637907,0.05261606154898657,379.1499938964844,375.3919982910156,0.049200185756088866,0.015987175944953254,0.0,0.0,0.0,0.0,0.0,0.0,0.0,0.0
2026-04-15,398.0,414.3699951171875,396.7300109863281,411.2200012207031,45063400,420.260009765625,1,MSFT,0.04606857252161789,0.10879824907584079,0.10282127181890588,386.5279968261719,379.4969970703125,0.20154648108893602,0.02089235960131575,0.0,0.0,0.0,0.0,0.0,0.0,0.0,0.0
2026-04-16,419.8599853515625,420.8200073242188,412.1400146484375,420.260009765625,41642400,422.7900085449219,1,MSFT,0.0219833872819577,0.09337361163556812,0.12885116473630776,395.96599731445315,384.58599853515625,-0.07591526604739096,0.01978270920758375,0.0,0.0,0.0,0.0,0.0,0.0,0.0,0.0
2026-04-17,424.8200073242188,431.5799865722656,420.6900024414063,422.7900085449219,48568200,418.0700073242188,0,MSFT,0.0060200797613549906,0.07550055785740528,0.1294580282397464,406.35,389.5190002441406,0.16631606247478525,0.01972835802447365,0.0,0.0,0.0,0.0,0.0,0.0,0.0,0.0
2026-04-20,421.1499938964844,423.3299865722656,416.2999877929688,418.0700073242188,27582200,424.1600036621094,1,MSFT,-0.011163937475598074,0.016657764902440197,0.12062079265699976,413.0900024414062,394.0380004882812,-0.4320934273866439,0.02127605017667428,0.0,0.0,0.0,0.0,0.0,0.0,0.0,0.0
2026-04-21,420.239990234375,427.1799926757813,417.2000122070313,424.1600036621094,32048500,432.9200134277344,1,MSFT,0.01456692953620009,0.009279954803835366,0.14368918825067878,419.3000061035156,399.225,0.1619268948814816,0.018949507135796975,0.0,0.0,0.0,0.0,0.0,0.0,0.0,0.0
2026-04-22,426.1900024414063,433.7000122070313,423.6700134277344,432.9200134277344,29378200,415.75,0,MSFT,0.02065260677572822,0.023959896587140372,0.12631063539635767,423.6400085449219,405.08400268554686,-0.08332059222740529,0.01748940697341818,0.0,0.0,0.0,0.0,0.0,0.0,0.0,0.0
2026-04-23,419.8900146484375,423.6600036621094,411.4100036621094,415.75,38308000,424.6199951171875,1,MSFT,-0.03966093711350327,-0.005549327346076827,0.05759206199809519,422.7380065917969,409.352001953125,0.3039600792424315,0.027355184258728335,0.0,0.0,0.0,0.0,0.0,0.0,0.0,0.0
2026-04-24,416.9700012207031,424.9500122070313,415.7999877929688,424.6199951171875,27457400,424.8200073242188,1,MSFT,0.021334925116506254,0.0010844762615678238,0.03258594877852872,423.10400390625,414.727001953125,-0.2832463193066722,0.022907345603368514,0.0,0.0,0.0,0.0,0.0,0.0,0.0,0.0
2026-04-27,422.3800048828125,427.1099853515625,417.0700073242188,424.8200073242188,30867300,429.25,1,MSFT,0.0004710381266339603,-0.018710167819182333,0.010850419865399141,424.45400390625,418.7720031738281,0.12418874328960494,0.021628130652983222,0.0,0.0,0.0,0.0,0.0,0.0,0.0,0.0
2026-04-28,424.5700073242188,429.9200134277344,421.8999938964844,429.25,30438100,424.4599914550781,0,MSFT,0.010427928533036868,0.03247143716175582,0.01527943263680931,425.4720031738281,422.38600463867186,-0.013904682301335125,0.021836477049635053,0.0,0.0,0.0,0.0,0.0,0.0,0.0,0.0
2026-04-29,424.5799865722656,426.8200073242188,420.2900085449219,424.4599914550781,38288300,407.7799987792969,0,MSFT,-0.011159018159398681,-0.00037681612724149716,0.015284483504945046,423.7799987792969,423.7100036621094,0.25790703099076495,0.02183596876239829,0.0,0.0,0.0,0.0,0.0,0.0,0.0,0.0
2026-04-30,410.80999755859375,414.4200134277344,398.010009765625,407.7799987792969,70909400,414.4400024414063,1,MSFT,-0.039296972651300055,-0.040111125302808914,-0.03861751400742863,422.1859985351563,422.4620025634766,0.8519861158630704,0.0259307522185539,0.0,0.0,0.0,0.0,0.0,0.0,0.0,0.0
2026-05-01,412.7999877929688,417.1099853515625,410.4400024414063,414.4400024414063,31372400,413.6199951171875,0,MSFT,0.016332345093055922,-0.034502032751528744,-0.04268689460671671,420.15,421.627001953125,-0.5575706464869256,0.02525211754316588,0.0,0.0,0.0,0.0,0.0,0.0,0.0,0.0
2026-05-04,411.5400085449219,420.7799987792969,410.7999877929688,413.6199951171875,28066500,411.3800048828125,0,MSFT,-0.001978591157678511,-0.025538322942358804,-0.005123282941220664,417.9099975585938,421.1820007324219,-0.10537606303629943,0.02041829627847678,0.0,0.0,0.0,0.0,0.0,0.0,0.0,0.0
2026-05-05,415.3200073242188,416.7799987792969,408.7999877929688,411.3800048828125,25700900,413.9599914550781,1,MSFT,-0.005415575312649912,0.008828304758184302,-0.03118079785837924,414.33599853515625,419.9040008544922,-0.08428553613738798,0.01799906276558534,0.0,0.0002126544713973,0.5,0.5,0.0,4.0,29.0,12.0
2026-05-06,408.0,418.4200134277344,405.1099853515625,413.9599914550781,30285900,420.7699890136719,1,MSFT,0.006271541012307091,-0.0011582158659890762,-0.025563805098408166,412.2359985351562,418.00799865722655,0.1783984218451493,0.01838860863524158,0.0,0.0002126544713973,0.5,0.5,0.0,4.0,30.0,13.0
2026-05-07,420.1099853515625,427.9800109863281,418.760009765625,420.7699890136719,34942400,415.1199951171875,0,MSFT,0.01645085925974743,0.01728638359095447,-0.019755412897677682,414.83399658203126,418.50999755859374,0.15375141567528128,0.019271138744480377,0.0,0.0002126544713973,0.5,0.5,0.0,4.0,31.0,14.0
2026-05-08,417.3900146484375,418.6300048828125,414.0,415.1199951171875,33383800,412.6600036621094,0,MSFT,-0.013427749231185726,0.009091327215673406,-0.02200442097233346,414.9699951171875,417.55999755859375,-0.04460483538623561,0.019455602601452942,0.0,0.0002126544713973,0.5,0.5,0.0,4.0,32.0,15.0
2026-05-11,407.8699951171875,412.6900024414063,405.5,412.6600036621094,35657900,407.7699890136719,0,MSFT,-0.005925976787467646,-0.003140370615042465,0.01196724924572301,414.7779968261719,416.3439971923828,0.06811986652208546,0.011573939661388762,0.0,0.0002126544713973,0.5,0.5,0.0,4.0,35.0,13.0
2026-05-12,414.4800109863281,415.5,406.6400146484375,407.7699890136719,38594200,405.2099914550781,0,MSFT,-0.01184998450308139,-0.03089573957133529,-0.016094038674940525,414.0559936523438,414.19599609375,0.08234640850975516,0.01051226002161851,0.0,0.0002126544713973,0.5,0.5,0.0,4.0,29.0,14.0
2026-05-13,403.2000122070313,406.30999755859375,401.0299987792969,405.2099914550781,29667100,409.4299926757813,1,MSFT,-0.006278043082047158,-0.023872624250036,-0.020332681595159885,412.3059936523438,412.27099609375,-0.23130677666592392,0.010617613041194005,0.0,0.0002126544713973,0.5,0.5,0.0,4.0,30.0,15.0
2026-05-14,404.4800109863281,411.8399963378906,400.8800048828125,409.4299926757813,27077500,421.9200134277344,1,MSFT,0.010414356283638293,-0.007827293553200332,-0.004740172550648625,410.0379943847656,412.4359954833984,-0.08728861263824239,0.01162599402139674,0.0,0.0002126544713973,0.5,0.5,0.0,4.0,31.0,16.0
2026-05-15,414.2699890136719,428.1700134277344,412.9100036621094,421.9200134277344,50771200,423.5400085449219,1,MSFT,0.03050587640227831,0.03470099515731673,0.01922896448199407,411.397998046875,413.1839965820312,0.8750327762902779,0.016575300077638095,0.0,0.0002126544713973,0.5,0.5,0.0,4.0,32.0,12.0
2026-05-18,416.6199951171875,425.1199951171875,415.6099853515625,423.5400085449219,32564100,417.4200134277344,0,MSFT,0.003839578748650485,0.045235846786556344,0.006583215541924092,413.5739990234375,414.1759979248047,-0.35861078721795037,0.015500000666550351,0.0,0.0002126544713973,0.5,0.5,0.0,4.0,35.0,15.0
2026-05-19,429.8999938964844,432.7000122070313,416.489990234375,417.4200134277344,33018700,421.05999755859375,1,MSFT,-0.014449626938935034,0.019514986432076498,0.005540610757372999,415.50400390625,414.7799987792969,0.013960158579540138,0.015662924139141055,0.0,0.0002126544713973,0.5,0.5,0.0,4.0,29.0,16.0
2026-05-20,414.1700134277344,422.1000061035156,411.2999877929688,421.05999755859375,27864000,419.0899963378906,0,MSFT,0.008720195519541285,-0.002038338646592641,0.020355725832257754,418.67400512695315,415.48999938964846,-0.15611456538264679,0.015578102614179844,0.0,0.0002126544713973,0.5,0.5,0.0,4.0,30.0,12.0
2026-05-21,424.75,426.3399963378906,415.7099914550781,419.0899963378906,31393500,418.5700073242188,0,MSFT,-0.004678671049555105,-0.010506710386863682,0.027760766189782515,420.606005859375,415.32200012207034,0.12666881998277346,0.014647849050503935,0.0,0.0002126544713973,0.5,0.5,0.0,4.0,31.0,13.0
2026-05-22,419.5400085449219,424.3999938964844,416.3299865722656,418.5700073242188,22390300,416.0299987792969,0,MSFT,-0.001240757398686676,0.0027550042151573972,0.03297059833388083,419.9360046386719,415.66700134277346,-0.2867854810709223,0.014174233343018226,0.0,0.0002126544713973,0.5,0.5,0.0,4.0,32.0,14.0
2026-05-26,416.4299926757813,419.7699890136719,413.0199890136719,416.0299987792969,30398000,412.6700134277344,0,MSFT,-0.006068300404893701,-0.01194603811443029,0.016119986863644353,418.4340026855469,416.0040008544922,0.3576414786760338,0.014439171680447912,0.0,0.0002126544713973,0.5,0.5,0.0,4.0,29.0,13.0
2026-05-27,411.010009765625,415.9400024414063,409.5799865722656,412.6700134277344,28901500,426.989990234375,1,MSFT,-0.008076305462157207,-0.015318864602485438,-0.02192358671221062,417.4840026855469,416.49400329589844,-0.049230212513981186,0.007705009272002622,0.0,0.0002126544713973,0.5,0.5,0.0,4.0,30.0,14.0
2026-05-28,412.9800109863281,429.489990234375,412.6700134277344,426.989990234375,47250500,450.239990234375,1,MSFT,0.034700793226276616,0.0201160684301831,0.00814558629609885,418.6700012207031,418.6720031738281,0.6348805425323945,0.016345869232624384,0.0,0.0002126544713973,0.5,0.5,0.0,4.0,31.0,15.0
2026-05-29,432.5499877929688,450.3299865722656,432.3599853515625,450.239990234375,79654400,460.5199890136719,1,MSFT,0.05445092515456418,0.0822296266025433,0.07862578638032303,424.9,422.7530029296875,0.685789568364356,0.024171967037228383,0.0,0.0002126544713973,0.5,0.5,0.0,4.0,32.0,16.0
2026-06-01,464.8399963378906,466.3200073242188,458.2699890136719,460.5199890136719,53628900,441.30999755859375,0,MSFT,0.022832265019252507,0.11595215069901577,0.09371584022200286,433.2899963378906,426.6130004882813,-0.326730224570143,0.02452482236074681,0.0,0.0002126544713973,0.5,0.5,0.0,4.0,35.0,14.0
2026-06-02,446.8800048828125,453.5,440.4299926757813,441.30999755859375,37036800,427.3399963378906,0,MSFT,-0.04171369737114239,0.03353710309779978,0.05301964116267821,438.34599609375,428.38999938964844,-0.3093872893160218,0.03189474157615111,0.0,0.0002126544713973,0.5,0.5,0.0,4.0,29.0,15.0
2026-06-03,438.4500122070313,440.3900146484375,424.25,427.3399963378906,39037000,428.0499877929688,1,MSFT,-0.03165575513355168,-0.05086175016253813,0.020952263325639375,441.2799926757813,429.3819976806641,0.054005745636772184,0.03523490547592828,0.0,0.0002126544713973,0.5,0.5,0.0,4.0,30.0,16.0
2026-06-04,435.80999755859375,436.1499938964844,426.4100036621094,428.0499877929688,26899500,416.6700134277344,0,MSFT,0.0016614205577818453,-0.07050725700364568,0.0288921208781594,441.4919921875,430.08099670410155,-0.3109229705151523,0.03500559548874378,0.0,0.0002126544713973,0.5,0.5,0.0,4.0,31.0,12.0
2026-06-05,428.3399963378906,429.4700012207031,414.3999938964844,416.6700134277344,34782200,411.739990234375,0,MSFT,-0.026585620113925734,-0.05583373199603947,0.009692974700960422,434.7779968261719,429.83899841308596,0.293042621610067,0.03677694136863395,0.0,0.0002126544713973,0.5,0.5,0.0,4.0,32.0,13.0
2026-06-08,414.1400146484375,417.1600036621094,408.55999755859375,411.739990234375,32086700,403.4100036621094,0,MSFT,-0.011831960627074034,-0.036504905314739045,-0.035715122950843115,425.0219970703125,429.15599670410154,-0.07749653558429315,0.033970076341069744,0.0,0.0002126544713973,0.5,0.5,0.0,4.0,35.0,16.0
2026-06-09,409.0299987792969,411.9800109863281,398.4800109863281,403.4100036621094,35317300,397.3599853515625,0,MSFT,-0.020231181740505533,-0.05756333333380881,-0.10401116646233044,417.44199829101564,427.8939971923828,0.10068346074853451,0.021873259484987112,0.0,0.0002126544713973,0.5,0.5,0.0,4.0,29.0,12.0
2026-06-10,398.5499877929688,405.0400085449219,397.1600036621094,397.3599853515625,32576000,390.3399963378906,0,MSFT,-0.014997194555478321,-0.04634369513975345,-0.137149320700245,411.44599609375,426.3629943847656,-0.0776191837994411,0.01418703727788201,0.0,0.0002126544713973,0.5,0.5,0.0,4.0,30.0,13.0
2026-06-11,395.2099914550781,396.8500061035156,384.0,390.3399963378906,47224100,390.739990234375,1,MSFT,-0.017666572560045224,-0.05197453345326708,-0.11549704630005742,403.90399780273435,422.6979949951172,0.4496592583497052,0.010768537288519554,0.0,0.0002126544713973,0.5,0.5,0.0,4.0,31.0,14.0
2026-06-12,391.4299926757813,391.739990234375,382.2699890136719,390.739990234375,34865800,399.760009765625,1,MSFT,0.0010247320290952544,-0.03140728616721811,-0.08564610478111345,398.7179931640625,416.7479949951172,-0.2616947702550181,0.01060530179194158,0.0,0.0002126544713973,0.5,0.5,0.0,4.0,32.0,15.0
2026-06-15,396.7999877929688,401.75,392.8500061035156,399.760009765625,32266400,393.8299865722656,0,MSFT,0.023084454513702557,0.006039924759759341,-0.06609036055159656,396.3219970703125,410.6719970703125,-0.0745544344314486,0.016742524510872693,0.0,0.0002126544713973,0.5,0.5,0.0,4.0,35.0,13.0
2026-06-16,395.7900085449219,396.8399963378906,390.6900024414063,393.8299865722656,31506800,378.9100036621094,0,MSFT,-0.014833957996038927,0.008940898363266836,-0.054815624161612564,394.40599365234374,405.9239959716797,-0.023541516872040313,0.01528091520864828,0.0,0.0002126544713973,0.5,0.5,0.0,4.0,29.0,14.0
2026-06-17,390.25,390.3699951171875,377.3200073242188,378.9100036621094,41987800,379.3999938964844,1,MSFT,-0.03788432424867805,-0.0302758531707229,-0.07973475336602065,390.71599731445315,401.08099670410155,0.3326583467695863,0.019089909004518995,0.0,0.0002126544713973,0.5,0.5,0.0,4.0,30.0,15.0
2026-06-18,377.8200073242188,381.3699951171875,373.2799987792969,379.3999938964844,59714200,367.3399963378906,0,MSFT,0.0012931572923366996,-0.05093059678750134,-0.05951763602207405,388.5279968261719,396.21599731445315,0.4221797760301802,0.019209235921083423,0.0,0.0002126544713973,0.5,0.5,0.0,4.0,31.0,16.0
2026-06-22,375.739990234375,381.6300048828125,367.0700073242188,367.3399963378906,45171100,373.9400024414063,1,MSFT,-0.03178702623248908,-0.06726250193626182,-0.07554859603468078,383.847998046875,391.2829956054687,-0.2435450864283537,0.02110082195084846,0.0,0.0002126544713973,0.5,0.5,0.0,4.0,35.0,15.0
2026-06-23,372.3800048828125,377.2200012207031,370.6700134277344,373.9400024414063,40647600,365.4599914550781,0,MSFT,0.01796702283800533,-0.013116574312287188,-0.042014638649245595,378.6839965820312,387.50299682617185,-0.10014146212954744,0.02338936258708894,0.0,0.0002126544713973,0.5,0.5,0.0,4.0,29.0,16.0
2026-06-24,371.5700073242188,378.8800048828125,364.7799987792969,365.4599914550781,44509900,352.8299865722656,0,MSFT,-0.022677464114465584,-0.03674223159109924,-0.0646977514744097,373.00999755859374,383.70799560546874,0.09501914012143398,0.023933100484567597,0.0,0.0002126544713973,0.5,0.5,0.0,4.0,30.0,12.0
2026-06-25,362.7699890136719,364.2300109863281,349.20001220703125,352.8299865722656,66179000,372.9700012207031,1,MSFT,-0.03455919985256439,-0.039500217537646654,-0.11739549241274516,367.793994140625,379.25499572753904,0.48683775968941734,0.020638404454327398,0.0,0.0002126544713973,0.5,0.5,0.0,4.0,31.0,13.0
2026-06-26,357.1499938964844,376.6099853515625,355.42999267578125,372.9700012207031,186201600,368.5700073242188,0,MSFT,0.05708135763656941,-0.002594002284778796,-0.052966980836373634,366.50799560546875,377.5179962158203,1.813605524411067,0.03505169768891766,0.0,0.0002126544713973,0.5,0.5,0.0,4.0,32.0,14.0
2026-06-29,377.5,380.5,359.8999938964844,368.5700073242188,51229900,373.0199890136719,1,MSFT,-0.011797179081651232,0.008509866857814297,-0.027288792161610953,366.7539978027344,375.3009979248047,-0.7248686370041932,0.032545753224124126,0.0,0.0002126544713973,0.5,0.5,0.0,4.0,35.0,12.0
2026-06-30,371.0299987792969,374.1499938964844,367.4500122070313,373.0199890136719,44945700,384.2799987792969,1,MSFT,0.012073640288203347,0.057223034350202484,-0.01681603844346191,366.5699951171875,372.6269958496094,-0.12266664584549258,0.03306119044817221,0.0,0.0002126544713973,0.5,0.5,0.0,4.0,29.0,13.0
2026-07-01,380.8299865722656,388.8299865722656,374.8900146484375,384.2799987792969,48065800,390.489990234375,1,MSFT,0.030186076074363744,0.030324148112655047,0.0461153226174269,370.33399658203126,371.6719970703125,0.0694193215368768,0.032023250897570174,0.0,0.0002126544713973,0.5,0.5,0.0,4.0,30.0,14.0
2026-07-02,384.4800109863281,392.2000122070313,383.7000122070313,390.489990234375,42128900,386.739990234375,0,MSFT,0.01616006941502235,0.059473051183120074,0.04425840424912009,377.8659973144531,372.8299957275391,-0.12351609668412888,0.031926273786156555,0.0,0.0002126544713973,0.5,0.5,0.0,4.0,31.0,15.0
2026-07-06,387.0400085449219,389.1499938964844,381.2200012207031,386.739990234375,34224500,388.8399963378906,1,MSFT,-0.009603319147180267,0.0367808740142348,0.05822798466822765,380.6199951171875,373.5639953613281,-0.18762417248017393,0.030264615926414298,0.0,0.0002126544713973,0.5,0.5,0.0,4.0,35.0,14.0
2026-07-07,392.489990234375,395.5700073242188,388.2200012207031,388.8399963378906,29297500,383.3399963378906,0,MSFT,0.0054300205733650575,0.011866341139479042,0.10206051394741511,384.6739929199219,375.7139953613281,-0.1439611973878362,0.023881967260671592,0.0,0.0002126544713973,0.5,0.5,0.0,4.0,29.0,15.0
2026-07-08,384.0299987792969,385.30999755859375,381.3299865722656,383.3399963378906,25908300,384.3599853515625,1,MSFT,-0.014144635458798516,-0.018310312876888113,0.02780383163055289,386.7379943847656,376.65399475097655,-0.11568222544585716,0.016656441139534225,0.0,0.0002126544713973,0.5,0.5,0.0,4.0,30.0,16.0
2026-07-09,374.4500122070313,384.6499938964844,373.3500061035156,384.3599853515625,31083200,385.1000061035156,1,MSFT,0.0026607946559606965,-0.006154018055826493,0.042841190855374744,386.7539916992188,378.543994140625,0.19973907975436433,0.0151972825304576,0.0,0.0002126544713973,0.5,0.5,0.0,4.0,31.0,12.0
2026-07-10,387.7999877929688,391.9100036621094,381.5,385.1000061035156,24644600,390.989990234375,1,MSFT,0.0019253324491523838,-0.009618326997218318,0.03238436932504696,385.6759948730469,381.77099609375,-0.20714083492047153,0.01501641823617865,0.0,0.0002126544713973,0.5,0.5,0.0,4.0,32.0,13.0
2026-07-13,387.75,393.6499938964844,384.1499938964844,390.989990234375,28914900,384.9299926757813,0,MSFT,0.015294687191659273,0.01995615894392966,0.01746120400851736,386.5259948730469,383.5729949951172,0.17327528140038795,0.011421979965758321,0.0,0.0002126544713973,0.5,0.5,0.0,4.0,35.0,16.0
2026-07-14,382.8200073242188,388.1900024414063,378.6499938964844,384.9299926757813,27863900,395.6300048828125,1,MSFT,-0.01549911176744212,0.0014830038139830304,-0.0142385149367249,385.743994140625,385.20899353027346,-0.036348042012941395,0.011394228966988449,0.0,0.0002126544713973,0.5,0.5,0.0,4.0,29.0,12.0
2026-07-15,387.7999877929688,398.9599914550781,386.3999938964844,395.6300048828125,36253700,401.1000061035156,1,MSFT,0.027797294081065793,0.027343543527408753,0.022987058160315765,388.2019958496094,387.4699951171875,0.3010992718176566,0.015321706616894262,0.0,0.0002126544713973,0.5,0.5,0.0,4.0,30.0,13.0
2026-07-16,398.30999755859375,405.989990234375,392.0499877929688,401.1000061035156,37047400,393.8200073242188,0,MSFT,0.013826052506617614,0.025857480042085657,0.03152970342837724,391.55,389.15199584960936,0.021892937824277148,0.01583163696388151,0.0,0.0002126544713973,0.5,0.5,0.0,4.0,31.0,14.0
2026-07-17,394.8599853515625,398.3900146484375,389.3900146484375,393.8200073242188,33049800,402.2900085449219,1,MSFT,-0.018150083940457473,0.02309514669574053,0.02733868390057248,393.29400024414065,389.48499755859376,-0.10790500817871163,0.016670176773084164,0.0,0.0002126544713973,0.5,0.5,0.0,4.0,32.0,15.0
2026-07-20,391.4100036621094,403.1799926757813,389.6499938964844,402.2900085449219,27915800,397.75,0,MSFT,0.021507290292973824,0.01683391952054314,0.04664903704000123,395.55400390625005,391.0399993896484,-0.15534133338174516,0.0178984170148727,0.0,0.0002126544713973,0.5,0.5,0.0,4.0,35.0,13.0
2026-07-21,398.80999755859375,401.4700012207031,396.3200073242188,397.75,24126600,390.3399963378906,0,MSFT,-0.011285412136739392,-0.008352047002091134,0.03284859438066068,398.1180053710938,391.9309997558594,-0.135736751230486,0.019135988067787112,0.0,0.0002126544713973,0.5,0.5,0.0,4.0,29.0,14.0
2026-07-22,399.5799865722656,401.0,386.9599914550781,390.3399963378906,28142500,381.5799865722656,0,MSFT,-0.018629801790344125,-0.008836552032927103,-0.0016624310409960597,397.06000366210935,392.63099975585936,0.16645113691941682,0.020291476028664664,0.0,0.0002126544713973,0.5,0.5,0.0,4.0,30.0,15.0
2026-07-23,389.9700012207031,391.7799987792969,377.3900146484375,381.5799865722656,30351800,381.7000122070313,1,MSFT,-0.022441998892785864,-0.05148032894867105,-0.008702897065070547,393.1559997558594,392.3529998779297,0.07850404192946603,0.02131563642728574,0.0,0.0002126544713973,0.5,0.5,0.0,4.0,31.0,16.0
2026-07-24,387.0499877929688,389.0299987792969,380.6499938964844,381.7000122070313,27659400,389.1000061035156,1,MSFT,0.0003145490827332065,-0.04035194919665286,-0.03520964664929127,390.73200073242185,392.01300048828125,-0.08870643586212346,0.01726134523217017,0.0,0.0002126544713973,0.5,0.5,0.0,4.0,32.0,12.0
2026-07-27,390.0799865722656,394.2000122070313,387.989990234375,389.1000061035156,27856200,393.3500061035156,1,MSFT,0.019386936494177,-0.0031766927448081406,-0.029917725797548478,388.0940002441406,391.8240020751953,0.007115121803076052,0.01836384872546251,0.0,0.0002126544713973,0.5,0.5,0.0,4.0,35.0,15.0
2026-07-28,393.1600036621094,400.3200073242188,391.2999877929688,393.3500061035156,32367500,390.5400085449219,0,MSFT,0.010922641823010837,0.030845484421182956,-0.0011934417042358536,387.21400146484376,392.66600341796874,0.16194958393463565,0.017962395723165842,0.0,0.0002126544713973,0.5,0.5,0.0,4.0,29.0,16.0
2026-07-29,393.3999938964844,401.25,388.739990234375,390.5400085449219,47209000,451.1000061035156,1,MSFT,-0.007143758777149345,0.02315953904946655,-0.029207784808028436,387.25400390625,392.15700378417966,0.45853093380705956,0.015303803490472825,0.0,0.0002126544713973,0.5,0.5,0.0,4.0,30.0,12.0
2026-07-30,437.8999938964844,458.6900024414063,432.4400024414063,451.1000061035156,110160700,464.7200012207031,1,MSFT,0.15506733300956488,0.15934206894745095,0.1341294936606301,401.1580078125,397.15700378417966,1.3334681946239066,0.061566947363121245,0.0,0.0002126544713973,0.5,0.5,0.0,4.0,31.0,13.0
2026-07-31,450.0,466.8399963378906,449.3299865722656,464.7200012207031,60846000,487.6499938964844,1,MSFT,0.030192850660396786,0.18144144911594462,0.19055184090955102,417.7620056152344,404.24700317382815,-0.4476614618461938,0.05923013664962931,0.0,0.0002126544713973,0.5,0.5,0.0,4.0,32.0,14.0
2026-08-03,476.1300048828125,491.6499938964844,475.0,487.6499938964844,66762100,492.80999755859375,1,MSFT,0.049341523101114504,0.24865566453325982,0.27797581387075887,437.4720031738281,412.7830017089844,0.09723071360483848,0.05541234458244098,0.0,0.0002126544713973,0.5,0.5,0.0,4.0,35.0,12.0
2026-08-04,480.8999938964844,499.4400024414063,479.1700134277344,492.80999755859375,50455500,487.4599914550781,0,MSFT,0.010581367223813976,0.0924628483500991,0.29109243331985324,457.36400146484374,422.28900146484375,-0.24424935704538953,0.054410360284851175,0.0,0.0002126544713973,0.5,0.5,0.0,4.0,29.0,13.0
2026-08-05,496.3599853515625,498.239990234375,485.6799926757813,487.4599914550781,33388900,499.8599853515625,1,MSFT,-0.010856123313284671,0.04893266950990438,0.2527884446380475,476.747998046875,432.0010009765625,-0.3382505376024417,0.05729024312748435,0.0,0.0002126544713973,0.5,0.5,0.0,4.0,30.0,14.0
2026-08-06,488.5499877929688,501.55999755859375,488.5199890136719,499.8599853515625,36441500,499.989990234375,1,MSFT,0.02543797258000624,0.02503843249851445,0.2707766050473055,486.4999938964844,443.82900085449216,0.09142559353557611,0.0565733114642158,0.0,0.0002126544713973,0.5,0.5,0.0,4.0,31.0,15.0
2026-08-07,499.2099914550781,505.1799926757813,498.7300109863281,499.989990234375,28846200,506.05999755859375,1,MSFT,0.0002600825963716691,0.014569494757312729,0.2802529300320422,493.5539916992187,455.6579986572266,-0.20842446112262114,0.05569268385943622,0.0,0.0002126544713973,0.5,0.5,0.0,4.0,32.0,16.0
2026-08-10,503.4400024414063,513.72998046875,502.2699890136719,506.05999755859375,31206100,503.80999755859375,0,MSFT,0.012140257690705702,0.03815699017265861,0.12183549259909832,497.2359924316406,467.3539978027344,0.08180973577108941,0.020048742066701517,0.0,0.0002126544713973,0.5,0.5,0.0,4.0,35.0,14.0
2026-08-11,504.3299865722656,505.3299865722656,499.5499877929688,503.80999755859375,23049800,492.4299926757813,0,MSFT,-0.0044461131305670865,0.00790223727200945,0.08411515802033698,499.4359924316406,478.3999969482422,-0.2613687708492891,0.02044245607235805,0.0,0.0002126544713973,0.5,0.5,0.0,4.0,29.0,15.0
2026-08-12,499.989990234375,501.5,491.5199890136719,492.4299926757813,29001500,496.8800048828125,1,MSFT,-0.022587890152951817,-0.015120297818462025,0.00980210979006313,500.42999267578125,488.5889953613281,0.25821048338814223,0.016013049952720345,0.0,0.0002126544713973,0.5,0.5,0.0,4.0,30.0,16.0
2026-08-13,493.2699890136719,501.3399963378906,493.010009765625,496.8800048828125,23039000,495.3999938964844,0,MSFT,0.00903684233945734,-0.01814012709968915,0.00825877588600421,499.83399658203126,493.1669952392578,-0.2055928141647846,0.015877193404360387,0.0,0.0002126544713973,0.5,0.5,0.0,4.0,31.0,12.0
2026-08-14,496.3599853515625,500.010009765625,493.9200134277344,495.3999938964844,16217600,480.3500061035156,0,MSFT,-0.0029786084603609098,-0.01669280820718788,0.016288521274751444,498.91599731445314,496.23499450683596,-0.2960805590520422,0.01513517158069199,0.0,0.0002126544713973,0.5,0.5,0.0,4.0,32.0,13.0
2026-08-17,490.1400146484375,492.6600036621094,478.4100036621094,480.3500061035156,29635800,481.6300048828125,1,MSFT,-0.030379467053674447,-0.02453137857551091,-0.03903088828829748,493.7739990234375,495.50499572753904,0.8273850631412787,0.015674285896514,0.0,0.0002126544713973,0.5,0.5,0.0,4.0,35.0,16.0
2026-08-18,481.5400085449219,484.2699890136719,477.1499938964844,481.6300048828125,24087600,484.30999755859375,1,MSFT,0.002664721063875719,-0.030691514752332782,-0.03672070583444298,489.33800048828124,494.3869964599609,-0.1872127629421173,0.015848606876284435,0.0,0.0002126544713973,0.5,0.5,0.0,4.0,29.0,12.0
2026-08-19,480.0700073242188,489.2999877929688,479.3599853515625,484.30999755859375,19961900,481.1499938964844,0,MSFT,0.005564422167662286,-0.022385943630447325,-0.04297909359548158,487.71400146484376,494.0719970703125,-0.17127899832278848,0.014808773347683527,0.0,0.0002126544713973,0.5,0.5,0.0,4.0,30.0,13.0
2026-08-20,483.2999877929688,484.1600036621094,479.5,481.1499938964844,20020800,483.239990234375,1,MSFT,-0.006524754141023159,0.0016654268404368011,-0.04497728066516582,484.5679992675781,492.2009979248047,0.002950620932877124,0.014789486002057485,0.0,0.0002126544713973,0.5,0.5,0.0,4.0,31.0,14.0
2026-08-21,479.8800048828125,486.3599853515625,478.5299987792969,483.239990234375,22510800,487.30999755859375,1,MSFT,0.004343752186226402,0.003342784575795399,-0.018662556257935004,482.13599853515626,490.5259979248047,0.12437065451929996,0.013324488340930916,0.0,0.0002126544713973,0.5,0.5,0.0,4.0,32.0,15.0
2026-08-24,483.2099914550781,490.6099853515625,481.8599853515625,487.30999755859375,17230800,491.7099914550781,1,MSFT,0.00842233136012771,0.00619437966410552,-0.019260198096471615,483.5279968261719,488.6509979248047,-0.23455408070792683,0.01323669676151231,0.0,0.0002126544713973,0.5,0.5,0.0,4.0,35.0,13.0
2026-08-25,485.4400024414063,492.4400024414063,484.2999877929688,491.7099914550781,19519000,496.3699951171875,1,MSFT,0.009029147603226262,0.021947412849527392,-0.007448531463198349,485.543994140625,487.4409973144531,0.13279708429092096,0.013952989921428093,0.0,0.0002126544713973,0.5,0.5,0.0,4.0,29.0,14.0
2026-08-26,487.8500061035156,497.3999938964844,487.30999755859375,496.3699951171875,20758900,505.05999755859375,1,MSFT,0.00947713844154241,0.027170774663008324,0.033350658499251784,487.95599365234375,487.8349975585937,0.06352272145089399,0.005574182806751145,0.0,0.0002126544713973,0.5,0.5,0.0,4.0,30.0,15.0
2026-08-27,494.8800048828125,506.4800109863281,490.0799865722656,505.05999755859375,28688800,513.530029296875,1,MSFT,0.017507106648045223,0.036424452789655115,0.04864728617039149,492.7379943847656,488.6529968261719,0.3820000096344218,0.007240076879272532,0.0,0.0002126544713973,0.5,0.5,0.0,4.0,31.0,16.0
2026-08-28,505.3299865722656,517.780029296875,504.8699951171875,513.530029296875,29207300,507.2900085449219,0,MSFT,0.01677034764032892,0.044375827664649536,0.060333323461376764,498.79600219726564,490.46600036621095,0.018073255068179916,0.008100955289422897,0.0,0.0002126544713973,0.5,0.5,0.0,4.0,32.0,12.0
2026-08-31,510.3800048828125,512.1900024414062,506.3900146484375,507.2900085449219,27208900,501.0199890136719,0,MSFT,-0.012151228547426784,0.021999745220611544,0.054328203221511995,502.79200439453126,493.1600006103516,-0.06842125085167061,0.009909565438699117,0.0,0.0002126544713973,0.5,0.5,0.0,4.0,35.0,15.0
2026-09-01,497.5199890136719,505.9700012207031,496.7799987792969,501.0199890136719,21032500,495.3399963378906,0,MSFT,-0.012359832493516909,-0.007999066575161029,0.03679331002939845,504.65400390625,495.0989990234375,-0.22699925392059217,0.012503852331974931,0.0,0.0002126544713973,0.5,0.5,0.0,4.0,29.0,16.0
