date,Open,High,Low,Close,Volume,next_day_close,target,ticker,daily_return,3_day_return,7_day_return,5_day_moving_average,10_day_moving_average,volume_change_percent,volatility,average_sentiment,weighted_sentiment,positive_ratio,negative_ratio,sentiment_momentum,post_count,avg_score,avg_num_comments
2020-01-02,5.96875,5.99774980545044,5.918000221252441,5.99774980545044,237536000,5.901750087738037,0,NVDA,-0.016005955704448294,8.339830689507721e-05,0.05031056527754019,5.966749954223633,6.063799953460693,-0.1353563249360097,0.014148066413005096,0.0,0.0,0.0,0.0,0.0,0.0,0.0,0.0
2020-01-03,5.877500057220459,5.945750236511231,5.852499961853027,5.901750087738037,205384000,5.926499843597412,1,NVDA,-0.016005955704448294,8.339830689507721e-05,0.05031056527754019,5.966749954223633,6.063799953460693,-0.1353563249360097,0.014148066413005096,0.0,0.0,0.0,0.0,0.0,0.0,0.0,0.0
2020-01-06,5.808000087738037,5.9317498207092285,5.781750202178955,5.926499843597412,262636000,5.9982500076293945,1,NVDA,0.004193629938820553,8.339830689507721e-05,0.05031056527754019,5.966749954223633,6.063799953460693,0.27875589140341983,0.014148066413005096,0.0,0.0,0.0,0.0,0.0,0.0,0.0,0.0
2020-01-07,5.954999923706055,6.044250011444092,5.909749984741211,5.9982500076293945,314856000,6.009500026702881,1,NVDA,0.012106667666497373,8.339830689507721e-05,0.05031056527754019,5.966749954223633,6.063799953460693,0.1988303202912014,0.014148066413005096,0.0,0.0,0.0,0.0,0.0,0.0,0.0,0.0
2020-01-08,5.99399995803833,6.051000118255615,5.953750133514404,6.009500026702881,277108000,6.075500011444092,1,NVDA,0.0018755502120080259,0.018257285951283064,0.05031056527754019,5.966749954223633,6.063799953460693,-0.11988972736743142,0.014148066413005096,0.0,0.0,0.0,0.0,0.0,0.0,0.0,0.0
2020-01-09,6.096250057220459,6.148250102996826,6.021500110626221,6.075500011444092,255112000,6.107999801635742,1,NVDA,0.010982608278216732,0.025141343420037376,0.05031056527754019,5.9822999954223635,6.063799953460693,-0.07937699380746854,0.014148066413005096,0.0,0.0,0.0,0.0,0.0,0.0,0.0,0.0
2020-01-10,6.183249950408936,6.213749885559082,6.09375,6.107999801635742,316296000,6.299499988555908,1,NVDA,0.005349319419049037,0.01829696892706245,0.05031056527754019,6.023549938201905,6.063799953460693,0.23983191696196182,0.014148066413005096,0.0,0.0,0.0,0.0,0.0,0.0,0.0,0.0
2020-01-13,6.191500186920166,6.324749946594238,6.168749809265137,6.299499988555908,319840000,6.182000160217285,0,NVDA,0.031352356440627505,0.048256919970784296,0.05031056527754019,6.098149967193604,6.063799953460693,0.01120469433695015,0.014148066413005096,0.0,0.0,0.0,0.0,0.0,0.0,0.0,0.0
2020-01-14,6.256499767303467,6.2820000648498535,6.168749809265137,6.182000160217285,359088000,6.139249801635742,0,NVDA,-0.018652246773883774,0.017529445901174334,0.047485926769674336,6.134899997711182,6.063799953460693,0.12271135567783897,0.014885204545983443,0.0,0.0,0.0,0.0,0.0,0.0,0.0,0.0
2020-01-15,6.19474983215332,6.217249870300293,6.113249778747559,6.139249801635742,263104000,6.223249912261963,1,NVDA,-0.006915295612033856,0.0051162411615715,0.035898078740046024,6.160849952697754,6.063799953460693,-0.26729938065321035,0.015768416451308404,0.0,0.0,0.0,0.0,0.0,0.0,0.0,0.0
2020-01-16,6.192999839782715,6.229249954223633,6.16949987411499,6.223249912261963,284192000,6.23199987411499,1,NVDA,0.01368247152996438,-0.012104147381929775,0.037510924744114105,6.190399932861328,6.086349964141846,0.0801508148868888,0.01589490908944075,0.0,0.0,0.0,0.0,0.0,0.0,0.0,0.0
2020-01-17,6.242499828338623,6.25,6.184249877929688,6.23199987411499,253792000,6.198500156402588,0,NVDA,0.00140601164606724,0.008087950922335052,0.037024685318819195,6.215199947357178,6.119374942779541,-0.10696993581803849,0.015913153418167503,0.0,0.0,0.0,0.0,0.0,0.0,0.0,0.0
2020-01-21,6.195250034332275,6.232250213623047,6.164249897003174,6.198500156402588,217916000,6.252749919891357,1,NVDA,-0.005375436198506001,0.009651074102092982,0.020245271126130726,6.1949999809265135,6.146574974060059,-0.14135985373849447,0.01614160714332838,0.0,0.0,0.0,0.0,0.0,0.0,0.0,0.0
2020-01-22,6.24399995803833,6.339749813079834,6.224999904632568,6.252749919891357,239240000,6.321499824523926,1,NVDA,0.008752079070730279,0.004740289727280578,0.023698448421175522,6.209149932861328,6.172024965286255,0.0978542190568843,0.016275597593874775,0.0,0.0,0.0,0.0,0.0,0.0,0.0,0.0
2020-01-23,6.293000221252441,6.329999923706055,6.203750133514404,6.321499824523926,244516000,6.26200008392334,0,NVDA,0.0109951470174523,0.014361353051478565,0.003492314629412574,6.245599937438965,6.203224945068359,0.022053168366493958,0.011612760329055786,0.0,0.0,0.0,0.0,0.0,0.0,0.0,0.0
2020-01-24,6.4375,6.487500190734863,6.207499980926514,6.26200008392334,373512000,6.005000114440918,0,NVDA,-0.009412282251398563,0.01024440201960175,0.012940783182257665,6.25334997177124,6.221874952316284,0.5275564789216247,0.009375042100802367,0.0,0.0,0.0,0.0,0.0,0.0,0.0,0.0
2020-01-27,5.955999851226807,6.056250095367432,5.805749893188477,6.005000114440918,470536000,6.199250221252441,1,NVDA,-0.041041195470793324,-0.03962253546432326,-0.021867441712349778,6.207950019836426,6.211574983596802,0.2597613999014756,0.01882191056788764,0.0,0.0,0.0,0.0,0.0,0.0,0.0,0.0
2020-01-28,6.071249961853027,6.231750011444092,6.017749786376953,6.199250221252441,310976000,6.138500213623047,0,NVDA,0.03234806046787364,-0.019338702311945566,-0.0038564562484039167,6.208100032806397,6.201550006866455,-0.3391026403930837,0.022535002985167668,0.0,0.0,0.0,0.0,0.0,0.0,0.0,0.0
2020-01-29,6.184750080108643,6.2210001945495605,6.098499774932861,6.138500213623047,258848000,6.145249843597412,1,NVDA,-0.00979957340988269,-0.019722112527171376,-0.015003155067492835,6.185250091552734,6.197200012207031,-0.167627083762091,0.022787507419396984,0.0,0.0,0.0,0.0,0.0,0.0,0.0,0.0
2020-01-30,6.040249824523926,6.158750057220459,5.985000133514404,6.145249843597412,290504000,5.910749912261963,0,NVDA,0.0010995568525657973,0.023355491504358117,-0.008590838341783757,6.150000095367432,6.197800016403198,0.12229571022376073,0.022755891946562273,0.0,0.0,0.0,0.0,0.0,0.0,0.0,0.0
2020-01-31,6.099249839782715,6.111249923706055,5.868750095367432,5.910749912261963,370420000,6.008250236511231,1,NVDA,-0.03815954392477128,-0.04653793582995469,-0.05469593571004949,6.079750061035156,6.166550016403198,0.2750943188389834,0.026068967579494288,0.0,0.0,0.0,0.0,0.0,0.0,0.0,0.0
2020-02-03,5.892499923706055,6.027750015258789,5.886250019073486,6.008250236511231,255564000,6.178249835968018,1,NVDA,0.01649542371045043,-0.021218534263915845,-0.049553048597337446,6.080400085449218,6.144175052642822,-0.3100696506668107,0.02679939149374532,0.0,0.0,0.0,0.0,0.0,0.0,0.0,0.0
2020-02-04,6.150750160217285,6.197500228881836,6.100500106811523,6.178249835968018,271544000,6.269000053405762,1,NVDA,0.028294360714825828,0.005370000115615614,-0.013374360720680545,6.076200008392334,6.142150020599365,0.0625283686278193,0.029833676280350493,0.0,0.0,0.0,0.0,0.0,0.0,0.0,0.0
2020-02-05,6.299749851226807,6.309999942779541,6.18524980545044,6.269000053405762,208220000,6.356249809265137,1,NVDA,0.014688661003869008,0.060609930459179395,0.04396335286155484,6.102299976348877,6.1437750339508055,-0.23319977609521847,0.02449270028584063,0.0,0.0,0.0,0.0,0.0,0.0,0.0,0.0
2020-02-06,6.303500175476074,6.356249809265137,6.2220001220703125,6.356249809265137,218284000,6.289750099182129,0,NVDA,0.013917651159051303,0.057920286115775266,0.025325576869677624,6.144499969482422,6.147250032424926,0.0483334934204207,0.022116814246807004,0.0,0.0,0.0,0.0,0.0,0.0,0.0,0.0
2020-02-07,6.315999984741211,6.338250160217285,6.264249801635742,6.289750099182129,189752000,6.574250221252441,1,NVDA,-0.010462098262103425,0.018047224727784306,0.024639550426896806,6.220300006866455,6.150025033950806,-0.13071045060563302,0.022185975921804976,0.0,0.0,0.0,0.0,0.0,0.0,0.0,0.0
2020-02-10,6.3125,6.574999809265137,6.307499885559082,6.574250221252441,529608000,6.697249889373779,1,NVDA,0.04523234112390351,0.048692002751036245,0.06981007909743409,6.333500003814697,6.206950044631958,1.7910535857329566,0.027060311301977825,0.0,0.0,0.0,0.0,0.0,0.0,0.0,0.0
2020-02-11,6.683000087738037,6.8125,6.620749950408936,6.697249889373779,638556000,6.813499927520752,1,NVDA,0.018709307370705197,0.053647998480422565,0.13306263820775222,6.437300014495849,6.256750011444092,0.20571441519010292,0.016772761505369296,0.0,0.0,0.0,0.0,0.0,0.0,0.0,0.0
2020-02-12,6.750249862670898,6.820000171661377,6.711249828338623,6.813499927520752,374644000,6.769499778747559,0,NVDA,0.0173578767504885,0.08327037164906237,0.13402399356074413,6.546199989318848,6.324249982833862,-0.41329499683661264,0.016761959462607473,0.0,0.0,0.0,0.0,0.0,0.0,0.0,0.0
2020-02-13,6.755249977111816,6.836999893188477,6.727749824523926,6.769499778747559,528016000,7.244750022888184,1,NVDA,-0.006457789570888495,0.029699136924228764,0.09569861343862329,6.628849983215332,6.386674976348877,0.4093806386863261,0.018360814053645917,0.0,0.0,0.0,0.0,0.0,0.0,0.0,0.0
2020-02-14,7.18149995803833,7.374249935150146,7.150000095367432,7.244750022888184,1041924000,7.414249897003174,1,NVDA,0.07020463249480335,0.08174999328949895,0.1556468274318048,6.819849967956543,6.520074987411499,0.9732811126935548,0.028344446245093968,0.0,0.0,0.0,0.0,0.0,0.0,0.0,0.0
2020-02-18,7.140999794006348,7.432750225067139,7.121500015258789,7.414249897003174,620164000,7.867499828338623,1,NVDA,0.02339623500872956,0.08817054023232651,0.16645036294763815,6.98784990310669,6.660674953460694,-0.4047896007770241,0.028163587096510234,0.0,0.0,0.0,0.0,0.0,0.0,0.0,0.0
2020-02-19,7.53725004196167,7.885250091552734,7.53725004196167,7.867499828338623,694332000,7.71750020980835,0,NVDA,0.06113227064529503,0.16219810702087178,0.25084458114824826,7.221899890899659,6.8295999526977536,0.11959417186421661,0.027150809487168054,0.0,0.0,0.0,0.0,0.0,0.0,0.0,0.0
2020-02-20,7.819250106811523,7.907999992370605,7.408750057220459,7.71750020980835,810052000,7.351749897003174,0,NVDA,-0.019065728859627873,0.06525417515119458,0.17389815569540512,7.402699947357178,6.974449968338012,0.16666378620026157,0.03257663246693987,0.0,0.0,0.0,0.0,0.0,0.0,0.0,0.0
2020-02-21,7.604750156402588,7.630000114440918,7.266499996185303,7.351749897003174,768180000,6.831999778747559,0,NVDA,-0.04739232949295358,-0.008429713169671116,0.0977266816141742,7.519149971008301,7.073999977111816,-0.051690508757462506,0.042349066558350364,0.0,0.0,0.0,0.0,0.0,0.0,0.0,0.0
2020-02-24,6.754749774932861,7.046750068664551,6.699999809265137,6.831999778747559,856916000,6.551249980926514,0,NVDA,-0.07069747006321359,-0.1316174225846447,0.002715175962956007,7.436599922180176,7.128224945068359,0.11551459293394784,0.052985744370289994,0.0,0.0,0.0,0.0,0.0,0.0,0.0,0.0
2020-02-25,6.90749979019165,6.969749927520752,6.448999881744385,6.551249980926514,1055496000,6.691249847412109,1,NVDA,-0.04109335581280005,-0.15111761544231916,-0.0322401661798154,7.263999938964844,7.125924921035766,0.23173799999066413,0.05542346255774179,0.0,0.0,0.0,0.0,0.0,0.0,0.0,0.0
2020-02-26,6.551499843597412,6.886250019073486,6.550000190734863,6.691249847412109,747732000,6.315000057220459,0,NVDA,0.021369947245669874,-0.08984256249798528,-0.07640017581385317,7.028749942779541,7.1253249168396,-0.291582346119739,0.04706333711844664,0.0,0.0,0.0,0.0,0.0,0.0,0.0,0.0
2020-02-27,6.372499942779541,6.675000190734863,6.222249984741211,6.315000057220459,906416000,6.7517499923706055,1,NVDA,-0.056230121243666886,-0.0756732637983012,-0.14826177361880255,6.748249912261963,7.0754749298095705,0.21222042122043727,0.04717418670604747,0.0,0.0,0.0,0.0,0.0,0.0,0.0,0.0
2020-02-28,6.061500072479248,6.811500072479248,6.044750213623047,6.7517499923706055,1133252000,6.910749912261963,1,NVDA,0.06916071752854136,0.030604848239318194,-0.14181758631237618,6.628249931335449,7.073699951171875,0.2502559531164499,0.049561201932880855,0.0,0.0,0.0,0.0,0.0,0.0,0.0,0.0
2020-03-02,6.922500133514404,6.9397501945495605,6.525000095367432,6.910749912261963,890744000,6.647250175476074,0,NVDA,0.023549438304295345,0.032804045560299366,-0.10453518310515486,6.64399995803833,7.040299940109253,-0.21399300420383105,0.052316656247602664,0.0,0.0,0.0,0.0,0.0,0.0,0.0,0.0
2020-03-03,6.966750144958496,7.026750087738037,6.561500072479248,6.647250175476074,652792000,7.112750053405762,1,NVDA,-0.038128964313750235,0.05261284485274498,-0.09582748752297432,6.663199996948242,6.963599967956543,-0.26713848198809087,0.05145534899797235,0.0,0.0,0.0,0.0,0.0,0.0,0.0,0.0
2020-03-04,6.755000114440918,7.122250080108643,6.679999828338623,7.112750053405762,597408000,6.832250118255615,0,NVDA,0.07002893913141284,0.05346762860637355,0.041093425607468426,6.747500038146972,6.888124990463257,-0.08484172600154416,0.05270137086047848,0.0,0.0,0.0,0.0,0.0,0.0,0.0,0.0
2020-03-05,6.912499904632568,7.079999923706055,6.787499904632568,6.832250118255615,540328000,6.651000022888184,0,NVDA,-0.039436214269308656,-0.011359084759681837,0.04289259883949059,6.850950050354004,6.799599981307983,-0.09554609245272916,0.052452722128355694,0.0,0.0,0.0,0.0,0.0,0.0,0.0,0.0
2020-03-06,6.651999950408936,6.709750175476074,6.449999809265137,6.651000022888184,515412000,6.136000156402588,0,NVDA,-0.026528609496179856,0.0005641200967496651,-0.006015292425449181,6.8308000564575195,6.729524993896485,-0.04611273152603601,0.05340977825376255,0.0,0.0,0.0,0.0,0.0,0.0,0.0,0.0
2020-03-09,5.997499942779541,6.485000133514404,5.954500198364258,6.136000156402588,614160000,6.526999950408936,1,NVDA,-0.07743194477722437,-0.13732380438920133,-0.02834519385525669,6.675850105285645,6.659925031661987,0.19159041698679902,0.05759039219382166,0.0,0.0,0.0,0.0,0.0,0.0,0.0,0.0
2020-03-10,6.41349983215332,6.526999950408936,6.149750232696533,6.526999950408936,580648000,6.161749839782715,0,NVDA,0.06372225945893462,-0.044677838569032624,-0.03328767241317199,6.651800060272217,6.6575000286102295,-0.05456558551517521,0.056485727330632056,0.0,0.0,0.0,0.0,0.0,0.0,0.0,0.0
2020-03-11,6.386499881744385,6.414999961853027,6.0642499923706055,6.161749839782715,499964000,5.407750129699707,0,NVDA,-0.05595987642122435,-0.07356039413949855,-0.10838188069145338,6.461600017547608,6.60455002784729,-0.13895509844174092,0.05811960571038532,0.0,0.0,0.0,0.0,0.0,0.0,0.0,0.0
2020-03-12,5.636499881744385,5.902999877929688,5.394999980926514,5.407750129699707,816540000,6.020999908447266,1,NVDA,-0.12236778994416242,-0.11868481227840111,-0.18646809027126687,6.176700019836426,6.5138250350952145,0.6331975902264964,0.0710363114582997,0.0,0.0,0.0,0.0,0.0,0.0,0.0,0.0
2020-03-13,5.762499809265137,6.0254998207092285,5.490250110626221,6.020999908447266,634836000,4.909999847412109,0,NVDA,0.11340201822187601,-0.07752413755265442,-0.1534919878754546,6.050699996948242,6.440750026702881,-0.22252920861194803,0.08194875096571339,0.0,0.0,0.0,0.0,0.0,0.0,0.0,0.0
2020-03-16,5.31024980545044,5.652500152587891,4.849999904632568,4.909999847412109,726972000,5.4317498207092285,1,NVDA,-0.1845208566564599,-0.20314846024562827,-0.2813495170071859,5.805499935150147,6.240675020217895,0.14513354630172204,0.10310606537550736,0.0,0.0,0.0,0.0,0.0,0.0,0.0,0.0
2020-03-17,5.022749900817871,5.521500110626221,4.775000095367432,5.4317498207092285,833632000,5.070499897003174,0,NVDA,0.10626272698809047,0.004438017740078903,-0.18331832776772383,5.586449909210205,6.119124984741211,0.14671816796245252,0.11750520501681795,0.0,0.0,0.0,0.0,0.0,0.0,0.0,0.0
2020-03-18,5.002500057220459,5.248499870300293,4.517000198364258,5.070499897003174,874268000,5.324250221252441,1,NVDA,-0.0665070991172576,-0.15786414647018532,-0.17364736509786782,5.3681999206542965,5.9148999691009525,0.04874572953053624,0.11672260699010041,0.0,0.0,0.0,0.0,0.0,0.0,0.0,0.0
2020-03-19,5.048999786376953,5.41825008392334,4.834750175476074,5.324250221252441,765512000,5.143750190734863,0,NVDA,0.05004443928679336,0.08436871419836578,-0.1842729796682684,5.351499938964844,5.764099979400635,-0.12439663810181778,0.11517505334767432,0.0,0.0,0.0,0.0,0.0,0.0,0.0,0.0
2020-03-20,5.474999904632568,5.757999897003174,5.1282501220703125,5.143750190734863,804636000,5.317249774932861,1,NVDA,-0.033901492795565535,-0.053021519672413975,-0.16521275214310716,5.176049995422363,5.613374996185303,0.051108277858479045,0.1144160577026919,0.0,0.0,0.0,0.0,0.0,0.0,0.0,0.0
2020-03-23,5.142749786376953,5.412000179290772,4.9629998207092285,5.317249774932861,643876000,6.229499816894531,1,NVDA,0.03373017307693371,0.04866381677189757,-0.01673530629120823,5.2574999809265135,5.53149995803833,-0.19979220417679544,0.1059602615006588,0.0,0.0,0.0,0.0,0.0,0.0,0.0,0.0
2020-03-24,5.724999904632568,6.316500186920166,5.701250076293945,6.229499816894531,1101644000,6.140500068664551,0,NVDA,0.17156426359022947,0.17002386402289438,0.03462878452377116,5.417049980163574,5.50174994468689,0.7109567680733557,0.11772063215132599,0.0,0.0,0.0,0.0,0.0,0.0,0.0,0.0
2020-03-25,6.34499979019165,6.545499801635742,6.09149980545044,6.140500068664551,793432000,6.431000232696533,1,NVDA,-0.014286820907934095,0.19377882691991433,0.2506110508131676,5.63105001449585,5.499624967575073,-0.27977459142881,0.08310224673792624,0.0,0.0,0.0,0.0,0.0,0.0,0.0,0.0
2020-03-26,6.348499774932861,6.555500030517578,6.25,6.431000232696533,696108000,6.318250179290772,0,NVDA,0.04730887725487176,0.20945987209670514,0.18396473419625048,5.852400016784668,5.601949977874756,-0.1226620554754535,0.07750766887486867,0.0,0.0,0.0,0.0,0.0,0.0,0.0,0.0
2020-03-27,6.25,6.578000068664551,6.2170000076293945,6.318250179290772,638828000,6.639750003814697,1,NVDA,-0.01753227325860074,0.014246787864982124,0.24608032888927944,6.08730001449585,5.6316750049591064,-0.0822860820447402,0.06946964592462278,0.0,0.0,0.0,0.0,0.0,0.0,0.0,0.0
2020-03-30,6.383999824523926,6.64900016784668,6.339749813079834,6.639750003814697,602252000,6.590000152587891,0,NVDA,0.05088431375789759,0.08130444256451641,0.24707700199950522,6.351800060272216,5.804650020599365,-0.057254847940290676,0.06950300103850449,0.0,0.0,0.0,0.0,0.0,0.0,0.0,0.0
2020-03-31,6.679999828338623,6.885000228881836,6.443749904632568,6.590000152587891,949960000,6.076749801635742,0,NVDA,-0.0074927295753942635,0.024723979806899887,0.2811664463134451,6.423900127410889,5.920475053787231,0.5773463599954836,0.06582446700732458,0.0,0.0,0.0,0.0,0.0,0.0,0.0,0.0
2020-04-01,6.391250133514404,6.538249969482422,6.0320000648498535,6.076749801635742,656912000,6.386750221252441,1,NVDA,-0.07788320774933444,-0.038222667795997034,0.14283700387433296,6.411150074005127,6.021100044250488,-0.30848456777127453,0.07913072185597161,0.0,0.0,0.0,0.0,0.0,0.0,0.0,0.0
2020-04-02,6.105999946594238,6.400000095367432,6.057750225067139,6.386750221252441,675764000,6.097750186920166,0,NVDA,0.051014181879473375,-0.03810381150147235,0.025242862024242196,6.402300071716309,6.1273500442504885,0.028697907786735533,0.048160876822610325,0.0,0.0,0.0,0.0,0.0,0.0,0.0,0.0
2020-04-03,6.348999977111816,6.390749931335449,5.959750175476074,6.097750186920166,663212000,6.710000038146973,1,NVDA,-0.045249935306786226,-0.07469650292411878,-0.006961954444482554,6.3582000732421875,6.222750043869018,-0.018574531937185168,0.05148868004243462,0.0,0.0,0.0,0.0,0.0,0.0,0.0,0.0
2020-04-06,6.38100004196167,6.747000217437744,6.323249816894531,6.710000038146973,727884000,6.475749969482422,0,NVDA,0.10040585994160578,0.10420870649319336,0.043383578814372825,6.372250080108643,6.3620250701904295,0.09751331399311236,0.06235789024876261,0.0,0.0,0.0,0.0,0.0,0.0,0.0,0.0
2020-04-07,6.932499885559082,6.956250190734863,6.432499885559082,6.475749969482422,784520000,6.673749923706055,1,NVDA,-0.034910591256753665,0.013935060108320352,0.024927754634959554,6.349400043487549,6.386650085449219,0.07780910145023112,0.06385936699048822,0.0,0.0,0.0,0.0,0.0,0.0,0.0,0.0
2020-04-08,6.585249900817871,6.698750019073486,6.514999866485596,6.673749923706055,542444000,6.573750019073486,0,NVDA,0.030575602078018127,0.09446102564539682,0.0051206626562481095,6.468800067901611,6.439975070953369,-0.3085657472084842,0.06187109088091849,0.0,0.0,0.0,0.0,0.0,0.0,0.0,0.0
2020-04-09,6.800000190734863,6.822999954223633,6.510499954223633,6.573750019073486,525564000,6.746250152587891,1,NVDA,-0.01498406529698626,-0.020305516885080865,-0.0024658775626921203,6.5062000274658205,6.454250049591065,-0.031118419597230274,0.06213397393941389,0.0,0.0,0.0,0.0,0.0,0.0,0.0,0.0
2020-04-13,6.513750076293945,6.755000114440918,6.425000190734863,6.746250152587891,398408000,7.098750114440918,1,NVDA,0.026240750410937652,0.041771251882828375,0.11017408529341322,6.635900020599365,6.497050046920776,-0.24194198993842808,0.05159287444218513,0.0,0.0,0.0,0.0,0.0,0.0,0.0,0.0
2020-04-14,6.875,7.132999897003174,6.847249984741211,7.098750114440918,530948000,7.020999908447266,0,NVDA,0.0522512438584577,0.06368236682426565,0.1114807795080568,6.713650035858154,6.542950057983399,0.33267404268990575,0.051734101256405214,0.0,0.0,0.0,0.0,0.0,0.0,0.0,0.0
2020-04-15,6.929999828338623,7.104249954223633,6.884500026702881,7.020999908447266,366148000,7.367499828338623,1,NVDA,-0.01095266134745132,0.06803573121522732,0.15140825603310137,6.822700023651123,6.586050033569336,-0.3103882112749271,0.04626469213862455,0.0,0.0,0.0,0.0,0.0,0.0,0.0,0.0
2020-04-16,7.177000045776367,7.474999904632568,7.163750171661377,7.367499828338623,745620000,7.308000087738037,0,NVDA,0.04935193340117672,0.09208814700006607,0.09798804567119279,6.961450004577637,6.715125036239624,1.0363896566415765,0.034138039755514465,0.0,0.0,0.0,0.0,0.0,0.0,0.0,0.0
2020-04-17,7.449999809265137,7.471499919891357,7.173500061035156,7.308000087738037,539120000,7.176249980926514,0,NVDA,-0.008075974480749037,0.029477016365380138,0.12851795115278875,7.108300018310547,6.807250022888184,-0.276950725570666,0.028832696073639957,0.0,0.0,0.0,0.0,0.0,0.0,0.0,0.0
2020-04-20,7.181000232696533,7.337500095367432,7.131750106811523,7.176249980926514,449388000,6.737750053405762,0,NVDA,-0.018028202686065198,0.022112245335947023,0.07529500849822246,7.194299983978271,6.915100002288819,-0.1664416085472622,0.031005999561627667,0.0,0.0,0.0,0.0,0.0,0.0,0.0,0.0
2020-04-21,7.057750225067139,7.1192498207092285,6.677750110626221,6.737750053405762,735160000,7.153749942779541,1,NVDA,-0.06110432728600934,-0.08547672746602164,0.024947713840111962,7.12209997177124,6.917875003814697,0.6359137315638157,0.04076856067106274,0.0,0.0,0.0,0.0,0.0,0.0,0.0,0.0
2020-04-22,6.930749893188477,7.196750164031982,6.885000228881836,7.153749942779541,483356000,7.100249767303467,0,NVDA,0.06174166243574164,-0.021107025602984053,0.060403895641985894,7.148649978637695,6.9856750011444095,-0.34251591490287825,0.04585264154595849,0.0,0.0,0.0,0.0,0.0,0.0,0.0,0.0
2020-04-23,7.196000099182129,7.328499794006348,7.074999809265137,7.100249767303467,424160000,7.239749908447266,1,NVDA,-0.007478619731470126,-0.010590519257975273,0.0002112559025704286,7.095199966430664,7.028324985504151,-0.12246873939704894,0.041919096431644716,0.0,0.0,0.0,0.0,0.0,0.0,0.0,0.0
2020-04-24,7.090000152587891,7.2417497634887695,7.014999866485596,7.239749908447266,352328000,7.427000045776367,1,NVDA,0.01964721604389119,0.07450556210344361,0.031156530815049877,7.08154993057251,7.094924974441528,-0.16935118823085626,0.04208695333451324,0.0,0.0,0.0,0.0,0.0,0.0,0.0,0.0
2020-04-27,7.374750137329102,7.587500095367432,7.349999904632568,7.427000045776367,479388000,7.283999919891357,0,NVDA,0.0258641720635433,0.03819676465943922,0.008076039202455032,7.131699943542481,7.162999963760376,0.36062986762335103,0.03878219070753401,0.0,0.0,0.0,0.0,0.0,0.0,0.0,0.0
2020-04-28,7.574999809265137,7.605000019073486,7.278500080108643,7.283999919891357,442904000,7.46150016784668,1,NVDA,-0.01925408980794774,0.025879392783343613,-0.0032840951776874627,7.240949916839599,7.18152494430542,-0.07610536767712162,0.0394802289382207,0.0,0.0,0.0,0.0,0.0,0.0,0.0,0.0
2020-04-29,7.419250011444092,7.514500141143799,7.34375,7.46150016784668,379160000,7.307000160217285,0,NVDA,0.024368513166865835,0.03062954690474573,0.039749198770711924,7.3024999618530275,7.225574970245361,-0.1439228365514874,0.03947012603062045,0.0,0.0,0.0,0.0,0.0,0.0,0.0,0.0
2020-04-30,7.407249927520752,7.46150016784668,7.293000221252441,7.307000160217285,375916000,7.069499969482422,0,NVDA,-0.020706292857188502,-0.016157248528270052,0.08448667616035732,7.343850040435791,7.219525003433228,-0.00855575482645854,0.029731688671777532,0.0,0.0,0.0,0.0,0.0,0.0,0.0,0.0
2020-05-01,7.108749866485596,7.222499847412109,7.020999908447266,7.069499969482422,342096000,7.282249927520752,1,NVDA,-0.03250310462943806,-0.02944809895222167,-0.011777036375468342,7.309800052642823,7.195674991607666,-0.08996690750061187,0.024311112112342378,0.0,0.0,0.0,0.0,0.0,0.0,0.0,0.0
2020-05-04,7.021999835968018,7.296000003814697,7.021999835968018,7.282249927520752,317556000,7.343500137329102,1,NVDA,0.03009406025273753,-0.024023351376223023,0.02563292365507941,7.280850028991699,7.20627498626709,-0.07173425003507783,0.026777632807189682,0.0,0.0,0.0,0.0,0.0,0.0,0.0,0.0
2020-05-05,7.386750221252441,7.506750106811523,7.282249927520752,7.343500137329102,368896000,7.44474983215332,1,NVDA,0.008410890922168957,0.004995206830641585,0.014330637134410074,7.292750072479248,7.266849994659424,0.1616722719772261,0.02600404554872276,0.0,0.0,0.0,0.0,0.0,0.0,0.0,0.0
2020-05-06,7.423250198364258,7.550000190734863,7.385250091552734,7.44474983215332,323464000,7.621749877929687,1,NVDA,0.013787661596074363,0.053080113769117254,0.0023898998609872546,7.2894000053405765,7.295949983596802,-0.12315666204024978,0.02454154564697538,0.0,0.0,0.0,0.0,0.0,0.0,0.0,0.0
2020-05-07,7.584499835968018,7.685249805450439,7.532999992370605,7.621749877929687,373732000,7.8125,1,NVDA,0.023775150242378418,0.04662020032104519,0.04636874818133818,7.352349948883057,7.348099994659424,0.15540523829545183,0.024125209151441708,0.0,0.0,0.0,0.0,0.0,0.0,0.0,0.0
2020-05-08,7.693749904632568,7.818749904632568,7.659749984741211,7.8125,339216000,8.065500259399414,1,NVDA,0.025027077131285713,0.06386598405395794,0.0470414560420247,7.500949954986572,7.405375003814697,-0.09235494953603118,0.024206528851796843,0.0,0.0,0.0,0.0,0.0,0.0,0.0,0.0
2020-05-11,7.807499885559082,8.112500190734863,7.778749942779541,8.065500259399414,469060000,7.802499771118164,0,NVDA,0.03238403320312511,0.0833809652763775,0.10380458225685518,7.657600021362304,7.469225025177002,0.382776755813405,0.02238562925969798,0.0,0.0,0.0,0.0,0.0,0.0,0.0,0.0
2020-05-12,8.123499870300293,8.172499656677246,7.792749881744385,7.802499771118164,493060000,7.78000020980835,0,NVDA,-0.0326080813120988,0.02371501244246743,0.10368481572953558,7.749399948120117,7.521075010299683,0.05116616211145697,0.022422312423382953,0.0,0.0,0.0,0.0,0.0,0.0,0.0,0.0
2020-05-13,7.917500019073486,8.078499794006348,7.594749927520752,7.78000020980835,625852000,8.030500411987305,1,NVDA,-0.002883634984918393,-0.004159973144531204,0.06835116718619094,7.816450023651123,7.55292501449585,0.26932219202531127,0.022038931071212867,0.0,0.0,0.0,0.0,0.0,0.0,0.0,0.0
2020-05-14,7.841750144958496,8.03600025177002,7.6875,8.030500411987305,602312000,8.490750312805176,1,NVDA,0.032197968563438595,-0.004339451526434557,0.09355215657530724,7.898200130462646,7.625275039672852,-0.03761272633146495,0.02358671394488556,0.0,0.0,0.0,0.0,0.0,0.0,0.0,0.0
2020-05-15,7.889750003814697,8.500499725341797,7.874000072479248,8.490750312805176,987660000,8.750249862670898,1,NVDA,0.0573127298680971,0.08820897941383454,0.14050176355614497,8.033850193023682,7.767400074005127,0.6397813757653841,0.028930677248859914,0.0,0.0,0.0,0.0,0.0,0.0,0.0,0.0
2020-05-18,8.760499954223633,8.916500091552734,8.680500030517578,8.750249862670898,774460000,8.805500030517578,1,NVDA,0.03056261700151075,0.12471074893280099,0.14806310923545407,8.170800113677979,7.914200067520142,-0.21586375878338704,0.029217399517469458,0.0,0.0,0.0,0.0,0.0,0.0,0.0,0.0
2020-05-19,8.790249824523926,9.087499618530272,8.762749671936035,8.805500030517578,717320000,8.970000267028809,1,NVDA,0.006314124592302184,0.09650701435410114,0.1271040039062501,8.371400165557862,8.06040005683899,-0.07378044056503885,0.029565180768521222,0.0,0.0,0.0,0.0,0.0,0.0,0.0,0.0
2020-05-20,8.991000175476074,9.04300022125244,8.888750076293945,8.970000267028809,587536000,8.775250434875488,0,NVDA,0.018681532671752432,0.05644376958074715,0.11214431573234451,8.609400177001953,8.212925100326538,-0.18092901355043778,0.028869508600451968,0.0,0.0,0.0,0.0,0.0,0.0,0.0,0.0
2020-05-21,9.05150032043457,9.052499771118164,8.737500190734863,8.775250434875488,761068000,9.026249885559082,1,NVDA,-0.021711240396409592,0.0028571266646046922,0.12467166834891441,8.75835018157959,8.328275156021117,0.29535551864055987,0.025982889091122018,0.0,0.0,0.0,0.0,0.0,0.0,0.0,0.0
2020-05-22,8.825249671936035,9.093000411987305,8.713250160217285,9.026249885559082,1038764000,8.71774959564209,0,NVDA,0.02860310968289248,0.025069542249326338,0.1601863293242034,8.86545009613037,8.449650144577026,0.3648767258641803,0.02461383197524404,0.0,0.0,0.0,0.0,0.0,0.0,0.0,0.0
2020-05-26,9.156749725341797,9.181750297546388,8.67199993133545,8.71774959564209,770780000,8.525250434875488,0,NVDA,-0.03417812422970423,-0.028121590175857802,0.0855798702941244,8.85895004272461,8.514875078201294,-0.25798352657581514,0.03167269501717617,0.0,0.0,0.0,0.0,0.0,0.0,0.0,0.0
2020-05-27,8.625,8.632749557495117,7.996749877929687,8.525250434875488,1175892000,8.487000465393066,0,NVDA,-0.022081290435645218,-0.028489215419587932,0.004063259523517271,8.802900123596192,8.587150144577027,0.5255870676457615,0.02665429852395624,0.0,0.0,0.0,0.0,0.0,0.0,0.0,0.0
2020-05-28,8.412249565124512,8.760499954223633,8.379249572753906,8.487000465393066,734896000,8.875499725341797,1,NVDA,-0.004486668136568395,-0.05974235446647114,-0.030084786310030975,8.706300163269043,8.657850170135498,-0.37503104026560263,0.023220923312267397,0.0,0.0,0.0,0.0,0.0,0.0,0.0,0.0
2020-05-29,8.554499626159668,8.875499725341797,8.484999656677246,8.875499725341797,745256000,8.806249618530273,0,NVDA,0.04577580283315541,0.01809528112376202,0.007949542283983702,8.726350021362304,8.742350101470947,0.014097232805730275,0.029982596340955556,0.0,0.0,0.0,0.0,0.0,0.0,0.0,0.0
2020-06-01,8.833250045776367,8.840749740600586,8.689499855041504,8.806249618530273,389876000,8.825249671936035,1,NVDA,-0.007802389606727966,0.032960812799734285,-0.01825536718214338,8.682349967956544,8.773900032043457,-0.47685627489077576,0.029113703704632225,0.0,0.0,0.0,0.0,0.0,0.0,0.0,0.0
2020-06-02,8.796250343322754,8.837249755859375,8.657999992370605,8.825249671936035,391320000,8.769499778747559,0,NVDA,0.0021575647101554907,0.03985497678740879,0.005697756141731958,8.703849983215331,8.781400012969971,0.0037037417024901043,0.027826356425756316,0.0,0.0,0.0,0.0,0.0,0.0,0.0,0.0
2020-06-03,8.822250366210938,8.866250038146973,8.699999809265137,8.769499778747559,365440000,8.766500473022461,0,NVDA,-0.006317089630422434,-0.011942983479744984,-0.0284448259317851,8.752699851989746,8.777799987792969,-0.06613513237248292,0.025076879878672798,0.0,0.0,0.0,0.0,0.0,0.0,0.0,0.0
2020-06-04,8.727999687194824,8.943249702453613,8.677499771118164,8.766500473022461,424280000,8.920000076293945,1,NVDA,-0.00034201559960878036,-0.0045137427656117834,0.005592140132671508,8.808599853515625,8.757450008392334,0.1610113835376532,0.02122060131577113,0.0,0.0,0.0,0.0,0.0,0.0,0.0,0.0
2020-06-05,8.794500350952148,8.996999740600586,8.708000183105469,8.920000076293945,481748000,8.805000305175781,0,NVDA,0.017509792390230983,0.01073628598397769,0.04630358303652837,8.817499923706055,8.77192497253418,0.13544828886584326,0.019230512728898547,0.0,0.0,0.0,0.0,0.0,0.0,0.0,0.0
2020-06-08,8.877249717712402,8.889749526977539,8.685750007629395,8.805000305175781,387736000,9.04599952697754,1,NVDA,-0.012892350911945738,0.004048181461188571,0.0374690494102603,8.817250061035157,8.74980001449585,-0.19514767056635418,0.020275305509428784,0.0,0.0,0.0,0.0,0.0,0.0,0.0,0.0
2020-06-09,8.800000190734863,9.109749794006348,8.751250267028809,9.04599952697754,468488000,9.36674976348877,1,NVDA,0.02737072270856089,0.031882625776978424,0.019210163586499185,8.861400032043457,8.782625007629395,0.20826541770689344,0.014561159774865013,0.0,0.0,0.0,0.0,0.0,0.0,0.0,0.0
2020-06-10,9.167750358581545,9.5,9.153499603271484,9.36674976348877,632180000,8.796250343322754,0,NVDA,0.035457688844076074,0.050084045221268525,0.06364799650683084,8.9808500289917,8.866774940490723,0.34940489404210995,0.018064187935770606,0.0,0.0,0.0,0.0,0.0,0.0,0.0,0.0
2020-06-11,9.149999618530272,9.261249542236328,8.78600025177002,8.796250343322754,583652000,8.932499885559082,1,NVDA,-0.06090687106746462,-0.0009937491822554767,-0.003285949938107491,8.986800003051759,8.897699928283691,-0.07676294726185584,0.03222027617113327,0.0,0.0,0.0,0.0,0.0,0.0,0.0,0.0
2020-06-12,9.162500381469728,9.187250137329102,8.70324993133545,8.932499885559082,570908000,9.173749923706056,1,NVDA,0.015489502562845425,-0.012546943107831554,0.0185871612890105,8.989299964904784,8.90339994430542,-0.02183492903305395,0.032562023318021605,0.0,0.0,0.0,0.0,0.0,0.0,0.0,0.0
2020-06-15,8.815250396728516,9.182250022888184,8.743749618530273,9.173749923706056,400004000,9.068499565124512,0,NVDA,0.027008121045374534,-0.020604782305065794,0.04645519063585768,9.06304988861084,8.940149974822997,-0.2993547121427621,0.03370140270865409,0.0,0.0,0.0,0.0,0.0,0.0,0.0,0.0
2020-06-16,9.225000381469728,9.26675033569336,8.838749885559082,9.068499565124512,535716000,9.236000061035156,1,NVDA,-0.011472991901552154,0.030950599536815337,0.016647924614398013,9.067549896240234,8.964474964141846,0.3392766072339277,0.033975005099593794,0.0,0.0,0.0,0.0,0.0,0.0,0.0,0.0
2020-06-17,9.113750457763672,9.298999786376951,9.070249557495115,9.236000061035156,408304000,9.218000411987305,0,NVDA,0.01847058542681257,0.03397707017793916,0.04894943110973249,9.041399955749512,9.011124992370606,-0.23783497226142214,0.03361680499727761,0.0,0.0,0.0,0.0,0.0,0.0,0.0,0.0
2020-06-18,9.22700023651123,9.282500267028809,9.114500045776367,9.218000411987305,254408000,9.261249542236328,1,NVDA,-0.0019488576146494685,0.004823598708190158,0.019014027636947484,9.125749969482422,9.05627498626709,-0.3769152396253772,0.032514337898083445,0.0,0.0,0.0,0.0,0.0,0.0,0.0,0.0
2020-06-19,9.24250030517578,9.44499969482422,9.227250099182127,9.261249542236328,524160000,9.52674961090088,1,NVDA,0.004691812574968202,0.02125489180736051,-0.011263268894369016,9.19149990081787,9.090399932861327,1.060312568787145,0.0293452956593227,0.0,0.0,0.0,0.0,0.0,0.0,0.0,0.0
2020-06-22,9.300000190734863,9.53125,9.273249626159668,9.52674961090088,398468000,9.449999809265137,0,NVDA,0.028667845246338253,0.031480029010863664,0.0830466663710463,9.262099838256837,9.16257486343384,-0.23979700854700858,0.01502608795119564,0.0,0.0,0.0,0.0,0.0,0.0,0.0,0.0
2020-06-23,9.550999641418455,9.642499923706056,9.407500267028809,9.449999809265137,375108000,9.23550033569336,0,NVDA,-0.00805624213613465,0.025168082762953015,0.057934501017199214,9.338399887084961,9.202974891662599,-0.05862453195739681,0.016556778644347687,0.0,0.0,0.0,0.0,0.0,0.0,0.0,0.0
2020-06-24,9.47624969482422,9.556500434875488,9.14449977874756,9.23550033569336,449372000,9.489999771118164,1,NVDA,-0.02269835744985671,-0.002780316676009864,0.0067312072490370856,9.3382999420166,9.189849948883058,0.19798031500261248,0.017758558442106342,0.0,0.0,0.0,0.0,0.0,0.0,0.0,0.0
2020-06-25,9.35575008392334,9.505000114440918,9.182250022888184,9.489999771118164,376072000,9.154999732971191,0,NVDA,0.0275566483865759,-0.003857542318595808,0.046479597089539526,9.392699813842773,9.2592248916626,-0.16311652706443658,0.0192222598627584,0.0,0.0,0.0,0.0,0.0,0.0,0.0,0.0
2020-06-26,9.5,9.5,9.125,9.154999732971191,592084000,9.199999809265137,1,NVDA,-0.03530032099331659,-0.031216939920434283,-0.008770065778332836,9.371449851989746,9.28147487640381,0.574390010423536,0.02389588690582873,0.0,0.0,0.0,0.0,0.0,0.0,0.0,0.0
2020-06-29,9.169750213623049,9.204500198364258,8.899999618530273,9.199999809265137,342248000,9.497750282287598,1,NVDA,0.00491535528197562,-0.003843920214156693,-0.0019527665347854883,9.306099891662598,9.284099864959718,-0.421960397511164,0.02399170708809115,0.0,0.0,0.0,0.0,0.0,0.0,0.0,0.0
2020-06-30,9.314000129699709,9.526249885559082,9.26650047302246,9.497750282287598,367892000,9.529999732971191,1,NVDA,0.03236418252124329,0.0008167029880254972,0.025536590821000793,9.31564998626709,9.327024936676025,0.07492812229728152,0.02699200541740305,0.0,0.0,0.0,0.0,0.0,0.0,0.0,0.0
2020-07-01,9.520750045776367,9.575750350952148,9.413000106811523,9.529999732971191,326648000,9.612250328063965,1,NVDA,0.003395483111799269,0.04096122456994289,0.00034115749894292335,9.374549865722656,9.356424903869629,-0.11210898850749673,0.024725336005383486,0.0,0.0,0.0,0.0,0.0,0.0,0.0,0.0
2020-07-02,9.638999938964844,9.737500190734863,9.57824993133545,9.612250328063965,364056000,9.83924961090088,1,NVDA,0.008630702769928611,0.04480983992887255,0.017169367415198478,9.398999977111817,9.395849895477294,0.11452082976170064,0.02458821598935548,0.0,0.0,0.0,0.0,0.0,0.0,0.0,0.0
2020-07-06,9.74174976348877,9.9087495803833,9.712499618530272,9.83924961090088,315892000,9.871749877929688,1,NVDA,0.023615623302502664,0.035955812530694464,0.06537266561229504,9.535849952697754,9.45364990234375,-0.13229832772979977,0.02278128967229284,0.0,0.0,0.0,0.0,0.0,0.0,0.0,0.0
2020-07-07,9.946249961853027,10.06999969482422,9.850749969482422,9.871749877929688,357800000,10.215999603271484,1,NVDA,0.003303124558685866,0.035860456929094564,0.04022656649300882,9.670199966430664,9.488149929046632,0.13266559457029614,0.021342778500797365,0.0,0.0,0.0,0.0,0.0,0.0,0.0,0.0
2020-07-08,9.993749618530272,10.225000381469728,9.965499877929688,10.215999603271484,365480000,10.508999824523926,1,NVDA,0.03487220904081423,0.06281039866854177,0.11589294388280158,9.813849830627442,9.564749908447265,0.021464505310229143,0.014018370534637607,0.0,0.0,0.0,0.0,0.0,0.0,0.0,0.0
2020-07-09,10.380249977111816,10.56999969482422,10.23349952697754,10.508999824523926,494548000,10.479249954223633,0,NVDA,0.028680523945851855,0.06806923699557643,0.14228261330402647,10.009649848937988,9.692099857330323,0.35314654700667614,0.013798942446243082,0.0,0.0,0.0,0.0,0.0,0.0,0.0,0.0
2020-07-10,10.588749885559082,10.65524959564209,10.37874984741211,10.479249954223633,497676000,10.052249908447266,0,NVDA,-0.0028308945472497182,0.06153924925226639,0.10334022718689906,10.183049774169922,9.791024875640868,0.006324967445020535,0.014618581304082646,0.0,0.0,0.0,0.0,0.0,0.0,0.0,0.0
2020-07-13,10.595000267028809,10.79224967956543,10.024999618530272,10.052249908447266,457076000,10.376999855041504,1,NVDA,-0.0407471954234917,-0.0160287491369695,0.0548006495392892,10.2256498336792,9.880749893188476,-0.08157918002877373,0.025526687957617745,0.0,0.0,0.0,0.0,0.0,0.0,0.0,0.0
2020-07-14,10.074999809265137,10.402750015258787,9.785499572753906,10.376999855041504,542676000,10.227250099182127,0,NVDA,0.03230619508587229,-0.01256065959525332,0.07955988461357211,10.326699829101562,9.998449897766113,0.18727738931818783,0.027151451137478425,0.0,0.0,0.0,0.0,0.0,0.0,0.0,0.0
2020-07-15,10.414250373840332,10.43299961090088,10.055749893188477,10.227250099182127,403984000,10.134750366210938,0,NVDA,-0.01443092974378557,-0.02404750875704975,0.039433951126860434,10.328949928283691,10.071399879455566,-0.2555705430127737,0.028071055816815765,0.0,0.0,0.0,0.0,0.0,0.0,0.0,0.0
2020-07-16,10.015000343322754,10.20674991607666,9.895500183105469,10.134750366210938,344964000,10.201499938964844,1,NVDA,-0.009044438346001438,0.008207163422622843,0.02664172933202469,10.254100036621093,10.131874942779541,-0.14609489484732063,0.02864203994123971,0.0,0.0,0.0,0.0,0.0,0.0,0.0,0.0
2020-07-17,10.225500106811523,10.248499870300291,10.087750434875488,10.201499938964844,266284000,10.510749816894531,1,NVDA,0.006586207882973483,-0.01691239457726279,-0.001419309403848934,10.198550033569337,10.190799903869628,-0.2280817708514512,0.025390299251212344,0.0,0.0,0.0,0.0,0.0,0.0,0.0,0.0
2020-07-20,10.274250030517578,10.53125,10.156749725341797,10.510749816894531,284852000,10.328499794006348,0,NVDA,0.03031415770033008,0.02772003372979759,0.00016652320866183956,10.290250015258788,10.257949924468994,0.06973006263988824,0.025702645016162005,0.0,0.0,0.0,0.0,0.0,0.0,0.0,0.0
2020-07-21,10.512999534606934,10.5600004196167,10.286749839782717,10.328499794006348,277036000,10.438750267028809,1,NVDA,-0.017339393103548373,0.01911733597715104,-0.014385586838352449,10.280550003051758,10.30362491607666,-0.027438810329574626,0.026568310214462102,0.0,0.0,0.0,0.0,0.0,0.0,0.0,0.0
2020-07-22,10.36750030517578,10.602499961853027,10.291500091552734,10.438750267028809,367292000,10.12975025177002,0,NVDA,0.010674393689434014,0.023256416162664717,0.03844913945650652,10.322850036621094,10.325899982452393,0.32579159387227663,0.02038235937921961,0.0,0.0,0.0,0.0,0.0,0.0,0.0,0.0
2020-07-23,10.449999809265137,10.54699993133545,10.03125,10.12975025177002,411660000,10.194499969482422,1,NVDA,-0.029601246064366316,-0.03624856187825054,-0.023826694297520157,10.32185001373291,10.287975025177001,0.12079762151095053,0.020284144426389712,0.0,0.0,0.0,0.0,0.0,0.0,0.0,0.0
2020-07-24,9.875,10.364749908447266,9.777000427246094,10.194499969482422,473292000,10.421500205993652,1,NVDA,0.006392034956744119,-0.01297379359988815,-0.0032022419890097575,10.320450019836425,10.25950002670288,0.14971578487101,0.01989654637419956,0.0,0.0,0.0,0.0,0.0,0.0,0.0,0.0
2020-07-27,10.232250213623049,10.441749572753906,10.21774959564209,10.421500205993652,292132000,10.215499877929688,0,NVDA,0.02226693189374296,-0.0016525025116886916,0.028293724997779268,10.30260009765625,10.296425056457519,-0.3827658189870101,0.021084149248775524,0.0,0.0,0.0,0.0,0.0,0.0,0.0,0.0
2020-07-28,10.374250411987305,10.381999969482422,10.209250450134276,10.215499877929688,271636000,10.465499877929688,1,NVDA,-0.01976685928053712,0.008465127375147707,0.0013723412290942427,10.280000114440918,10.280275058746337,-0.0701600646283187,0.022861712663753853,0.0,0.0,0.0,0.0,0.0,0.0,0.0,0.0
2020-07-29,10.39074993133545,10.516249656677246,10.347000122070312,10.465499877929688,284508000,10.61400032043457,1,NVDA,0.02447261543609014,0.026582952499731416,-0.00430511045863835,10.285350036621093,10.304100036621094,0.04738694429309809,0.021663872810772537,0.0,0.0,0.0,0.0,0.0,0.0,0.0,0.0
2020-07-30,10.375,10.623000144958496,10.295249938964844,10.61400032043457,308880000,10.614749908447266,1,NVDA,0.014189522166834001,0.018471439872947082,0.02764201308247105,10.382200050354005,10.352025032043457,0.0856636720232824,0.020819684649441582,0.0,0.0,0.0,0.0,0.0,0.0,0.0,0.0
2020-07-31,10.563249588012695,10.76650047302246,10.43299961090088,10.614749908447266,386080000,11.010250091552734,1,NVDA,7.062257302292707e-05,0.03908276983881587,0.01686022147443822,10.466250038146972,10.3933500289917,0.24993524993524985,0.02064576638381709,0.0,0.0,0.0,0.0,0.0,0.0,0.0,0.0
2020-08-03,10.732500076293944,11.098750114440918,10.715250015258787,11.010250091552734,412720000,11.227749824523926,1,NVDA,0.037259491416818724,0.05205200133553589,0.08692216667719532,10.58400001525879,10.44330005645752,0.06900124326564439,0.01864847124766416,0.0,0.0,0.0,0.0,0.0,0.0,0.0,0.0
2020-08-04,11.050000190734863,11.227749824523926,10.906000137329102,11.227749824523926,310336000,11.286749839782717,1,NVDA,0.019754295421323897,0.05782452285287154,0.1013536571812812,10.786450004577636,10.533225059509277,-0.2480713316534212,0.01864756134570411,0.0,0.0,0.0,0.0,0.0,0.0,0.0,0.0
2020-08-05,11.244000434875488,11.371749877929688,11.166250228881836,11.286749839782717,249924000,11.33549976348877,1,NVDA,0.005254838786122651,0.06330812662865193,0.083025439398009,10.950699996948241,10.618025016784667,-0.1946664260672304,0.01850395990194882,0.0,0.0,0.0,0.0,0.0,0.0,0.0,0.0
2020-08-06,11.349749565124512,11.357999801635742,11.178750038146973,11.33549976348877,244316000,11.19950008392334,0,NVDA,0.004319217170404732,0.029540625256602615,0.10963730595101007,11.094999885559082,10.738599967956542,-0.022438821401706166,0.013168108673035325,0.0,0.0,0.0,0.0,0.0,0.0,0.0,0.0
2020-08-07,11.3125,11.50475025177002,11.037500381469728,11.19950008392334,342516000,11.164999961853027,0,NVDA,-0.011997678302943404,-0.002516064308707877,0.07013522665473038,11.211949920654297,10.839099979400634,0.40193847312496933,0.015773752754633746,0.0,0.0,0.0,0.0,0.0,0.0,0.0,0.0
2020-08-10,11.334250450134276,11.408249855041504,10.856499671936035,11.164999961853027,427796000,10.850000381469728,0,NVDA,-0.003080505541478318,-0.010786974076501088,0.05191253295495457,11.242899894714355,10.913449954986572,0.24898106949748322,0.01632040940724371,0.0,0.0,0.0,0.0,0.0,0.0,0.0,0.0
2020-08-11,11.073749542236328,11.13675022125244,10.79574966430664,10.850000381469728,354512000,11.440250396728516,1,NVDA,-0.0282131286573708,-0.042829993573182956,0.022162601573424645,11.167350006103515,10.976900005340577,-0.17130594956474576,0.02120004978722914,0.0,0.0,0.0,0.0,0.0,0.0,0.0,0.0
2020-08-12,10.990750312805176,11.467000007629396,10.958250045776367,11.440250396728516,464412000,11.442999839782717,1,NVDA,0.054400921152671255,0.021496523148454516,0.039054544774208555,11.198050117492675,11.07437505722046,0.31000361059710246,0.026178145203738963,0.0,0.0,0.0,0.0,0.0,0.0,0.0,0.0
2020-08-13,11.54599952697754,11.721750259399414,11.35575008392334,11.442999839782717,374460000,11.564000129699709,1,NVDA,0.0002403306709954922,0.024899227844112692,0.019171251463818484,11.219550132751465,11.157275009155274,-0.19369008552750577,0.025471083537668703,0.0,0.0,0.0,0.0,0.0,0.0,0.0,0.0
2020-08-14,11.529999732971191,11.704750061035156,11.440500259399414,11.564000129699709,366436000,12.336999893188477,1,NVDA,0.010574175619256998,0.06580642609463783,0.024564227421765006,11.29245014190674,11.252200031280518,-0.021428189926827934,0.025628804558490686,0.0,0.0,0.0,0.0,0.0,0.0,0.0,0.0
2020-08-17,11.85124969482422,12.409749984741213,11.81725025177002,12.336999893188477,621300000,12.260749816894531,0,NVDA,0.06684536101858729,0.0783854780588018,0.08835076975833944,11.52685012817383,11.384875011444091,0.6955211824165748,0.03503172553877874,0.0,0.0,0.0,0.0,0.0,0.0,0.0,0.0
2020-08-18,12.449999809265137,12.496000289916992,12.08625030517578,12.260749816894531,503448000,12.138500213623049,0,NVDA,-0.00618060119592323,0.07146290208524042,0.09475867003158411,11.80900001525879,11.488175010681152,-0.18968614196040556,0.034412244506830954,0.0,0.0,0.0,0.0,0.0,0.0,0.0,0.0
2020-08-19,12.296500205993652,12.3149995803833,12.097999572753906,12.138500213623049,622624000,12.140999794006348,1,NVDA,-0.00997080970553943,0.049680048208219585,0.0871921410744414,11.948649978637697,11.573350048065185,0.2367195817641543,0.035058449391154566,0.0,0.0,0.0,0.0,0.0,0.0,0.0,0.0
2020-08-20,11.975000381469728,12.375,11.87874984741211,12.140999794006348,921388000,12.683500289916992,1,NVDA,0.00020592168219368823,-0.01588717685653418,0.11898611678774351,12.088249969482423,11.653900051116944,0.47984658477668707,0.03096014583879917,0.0,0.0,0.0,0.0,0.0,0.0,0.0,0.0
2020-08-21,12.201749801635742,12.80875015258789,12.195249557495115,12.683500289916992,999868000,12.720250129699709,1,NVDA,0.04468334610947444,0.03447998526484386,0.10867331134150704,12.312150001525879,11.802300071716308,0.08517584340147688,0.029146821218268136,0.0,0.0,0.0,0.0,0.0,0.0,0.0,0.0
2020-08-24,12.883749961853027,12.912500381469728,12.50749969482422,12.720250129699709,490564000,12.75,1,NVDA,0.0028974525125318173,0.04792601275598796,0.11161848359697646,12.388800048828125,11.957825088500977,-0.5093712370032845,0.02893607092938,0.0,0.0,0.0,0.0,0.0,0.0,0.0,0.0
2020-08-25,12.630749702453612,12.761249542236328,12.573749542236328,12.75,289076000,12.77299976348877,1,NVDA,0.0023387802910281863,0.05016063061744691,0.10255965556886326,12.486650085449218,12.147825050354005,-0.4107272445593235,0.02933810911897079,0.0,0.0,0.0,0.0,0.0,0.0,0.0,0.0
2020-08-26,12.799249649047852,12.868499755859377,12.677749633789062,12.77299976348877,321244000,12.628250122070312,0,NVDA,0.0018039030187271266,0.007056370207435991,0.03534083440667102,12.613549995422364,12.281099987030029,0.11127869487608799,0.018113132879997017,0.0,0.0,0.0,0.0,0.0,0.0,0.0,0.0
2020-08-27,12.781499862670898,12.850000381469728,12.566499710083008,12.628250122070312,317604000,13.147749900817873,1,NVDA,-0.011332470374909032,-0.007232562779138418,0.029973721890107274,12.711000061035156,12.399625015258788,-0.011330950928266414,0.01874215719785693,0.0,0.0,0.0,0.0,0.0,0.0,0.0,0.0
2020-08-28,12.675000190734863,13.14799976348877,12.642499923706056,13.147749900817873,537160000,13.374500274658203,1,NVDA,0.04113790697252928,0.03119607065238217,0.08314451286676605,12.803849983215333,12.557999992370606,0.6912885228145742,0.021909458120474224,0.0,0.0,0.0,0.0,0.0,0.0,0.0,0.0
2020-08-31,13.18274974822998,13.574999809265137,13.037750244140623,13.374500274658203,500840000,13.821000099182127,1,NVDA,0.01724632545879401,0.047091562068982684,0.10159793275515905,12.934700012207031,12.661750030517577,-0.06761486335542488,0.021362412228751366,0.0,0.0,0.0,0.0,0.0,0.0,0.0,0.0
2020-09-01,13.479999542236328,13.993749618530272,13.43649959564209,13.821000099182127,511316000,14.346500396728516,1,NVDA,0.03338441178022511,0.09445093069761534,0.08968342991007083,13.148900032043457,12.817775058746339,0.020916859675744748,0.018959027468837427,0.0,0.0,0.0,0.0,0.0,0.0,0.0,0.0
2020-09-02,14.703749656677246,14.726750373840332,13.899999618530272,14.346500396728516,874012000,13.01550006866455,0,NVDA,0.03802187206246277,0.09117533455941951,0.1278473497334598,13.463600158691406,13.038575077056885,0.709338256577146,0.020574323436887546,0.0,0.0,0.0,0.0,0.0,0.0,0.0,0.0
2020-09-03,13.828749656677246,13.884499549865724,12.87874984741211,13.01550006866455,945128000,12.6225004196167,0,NVDA,-0.09277526164969663,-0.02684213978999128,0.020823534797219656,13.541050148010253,13.126025104522705,0.08136730388141133,0.04687028522503686,0.0,0.0,0.0,0.0,0.0,0.0,0.0,0.0
2020-09-04,12.7837495803833,13.175000190734863,11.704750061035156,12.6225004196167,1463684000,11.913000106811523,0,NVDA,-0.03019474065341654,-0.08671584335176663,-0.011782615412103015,13.43600025177002,13.119925117492675,0.548662191787779,0.04863886136442658,0.0,0.0,0.0,0.0,0.0,0.0,0.0,0.0
2020-09-08,11.73449993133545,12.550000190734863,11.70425033569336,11.913000106811523,795728000,12.71500015258789,1,NVDA,-0.056209173239759824,-0.16962326857579235,-0.05663888570030384,13.143700218200683,13.039200115203858,-0.4563526006979649,0.05304074647751887,0.0,0.0,0.0,0.0,0.0,0.0,0.0,0.0
2020-09-09,12.399999618530272,12.809249877929688,12.231749534606934,12.71500015258789,736200000,12.311750411987305,0,NVDA,0.06732141682075587,-0.02308785021638382,-0.032914358083664386,12.922500228881836,13.035700130462647,-0.07480948263728304,0.057722479355335206,0.0,0.0,0.0,0.0,0.0,0.0,0.0,0.0
2020-09-10,12.989250183105469,13.065250396728516,12.166999816894531,12.311750411987305,698684000,12.16450023651123,0,NVDA,-0.031714489639114385,-0.024618736169456312,-0.0794609025269214,12.515550231933593,12.9895751953125,-0.05095897853844067,0.05778208621444975,0.0,0.0,0.0,0.0,0.0,0.0,0.0,0.0
2020-09-11,12.48550033569336,12.65250015258789,11.895750045776367,12.16450023651123,636928000,12.872249603271484,1,NVDA,-0.01196013325064682,0.02111140161544256,-0.11985383480092171,12.34535026550293,12.943200206756591,-0.08838902851646813,0.054516752756969766,0.0,0.0,0.0,0.0,0.0,0.0,0.0,0.0
2020-09-14,13.081000328063965,13.3149995803833,12.631250381469728,12.872249603271484,1201744000,12.991000175476074,1,NVDA,0.05818154079490867,0.012367239386276374,-0.1027603075794854,12.395300102233886,12.915650177001954,0.8867815514469453,0.05829619404685736,0.0,0.0,0.0,0.0,0.0,0.0,0.0,0.0
2020-09-15,13.279999732971191,13.298749923706056,12.827750205993652,12.991000175476074,727556000,12.51449966430664,0,NVDA,0.009225316154094054,0.0551708522963088,-0.0018823628027524464,12.610900115966796,12.87730016708374,-0.3945832057409897,0.04693848792281975,0.0,0.0,0.0,0.0,0.0,0.0,0.0,0.0
2020-09-16,12.957249641418455,13.09274959564209,12.513750076293944,12.51449966430664,556384000,12.463500022888184,0,NVDA,-0.036679278326002485,0.02877219951419807,-0.008556209286570082,12.570800018310546,12.746650123596192,-0.2352698623885996,0.047706716224888146,0.0,0.0,0.0,0.0,0.0,0.0,0.0,0.0
2020-09-17,12.13224983215332,12.589750289916992,12.034749984741213,12.463500022888184,792512000,12.189249992370604,0,NVDA,-0.004075244139717049,-0.03175432367932152,0.046210015205313315,12.601149940490723,12.558350086212158,0.42439753839075167,0.04113346796542512,0.0,0.0,0.0,0.0,0.0,0.0,0.0,0.0
2020-09-18,12.59375,12.63249969482422,11.988750457763672,12.189249992370604,698460000,12.517250061035156,1,NVDA,-0.02200425482520496,-0.06171581650956981,-0.041348812733618456,12.606099891662598,12.475725078582764,-0.11867580553985302,0.03226875296942085,0.0,0.0,0.0,0.0,0.0,0.0,0.0,0.0
2020-09-21,11.925000190734863,12.522500038146973,11.904500007629396,12.517250061035156,721044000,12.637749671936035,1,NVDA,0.026908962312681473,0.00021977680309182013,0.016691342999267444,12.535099983215332,12.465200042724609,0.03233399192509245,0.03195996662769579,0.0,0.0,0.0,0.0,0.0,0.0,0.0,0.0
2020-09-22,12.574999809265137,12.64799976348877,12.155500411987305,12.637749671936035,646452000,12.123749732971191,0,NVDA,0.009626684001143415,0.013980795822028824,0.03890414124900632,12.464449882507324,12.53767499923706,-0.10344999750361972,0.03133376201186196,0.0,0.0,0.0,0.0,0.0,0.0,0.0,0.0
2020-09-23,12.575499534606934,12.72700023651123,12.07925033569336,12.123749732971191,647012000,12.347999572753906,1,NVDA,-0.04067179302548263,-0.005373608666686569,-0.05814833408063047,12.386299896240235,12.47854995727539,0.0008662669463470607,0.02558358475862294,0.0,0.0,0.0,0.0,0.0,0.0,0.0,0.0
2020-09-24,12.072250366210938,12.569499969482422,12.013999938964844,12.347999572753906,731240000,12.873749732971191,1,NVDA,0.01849673943473573,-0.013521379492777652,-0.049495850514727935,12.363199806213379,12.48217487335205,0.13017996575024893,0.026847182951989384,0.0,0.0,0.0,0.0,0.0,0.0,0.0,0.0
2020-09-25,12.447500228881836,12.883500099182127,12.245750427246094,12.873749732971191,588016000,13.03499984741211,1,NVDA,0.04257775983223744,0.01867421551791204,0.028706706484574074,12.500099754333496,12.553099822998046,-0.19586455883157372,0.028840687365692622,0.0,0.0,0.0,0.0,0.0,0.0,0.0,0.0
2020-09-28,13.040249824523926,13.051750183105469,12.75,13.03499984741211,573808000,13.225749969482422,1,NVDA,0.012525497060731139,0.07516239896990973,0.04585387920523232,12.603649711608886,12.56937484741211,-0.024162607820195414,0.028709049238880357,0.0,0.0,0.0,0.0,0.0,0.0,0.0,0.0
2020-09-29,12.9375,13.442749977111816,12.933250427246094,13.225749969482422,621460000,13.530500411987305,1,NVDA,0.014633688093842467,0.0710844207239274,0.0850339420194497,12.721249771118163,12.592849826812744,0.08304519978808234,0.02577675208167745,0.0,0.0,0.0,0.0,0.0,0.0,0.0,0.0
2020-09-30,13.157500267028809,13.6225004196167,13.150250434875488,13.530500411987305,689184000,13.614500045776367,1,NVDA,0.023042205032461238,0.05101471542002223,0.08094831900069543,13.002599906921386,12.69444990158081,0.10897563801370969,0.025443632495405273,0.0,0.0,0.0,0.0,0.0,0.0,0.0,0.0
2020-10-01,13.758000373840332,13.762749671936035,13.460749626159668,13.614500045776367,525004000,13.062250137329102,0,NVDA,0.006208169042635214,0.04445724627141501,0.07728831470758979,13.255900001525879,12.809549903869629,-0.2382237544690533,0.025517420043841915,0.0,0.0,0.0,0.0,0.0,0.0,0.0,0.0
2020-10-02,13.225000381469728,13.51949977874756,13.050999641418455,13.062250137329102,552496000,13.642499923706056,1,NVDA,-0.040563363075428516,-0.012362235225267804,0.07741007732992111,13.293600082397461,12.89684991836548,0.052365315311883265,0.025480851332511153,0.0,0.0,0.0,0.0,0.0,0.0,0.0,0.0
2020-10-05,13.236000061035156,13.64424991607666,13.222749710083008,13.642499923706056,479820000,13.736499786376951,1,NVDA,0.044421885990280074,0.008277558723513767,0.10483482310839154,13.41510009765625,13.009374904632569,-0.13154122382786482,0.028463530226093835,0.0,0.0,0.0,0.0,0.0,0.0,0.0,0.0
2020-10-06,13.829999923706056,14.142000198364258,13.664999961853027,13.736499786376951,784420000,13.96399974822998,1,NVDA,0.0068902227008669215,0.0089610151081847,0.06701622070500224,13.517250061035156,13.11924991607666,0.6348213913550915,0.02569813004179353,0.0,0.0,0.0,0.0,0.0,0.0,0.0,0.0
2020-10-07,13.999750137329102,14.119250297546388,13.863499641418455,13.96399974822998,418084000,13.838749885559082,0,NVDA,0.016561712619007185,0.06903478354957171,0.07126965183680523,13.603949928283692,13.30327491760254,-0.46701511945131435,0.02581986001634752,0.0,0.0,0.0,0.0,0.0,0.0,0.0,0.0
2020-10-08,14.074999809265137,14.084500312805176,13.758000373840332,13.838749885559082,378900000,13.762749671936035,0,NVDA,-0.008969483309162474,0.014385190613929177,0.04634897208030697,13.648799896240234,13.452349948883057,-0.09372279254886573,0.026667176209769827,0.0,0.0,0.0,0.0,0.0,0.0,0.0,0.0
2020-10-09,13.767000198364258,13.82425022125244,13.66075038909912,13.762749671936035,346892000,14.22599983215332,1,NVDA,-0.0054918409720197126,0.0019109588299281999,0.017164868473228845,13.788899803161621,13.54124994277954,-0.08447611506993935,0.02594136404969255,0.0,0.0,0.0,0.0,0.0,0.0,0.0,0.0
2020-10-12,13.989500045776367,14.347000122070312,13.912500381469728,14.22599983215332,434744000,14.248250007629396,1,NVDA,0.03365970981524935,0.01876253857398913,0.044915331765462696,13.905599784851074,13.660349941253662,0.2532546152693058,0.028504483628326666,0.0,0.0,0.0,0.0,0.0,0.0,0.0,0.0
2020-10-13,14.296500205993652,14.34850025177002,14.018750190734863,14.248250007629396,344604000,14.095250129699709,0,NVDA,0.0015640500308307104,0.029590831936173068,0.0907959852116873,14.007949829101562,13.76259994506836,-0.20734041182857033,0.020078026348411878,0.0,0.0,0.0,0.0,0.0,0.0,0.0,0.0
2020-10-14,14.290499687194824,14.34274959564209,13.960000038146973,14.095250129699709,276100000,13.970000267028809,0,NVDA,-0.010738152253628508,0.02415944965137906,0.033186747921979176,14.034199905395507,13.8190749168396,-0.19879049575744911,0.01593221989823247,0.0,0.0,0.0,0.0,0.0,0.0,0.0,0.0
2020-10-15,13.810750007629396,14.005749702453612,13.767749786376951,13.970000267028809,267224000,13.81149959564209,0,NVDA,-0.008885962399985403,-0.017995189662937228,0.01699854288087499,14.060449981689453,13.854624938964843,-0.032147772546178954,0.01668251054277262,0.0,0.0,0.0,0.0,0.0,0.0,0.0,0.0
2020-10-16,14.036749839782717,14.121500015258787,13.792499542236328,13.81149959564209,242392000,13.497750282287598,0,NVDA,-0.01134578871560965,-0.03065291609520071,-0.010920950683003361,14.070199966430664,13.929549884796142,-0.09292578510912197,0.01609422670913986,0.0,0.0,0.0,0.0,0.0,0.0,0.0,0.0
2020-10-19,13.902999877929688,13.98349952697754,13.406749725341797,13.497750282287598,298068000,13.645500183105469,1,NVDA,-0.02271652771531696,-0.042390155684654096,-0.024640925379200707,13.92455005645752,13.915074920654297,0.22969404930855797,0.017900858152696434,0.0,0.0,0.0,0.0,0.0,0.0,0.0,0.0
2020-10-20,13.583499908447266,13.799750328063965,13.506999969482422,13.645500183105469,229212000,13.524749755859377,0,NVDA,0.010946261245605937,-0.0232283520200931,-0.008519336006645006,13.804000091552734,13.905974960327148,-0.2310076895205121,0.018646750522066147,0.0,0.0,0.0,0.0,0.0,0.0,0.0,0.0
2020-10-21,13.625,13.791500091552734,13.477499961853027,13.524749755859377,219596000,13.361000061035156,0,NVDA,-0.008849102314006263,-0.02076167311138255,-0.04929355297115867,13.689900016784668,13.862049961090088,-0.041952428319634194,0.01066228579373315,0.0,0.0,0.0,0.0,0.0,0.0,0.0,0.0
2020-10-22,13.522500038146973,13.611749649047852,13.231749534606934,13.361000061035156,290480000,13.590250015258787,1,NVDA,-0.012107410324045276,-0.010131334362578293,-0.06227080140502528,13.568099975585938,13.814274978637695,0.32279276489553554,0.010034463976202569,0.0,0.0,0.0,0.0,0.0,0.0,0.0,0.0
2020-10-23,13.449999809265137,13.593250274658203,13.291250228881836,13.590250015258787,233484000,13.141249656677246,0,NVDA,0.01715814334079635,-0.004048966113758601,-0.035827680232282666,13.523850059509277,13.797025012969971,-0.1962131644175158,0.014022309662487574,0.0,0.0,0.0,0.0,0.0,0.0,0.0,0.0
2020-10-26,13.427000045776367,13.692749977111816,13.03849983215332,13.141249656677246,336896000,13.396750450134276,1,NVDA,-0.03303841784201289,-0.028355430311454377,-0.05932359302150714,13.452549934387207,13.688549995422363,0.4429082935019102,0.01761602256714548,0.0,0.0,0.0,0.0,0.0,0.0,0.0,0.0
2020-10-27,13.305999755859377,13.44200038909912,13.191499710083008,13.396750450134276,250520000,12.626999855041504,0,NVDA,0.01944265576959081,0.0026757270365844743,-0.030029262400925627,13.402799987792969,13.603400039672852,-0.2563877279635258,0.020425491390983097,0.0,0.0,0.0,0.0,0.0,0.0,0.0,0.0
2020-10-28,13.197999954223633,13.260000228881836,12.609000205993652,12.626999855041504,376520000,13.02400016784668,1,NVDA,-0.057458008041424424,-0.07087803087770794,-0.06451078209594197,13.223250007629394,13.456575012207031,0.5029538559795625,0.028362745758936755,0.0,0.0,0.0,0.0,0.0,0.0,0.0,0.0
2020-10-29,12.838500022888184,13.192749977111816,12.75,13.02400016784668,320080000,12.534000396728516,0,NVDA,0.031440589004732455,-0.008922248027682045,-0.045546151252723543,13.155850028991699,13.361975002288819,-0.14989907574630834,0.03164796432962465,0.0,0.0,0.0,0.0,0.0,0.0,0.0,0.0
2020-10-30,12.850000381469728,12.93649959564209,12.300000190734863,12.534000396728516,416820000,12.580750465393066,1,NVDA,-0.03762283206413519,-0.06439994957113737,-0.07325454274683607,12.944600105285645,13.234225082397462,0.3022369407648089,0.03384171043730311,0.0,0.0,0.0,0.0,0.0,0.0,0.0,0.0
2020-11-02,12.657750129699709,12.836750030517578,12.395000457763672,12.580750465393066,299652000,13.01949977874756,1,NVDA,0.0037298601551627453,-0.003662737798319715,-0.058397544500994436,12.83250026702881,13.142525100708008,-0.28109975529005327,0.034228869437380245,0.0,0.0,0.0,0.0,0.0,0.0,0.0,0.0
2020-11-03,12.708499908447266,13.104999542236328,12.602749824523926,13.01949977874756,272900000,13.794249534606934,1,NVDA,0.034874653508262465,-0.00034554584160939594,-0.04199703727822546,12.757050132751464,13.079925060272217,-0.0892768945309893,0.036950234739093334,0.0,0.0,0.0,0.0,0.0,0.0,0.0,0.0
2020-11-04,13.389249801635742,13.827500343322754,13.336999893188477,13.794249534606934,410228000,14.15999984741211,1,NVDA,0.05950687576523017,0.10054644151817271,0.04969085094566239,12.99050006866455,13.106875038146972,0.5032172957127152,0.04171212214314539,0.0,0.0,0.0,0.0,0.0,0.0,0.0,0.0
2020-11-05,14.162500381469728,14.33899974822998,13.991000175476074,14.15999984741211,319028000,14.562000274658203,1,NVDA,0.026514694539023997,0.12552902836466062,0.0569727263427664,13.217700004577637,13.186775016784669,-0.22231539534112732,0.04212745913131121,0.0,0.0,0.0,0.0,0.0,0.0,0.0,0.0
2020-11-06,14.109749794006348,14.588749885559082,13.895000457763672,14.562000274658203,383348000,13.630749702453612,0,NVDA,0.028389860987150017,0.11847617205912564,0.15324308559678368,13.623299980163575,13.283950042724609,0.20161239765788586,0.030561968495621913,0.0,0.0,0.0,0.0,0.0,0.0,0.0,0.0
2020-11-09,14.552499771118164,14.691499710083008,13.610750198364258,13.630749702453612,582976000,12.770000457763672,0,NVDA,-0.0639507316742205,-0.011852752970948899,0.046587033690682844,13.833299827575683,13.332900047302246,0.520748771351357,0.04360306348722195,0.0,0.0,0.0,0.0,0.0,0.0,0.0,0.0
2020-11-10,13.606499671936035,13.606499671936035,12.628250122070312,12.770000457763672,644068000,13.41800022125244,1,NVDA,-0.06314760842061384,-0.0981637997617969,0.018828789976482962,13.783399963378907,13.270225048065186,0.10479333626084086,0.04875378792373625,0.0,0.0,0.0,0.0,0.0,0.0,0.0,0.0
2020-11-11,13.053750038146973,13.4350004196167,12.948249816894531,13.41800022125244,404744000,13.45674991607666,1,NVDA,0.05074391074863338,-0.07856063946081848,0.06655006457384771,13.708150100708007,13.34932508468628,-0.3715818826583528,0.051895284071879405,0.0,0.0,0.0,0.0,0.0,0.0,0.0,0.0
2020-11-12,13.479000091552734,13.765999794006348,13.315999984741213,13.45674991607666,365812000,13.29699993133545,0,NVDA,0.0028878889689423204,-0.01276523963649856,0.03358425014475963,13.567500114440918,13.392600059509277,-0.09618919613385246,0.05077923571854123,0.0,0.0,0.0,0.0,0.0,0.0,0.0,0.0
2020-11-13,13.627249717712402,13.668749809265137,13.059249877929688,13.29699993133545,346312000,13.515250205993652,1,NVDA,-0.011871364611625856,0.0412685555740433,-0.036047600996631735,13.314500045776366,13.468900012969971,-0.05330606978447949,0.04505224885776473,0.0,0.0,0.0,0.0,0.0,0.0,0.0,0.0
2020-11-16,13.172499656677246,13.649499893188477,13.156000137329102,13.515250205993652,413776000,13.422249794006348,0,NVDA,0.01641349746448295,0.007247725677272054,-0.04553316725750478,13.291400146484374,13.562349987030029,0.19480699484857578,0.04404958562697194,0.0,0.0,0.0,0.0,0.0,0.0,0.0,0.0
2020-11-17,13.552499771118164,13.5962495803833,13.303750038146973,13.422249794006348,312028000,13.428750038146973,1,NVDA,-0.006881146154886664,-0.0025637781994518605,-0.07826881329176516,13.42185001373291,13.602624988555908,-0.24590116391477512,0.041427360695800115,0.0,0.0,0.0,0.0,0.0,0.0,0.0,0.0
2020-11-18,13.465250015258787,13.60575008392334,13.1850004196167,13.428750038146973,510924000,13.440250396728516,1,NVDA,0.0004842887176430555,0.009908258065117748,-0.014819409696172348,13.423999977111816,13.566075038909911,0.6374299742330816,0.03418174920845119,0.0,0.0,0.0,0.0,0.0,0.0,0.0,0.0
2020-11-19,13.212750434875488,13.487500190734863,13.100000381469728,13.440250396728516,565936000,13.087750434875488,0,NVDA,0.000856398290896232,-0.005549272719485132,0.05248628934522537,13.420700073242188,13.494100093841553,0.10767159107812518,0.021000714500293893,0.0,0.0,0.0,0.0,0.0,0.0,0.0,0.0
2020-11-20,13.45400047302246,13.494500160217283,13.0649995803833,13.087750434875488,341088000,13.140000343322754,1,NVDA,-0.02622718710202221,-0.024921258676040225,-0.02461244454698075,13.378850173950195,13.34667510986328,-0.3973028752367759,0.013355638205186753,0.0,0.0,0.0,0.0,0.0,0.0,0.0,0.0
2020-11-23,13.171250343322754,13.38249969482422,13.01550006866455,13.140000343322754,361356000,12.95775032043457,0,NVDA,0.003992275731972583,-0.02150235085201302,-0.023538341332738022,13.303800201416015,13.297600173950196,0.05942161553616665,0.01344954786690033,0.0,0.0,0.0,0.0,0.0,0.0,0.0,0.0
2020-11-24,13.142499923706056,13.161999702453612,12.885000228881836,12.95775032043457,346500000,13.234749794006348,1,NVDA,-0.013869864393176834,-0.035899634460038854,-0.02551324454032744,13.21090030670166,13.316375160217286,-0.04111181217414406,0.013680576977392339,0.0,0.0,0.0,0.0,0.0,0.0,0.0,0.0
2020-11-25,13.032500267028809,13.26949977874756,13.020000457763672,13.234749794006348,259916000,13.261249542236328,1,NVDA,0.021377126948876723,0.011231827796711613,-0.020754363235015116,13.172100257873534,13.298050117492675,-0.24988167388167393,0.014959897828334859,0.0,0.0,0.0,0.0,0.0,0.0,0.0,0.0
2020-11-27,13.375,13.407500267028809,13.170499801635742,13.261249542236328,167276000,13.40149974822998,1,NVDA,0.0020022855469457035,0.009227488260697747,-0.011995027230227384,13.136300086975098,13.278500080108643,-0.3564228443035442,0.014942219650302044,0.0,0.0,0.0,0.0,0.0,0.0,0.0,0.0
2020-11-30,13.265000343322754,13.412500381469728,12.972249984741213,13.40149974822998,286952000,13.390000343322754,0,NVDA,0.01057594199905254,0.034245869600960877,-0.0020292499182412715,13.199049949645996,13.288950061798095,0.7154403500801072,0.015649880586496034,0.0,0.0,0.0,0.0,0.0,0.0,0.0,0.0
2020-12-01,13.492250442504885,13.5287504196167,13.228249549865724,13.390000343322754,296948000,13.544500350952148,1,NVDA,-0.0008580685089925044,0.011730523941352766,-0.003738773603354395,13.249049949645997,13.276425075531005,0.03483509437118393,0.01564428617586588,0.0,0.0,0.0,0.0,0.0,0.0,0.0,0.0
2020-12-02,13.350500106811523,13.673500061035156,13.23425006866455,13.544500350952148,283360000,13.395999908447266,0,NVDA,0.011538461812395706,0.021359285021647745,0.03489903924661797,13.366399955749511,13.288650131225586,-0.04575885340194241,0.01112381149365162,0.0,0.0,0.0,0.0,0.0,0.0,0.0,0.0
2020-12-03,13.587499618530272,13.65999984741211,13.32900047302246,13.395999908447266,199520000,13.558250427246094,1,NVDA,-0.010963892255681729,-0.000410389873226058,0.01948246259023878,13.398649978637696,13.285375118255615,-0.29587803500846976,0.012670679594638572,0.0,0.0,0.0,0.0,0.0,0.0,0.0,0.0
2020-12-04,13.44849967956543,13.5600004196167,13.388750076293944,13.558250427246094,202244000,13.606749534606934,1,NVDA,0.012111863235868991,0.01256535321951957,0.04634292928646144,13.458050155639649,13.297175121307372,0.013652766639935754,0.010600062551467105,0.0,0.0,0.0,0.0,0.0,0.0,0.0,0.0
2020-12-07,13.60124969482422,13.731249809265137,13.5,13.606749534606934,223244000,13.350000381469728,0,NVDA,0.0035770918689759235,0.004595901069943009,0.028107803048082802,13.49910011291504,13.349075031280517,0.10383497161844102,0.008342285080625393,0.0,0.0,0.0,0.0,0.0,0.0,0.0,0.0
2020-12-08,13.585000038146973,13.598750114440918,13.281499862670898,13.350000381469728,271920000,12.930749893188477,0,NVDA,-0.01886924959441627,-0.0034338255667298867,0.006692494470504684,13.491100120544434,13.370075035095216,0.21803945458780527,0.012070937334442448,0.0,0.0,0.0,0.0,0.0,0.0,0.0,0.0
2020-12-09,13.30049991607666,13.413999557495115,12.868249893188477,12.930749893188477,401300000,12.972249984741213,1,NVDA,-0.03140453006002808,-0.04628182208499543,-0.03512665476889476,13.3683500289917,13.367374992370605,0.4758017063842306,0.01623873717284047,0.0,0.0,0.0,0.0,0.0,0.0,0.0,0.0
2020-12-10,12.869000434875488,13.068750381469728,12.849499702453612,12.972249984741213,207764000,13.013250350952148,1,NVDA,0.0032094110469647052,-0.0466312360826483,-0.03119868169307871,13.283600044250488,13.341125011444092,-0.4822726140044854,0.01648181741932552,0.0,0.0,0.0,0.0,0.0,0.0,0.0,0.0
2020-12-11,12.967249870300291,13.020000457763672,12.822999954223633,13.013250350952148,209264000,13.30875015258789,1,NVDA,0.0031606210379204747,-0.02522472066630055,-0.039222561647514365,13.1746000289917,13.316325092315674,0.0072197300783580776,0.015400223754135649,0.0,0.0,0.0,0.0,0.0,0.0,0.0,0.0
2020-12-14,13.088000297546388,13.388750076293944,13.077500343322754,13.30875015258789,270156000,13.36050033569336,1,NVDA,0.022707609065103496,0.02923266342028108,-0.006513120069846945,13.115000152587891,13.307050132751465,0.2909817264316843,0.01840913964926086,0.0,0.0,0.0,0.0,0.0,0.0,0.0,0.0
2020-12-15,13.439749717712402,13.46399974822998,13.186750411987305,13.36050033569336,193016000,13.24250030517578,0,NVDA,0.0038884329867299172,0.029929299189333403,-0.014585221936551984,13.117100143432618,13.304100131988525,-0.2855387257732569,0.017697462710561804,0.0,0.0,0.0,0.0,0.0,0.0,0.0,0.0
2020-12-16,13.422499656677246,13.437250137329102,13.212499618530272,13.24250030517578,223116000,13.3412504196167,1,NVDA,-0.00883200685249308,0.01761665594997619,-0.026769746037048403,13.179450225830077,13.273900127410888,0.15594562108840715,0.017671684594052117,0.0,0.0,0.0,0.0,0.0,0.0,0.0,0.0
2020-12-17,13.36674976348877,13.37950038909912,13.178500175476074,13.3412504196167,231384000,13.272000312805176,0,NVDA,0.007457059631127416,0.002442022478158057,-0.0006554278354309329,13.253250312805175,13.268425178527831,0.03705695691927069,0.01668780434319349,0.0,0.0,0.0,0.0,0.0,0.0,0.0,0.0
2020-12-18,13.378999710083008,13.404999732971191,13.070500373840332,13.272000312805176,342064000,13.332249641418455,1,NVDA,-0.005190675883701257,-0.006624005139369671,0.02639061326183878,13.305000305175781,13.23980016708374,0.47833903813573975,0.010099763597000573,0.0,0.0,0.0,0.0,0.0,0.0,0.0,0.0
2020-12-21,13.074749946594238,13.369999885559082,12.967499732971191,13.332249641418455,302332000,13.278249740600586,0,NVDA,0.004539581614924293,0.00677737090235131,0.02775152013726978,13.309700202941894,13.212350177764893,-0.1161537022311614,0.010099939005246732,0.0,0.0,0.0,0.0,0.0,0.0,0.0,0.0
2020-12-22,13.319250106811523,13.337249755859377,13.053999900817873,13.278249740600586,185580000,13.009249687194824,0,NVDA,-0.0040503217589109575,-0.004722246943470787,0.020363812460508557,13.29325008392334,13.205175113677978,-0.3861714935898284,0.010552823449061586,0.0,0.0,0.0,0.0,0.0,0.0,0.0,0.0
2020-12-23,13.255999565124512,13.274999618530272,13.005000114440918,13.009249687194824,179144000,12.993749618530272,0,NVDA,-0.020258698146281007,-0.019797364332250877,-0.022504026445701042,13.24659996032715,13.213025093078613,-0.03468046125660096,0.009584050434286605,0.0,0.0,0.0,0.0,0.0,0.0,0.0,0.0
2020-12-24,13.037249565124512,13.13249969482422,12.938750267028809,12.993749618530272,97884000,12.899999618530272,0,NVDA,-0.001191465229528954,-0.02538956530161174,-0.027450372961205005,13.177099800109863,13.21517505645752,-0.45360157191979633,0.009139277039140479,0.0,0.0,0.0,0.0,0.0,0.0,0.0,0.0
2020-12-28,13.0625,13.0625,12.763250350952148,12.899999618530272,212564000,12.943249702453612,1,NVDA,-0.007215007426825015,-0.02848644433262526,-0.02586374768756039,13.102699661254883,13.203849983215331,1.1715908626537535,0.009014377589575859,0.0,0.0,0.0,0.0,0.0,0.0,0.0,0.0
2020-12-29,12.925000190734863,13.072500228881836,12.842249870300291,12.943249702453612,170372000,13.145750045776367,1,NVDA,0.003352719783124014,-0.0050733121685085925,-0.02983233989655687,13.024899673461913,13.167299938201904,-0.1984908074744548,0.008270401132560794,0.0,0.0,0.0,0.0,0.0,0.0,0.0,0.0
2020-12-30,12.990249633789062,13.213749885559082,12.896750450134276,13.145750045776367,225396000,13.05500030517578,0,NVDA,0.015645247366615322,0.011697964922252169,-0.009512527430171835,12.99839973449707,13.145824909210205,0.3229638673021389,0.011142147108148653,0.0,0.0,0.0,0.0,0.0,0.0,0.0,0.0
2020-12-31,13.136500358581545,13.151000022888184,12.914999961853027,13.05500030517578,192424000,13.113499641418455,1,NVDA,-0.006903352055575129,0.012015557459618575,-0.02079539040293421,13.007549858093261,13.127074909210204,-0.14628476104278687,0.010978925607630119,0.0,0.0,0.0,0.0,0.0,0.0,0.0,0.0
2021-01-04,13.104249954223633,13.65250015258789,12.962499618530272,13.113499641418455,560640000,13.404749870300291,1,NVDA,0.004480990798558793,0.013153569843636026,-0.012407516231478732,13.031499862670895,13.104299831390382,1.9135658753585831,0.01130457990629402,0.0,0.0,0.0,0.0,0.0,0.0,0.0,0.0
2021-01-05,13.099749565124512,13.443499565124512,13.086999893188477,13.404749870300291,322760000,12.614500045776367,0,NVDA,0.022209954386389175,0.01970217169975319,0.03040145993160248,13.1324499130249,13.117574787139892,-0.424300799086758,0.0110955453371315,0.0,0.0,0.0,0.0,0.0,0.0,0.0,0.0
2021-01-06,13.22249984741211,13.244999885559082,12.586000442504885,12.614500045776367,580424000,13.343999862670898,1,NVDA,-0.0589529705641737,-0.03374188043678339,-0.029187077163089215,13.066699981689453,13.045799827575683,0.7983145371173628,0.02657513674805266,0.0,0.0,0.0,0.0,0.0,0.0,0.0,0.0
2021-01-07,12.967499732971191,13.377750396728516,12.886500358581545,13.343999862670898,461480000,13.27674961090088,0,NVDA,0.05783025995856139,0.017577323182624616,0.0344186245945961,13.10634994506836,13.052374839782715,-0.20492605405703412,0.03519986353823065,0.0,0.0,0.0,0.0,0.0,0.0,0.0,0.0
2021-01-08,13.362500190734863,13.42099952697754,13.041999816894531,13.27674961090088,292528000,13.621500015258787,1,NVDA,-0.005039737144943102,-0.009548873394721769,0.02576631959623321,13.150699806213378,13.07912483215332,-0.3661090404784606,0.0354226583419699,0.0,0.0,0.0,0.0,0.0,0.0,0.0,0.0
2021-01-11,13.418749809265137,13.961000442504885,13.362500190734863,13.621500015258787,518344000,13.484749794006348,0,NVDA,0.025966476318484588,0.07982876577178244,0.03619040129515283,13.252299880981445,13.141899871826173,0.7719466170759721,0.03618595053661201,0.0,0.0,0.0,0.0,0.0,0.0,0.0,0.0
2021-01-12,13.7524995803833,13.75450038909912,13.345000267028809,13.484749794006348,291476000,13.531749725341797,1,NVDA,-0.010039292375968345,0.010547806713427033,0.03291838213593845,13.268299865722657,13.20037488937378,-0.43767845291929686,0.0363862102145389,0.0,0.0,0.0,0.0,0.0,0.0,0.0,0.0
2021-01-13,13.489999771118164,13.625,13.385000228881836,13.531749725341797,210028000,13.200249671936035,0,NVDA,0.003485413674960469,0.019206516799228357,0.031894619694220694,13.451749801635742,13.259224891662598,-0.27943295502888743,0.03639147069721365,0.0,0.0,0.0,0.0,0.0,0.0,0.0,0.0
2021-01-14,13.574999809265137,13.599749565124512,13.180500030517578,13.200249671936035,283120000,12.85949993133545,0,NVDA,-0.024497944473872435,-0.030925400495603883,-0.015255801140859004,13.42299976348877,13.264674854278564,0.3480107414249529,0.03700103616200058,0.0,0.0,0.0,0.0,0.0,0.0,0.0,0.0
2021-01-15,13.227999687194824,13.325249671936035,12.84850025177002,12.85949993133545,277780000,13.025250434875488,1,NVDA,-0.025813886030127575,-0.046367183093660946,0.019422084479766122,13.339549827575684,13.245124816894531,-0.018861260243006495,0.029874671769821108,0.0,0.0,0.0,0.0,0.0,0.0,0.0,0.0
2021-01-19,13.016249656677246,13.093999862670898,12.843999862670898,13.025250434875488,226188000,13.365750312805176,1,NVDA,0.012889342853538599,-0.03743043588204664,-0.02388709765256325,13.220299911499023,13.236299896240235,-0.18572971416228667,0.01901462417692695,0.0,0.0,0.0,0.0,0.0,0.0,0.0,0.0
2021-01-20,13.111749649047852,13.430500030517578,13.056750297546388,13.365750312805176,258572000,13.86750030517578,1,NVDA,0.026141522547465934,0.012537690193920925,0.006703500820051778,13.196500015258788,13.232399940490723,0.14317293578792856,0.02196120648342929,0.0,0.0,0.0,0.0,0.0,0.0,0.0,0.0
2021-01-21,13.418499946594238,13.999250411987305,13.253000259399414,13.86750030517578,337780000,13.712499618530272,0,NVDA,0.037539979472001495,0.07838565879098303,0.018059706320260105,13.263650131225585,13.357699966430664,0.30632860479866353,0.02443609207558116,0.0,0.0,0.0,0.0,0.0,0.0,0.0,0.0
2021-01-22,13.739999771118164,13.841750144958496,13.627249717712402,13.712499618530272,246820000,13.653249740600586,0,NVDA,-0.011177262176634395,0.0527628383877099,0.016889436437682592,13.366100120544434,13.394549942016601,-0.26928770205459174,0.0245394281091133,0.0,0.0,0.0,0.0,0.0,0.0,0.0,0.0
2021-01-25,13.781749725341797,13.828499794006348,13.236499786376951,13.653249740600586,251112000,13.435250282287598,0,NVDA,-0.0043208663320303264,0.02151016000351058,0.008978884307270896,13.52485008239746,13.432199954986572,0.017389190503200647,0.024672282388195264,0.0,0.0,0.0,0.0,0.0,0.0,0.0,0.0
2021-01-26,13.580499649047852,13.644749641418455,13.387499809265137,13.435250282287598,163980000,12.917750358581545,0,NVDA,-0.01596685495796102,-0.03117000276732307,0.01780273981114,13.606850051879883,13.413574981689454,-0.3469846124438497,0.023346998549526283,0.0,0.0,0.0,0.0,0.0,0.0,0.0,0.0
2021-01-27,13.229999542236328,13.232749938964844,12.793749809265137,12.917750358581545,371272000,13.050999641418455,1,NVDA,-0.03851807095758386,-0.05795801509994203,0.004529758354300695,13.517250061035156,13.356875038146972,1.2641297719234053,0.026251183743171917,0.0,0.0,0.0,0.0,0.0,0.0,0.0,0.0
2021-01-28,12.99625015258789,13.339750289916992,12.96049976348877,13.050999641418455,228316000,12.989749908447266,0,NVDA,0.010315208077108506,-0.044110384752666154,0.0019768684426997307,13.353949928283692,13.30880002975464,-0.38504384925337753,0.026073341280864082,0.0,0.0,0.0,0.0,0.0,0.0,0.0,0.0
2021-01-29,13.074999809265137,13.334750175476074,12.911499977111816,12.989749908447266,271552000,13.237000465393066,1,NVDA,-0.004693106631986188,-0.033159067712170476,-0.028131634630169544,13.20939998626709,13.287750053405762,0.18936911999159056,0.023512747518424998,0.0,0.0,0.0,0.0,0.0,0.0,0.0,0.0
2021-02-01,13.053250312805176,13.270750045776367,12.902750015258787,13.237000465393066,217204000,13.556750297546388,1,NVDA,0.019034281544174636,0.024714063822996568,-0.04546600511322085,13.126150131225586,13.325500106811523,-0.20013846335140228,0.018616367995760386,0.0,0.0,0.0,0.0,0.0,0.0,0.0,0.0
2021-02-02,13.39875030517578,13.571999549865724,13.285499572753906,13.556750297546388,220440000,13.530500411987305,0,NVDA,0.024155761948432275,0.0387518711227981,-0.011358200570041443,13.150450134277344,13.378650093078614,0.014898436492882361,0.02166878723201916,0.0,0.0,0.0,0.0,0.0,0.0,0.0,0.0
2021-02-03,13.63599967956543,13.931750297546388,13.51650047302246,13.530500411987305,245408000,13.664250373840332,1,NVDA,-0.0019362963086982932,0.04162901575097977,-0.00899048438616501,13.273000144958496,13.395125102996825,0.11326438033024866,0.02163443942984128,0.0,0.0,0.0,0.0,0.0,0.0,0.0,0.0
2021-02-04,13.531000137329102,13.673500061035156,13.337750434875488,13.664250373840332,201340000,13.590999603271484,0,NVDA,0.009885071341081408,0.03227694291952865,0.01704472092005882,13.395650291442871,13.374800109863282,-0.17957034815490935,0.02086382862234699,0.0,0.0,0.0,0.0,0.0,0.0,0.0,0.0
2021-02-05,13.725000381469728,13.737250328063965,13.54574966430664,13.590999603271484,169152000,14.438750267028809,1,NVDA,-0.005360760273324883,0.002526365461735569,0.0521181495230465,13.515900230407714,13.362650108337402,-0.15986887851395648,0.011740314475195905,0.0,0.0,0.0,0.0,0.0,0.0,0.0,0.0
2021-02-08,13.727250099182127,14.473750114440918,13.727250099182127,14.438750267028809,434624000,14.263250350952148,0,NVDA,0.062375887609713576,0.0671261097066922,0.10633289891497721,13.756250190734864,13.441200160980225,1.5694286795308363,0.024012563850239522,0.0,0.0,0.0,0.0,0.0,0.0,0.0,0.0
2021-02-09,14.340749740600586,14.583250045776367,14.22249984741211,14.263250350952148,287560000,14.764249801635742,1,NVDA,-0.012154785755760122,0.043837017086468144,0.09803887307150716,13.897550201416015,13.52400016784668,-0.33837063760859964,0.025159319409953914,0.0,0.0,0.0,0.0,0.0,0.0,0.0,0.0
2021-02-10,14.463250160217283,14.904999732971191,14.341500282287598,14.764249801635742,485352000,15.250749588012695,1,NVDA,0.03512519505416578,0.08632552664351811,0.11537729716301892,14.144300079345703,13.7086501121521,0.6878286270691334,0.026429429460218028,0.0,0.0,0.0,0.0,0.0,0.0,0.0,0.0
2021-02-11,14.980250358581545,15.272250175476074,14.925000190734863,15.250749588012695,450828000,14.96125030517578,0,NVDA,0.0329512025950045,0.05623750712262843,0.1249561475490848,14.461599922180175,13.928625106811523,-0.07113187954309452,0.027082089764114546,0.0,0.0,0.0,0.0,0.0,0.0,0.0,0.0
2021-02-12,15.050000190734863,15.291250228881836,14.774999618530272,14.96125030517578,374756000,15.330249786376951,1,NVDA,-0.018982626471322206,0.04893694894565437,0.10574257046109747,14.735650062561035,14.125775146484376,-0.16873841021409497,0.029733470824780218,0.0,0.0,0.0,0.0,0.0,0.0,0.0,0.0
2021-02-16,15.064249992370604,15.3725004196167,14.949999809265137,15.330249786376951,321960000,14.906000137329102,0,NVDA,0.0246636794167876,0.03833584451263494,0.12192395242743137,14.913949966430664,14.335100078582764,-0.14088099990393754,0.029847949091511224,0.0,0.0,0.0,0.0,0.0,0.0,0.0,0.0
2021-02-17,15.17099952697754,15.22350025177002,14.779999732971191,14.906000137329102,274756000,14.82900047302246,0,NVDA,-0.027674020642824426,-0.022605410225512546,0.09675524777008193,15.042499923706055,14.470025062561035,-0.14661448627158657,0.033584724481789285,0.0,0.0,0.0,0.0,0.0,0.0,0.0,0.0
2021-02-18,14.729000091552734,14.873250007629396,14.574999809265137,14.82900047302246,233868000,14.92650032043457,1,NVDA,-0.0051656825169222875,-0.00883949064788847,0.027027976713801527,15.055450057983398,14.59987506866455,-0.14881567645474525,0.02617341504041925,0.0,0.0,0.0,0.0,0.0,0.0,0.0,0.0
2021-02-19,15.024499893188477,15.177000045776367,14.846750259399414,14.92650032043457,271724000,14.35575008392334,0,NVDA,0.006574943981523695,-0.02633678325979849,0.046500618944695704,14.990600204467773,14.726100063323974,0.16186908854567528,0.025171881152909553,0.0,0.0,0.0,0.0,0.0,0.0,0.0,0.0
2021-02-22,14.774749755859377,15.13325023651123,14.324999809265137,14.35575008392334,325884000,14.142000198364258,0,NVDA,-0.03823737810328298,-0.036914668478217005,-0.02766816622590229,14.869500160217285,14.80257511138916,0.19931989813192796,0.02663542238914435,0.0,0.0,0.0,0.0,0.0,0.0,0.0,0.0
2021-02-23,14.075249671936035,14.238750457763672,13.38949966430664,14.142000198364258,391780000,14.49899959564209,1,NVDA,-0.01488949614680568,-0.046328157849075624,-0.07270130449980838,14.631850242614746,14.772900104522705,0.20220692025383258,0.021260363855428892,0.0,0.0,0.0,0.0,0.0,0.0,0.0,0.0
2021-02-24,14.122750282287598,14.506750106811523,13.755999565124512,14.49899959564209,448320000,13.307499885559082,0,NVDA,0.025243911205652836,-0.028640385597099804,-0.030896529374538684,14.550450134277344,14.796475028991699,0.144315687375568,0.02463373340638289,0.0,0.0,0.0,0.0,0.0,0.0,0.0,0.0
2021-02-25,14.045499801635742,14.374750137329102,13.2162504196167,13.307499885559082,824436000,13.714500427246094,1,NVDA,-0.08217806354316559,-0.07301953518528914,-0.13194500605041426,14.246150016784668,14.650800037384034,0.8389453961456104,0.03477328707135408,0.0,0.0,0.0,0.0,0.0,0.0,0.0,0.0
2021-02-26,13.7524995803833,13.854499816894531,13.361000061035156,13.714500427246094,500932000,13.841750144958496,1,NVDA,0.030584297966342877,-0.03022908818567338,-0.07993423447643311,14.003750038146972,14.497175121307373,-0.39239431562910887,0.039176842108408584,0.0,0.0,0.0,0.0,0.0,0.0,0.0,0.0
2021-03-01,13.875,13.925000190734863,13.553250312805176,13.841750144958496,353184000,13.40625,0,NVDA,0.009278479984557109,-0.0453306758406381,-0.06657564883486322,13.900950050354004,14.385225105285645,-0.29494622024546246,0.039918098937335764,0.0,0.0,0.0,0.0,0.0,0.0,0.0,0.0
2021-03-02,13.899999618530272,13.920499801635742,13.395999908447266,13.40625,264116000,12.804750442504885,0,NVDA,-0.03146279483430181,0.007420636129261027,-0.10184907967699086,13.753800010681152,14.19282512664795,-0.2521858294826492,0.04001927936721417,0.0,0.0,0.0,0.0,0.0,0.0,0.0,0.0
2021-03-03,13.426250457763672,13.451499938964844,12.798749923706056,12.804750442504885,377592000,12.37024974822998,0,NVDA,-0.04486709985977555,-0.06633489783804614,-0.10804030666118813,13.414950180053712,13.982700157165528,0.42964455012191616,0.04074589934679952,0.0,0.0,0.0,0.0,0.0,0.0,0.0,0.0
2021-03-04,12.80074977874756,12.975000381469728,12.083749771118164,12.37024974822998,573344000,12.46150016784668,1,NVDA,-0.03393277332704547,-0.10630883965670135,-0.125282875497287,13.22750015258789,13.736825084686279,0.5184220004661115,0.041332182986809296,0.0,0.0,0.0,0.0,0.0,0.0,0.0,0.0
2021-03-05,12.550000190734863,12.550000190734863,11.67924976348877,12.46150016784668,542840000,11.593250274658203,0,NVDA,0.007376602855553083,-0.07047084995083042,-0.14052689734592538,12.976900100708008,13.49032506942749,-0.05320366132723109,0.038668712999079154,0.0,0.0,0.0,0.0,0.0,0.0,0.0,0.0
2021-03-08,12.449999809265137,12.4712495803833,11.566499710083008,11.593250274658203,543112000,12.52025032043457,1,NVDA,-0.06967458825132034,-0.09461333692417406,-0.12881830739379785,12.52720012664795,13.214075088500977,0.000501068454793252,0.03551834478424803,0.0,0.0,0.0,0.0,0.0,0.0,0.0,0.0
2021-03-09,12.130249977111816,12.61674976348877,12.059249877929688,12.52025032043457,521824000,12.468250274658203,0,NVDA,0.07996032379312168,0.012125912997516641,-0.08707937362697882,12.350000190734864,13.051900100708007,-0.03919633519421406,0.04924651123728994,0.0,0.0,0.0,0.0,0.0,0.0,0.0,0.0
2021-03-10,12.840499877929688,12.979999542236328,12.457500457763672,12.468250274658203,384376000,12.993499755859377,1,NVDA,-0.004153275249736521,0.0005416769025081702,-0.0992287720784033,12.282700157165527,12.848825168609618,-0.26339915373765865,0.048540258108110815,0.0,0.0,0.0,0.0,0.0,0.0,0.0,0.0
2021-03-11,12.949999809265137,13.046250343322754,12.73449993133545,12.993499755859377,299916000,12.855999946594238,0,NVDA,0.04212696004897709,0.12078144161711002,-0.03078789699883433,12.407350158691406,12.817425155639649,-0.21973276167086397,0.0519332650623243,0.0,0.0,0.0,0.0,0.0,0.0,0.0,0.0
2021-03-12,12.648249626159668,12.888750076293944,12.59000015258789,12.855999946594238,243964000,13.19124984741211,1,NVDA,-0.01058219970359664,0.026816526632193805,0.004002382109629554,12.486250114440917,12.731575107574463,-0.18655890315955137,0.048888127669727645,0.0,0.0,0.0,0.0,0.0,0.0,0.0,0.0
2021-03-15,12.864749908447266,13.20674991607666,12.767250061035156,13.19124984741211,221988000,13.291250228881836,1,NVDA,0.026077310377298435,0.05798725216668199,0.06636891864690142,12.8058500289917,12.666525077819824,-0.09007886409470245,0.04683970887714812,0.0,0.0,0.0,0.0,0.0,0.0,0.0,0.0
2021-03-16,13.356499671936035,13.512499809265137,13.11674976348877,13.291250228881836,272128000,13.3412504196167,1,NVDA,0.007580811721896508,0.02291534064086087,0.06658508605377134,12.960050010681153,12.655025100708007,0.2258680649404472,0.04683774879260157,0.0,0.0,0.0,0.0,0.0,0.0,0.0,0.0
2021-03-17,13.039750099182127,13.45324993133545,12.989500045776367,13.3412504196167,243864000,12.72249984741211,0,NVDA,0.0037618876985863192,0.03774505873041889,0.15077740094850411,13.134650039672852,12.708675098419189,-0.10386288805268107,0.03176761393578727,0.0,0.0,0.0,0.0,0.0,0.0,0.0,0.0
2021-03-18,13.136500358581545,13.184000015258787,12.717000007629396,12.72249984741211,293896000,12.845749855041504,1,NVDA,-0.04637875407051739,-0.03553491939142983,0.01615379260009231,13.080450057983398,12.743900108337403,0.2051635337729225,0.028160287845639773,0.0,0.0,0.0,0.0,0.0,0.0,0.0,0.0
2021-03-19,12.75,12.921500205993652,12.612500190734863,12.845749855041504,299208000,13.186249732971191,1,NVDA,0.009687562122821625,-0.03351831965906871,0.03027686901269311,13.078400039672852,12.782325077056885,0.018074420883577913,0.028090183136030126,0.0,0.0,0.0,0.0,0.0,0.0,0.0,0.0
2021-03-22,12.912750244140623,13.39449977874756,12.906749725341797,13.186249732971191,297804000,13.07075023651123,0,NVDA,0.026506812118566536,-0.011618152854517949,0.014834338764265098,13.077400016784669,12.941625022888184,-0.004692387904066786,0.02507142734927161,0.0,0.0,0.0,0.0,0.0,0.0,0.0,0.0
2021-03-23,13.254249572753906,13.344499588012695,13.021249771118164,13.07075023651123,222048000,12.642999649047852,0,NVDA,-0.008759086078217071,0.02737279569863449,0.016704285221616155,13.033300018310547,12.99667501449585,-0.25438207680219205,0.024923376025722453,0.0,0.0,0.0,0.0,0.0,0.0,0.0,0.0
2021-03-24,13.151249885559082,13.159250259399414,12.63675022125244,12.642999649047852,245840000,12.535249710083008,0,NVDA,-0.032725786945918434,-0.01578344653146735,-0.0415616567577799,12.893649864196778,13.014149951934815,0.10714800403516356,0.025607451069301117,0.0,0.0,0.0,0.0,0.0,0.0,0.0,0.0
2021-03-25,12.499500274658203,12.714750289916992,12.272000312805176,12.535249710083008,295144000,12.83924961090088,1,NVDA,-0.008522497979580268,-0.049369611229219235,-0.056879564057566334,12.856199836730957,12.968324947357178,0.20055320533680443,0.0249233092409108,0.0,0.0,0.0,0.0,0.0,0.0,0.0,0.0
2021-03-26,12.554499626159668,12.856249809265137,12.373499870300291,12.83924961090088,363968000,12.948249816894531,1,NVDA,0.024251603107143804,-0.017711349495737938,-0.03762771801192544,12.854899787902832,12.966649913787842,0.23318786761716326,0.027602514913902334,0.0,0.0,0.0,0.0,0.0,0.0,0.0,0.0
2021-03-29,12.820249557495115,13.0625,12.699999809265137,12.948249816894531,273520000,12.871749877929688,0,NVDA,0.00848960876195659,0.024143808931424537,0.017744151871877722,12.8072998046875,12.942349910736084,-0.24850536310884475,0.020919778820664696,0.0,0.0,0.0,0.0,0.0,0.0,0.0,0.0
2021-03-30,12.842000007629396,12.975250244140623,12.704999923706056,12.871749877929688,200204000,13.34825038909912,1,NVDA,-0.0059081296736357425,0.02684431308743762,0.002024017529656197,12.767499732971192,12.900399875640868,-0.26804621234279025,0.020882512448073424,0.0,0.0,0.0,0.0,0.0,0.0,0.0,0.0
2021-03-31,13.01550006866455,13.470499992370604,12.982500076293944,13.34825038909912,314776000,13.811750411987305,1,NVDA,0.037019093416851945,0.03964412201832124,0.012285574701566437,12.908549880981445,12.90109987258911,0.5722762781962398,0.023304084107637495,0.0,0.0,0.0,0.0,0.0,0.0,0.0,0.0
2021-04-01,13.572250366210938,13.869999885559082,13.511249542236328,13.811750411987305,308276000,13.987500190734863,1,NVDA,0.034723653615810424,0.06668859554795592,0.05669147998912849,13.163850021362304,13.010024929046631,-0.020649604798332777,0.02564300661901617,0.0,0.0,0.0,0.0,0.0,0.0,0.0,0.0
2021-04-05,13.86750030517578,14.013999938964844,13.732999801635742,13.987500190734863,255672000,13.861499786376951,0,NVDA,0.012724656434207171,0.08668210021065414,0.10634347694443425,13.393500137329102,13.124199962615966,-0.1706392972531109,0.018242669728171682,0.0,0.0,0.0,0.0,0.0,0.0,0.0,0.0
2021-04-06,13.999750137329102,14.05424976348877,13.773500442504885,13.861499786376951,191744000,14.143500328063965,1,NVDA,-0.009008071681126606,0.0384506869677077,0.10580164791030411,13.576150131225585,13.191724967956542,-0.25003911261303546,0.01834624227080724,0.0,0.0,0.0,0.0,0.0,0.0,0.0,0.0
2021-04-07,13.880749702453612,14.243499755859377,13.71150016784668,14.143500328063965,251284000,14.31700038909912,1,NVDA,0.020344157993939627,0.024019396975833773,0.10158309532791843,13.830500221252441,13.298999977111816,0.31051819092122823,0.018061337862921245,0.0,0.0,0.0,0.0,0.0,0.0,0.0,0.0
2021-04-08,14.252750396728516,14.471500396728516,14.24899959564209,14.31700038909912,244416000,14.399999618530272,1,NVDA,0.01226712320223089,0.023556760955936396,0.1057093114174148,14.02425022125244,13.466400051116944,-0.027331624775154828,0.017923243723005074,0.0,0.0,0.0,0.0,0.0,0.0,0.0,0.0
2021-04-09,14.21399974822998,14.407999992370604,14.175000190734863,14.399999618530272,195172000,15.208999633789062,1,NVDA,0.00579724992494568,0.03884859794771689,0.11872898052664693,14.141900062561035,13.65287504196167,-0.20147617177271537,0.016149885388933943,0.0,0.0,0.0,0.0,0.0,0.0,0.0,0.0
2021-04-12,14.289750099182127,15.352499961853027,14.139249801635742,15.208999633789062,869324000,15.679499626159668,1,NVDA,0.056180558103470446,0.07533490868670611,0.1394002352704986,14.386199951171875,13.889850044250489,3.4541430123173402,0.021114410866506172,0.0,0.0,0.0,0.0,0.0,0.0,0.0,0.0
2021-04-13,15.231499671936035,15.699999809265137,15.125749588012695,15.679499626159668,676212000,15.277000427246094,0,NVDA,0.03093563046219816,0.09516652930301994,0.13522900128222215,14.749799919128417,14.162975025177001,-0.2221404217529943,0.02068863591348995,0.0,0.0,0.0,0.0,0.0,0.0,0.0,0.0
2021-04-14,15.625,15.720499992370604,15.227499961853027,15.277000427246094,385500000,16.137250900268555,1,NVDA,-0.02567041095125544,0.060902835551972956,0.09218947052207227,14.976499938964844,14.403500080108643,-0.4299125126439637,0.026684431592756488,0.0,0.0,0.0,0.0,0.0,0.0,0.0,0.0
2021-04-15,15.662500381469728,16.214250564575195,15.631500244140623,16.137250900268555,598480000,15.912500381469728,0,NVDA,0.05631016881352102,0.06103302576306491,0.1641778414286892,15.34055004119873,14.682400131225586,0.5524773022049287,0.02903200056650886,0.0,0.0,0.0,0.0,0.0,0.0,0.0,0.0
2021-04-16,16.05299949645996,16.16575050354004,15.865249633789062,15.912500381469728,335208000,15.361749649047852,0,NVDA,-0.013927435359828655,0.014860216261067594,0.12507512372277874,15.643050193786621,14.892475128173828,-0.4399010827429488,0.03214183079904284,0.0,0.0,0.0,0.0,0.0,0.0,0.0,0.0
2021-04-19,15.536499977111816,15.807499885559082,15.232999801635742,15.361749649047852,404420000,15.171250343322754,0,NVDA,-0.03461119995090345,0.005547504053911689,0.0729726361357228,15.673600196838379,15.029900074005127,0.20647478580463474,0.03778162404831274,0.0,0.0,0.0,0.0,0.0,0.0,0.0,0.0
2021-04-20,15.323249816894531,15.496999740600586,14.963000297546388,15.171250343322754,334132000,15.36050033569336,1,NVDA,-0.012400885971794562,-0.05986153173894848,0.05355907952942007,15.571950340270996,15.160875129699708,-0.17379951535532367,0.038789186676177465,0.0,0.0,0.0,0.0,0.0,0.0,0.0,0.0
2021-04-21,15.118749618530272,15.362500190734863,15.102250099182127,15.36050033569336,216776000,14.850250244140623,0,NVDA,0.012474251501221723,-0.034689711393137146,0.00996125357040012,15.588650321960449,15.282575130462646,-0.35122646139848923,0.03282164499807603,0.0,0.0,0.0,0.0,0.0,0.0,0.0,0.0
2021-04-22,15.375,15.43850040435791,14.783499717712402,14.850250244140623,277788000,15.265250205993652,1,NVDA,-0.03321832495046162,-0.0332969496699832,-0.052887490148953886,15.331250190734863,15.335900115966798,0.28145182123482315,0.03230673122576835,0.0,0.0,0.0,0.0,0.0,0.0,0.0,0.0
2021-04-23,14.934249877929688,15.335000038146973,14.900250434875488,15.265250205993652,227500000,15.477999687194824,1,NVDA,0.027945654452306234,0.006195920609290528,-0.0007691445260081808,15.20180015563965,15.422425174713135,-0.18103013809091828,0.03355494045591778,0.0,0.0,0.0,0.0,0.0,0.0,0.0,0.0
2021-04-26,15.1850004196167,15.479000091552734,15.125,15.477999687194824,197796000,15.381750106811523,0,NVDA,0.013936848615664355,0.007649448190722774,-0.0408527584498769,15.225050163269042,15.44932518005371,-0.13056703296703298,0.024336687542488678,0.0,0.0,0.0,0.0,0.0,0.0,0.0,0.0
2021-04-27,15.578499794006348,15.670499801635742,15.354499816894531,15.381750106811523,164572000,15.27674961090088,0,NVDA,-0.006218476697795072,0.035790633419164886,-0.03335429768638176,15.267150115966796,15.419550228118897,-0.16797104087039172,0.02407459489690779,0.0,0.0,0.0,0.0,0.0,0.0,0.0,0.0
2021-04-28,15.364500045776367,15.53225040435791,15.215499877929688,15.27674961090088,209416000,15.324749946594238,1,NVDA,-0.0068263035858413534,0.0007533060219815368,-0.005533226363459098,15.250399971008301,15.419525146484375,0.27248863719223193,0.020292276586296634,0.0,0.0,0.0,0.0,0.0,0.0,0.0,0.0
2021-04-29,15.399999618530272,15.43649959564209,15.071499824523926,15.324749946594238,173196000,15.009499549865724,0,NVDA,0.003142051608878038,-0.009901133460247569,0.010117795158461895,15.345299911499023,15.338275051116943,-0.17295717614699924,0.019627214743112128,0.0,0.0,0.0,0.0,0.0,0.0,0.0,0.0
2021-04-30,15.174500465393066,15.364999771118164,14.996999740600586,15.009499549865724,201912000,14.836750030517578,0,NVDA,-0.02057132402337014,-0.02420079343123349,-0.022850869317844413,15.294149780273438,15.247974967956543,0.16580059585671725,0.02053054330771901,0.0,0.0,0.0,0.0,0.0,0.0,0.0,0.0
2021-05-03,15.125,15.246749877929688,14.787500381469728,14.836750030517578,203912000,14.35124969482422,0,NVDA,-0.01150934571630613,-0.028801910850809298,-0.0009090899749902848,15.165899848937988,15.195475006103516,0.009905305281508792,0.01646196965801398,0.0,0.0,0.0,0.0,0.0,0.0,0.0,0.0
2021-05-04,14.637249946594238,14.637499809265137,14.010250091552734,14.35124969482422,405324000,14.458499908447266,1,NVDA,-0.03272282236303348,-0.06352470710208014,-0.05987458435568682,14.959799766540527,15.113474941253662,0.9877398093295147,0.01521098348646648,0.0,0.0,0.0,0.0,0.0,0.0,0.0,0.0
2021-05-05,14.708999633789062,14.81350040435791,14.387499809265137,14.458499908447266,292024000,14.52299976348877,1,NVDA,0.00747323166300462,-0.03671006082433892,-0.06586767019972262,14.796149826049804,15.023274898529053,-0.27952946284947355,0.013733556960458394,0.0,0.0,0.0,0.0,0.0,0.0,0.0,0.0
2021-05-06,14.49524974822998,14.571249961853027,14.218000411987305,14.52299976348877,193380000,14.812250137329102,1,NVDA,0.004461033679145299,-0.02114683245208404,-0.05582917011130428,14.635799789428711,14.990549850463868,-0.33779415390515843,0.014729499956183452,0.0,0.0,0.0,0.0,0.0,0.0,0.0,0.0
2021-05-07,14.808250427246094,14.970749855041504,14.67175006866455,14.812250137329102,229328000,14.26574993133545,0,NVDA,0.019916709946351085,0.03212266891789506,-0.03040564815177249,14.596349906921386,14.945249843597413,0.18589306029579067,0.018174035389959542,0.0,0.0,0.0,0.0,0.0,0.0,0.0,0.0
2021-05-10,14.787249565124512,14.805999755859377,14.25,14.26574993133545,268904000,14.306249618530272,1,NVDA,-0.03689515103558705,-0.013331256930686375,-0.0691039017895454,14.482149887084962,14.824024868011474,0.1725737807855996,0.021459839857618977,0.0,0.0,0.0,0.0,0.0,0.0,0.0,0.0
2021-05-11,13.824999809265137,14.35474967956543,13.75,14.306249618530272,285584000,13.758500099182127,0,NVDA,0.00283894554368036,-0.01492461257924238,-0.04685365617947901,14.473149871826172,14.71647481918335,0.06202957189182756,0.021357760352130155,0.0,0.0,0.0,0.0,0.0,0.0,0.0,0.0
2021-05-12,14.009499549865724,14.260250091552734,13.709250450134276,13.758500099182127,303408000,13.665249824523926,0,NVDA,-0.03828742919728367,-0.0711404431046817,-0.07267426687904077,14.333149909973145,14.564649868011475,0.06241246008179724,0.024537932493479853,0.0,0.0,0.0,0.0,0.0,0.0,0.0,0.0
2021-05-13,14.0337495803833,14.080750465393066,13.458999633789062,13.665249824523926,285404000,14.243000030517578,1,NVDA,-0.006777648289128857,-0.042093833811883585,-0.04780070620245014,14.161599922180176,14.398699855804443,-0.059339239571797764,0.02248847544833506,0.0,0.0,0.0,0.0,0.0,0.0,0.0,0.0
2021-05-14,13.890000343322754,14.32800006866455,13.748499870300291,14.243000030517578,258616000,14.165499687194824,0,NVDA,0.04227878841679211,-0.0044211159248032095,-0.014904718974600106,14.047749900817871,14.32204990386963,-0.09385993188602826,0.029048958451252476,0.0,0.0,0.0,0.0,0.0,0.0,0.0,0.0
2021-05-17,14.156999588012695,14.169249534606934,13.853500366210938,14.165499687194824,216980000,14.01574993133545,0,NVDA,-0.005441293488499532,0.0295816829653468,-0.024616131798935292,14.027699851989746,14.254924869537353,-0.16099545271754256,0.028935229501464158,0.0,0.0,0.0,0.0,0.0,0.0,0.0,0.0
2021-05-18,14.267000198364258,14.404250144958496,14.003999710083008,14.01574993133545,186256000,14.065750122070312,1,NVDA,-0.010571441824586247,0.02564900834688788,-0.05377307286935107,13.96959991455078,14.221374893188477,-0.14159830399115125,0.02711376668983038,0.0,0.0,0.0,0.0,0.0,0.0,0.0,0.0
2021-05-19,13.566499710083008,14.079500198364258,13.54325008392334,14.065750122070312,344000000,14.612500190734863,1,NVDA,0.003567428855381971,-0.012444703227373677,-0.014019579077706013,14.031049919128417,14.182099914550781,0.846920367666008,0.02394288076663392,0.0,0.0,0.0,0.0,0.0,0.0,0.0,0.0
2021-05-20,14.302499771118164,14.68375015258789,14.270500183105469,14.612500190734863,321592000,14.99174976348877,1,NVDA,0.038871021020532304,0.031555576111735206,0.02140676839637412,14.220499992370605,14.191049957275391,-0.06513953488372093,0.02853236117390359,0.0,0.0,0.0,0.0,0.0,0.0,0.0,0.0
2021-05-21,15.16374969482422,15.222000122070312,14.869500160217283,14.99174976348877,672992000,15.612000465393066,1,NVDA,0.025953777095200525,0.06963593364142762,0.08963547301060482,14.370249938964843,14.208999919891358,1.0926888728575337,0.022615593443688336,0.0,0.0,0.0,0.0,0.0,0.0,0.0,0.0
2021-05-24,15.212499618530272,15.744999885559082,15.175999641418455,15.612000465393066,554816000,15.647749900817873,1,NVDA,0.041372802487329885,0.10993017293095231,0.14245993786190891,14.659550094604493,14.34362497329712,-0.17559792686985876,0.023073634051982258,0.0,0.0,0.0,0.0,0.0,0.0,0.0,0.0
2021-05-25,15.765999794006348,15.818499565124512,15.482500076293944,15.647749900817873,435408000,15.699999809265137,1,NVDA,0.002289868969966413,0.07084685690812953,0.09862738659625259,14.985950088500976,14.47777500152588,-0.2152209020648287,0.02136144718648169,0.0,0.0,0.0,0.0,0.0,0.0,0.0,0.0
2021-05-26,15.73425006866455,15.793749809265137,15.58625030517578,15.699999809265137,370440000,15.48799991607666,0,NVDA,0.003339132385068,0.04724265392297666,0.10832657907983667,15.312800025939941,14.67192497253418,-0.14921177378458828,0.020279121760106298,0.0,0.0,0.0,0.0,0.0,0.0,0.0,0.0
2021-05-27,15.699749946594238,15.75,15.460000038146973,15.48799991607666,581476000,16.24449920654297,1,NVDA,-0.013503178074140365,-0.007942643198818544,0.1050425408525344,15.4878999710083,14.854199981689453,0.5696900982615267,0.02091495766563068,0.0,0.0,0.0,0.0,0.0,0.0,0.0,0.0
2021-05-28,15.50100040435791,16.27750015258789,15.50100040435791,16.24449920654297,644536000,16.26449966430664,1,NVDA,0.04884422098175878,0.03813642916761495,0.15489746835855,15.738449859619141,15.054349899291992,0.10844815607178981,0.023758175973095562,0.0,0.0,0.0,0.0,0.0,0.0,0.0,0.0
2021-06-01,16.270000457763672,16.38825035095215,15.903249740600586,16.26449966430664,472804000,16.778249740600586,1,NVDA,0.0012312141796047005,0.03595540521652563,0.11305385471400964,15.868949699401856,15.264249897003173,-0.26644283639703603,0.023300738062630375,0.0,0.0,0.0,0.0,0.0,0.0,0.0,0.0
2021-06-02,16.25225067138672,16.918750762939453,16.23550033569336,16.778249740600586,594168000,16.969749450683594,1,NVDA,0.03158720445741103,0.08330641990671994,0.11916554140082414,16.0950496673584,15.540499877929687,0.25668987572017166,0.02380782454182274,0.0,0.0,0.0,0.0,0.0,0.0,0.0,0.0
2021-06-03,16.70075035095215,17.259000778198242,16.58300018310547,16.969749450683594,580008000,17.578250885009766,1,NVDA,0.011413568938577034,0.044645897353887465,0.08696829008558082,16.34899959564209,15.830899810791015,-0.02383164357555434,0.021122534572046544,0.0,0.0,0.0,0.0,0.0,0.0,0.0,0.0
2021-06-04,17.112499237060547,17.660999298095703,17.095500946044922,17.578250885009766,617120000,17.618999481201172,1,NVDA,0.03585800934153793,0.08077415523492704,0.12337243350821891,16.76704978942871,16.127474880218507,0.06398532434035387,0.02228371568799893,0.0,0.0,0.0,0.0,0.0,0.0,0.0,0.0
2021-06-07,17.571250915527344,17.8125,17.192750930786133,17.618999481201172,575756000,17.457000732421875,0,NVDA,0.0023181257599500515,0.05010950209938225,0.12222927995219246,17.041949844360353,16.390199851989745,-0.06702748249935186,0.02239086893441598,0.0,0.0,0.0,0.0,0.0,0.0,0.0,0.0
2021-06-08,17.527250289916992,17.62150001525879,17.250999450683594,17.457000732421875,323848000,17.35824966430664,0,NVDA,-0.009194548700233729,0.02871293316111112,0.1271307352152926,17.280450057983398,16.574699878692627,-0.43752561849116645,0.021458115641114835,0.0,0.0,0.0,0.0,0.0,0.0,0.0,0.0
2021-06-09,17.515750885009766,17.575000762939453,17.25575065612793,17.35824966430664,381656000,17.424999237060547,1,NVDA,-0.005656817550097837,-0.012515535370514974,0.06856169855424499,17.39645004272461,16.745749855041502,0.17850349546700928,0.017725964363616564,0.0,0.0,0.0,0.0,0.0,0.0,0.0,0.0
2021-06-10,17.350000381469727,17.492000579833984,17.176000595092773,17.424999237060547,287772000,17.82525062561035,1,NVDA,0.0038454091884139174,-0.011010854750726162,0.07135169213355441,17.4875,16.918249797821044,-0.24599115433793783,0.017545630325547314,0.0,0.0,0.0,0.0,0.0,0.0,0.0,0.0
2021-06-11,17.47949981689453,17.939250946044922,17.443750381469727,17.82525062561035,416308000,18.018749237060547,1,NVDA,0.022969951568119873,0.021094682805652187,0.06240227086834915,17.536899948120116,17.151974868774413,0.4466591607244623,0.016016240995115002,0.0,0.0,0.0,0.0,0.0,0.0,0.0,0.0
2021-06-14,17.9060001373291,18.039499282836918,17.662750244140625,18.018749237060547,321376000,17.78849983215332,0,NVDA,0.010855309443570382,0.03805104693891326,0.06181586766649039,17.616849899291992,17.329399871826173,-0.22803309088463353,0.016002403469657835,0.0,0.0,0.0,0.0,0.0,0.0,0.0,0.0
2021-06-15,17.915000915527344,18.01625061035156,17.72800064086914,17.78849983215332,243032000,17.81024932861328,1,NVDA,-0.012778323394037505,0.020860867202774802,0.011960743336690616,17.68314971923828,17.48179988861084,-0.2437767599322912,0.012407128889460925,0.0,0.0,0.0,0.0,0.0,0.0,0.0,0.0
2021-06-16,17.79075050354004,17.954750061035156,17.58449935913086,17.81024932861328,307124000,18.657249450683597,1,NVDA,0.0012226717635090978,-0.0008415756564744692,0.010854750726121853,17.77354965209961,17.58499984741211,0.26371835807630273,0.012405906586243494,0.0,0.0,0.0,0.0,0.0,0.0,0.0,0.0
2021-06-17,17.774499893188477,18.834999084472656,17.756250381469727,18.657249450683597,809656000,18.638750076293945,0,NVDA,0.047556893025049174,0.035435323796492835,0.06875457798615825,18.019999694824218,17.75374984741211,1.6362511558849193,0.020239470542885097,0.0,0.0,0.0,0.0,0.0,0.0,0.0,0.0
2021-06-18,18.78400039672852,19.375,18.583999633789062,18.638750076293945,968856000,18.427249908447266,0,NVDA,-0.0009915381384888455,0.0477977486670218,0.07376898228514173,18.182699584960936,17.859799766540526,0.19662671554339117,0.01971899031736286,0.0,0.0,0.0,0.0,0.0,0.0,0.0,0.0
2021-06-21,18.43524932861328,18.536500930786133,17.822750091552734,18.427249908447266,672384000,18.886749267578125,1,NVDA,-0.011347336435165833,0.03464300630776318,0.057517975051331494,18.26439971923828,17.940624809265138,-0.30600213034754387,0.021328861377673734,0.0,0.0,0.0,0.0,0.0,0.0,0.0,0.0
2021-06-22,18.47150039672852,18.9637508392334,18.38599967956543,18.886749267578125,580144000,19.057249069213867,1,NVDA,0.024935861911777657,0.012300838743736664,0.059550278661589795,18.484049606323243,18.083599662780763,-0.13718351418237196,0.021567175043995947,0.0,0.0,0.0,0.0,0.0,0.0,0.0,0.0
2021-06-23,19.00774955749512,19.15275001525879,18.90774917602539,19.057249069213867,332356000,19.20549964904785,1,NVDA,0.00902748266629616,0.022453168329790385,0.05763440172736067,18.73344955444336,18.253499603271486,-0.4271146473978874,0.021544865780256973,0.0,0.0,0.0,0.0,0.0,0.0,0.0,0.0
2021-06-24,19.22775077819824,19.420000076293945,19.08824920654297,19.20549964904785,320924000,19.0310001373291,0,NVDA,0.007779222452073409,0.04223363466969787,0.07965819660257445,18.84309959411621,18.431549644470216,-0.03439685156879968,0.01950844036852223,0.0,0.0,0.0,0.0,0.0,0.0,0.0,0.0
2021-06-25,19.280500411987305,19.34550094604492,18.894500732421875,19.0310001373291,278364000,19.98500061035156,1,NVDA,-0.009085913665745293,0.007637675902152363,0.06854203926020319,18.921549606323243,18.55212459564209,-0.13261706821552766,0.020734943626042224,0.0,0.0,0.0,0.0,0.0,0.0,0.0,0.0
2021-06-28,19.36124992370605,20.07875061035156,19.319000244140625,19.98500061035156,495436000,20.026750564575195,1,NVDA,0.05012876181694703,0.04868234327883303,0.07116542892228495,19.233099746704102,18.74874973297119,0.7798134816283715,0.021525339476110954,0.0,0.0,0.0,0.0,0.0,0.0,0.0,0.0
2021-06-29,19.88249969482422,20.0987491607666,19.65699958801269,20.026750564575195,367632000,20.002500534057617,0,NVDA,0.002089064445762956,0.04276123665275522,0.07446853907047157,19.461100006103514,18.97257480621338,-0.25796268337383643,0.021291867246768386,0.0,0.0,0.0,0.0,0.0,0.0,0.0,0.0
2021-06-30,19.999250411987305,20.162500381469727,19.863750457763672,20.002500534057617,326568000,20.21199989318848,1,NVDA,-0.0012108819371062784,0.05104831011077171,0.08548484627042674,19.650150299072266,19.191799926757813,-0.11169865517691602,0.019854233205595727,0.0,0.0,0.0,0.0,0.0,0.0,0.0,0.0
2021-07-01,20.125,20.45599937438965,20.018999099731445,20.21199989318848,480136000,20.48699951171875,1,NVDA,0.0104736584695575,0.011358482657205515,0.0701682754843016,19.85145034790039,19.3472749710083,0.470248156586071,0.0190125716550574,0.0,0.0,0.0,0.0,0.0,0.0,0.0,0.0
2021-07-02,20.44025039672852,20.505250930786133,20.287750244140625,20.48699951171875,342764000,20.69849967956543,1,NVDA,0.013605759943772,0.022981708673082357,0.07502396790387666,20.14265022277832,19.53209991455078,-0.28611060199610105,0.019056815339667577,0.0,0.0,0.0,0.0,0.0,0.0,0.0,0.0
2021-07-06,20.737499237060547,20.84199905395508,20.350250244140625,20.69849967956543,446708000,20.371749877929688,0,NVDA,0.010323628295383136,0.034795606895385855,0.07773815093592717,20.285350036621093,19.759224891662598,0.3032523835642016,0.019019610804287886,0.0,0.0,0.0,0.0,0.0,0.0,0.0,0.0
2021-07-07,20.853500366210938,20.875,20.332000732421875,20.371749877929688,418428000,19.90275001525879,0,NVDA,-0.015786158740690004,0.007903719848872726,0.07045082922209223,20.354349899291993,19.907724952697755,-0.06330757452295455,0.020317564898841872,0.0,0.0,0.0,0.0,0.0,0.0,0.0,0.0
2021-07-08,19.85650062561035,20.132999420166016,19.70075035095215,19.90275001525879,503300000,20.050249099731445,1,NVDA,-0.02302207053793659,-0.028518060740215567,-0.004115616341295869,20.334399795532228,19.992275047302247,0.20283537430573473,0.014051473157201157,0.0,0.0,0.0,0.0,0.0,0.0,0.0,0.0
2021-07-09,19.962499618530277,20.080249786376957,19.754249572753903,20.050249099731445,296624000,20.512500762939453,1,NVDA,0.007410990157620034,-0.03131872308957584,0.0011733573592220825,20.30204963684082,20.076749992370605,-0.41064176435525535,0.014355828231254848,0.0,0.0,0.0,0.0,0.0,0.0,0.0,0.0
2021-07-12,20.239999771118164,20.53274917602539,20.1877498626709,20.512500762939453,321984000,20.25,0,NVDA,0.0230546593665113,0.006909121005959973,0.02549682366029571,20.30714988708496,20.22490005493164,0.08549544204110249,0.016683469992012104,0.0,0.0,0.0,0.0,0.0,0.0,0.0,0.0
2021-07-13,20.40049934387207,20.46125030517578,20.11400032043457,20.25,290708000,19.84149932861328,0,NVDA,-0.012797111672201433,0.017447336899422794,0.0018800765393001129,20.217449951171876,20.251399993896484,-0.09713526137944739,0.017416500474294962,0.0,0.0,0.0,0.0,0.0,0.0,0.0,0.0
2021-07-14,20.357749938964844,20.417749404907227,19.75275039672852,19.84149932861328,380100000,18.966249465942383,0,NVDA,-0.020172872661072483,-0.010411330556534537,-0.03150779511349311,20.111399841308593,20.232874870300293,0.3074975576867509,0.017822079276783243,0.0,0.0,0.0,0.0,0.0,0.0,0.0,0.0
2021-07-15,19.811750411987305,19.847000122070312,18.85849952697754,18.966249465942383,550564000,18.160999298095703,0,NVDA,-0.04411208287111179,-0.0753809257519068,-0.08368965096215208,19.924099731445313,20.12924976348877,0.4484714548802946,0.021755320707289662,0.0,0.0,0.0,0.0,0.0,0.0,0.0,0.0
2021-07-16,19.030500411987305,19.15699958801269,18.072999954223636,18.160999298095703,688224000,18.77975082397461,1,NVDA,-0.042457006024974264,-0.10316052848910107,-0.1085204065964438,19.546249771118163,19.92414970397949,0.25003451006604127,0.024632575928845445,0.0,0.0,0.0,0.0,0.0,0.0,0.0,0.0
2021-07-19,17.915250778198242,19.04199981689453,17.86549949645996,18.77975082397461,749060000,18.61199951171875,0,NVDA,0.034070345784539935,-0.05351150571103924,-0.05642432279073062,19.199699783325194,19.753424835205077,0.08839563862928346,0.03064370899021566,0.0,0.0,0.0,0.0,0.0,0.0,0.0,0.0
2021-07-20,18.729999542236328,18.83799934387207,18.16399955749512,18.61199951171875,434687000,19.40999984741211,1,NVDA,-0.008932563260727888,-0.018677912829300203,-0.07173225533801275,18.872099685668946,19.54477481842041,-0.4196900114810562,0.029900080420655468,0.0,0.0,0.0,0.0,0.0,0.0,0.0,0.0
2021-07-21,18.881999969482425,19.527000427246094,18.742000579833984,19.40999984741211,371017000,19.5939998626709,1,NVDA,0.042875583313384036,0.06877377884417246,-0.05374775744161164,18.78579978942871,19.448599815368652,-0.14647320945875997,0.034202357739550125,0.0,0.0,0.0,0.0,0.0,0.0,0.0,0.0
2021-07-22,19.642000198364254,19.886999130249023,19.275999069213867,19.5939998626709,323826000,19.558000564575195,0,NVDA,0.009479650525773708,0.0433578190854802,-0.03239506851007912,18.911349868774415,19.417724800109863,-0.1271936326367794,0.03464573608875344,0.0,0.0,0.0,0.0,0.0,0.0,0.0,0.0
2021-07-23,19.6560001373291,19.700000762939453,19.25,19.558000564575195,195672000,19.29400062561035,0,NVDA,-0.0018372613222421563,0.05082748106998447,-0.014288172448200798,19.190750122070312,19.368499946594238,-0.3957495692130959,0.033920477846134375,0.0,0.0,0.0,0.0,0.0,0.0,0.0,0.0
2021-07-26,19.31100082397461,19.441999435424805,18.91399955749512,19.29400062561035,203943000,19.20800018310547,0,NVDA,-0.01349830920053341,-0.005976260830173219,0.017280757603473917,19.29360008239746,19.246649932861327,0.04226971666871093,0.029159023485456483,0.0,0.0,0.0,0.0,0.0,0.0,0.0,0.0
2021-07-27,19.26499938964844,19.621999740600582,18.74099922180176,19.20800018310547,248863000,19.50300025939941,1,NVDA,-0.004457367042412508,-0.01969989191950583,0.05765106136640563,19.412800216674803,19.142449951171876,0.22025762100194668,0.02197950716784268,0.0,0.0,0.0,0.0,0.0,0.0,0.0,0.0
2021-07-28,19.319000244140625,19.645999908447266,18.9950008392334,19.50300025939941,202191000,19.66200065612793,1,NVDA,0.01535818791554422,-0.002812164003891282,0.038512195513344505,19.431400299072266,19.108600044250487,-0.18754093617773637,0.01928791030082408,0.0,0.0,0.0,0.0,0.0,0.0,0.0,0.0
2021-07-29,19.518999099731445,19.85300064086914,19.327999114990234,19.66200065612793,190781000,19.499000549316406,0,NVDA,0.008152612142426019,0.019073287995497568,0.056415278957430814,19.445000457763673,19.178175163269042,-0.05643178974336149,0.018197051666550435,0.0,0.0,0.0,0.0,0.0,0.0,0.0,0.0
2021-07-30,19.417999267578125,19.6299991607666,19.26300048828125,19.499000549316406,183497000,19.75,1,NVDA,-0.008290107891982146,0.015149956447152002,0.004585301525191099,19.433200454711915,19.311975288391114,-0.03817990261084703,0.01051139310561629,0.0,0.0,0.0,0.0,0.0,0.0,0.0,0.0
2021-08-02,19.700000762939453,19.961000442504883,19.36100006103516,19.75,217444000,19.815000534057617,1,NVDA,0.012872426463539588,0.012664704779540292,0.00796162796889166,19.524400329589845,19.409000205993653,0.18500029973242071,0.011048155322246197,0.0,0.0,0.0,0.0,0.0,0.0,0.0,0.0
2021-08-03,19.739999771118164,20.222000122070312,19.21999931335449,19.815000534057617,301811000,20.27400016784668,1,NVDA,0.003291166281398361,0.00778150100824071,0.01314040096449931,19.645800399780274,19.52930030822754,0.3879941502179871,0.010984135868053777,0.0,0.0,0.0,0.0,0.0,0.0,0.0,0.0
2021-08-04,19.989999771118164,20.31800079345703,19.827999114990234,20.27400016784668,231309000,20.636999130249023,1,NVDA,0.023164250386980445,0.039745607297674734,0.0507929672675298,19.800000381469726,19.615700340270998,-0.23359652232688666,0.011147497603915356,0.0,0.0,0.0,0.0,0.0,0.0,0.0,0.0
2021-08-05,20.5,20.732999801635746,20.34199905395508,20.636999130249023,211435000,20.36599922180176,0,NVDA,0.01790465420721654,0.04491134836703914,0.07439602944196344,19.995000076293945,19.72000026702881,-0.08591970048722708,0.010446942633031754,0.0,0.0,0.0,0.0,0.0,0.0,0.0,0.0
2021-08-06,20.52400016784668,20.56999969482422,20.209999084472656,20.36599922180176,178497000,20.295000076293945,0,NVDA,-0.013131749763464318,0.027807149780142426,0.04424954883474563,20.168399810791016,19.800800132751466,-0.1557831011894909,0.01332425393678082,0.0,0.0,0.0,0.0,0.0,0.0,0.0,0.0
2021-08-09,20.44599914550781,20.507999420166016,20.14299964904785,20.295000076293945,146443000,19.93600082397461,0,NVDA,-0.0034861606707620174,0.0010358048867222802,0.03219404938676629,20.277399826049805,19.900900077819824,-0.17957724779688178,0.01377040857092482,0.0,0.0,0.0,0.0,0.0,0.0,0.0,0.0
2021-08-10,20.32200050354004,20.43000030517578,19.834999084472656,19.93600082397461,179238000,19.698999404907227,0,NVDA,-0.01768904907463753,-0.0339680348799799,0.022411419167508217,20.3015998840332,19.97370014190674,0.22394378700245143,0.015578328987355608,0.0,0.0,0.0,0.0,0.0,0.0,0.0,0.0
2021-08-11,20.042999267578125,20.048999786376957,19.43000030517578,19.698999404907227,185925000,19.905000686645508,1,NVDA,-0.011888112423348751,-0.032750655130169726,-0.002582308612292361,20.186599731445312,19.99330005645752,0.03730793693301648,0.015844745308216113,0.0,0.0,0.0,0.0,0.0,0.0,0.0,0.0
2021-08-12,19.8700008392334,20.02899932861328,19.6200008392334,19.905000686645508,151652000,20.1879997253418,1,NVDA,0.010457449005605968,-0.019216525655695094,0.004542021204248847,20.04020004272461,20.017600059509277,-0.1843377706064273,0.016336476843178557,0.0,0.0,0.0,0.0,0.0,0.0,0.0,0.0
2021-08-13,19.905000686645508,20.214000701904297,19.85099983215332,20.1879997253418,183063000,19.950000762939453,0,NVDA,0.014217484498061816,0.012640393807776151,-0.004241907950719548,20.00460014343262,20.086499977111817,0.20712552422651864,0.01454321262201328,0.0,0.0,0.0,0.0,0.0,0.0,0.0,0.0
2021-08-16,20.13500022888184,20.28700065612793,19.452999114990234,19.950000762939453,210876000,19.45800018310547,0,NVDA,-0.0117891304557326,0.012741832865363678,-0.03328964463164563,19.93560028076172,20.10650005340576,0.15193130233853913,0.012455276579681467,0.0,0.0,0.0,0.0,0.0,0.0,0.0,0.0
2021-08-17,19.684999465942383,19.770000457763672,19.267000198364254,19.45800018310547,204585000,19.040000915527344,0,NVDA,-0.02466168225657217,-0.02245669370109271,-0.04458406527504344,19.84000015258789,20.070800018310546,-0.029832697888806714,0.014363369306418506,0.0,0.0,0.0,0.0,0.0,0.0,0.0,0.0
2021-08-18,19.5,19.63400077819824,19.0,19.040000915527344,285913000,19.79800033569336,1,NVDA,-0.021482128874736883,-0.05686540645101079,-0.06183784952198812,19.708200454711914,19.947400093078613,0.3975267003934795,0.015331622414528463,0.0,0.0,0.0,0.0,0.0,0.0,0.0,0.0
2021-08-19,19.49399948120117,20.4950008392334,18.761999130249023,19.79800033569336,766555000,20.81599998474121,1,NVDA,0.03981089200199861,-0.007619068743519031,-0.006922175089163041,19.686800384521483,19.86350021362305,1.6810778103828787,0.023246243758590503,0.0,0.0,0.0,0.0,0.0,0.0,0.0,0.0
2021-08-20,19.99099922180176,20.864999771118164,19.933000564575195,20.81599998474121,675741000,21.95800018310547,1,NVDA,0.05141931668788402,0.06979133461078058,0.056703417106339415,19.81240043640137,19.908500289916994,-0.11847029893484484,0.029633600079722645,0.0,0.0,0.0,0.0,0.0,0.0,0.0,0.0
2021-08-23,20.97100067138672,21.996999740600582,20.950000762939453,21.95800018310547,575807000,21.792999267578125,0,NVDA,0.05486165445817548,0.15325625668423482,0.1031398857392325,20.21400032043457,20.074800300598145,-0.14788802218601504,0.03452578691618608,0.0,0.0,0.0,0.0,0.0,0.0,0.0,0.0
2021-08-24,21.75300025939941,21.958999633789062,21.53499984741211,21.792999267578125,297299000,22.21299934387207,1,NVDA,-0.007514387200629358,0.10076769865934532,0.07950265326294725,20.6810001373291,20.260500144958495,-0.4836829006941562,0.035530989175060534,0.0,0.0,0.0,0.0,0.0,0.0,0.0,0.0
2021-08-25,21.73699951171875,22.46999931335449,21.722000122070312,22.21299934387207,347701000,22.06800079345703,0,NVDA,0.01927224752945267,0.06711180631028557,0.11343350849071276,21.315599822998045,20.51190013885498,0.16953302903810652,0.034043155951091364,0.0,0.0,0.0,0.0,0.0,0.0,0.0,0.0
2021-08-26,22.200000762939453,22.34000015258789,21.790000915527344,22.06800079345703,237940000,22.63599967956543,1,NVDA,-0.006527643933642802,0.0050095914670862385,0.13413509023490056,21.76959991455078,20.728200149536132,-0.3156764001253951,0.030990017834931476,0.0,0.0,0.0,0.0,0.0,0.0,0.0,0.0
2021-08-27,22.18400001525879,22.722000122070312,22.16699981689453,22.63599967956543,304722000,22.6879997253418,1,NVDA,0.02573857466403595,0.0386821658477019,0.18886547222303474,22.133599853515626,20.973000144958498,0.2806673951416323,0.02547215786365574,0.0,0.0,0.0,0.0,0.0,0.0,0.0,0.0
2021-08-30,22.82999992370605,23.042999267578125,22.551000595092773,22.6879997253418,262580000,22.38500022888184,0,NVDA,0.002297227713044858,0.021383892112740277,0.14597430753842988,22.279599761962892,21.246800041198732,-0.1382965457039531,0.025852419296820337,0.0,0.0,0.0,0.0,0.0,0.0,0.0,0.0
2021-08-31,22.69499969482422,22.69499969482422,22.1200008392334,22.38500022888184,259850000,22.44099998474121,1,NVDA,-0.01335505554160954,0.014364664855313736,0.07537472354394481,22.397999954223632,21.53950004577637,-0.010396831441846333,0.024247678438338083,0.0,0.0,0.0,0.0,0.0,0.0,0.0,0.0
2021-09-01,22.48500061035156,22.69700050354004,22.35700035095215,22.44099998474121,201767000,22.395999908447266,0,NVDA,0.0025016642969304392,-0.008614582858483377,0.021996529629659145,22.44360008239746,21.879599952697756,-0.2235251106407543,0.014440118593014292,0.0,0.0,0.0,0.0,0.0,0.0,0.0,0.0
2021-09-02,22.51799964904785,22.593000411987305,22.295000076293945,22.395999908447266,187834000,22.843000411987305,1,NVDA,-0.002005261633819533,-0.012870231859549053,0.027669465476752197,22.50919990539551,22.139399909973147,-0.06905489995886349,0.013898699871136344,0.0,0.0,0.0,0.0,0.0,0.0,0.0,0.0
2021-09-03,22.325000762939453,22.98600006103516,22.200000762939453,22.843000411987305,280532000,22.66200065612793,0,NVDA,0.019958943801006157,0.020460137521666866,0.028361819057498572,22.550600051879883,22.342099952697758,0.4935102271154317,0.014026388693645737,0.0,0.0,0.0,0.0,0.0,0.0,0.0,0.0
2021-09-07,22.83300018310547,22.89900016784668,22.52199935913086,22.66200065612793,198107000,22.339000701904297,0,NVDA,-0.007923641929472258,0.009848075911812693,0.026916795419321016,22.54540023803711,22.4125,-0.29381674817846093,0.01421116762339292,0.0,0.0,0.0,0.0,0.0,0.0,0.0,0.0
2021-09-08,22.51300048828125,22.61000061035156,21.976999282836918,22.339000701904297,254434000,22.177000045776367,0,NVDA,-0.014252931995052731,-0.002545061920699032,-0.01312064772333632,22.536200332641602,22.46710014343262,0.28432614698117686,0.011796006333638032,0.0,0.0,0.0,0.0,0.0,0.0,0.0,0.0
2021-09-09,22.312000274658203,22.538000106811523,22.131000518798828,22.177000045776367,196856000,22.47800064086914,1,NVDA,-0.007251920454710348,-0.029155555496179097,-0.022522905754210787,22.483400344848633,22.46350021362305,-0.2262983720729148,0.011791915509466075,0.0,0.0,0.0,0.0,0.0,0.0,0.0,0.0
2021-09-10,22.347999572753903,22.625999450683597,22.270000457763672,22.47800064086914,248376000,22.152000427246094,0,NVDA,0.01357264708804018,-0.008119319121501989,0.00415458615306652,22.49980049133301,22.504500198364262,0.261714146381111,0.012304158567448648,0.0,0.0,0.0,0.0,0.0,0.0,0.0,0.0
2021-09-13,22.68400001525879,22.964000701904297,21.857999801635746,22.152000427246094,297500000,22.242000579833984,1,NVDA,-0.014503078758273502,-0.008371022372646308,-0.012878194273500454,22.361600494384767,22.45610027313233,0.1977807839726866,0.013499831973896563,0.0,0.0,0.0,0.0,0.0,0.0,0.0,0.0
2021-09-14,22.274999618530277,22.40999984741211,22.086000442504883,22.242000579833984,199755000,22.340999603271484,1,NVDA,0.004062845379742441,0.002930988588332406,-0.006876197947973561,22.277600479125976,22.41150035858154,-0.3285546218487395,0.01367604762261018,0.0,0.0,0.0,0.0,0.0,0.0,0.0,0.0
2021-09-15,22.30900001525879,22.367000579833984,21.965999603271484,22.340999603271484,166538000,22.242000579833984,0,NVDA,0.004450994553397258,-0.006094894282926755,-0.021976132717328345,22.278000259399413,22.40710029602051,-0.1662887036619859,0.010655374924119698,0.0,0.0,0.0,0.0,0.0,0.0,0.0,0.0
2021-09-16,22.183000564575195,22.277000427246094,21.927000045776367,22.242000579833984,156033000,21.899999618530277,0,NVDA,-0.004431270990354563,0.004062845379742441,-0.018533230259190514,22.291000366210938,22.387200355529785,-0.06307869675389399,0.010473213771658187,0.0,0.0,0.0,0.0,0.0,0.0,0.0,0.0
2021-09-17,22.299999237060547,22.32099914550781,21.82999992370605,21.899999618530277,294503000,21.113000869750977,0,NVDA,-0.015376357898928772,-0.015376357898928772,-0.0196517780375286,22.175400161743163,22.337600326538087,0.8874404773349227,0.010687566148072225,0.0,0.0,0.0,0.0,0.0,0.0,0.0,0.0
2021-09-20,21.145999908447266,21.433000564575195,20.66200065612793,21.113000869750977,349440000,21.246000289916992,1,NVDA,-0.03593601655195444,-0.05496614991840776,-0.04797759723268025,21.96760025024414,22.164600372314453,0.18654139346628051,0.016568020775003047,0.0,0.0,0.0,0.0,0.0,0.0,0.0,0.0
2021-09-21,21.41699981689453,21.424999237060547,20.950000762939453,21.246000289916992,204688000,21.94099998474121,1,NVDA,0.006299408643352322,-0.04478015753762854,-0.054809160771716714,21.768400192260742,22.02300033569336,-0.4142399267399267,0.015246990294903187,0.0,0.0,0.0,0.0,0.0,0.0,0.0,0.0
2021-09-22,21.36599922180176,21.959999084472656,21.19599914550781,21.94099998474121,268726000,22.48200035095215,1,NVDA,0.03271202510309923,0.0018721628732925044,-0.009525119105963875,21.688400268554688,21.98320026397705,0.31285664035019156,0.02114983934622968,0.0,0.0,0.0,0.0,0.0,0.0,0.0,0.0
2021-09-23,22.13999938964844,22.53499984741211,21.88999938964844,22.48200035095215,248555000,22.08099937438965,0,NVDA,0.024657051482939396,0.06484153956354755,0.010790385975250949,21.73640022277832,22.01370029449463,-0.07506158689520182,0.023320685825253325,0.0,0.0,0.0,0.0,0.0,0.0,0.0,0.0
2021-09-24,22.06999969482422,22.14900016784668,21.86100006103516,22.08099937438965,217655000,21.65999984741211,0,NVDA,-0.01783653457444756,0.03930147195135514,-0.011637806432070463,21.772600173950195,21.97400016784668,-0.1243185612842228,0.024390239140072913,0.0,0.0,0.0,0.0,0.0,0.0,0.0,0.0
2021-09-27,21.709999084472656,21.798999786376957,21.325000762939453,21.65999984741211,245215000,20.698999404907227,0,NVDA,-0.019066144599679258,-0.012807079783260678,-0.026166743874179832,21.881999969482422,21.92480010986328,0.12662240702028438,0.02530198456723022,0.0,0.0,0.0,0.0,0.0,0.0,0.0,0.0
2021-09-28,21.214000701904297,21.41900062561035,20.650999069213867,20.698999404907227,343069000,20.517000198364254,0,NVDA,-0.04436751843374098,-0.07930793159912963,-0.0548401933581244,21.77259979248047,21.770499992370606,0.3990538914829844,0.02957981677427806,0.0,0.0,0.0,0.0,0.0,0.0,0.0,0.0
2021-09-29,20.940000534057617,21.017000198364254,20.46699905395508,20.517000198364254,218394000,20.715999603271484,1,NVDA,-0.008792657218968047,-0.07083009013801145,-0.028229083826763035,21.487799835205077,21.588100051879884,-0.36341085904001824,0.026912368353607864,0.0,0.0,0.0,0.0,0.0,0.0,0.0,0.0
2021-09-30,20.76799964904785,21.06599998474121,20.6879997253418,20.715999603271484,221009000,20.742000579833984,1,NVDA,0.00969924467433092,-0.043582652391080834,-0.024945904142580577,21.134599685668945,21.435499954223634,0.011973772173228259,0.02715398669111602,0.0,0.0,0.0,0.0,0.0,0.0,0.0,0.0
2021-10-01,20.75,20.858999252319336,20.202999114990234,20.742000579833984,240978000,19.73200035095215,0,NVDA,0.0012551157105831212,0.0020774518654540497,-0.054646525032636006,20.866799926757814,21.319700050354005,0.09035378649738246,0.0223886226168917,0.0,0.0,0.0,0.0,0.0,0.0,0.0,0.0
2021-10-04,20.503999710083008,20.54199981689453,19.55500030517578,19.73200035095215,345635000,20.451000213623047,1,NVDA,-0.04869348185554434,-0.03826094652349277,-0.12232007637538944,20.48120002746582,21.18159999847412,0.4343010565279819,0.021835819828836662,0.0,0.0,0.0,0.0,0.0,0.0,0.0,0.0
2021-10-05,19.950000762939453,20.64800071716309,19.85400009155273,20.451000213623047,279282000,20.700000762939453,1,NVDA,0.03643826524847005,-0.01279201557846088,-0.07381908459528941,20.431600189208986,21.102099990844728,-0.19197419242842884,0.03008719989074494,0.0,0.0,0.0,0.0,0.0,0.0,0.0,0.0
2021-10-06,20.1200008392334,20.71999931335449,20.07999992370605,20.700000762939453,297202000,21.075000762939453,1,NVDA,0.012175470476526673,-0.0020248681766678045,-0.044321287684005006,20.468200302124025,20.97800006866455,0.06416453620355056,0.030911282245555914,0.0,0.0,0.0,0.0,0.0,0.0,0.0,0.0
2021-10-07,21.09199905395508,21.32200050354004,20.972000122070312,21.075000762939453,256919000,20.83099937438965,0,NVDA,0.01811594136128658,0.06806205088692385,0.018165194881018643,20.54000053405762,20.837300109863282,-0.13554081062711554,0.026739215726423272,0.0,0.0,0.0,0.0,0.0,0.0,0.0,0.0
2021-10-08,21.10099983215332,21.20599937438965,20.774999618530277,20.83099937438965,151258000,20.69499969482422,0,NVDA,-0.011577764162119641,0.018580957253791164,0.015304341423675982,20.55780029296875,20.712300109863282,-0.41126191523398425,0.026961738334827092,0.0,0.0,0.0,0.0,0.0,0.0,0.0,0.0
2021-10-11,20.575000762939453,21.0629997253418,20.51099967956543,20.69499969482422,163388000,20.67099952697754,0,NVDA,-0.006528716031388937,-0.00024159748458507657,-0.0010137048102640822,20.750400161743165,20.61580009460449,0.08019410543574557,0.02693595888848209,0.0,0.0,0.0,0.0,0.0,0.0,0.0,0.0
2021-10-12,20.827999114990234,21.05699920654297,20.527999877929688,20.67099952697754,162134000,20.93899917602539,1,NVDA,-0.0011597085383230343,-0.019169690217632263,-0.0034230571242716,20.794400024414063,20.613000106811523,-0.0076749822508385135,0.026935197901268283,0.0,0.0,0.0,0.0,0.0,0.0,0.0,0.0
2021-10-13,20.917999267578125,20.989999771118164,20.71299934387207,20.93899917602539,180652000,21.746000289916992,1,NVDA,0.012965006781509913,0.005184571306190877,0.06116961299440682,20.84219970703125,20.655200004577637,0.11421416852726751,0.01647535580235413,0.0,0.0,0.0,0.0,0.0,0.0,0.0,0.0
2021-10-14,21.288000106811523,21.7549991607666,21.121999740600582,21.746000289916992,243589000,21.86199951171875,1,NVDA,0.03854057718363135,0.05078524332404921,0.0633220900086493,20.976399612426757,20.758200073242186,0.348388061023404,0.017074955378128216,0.0,0.0,0.0,0.0,0.0,0.0,0.0,0.0
2021-10-15,21.809999465942383,21.93099975585937,21.66200065612793,21.86199951171875,226994000,22.222000122070312,1,NVDA,0.0053342784997361115,0.05761695186470539,0.056135203186064464,21.18259963989258,20.870199966430665,-0.06812705007204756,0.01705420488092226,0.0,0.0,0.0,0.0,0.0,0.0,0.0,0.0
2021-10-18,21.749000549316406,22.291000366210938,21.643999099731445,22.222000122070312,189494000,22.290000915527344,1,NVDA,0.016466957203918664,0.061273269809090314,0.05442464140489456,21.487999725341798,21.11919994354248,-0.16520260447412705,0.01690117271741277,0.0,0.0,0.0,0.0,0.0,0.0,0.0,0.0
2021-10-19,22.275999069213867,22.378999710083008,22.03700065612793,22.290000915527344,161473000,22.10300064086914,0,NVDA,0.003060066289419794,0.025016123349478114,0.07003992054896035,21.811800003051758,21.30310001373291,-0.1478727558656211,0.014903003260518622,0.0,0.0,0.0,0.0,0.0,0.0,0.0,0.0
2021-10-20,22.30500030517578,22.433000564575195,21.98200035095215,22.10300064086914,146276000,22.691999435424805,1,NVDA,-0.008389424269962142,0.011023745976263877,0.06803580414630606,22.04460029602051,21.44340000152588,-0.0941148055712101,0.015255448931536963,0.0,0.0,0.0,0.0,0.0,0.0,0.0,0.0
2021-10-21,22.097000122070312,22.711000442504883,22.08300018310547,22.691999435424805,187590000,22.72599983215332,1,NVDA,0.02664791102917441,0.021150180486575687,0.09776982026484382,22.23380012512207,21.605099868774413,0.2824386775684322,0.015619448324720812,0.0,0.0,0.0,0.0,0.0,0.0,0.0,0.0
2021-10-22,22.822999954223636,23.1299991607666,22.56100082397461,22.72599983215332,249384000,23.166000366210938,1,NVDA,0.0014983429214896482,0.019560291553072817,0.08534317428953342,22.406600189208984,21.79459991455078,0.32940988325603704,0.016274641893817308,0.0,0.0,0.0,0.0,0.0,0.0,0.0,0.0
2021-10-25,22.972999572753903,23.354999542236328,22.770000457763672,23.166000366210938,230235000,24.71699905395508,1,NVDA,0.019361107863562266,0.048093005226461205,0.0652993680383771,22.595400238037108,22.041699981689455,-0.07678519872966993,0.012123029355693232,0.0,0.0,0.0,0.0,0.0,0.0,0.0,0.0
2021-10-26,23.98900032043457,25.25900077819824,23.923999786376957,24.71699905395508,485898000,24.451000213623047,0,NVDA,0.06695150924742155,0.08923848355861597,0.1305918765896028,23.080799865722657,22.446299934387206,1.1104436771125155,0.02472220396793953,0.0,0.0,0.0,0.0,0.0,0.0,0.0,0.0
2021-10-27,24.474000930786133,25.09000015258789,24.28199958801269,24.451000213623047,245990000,24.94099998474121,1,NVDA,-0.010761777340015377,0.07590426798424743,0.10030600662894207,23.550399780273438,22.79750003814697,-0.49374148483838176,0.027027639123290984,0.0,0.0,0.0,0.0,0.0,0.0,0.0,0.0
2021-10-28,24.87800025939941,24.950000762939453,24.52300071716309,24.94099998474121,234204000,25.566999435424805,1,NVDA,0.0200400706243975,0.07662089227621793,0.11893220997434617,24.00019989013672,23.117000007629393,-0.047912516768974345,0.026635775657594202,0.0,0.0,0.0,0.0,0.0,0.0,0.0,0.0
2021-10-29,25.000999450683597,25.708999633789062,25.0,25.566999435424805,292503000,25.82699966430664,1,NVDA,0.02509921218341593,0.03438930347548452,0.1567207480485986,24.568399810791014,23.4875,0.2489240149613159,0.024332743536132805,0.0,0.0,0.0,0.0,0.0,0.0,0.0,0.0
2021-11-01,25.64900016784668,25.893999099731445,25.226999282836918,25.82699966430664,265740000,26.400999069213867,1,NVDA,0.010169368116056177,0.0562757939823233,0.13815442917681997,25.100599670410155,23.84799995422363,-0.09149649747182076,0.024521257150555403,0.0,0.0,0.0,0.0,0.0,0.0,0.0,0.0
2021-11-02,25.82200050354004,26.67799949645996,25.799999237060547,26.400999069213867,294112000,26.597999572753903,1,NVDA,0.02222478074758727,0.05853811336216985,0.16170902333023274,25.437399673461915,24.259099769592286,0.10676601189132229,0.023289042531362086,0.0,0.0,0.0,0.0,0.0,0.0,0.0,0.0
2021-11-03,26.670000076293945,26.78400039672852,26.23500061035156,26.597999572753903,239910000,29.801000595092773,1,NVDA,0.0074618579025578224,0.04032542574787157,0.14814811155527519,25.866799545288085,24.708599662780763,-0.18429033837449682,0.023928121897666202,0.0,0.0,0.0,0.0,0.0,0.0,0.0,0.0
2021-11-04,27.22900009155273,31.364999771118164,27.118000030517575,29.801000595092773,1153631000,29.75200080871582,0,NVDA,0.1204226285355654,0.15387001906684006,0.20568846282834552,26.838799667358398,25.419499778747557,3.808599057980076,0.04260092833742597,0.0,0.0,0.0,0.0,0.0,0.0,0.0,0.0
2021-11-05,30.187000274658203,31.399999618530277,29.40999984741211,29.75200080871582,851260000,30.804000854492188,1,NVDA,-0.001644232925018696,0.12692708070315217,0.21680097128048303,27.675799942016603,26.12209987640381,-0.2621037402774371,0.04134602932430223,0.0,0.0,0.0,0.0,0.0,0.0,0.0,0.0
2021-11-08,30.14900016784668,31.100000381469727,29.90699958801269,30.804000854492188,503101000,30.65699958801269,0,NVDA,0.03535896804184624,0.15813224111962065,0.23507481148863052,28.67120018005371,26.885899925231932,-0.40899255221671404,0.04119103990414572,0.0,0.0,0.0,0.0,0.0,0.0,0.0,0.0
2021-11-09,32.28200149536133,32.310001373291016,29.964000701904297,30.65699958801269,646746000,29.458999633789062,0,NVDA,-0.004772148500250983,0.028723833959483747,0.19908476805985087,29.522400283813475,27.479899978637697,0.28551920986044554,0.04342700055503017,0.0,0.0,0.0,0.0,0.0,0.0,0.0,0.0
2021-11-10,29.356000900268555,30.850000381469727,28.777999877929688,29.458999633789062,636206000,30.38999938964844,1,NVDA,-0.039077534342012554,-0.009848116663163098,0.14062802558138054,30.09460029602051,27.980699920654295,-0.01629696975319528,0.05009165600490571,0.0,0.0,0.0,0.0,0.0,0.0,0.0,0.0
2021-11-11,30.468000411987305,30.59000015258789,29.777000427246094,30.38999938964844,332172000,30.38999938964844,0,NVDA,0.03160323729362258,-0.013439860192166253,0.15109277910191432,30.212400054931642,28.525599861145018,-0.4778860934980179,0.05028623606057312,0.0,0.0,0.0,0.0,0.0,0.0,0.0,0.0
2021-11-12,30.01000022888184,30.68000030517578,29.6299991607666,30.38999938964844,413054000,30.024999618530277,0,NVDA,0.0,-0.008709273639050163,0.1425671057149327,30.339999771118165,29.007899856567384,0.24349433426056377,0.05070669542453754,0.0,0.0,0.0,0.0,0.0,0.0,0.0,0.0
2021-11-15,30.552000045776367,30.643999099731445,29.246999740600582,30.024999618530277,384909000,30.202999114990234,1,NVDA,-0.012010522489266373,0.01921314341210767,0.007516493371514166,30.18419952392578,29.427699851989747,-0.06813879056975602,0.02560281883122286,0.0,0.0,0.0,0.0,0.0,0.0,0.0,0.0
2021-11-16,29.75900077819824,30.38999938964844,29.70599937438965,30.202999114990234,264484000,29.26099967956543,0,NVDA,0.005928376310456507,-0.006153349075811554,0.015158587456823858,30.093399429321288,29.80789985656738,-0.31286615797500184,0.025615142747741584,0.0,0.0,0.0,0.0,0.0,0.0,0.0,0.0
2021-11-17,30.417999267578125,30.50900077819824,28.799999237060547,29.26099967956543,428508000,31.674999237060547,1,NVDA,-0.031188936960809155,-0.037150369620197354,-0.05009093403858089,30.053799438476563,30.074199867248534,0.6201660591945071,0.023630686687625316,0.0,0.0,0.0,0.0,0.0,0.0,0.0,0.0
2021-11-18,32.367000579833984,32.7599983215332,31.32099914550781,31.674999237060547,781711000,32.98500061035156,1,NVDA,0.08249887508733833,0.05495419282243574,0.03320610831876403,30.310799407958985,30.261599731445312,0.8242623241573086,0.041393261769237945,0.0,0.0,0.0,0.0,0.0,0.0,0.0,0.0
2021-11-19,32.24300003051758,33.0880012512207,31.905000686645508,32.98500061035156,533867000,31.95599937438965,0,NVDA,0.04135758184196825,0.09211010750189286,0.1196918096471351,30.82979965209961,30.584899711608887,-0.3170532332281367,0.03801736408472381,0.0,0.0,0.0,0.0,0.0,0.0,0.0,0.0
2021-11-22,33.516998291015625,34.64699935913086,31.899999618530277,31.95599937438965,754335000,31.746000289916992,0,NVDA,-0.031196035074166018,0.09210210602292879,0.051530109121181056,31.215999603271484,30.700099563598634,0.4129642776197069,0.04123827502822816,0.0,0.0,0.0,0.0,0.0,0.0,0.0,0.0
2021-11-23,31.53499984741211,32.36000061035156,30.8799991607666,31.746000289916992,532163000,32.67399978637695,1,NVDA,-0.006571507340839222,0.0022415486840288157,0.04461997128997752,31.524599838256837,30.808999633789064,-0.2945269674614064,0.041522253038664705,0.0,0.0,0.0,0.0,0.0,0.0,0.0,0.0
2021-11-24,31.461000442504883,32.85499954223633,30.92799949645996,32.67399978637695,435162000,31.50300025939941,0,NVDA,0.029232013103543952,-0.00942855292465905,0.08822648464620841,32.20719985961914,31.130499649047852,-0.18227685878198974,0.04130496667652215,0.0,0.0,0.0,0.0,0.0,0.0,0.0,0.0
2021-11-26,32.599998474121094,32.709999084472656,31.350000381469727,31.50300025939941,283069000,33.375999450683594,1,NVDA,-0.035838879066950935,-0.01417571422764774,0.043042121064194694,32.172800064086914,31.241799736022948,-0.3495089185177015,0.04529790643516817,0.0,0.0,0.0,0.0,0.0,0.0,0.0,0.0
2021-11-29,32.36600112915039,33.4119987487793,32.0359992980957,33.375999450683594,454964000,32.67599868774414,0,NVDA,0.059454628951582045,0.05134502444026978,0.14063086757736087,32.25099983215332,31.540399742126464,0.6072547682720468,0.045550432497028996,0.0,0.0,0.0,0.0,0.0,0.0,0.0,0.0
2021-11-30,33.16899871826172,33.35300064086914,31.86400032043457,32.67599868774414,622066000,31.434999465942383,0,NVDA,-0.020973177566525725,6.117712493902694e-05,0.031602193363666986,32.39499969482422,31.805499649047853,0.3672862028644024,0.03799300971848332,0.0,0.0,0.0,0.0,0.0,0.0,0.0,0.0
2021-12-01,33.21900177001953,33.28900146484375,31.3799991607666,31.434999465942383,484368000,32.125999450683594,1,NVDA,-0.037978922500912615,-0.002158549753899619,-0.04699109036616933,32.3327995300293,31.928699684143066,-0.22135593329325187,0.03718753302634405,0.0,0.0,0.0,0.0,0.0,0.0,0.0,0.0
2021-12-02,31.214000701904297,32.47800064086914,31.024999618530277,32.125999450683594,472890000,30.69300079345703,0,NVDA,0.021981867233363817,-0.03745206197785933,0.005319817236890678,32.223199462890626,32.215199661254886,-0.02369685858685955,0.03667441649399911,0.0,0.0,0.0,0.0,0.0,0.0,0.0,0.0
2021-12-03,32.0,32.12900161743164,30.1299991607666,30.69300079345703,544325000,30.03700065612793,0,NVDA,-0.04460557435501267,-0.06068668055831683,-0.033169517005088966,32.06119956970215,32.116999816894534,0.15106050032777185,0.0406427959053085,0.0,0.0,0.0,0.0,0.0,0.0,0.0,0.0
2021-12-06,29.8799991607666,30.24099922180176,28.038000106811523,30.03700065612793,658938000,32.426998138427734,1,NVDA,-0.021372955409069805,-0.04447268438254903,-0.08070634594753501,31.393399810791017,31.822199821472168,0.2105598677260827,0.03814907167479867,0.0,0.0,0.0,0.0,0.0,0.0,0.0,0.0
2021-12-07,30.957000732421875,32.44900131225586,30.650999069213867,32.426998138427734,593053000,31.826000213623047,0,NVDA,0.07956844658563522,0.00936931746531977,0.029330472381043693,31.343599700927733,31.869299697875977,-0.0999866451775433,0.049146071889817594,0.0,0.0,0.0,0.0,0.0,0.0,0.0,0.0
2021-12-08,31.999000549316406,32.290000915527344,31.42099952697754,31.826000213623047,475551000,30.489999771118164,0,NVDA,-0.01853387483599578,0.03691393447614755,-0.046440533993621025,31.421799850463866,31.87729969024658,-0.19813068983716464,0.04327356115749593,0.0,0.0,0.0,0.0,0.0,0.0,0.0,0.0
2021-12-09,31.733999252319336,32.20500183105469,30.42799949645996,30.489999771118164,488507000,30.197999954223636,0,NVDA,-0.04197827039330604,0.015081369813727319,-0.06689922280618421,31.09459991455078,31.6588996887207,0.027244186217671773,0.045172504330008176,0.0,0.0,0.0,0.0,0.0,0.0,0.0,0.0
2021-12-10,31.149999618530277,31.30500030517578,29.86100006103516,30.197999954223636,488825000,28.160999298095703,0,NVDA,-0.009576904528911356,-0.06873896173456207,-0.03935102696785309,30.9955997467041,31.528399658203124,0.0006509630363535912,0.04337432328041695,0.0,0.0,0.0,0.0,0.0,0.0,0.0,0.0
2021-12-13,30.249000549316406,30.29400062561035,28.11599922180176,28.160999298095703,598344000,28.33699989318848,1,NVDA,-0.06745482016079773,-0.11515744645657822,-0.12342028949712636,30.620399475097656,31.006899642944337,0.2240454150258273,0.047134925812223574,0.0,0.0,0.0,0.0,0.0,0.0,0.0,0.0
2021-12-14,27.698999404907227,28.67799949645996,27.25,28.33699989318848,667035000,30.458999633789062,1,NVDA,0.0062497993494385895,-0.07061331236772017,-0.07676020067646139,29.802399826049804,30.57299976348877,0.11480185311459623,0.04620823751376179,0.0,0.0,0.0,0.0,0.0,0.0,0.0,0.0
2021-12-15,28.399999618530277,30.5,27.83799934387207,30.458999633789062,698297000,28.386999130249023,0,NVDA,0.07488441784942301,0.00864294588916703,0.014049304805506369,29.528999710083006,30.475399780273438,0.046867105923976915,0.0557506423762819,0.0,0.0,0.0,0.0,0.0,0.0,0.0,0.0
2021-12-16,31.152000427246094,31.15999984741211,28.093000411987305,28.386999130249023,707366000,27.801000595092773,0,NVDA,-0.06802588819238531,0.008025277432843092,-0.12458751164484438,29.10839958190918,30.10149974822998,0.012987310556969334,0.049681951681899976,0.0,0.0,0.0,0.0,0.0,0.0,0.0,0.0
2021-12-17,27.98500061035156,28.92200088500977,27.76000022888184,27.801000595092773,713758000,27.7189998626709,0,NVDA,-0.020643201222767305,-0.018915174510924393,-0.12646891194349275,28.628999710083008,29.812299728393555,0.009036340451760383,0.04969370628137891,0.0,0.0,0.0,0.0,0.0,0.0,0.0,0.0
2021-12-20,27.30500030517578,28.143999099731445,27.145000457763672,27.7189998626709,461847000,29.075000762939453,1,NVDA,-0.0029495604714439017,-0.08995698493257809,-0.09088225415705353,28.540599822998047,29.58049964904785,-0.35293614922704897,0.04874562381754119,0.0,0.0,0.0,0.0,0.0,0.0,0.0,0.0
2021-12-21,28.374000549316406,29.1200008392334,27.400999069213867,29.075000762939453,524385000,29.399999618530277,1,NVDA,0.04891954641172602,0.024236504518623025,-0.03718786651389194,28.688199996948242,29.245299911499025,0.13540847943150003,0.054055631445985936,0.0,0.0,0.0,0.0,0.0,0.0,0.0,0.0
2021-12-22,28.891000747680664,29.55500030517578,28.448999404907227,29.399999618530277,395184000,29.63999938964844,1,NVDA,0.011177948308262353,0.05751588033560728,0.04399702962665675,28.476399993896486,29.002699851989746,-0.24638576618324326,0.0463240958636816,0.0,0.0,0.0,0.0,0.0,0.0,0.0,0.0
2021-12-23,29.7549991607666,30.05900001525879,29.43099975585937,29.63999938964844,343022000,30.94499969482422,1,NVDA,0.008163257626945475,0.06930262767397122,0.04598226704913699,28.727000045776368,28.917699813842773,-0.1319942102919146,0.0463239738225435,0.0,0.0,0.0,0.0,0.0,0.0,0.0,0.0
2021-12-27,29.65999984741211,31.08699989318848,29.63999938964844,30.94499969482422,403686000,30.32200050354004,0,NVDA,0.044028351283689204,0.06431638461961331,0.01595587730648984,29.355799865722656,28.992399787902833,0.17685163050766417,0.03984245627585696,0.0,0.0,0.0,0.0,0.0,0.0,0.0,0.0
2021-12-28,31.312000274658203,31.32999992370605,30.011999130249023,30.32200050354004,420591000,30.000999450683597,0,NVDA,-0.02013246719754791,0.031360574726968515,0.06816505557394725,29.876399993896484,29.208499908447266,0.041876607065887805,0.027963633553833495,0.0,0.0,0.0,0.0,0.0,0.0,0.0,0.0
2021-12-29,30.27300071716309,30.54800033569336,29.36599922180176,30.000999450683597,343139000,29.586000442504883,0,NVDA,-0.010586407477269355,0.012179489489504869,0.07913380124811598,30.06159973144532,29.374899864196777,-0.18415039789248933,0.026351031847749257,0.0,0.0,0.0,0.0,0.0,0.0,0.0,0.0
2021-12-30,29.82699966430664,30.457000732421875,29.540000915527344,29.586000442504883,308864000,29.410999298095703,0,NVDA,-0.013832839431263011,-0.04391660254392049,0.06735454342089264,30.098799896240234,29.287599945068358,-0.09988663486225702,0.027617807095521814,0.0,0.0,0.0,0.0,0.0,0.0,0.0,0.0
2021-12-31,29.673999786376957,30.030000686645508,29.33099937438965,29.410999298095703,266530000,30.121000289916992,1,NVDA,-0.005914998370572744,-0.0300442315914472,0.01155626917762742,30.052999877929686,29.38999996185303,-0.13706356195607128,0.021794573438549812,0.0,0.0,0.0,0.0,0.0,0.0,0.0,0.0
2022-01-03,29.815000534057617,30.711000442504883,29.78499984741211,30.121000289916992,391547000,29.290000915527344,0,NVDA,0.024140661955245335,0.003999894717862773,0.024523832678293056,29.88819999694824,29.62199993133545,0.4690541402468764,0.02322374381651397,0.0,0.0,0.0,0.0,0.0,0.0,0.0,0.0
2022-01-04,30.277000427246094,30.468000411987305,28.349000930786133,29.290000915527344,527154000,27.60400009155273,0,NVDA,-0.027588704438471945,-0.010004715830135957,-0.011808315834288874,29.681800079345702,29.779100036621095,0.3463364551382082,0.025859117680790692,0.0,0.0,0.0,0.0,0.0,0.0,0.0,0.0
2022-01-05,28.948999404907227,29.416000366210938,27.53300094604492,27.60400009155273,498064000,28.17799949645996,1,NVDA,-0.05756233428728996,-0.06143957191757066,-0.10796573392212039,29.20240020751953,29.631999969482422,-0.055183115370461056,0.024582336117209225,0.0,0.0,0.0,0.0,0.0,0.0,0.0,0.0
2022-01-06,27.63999938964844,28.4379997253418,27.065000534057617,28.17799949645996,454186000,27.246999740600582,0,NVDA,0.020794066186185844,-0.06450651620980363,-0.07070776899531317,28.920800018310548,29.50979995727539,-0.08809711201773263,0.028038889499435143,0.0,0.0,0.0,0.0,0.0,0.0,0.0,0.0
2022-01-07,28.141000747680664,28.42200088500977,27.05699920654297,27.246999740600582,409939000,27.399999618530277,1,NVDA,-0.03303995217887423,-0.06975080611362205,-0.09179693211921525,28.488000106811523,29.270499992370606,-0.0974204400840184,0.029359883040697605,0.0,0.0,0.0,0.0,0.0,0.0,0.0,0.0
2022-01-10,26.58099937438965,27.4689998626709,25.643999099731445,27.399999618530277,594681000,27.816999435424805,1,NVDA,0.005615292670249961,-0.007390250411022148,-0.07388632431824327,27.94379997253418,28.915999984741212,0.45065729291431156,0.03020749096288611,0.0,0.0,0.0,0.0,0.0,0.0,0.0,0.0
2022-01-11,27.322999954223636,28.065000534057617,26.839000701904297,27.816999435424805,404089000,27.999000549316406,1,NVDA,0.015218971631390632,-0.012811415554198957,-0.05419740575676757,27.64919967651367,28.665499877929687,-0.3204945172285646,0.03175932905609338,0.0,0.0,0.0,0.0,0.0,0.0,0.0,0.0
2022-01-12,28.066999435424805,28.59499931335449,27.607999801635746,27.999000549316406,383413000,26.575000762939453,0,NVDA,0.006542801796940889,0.027599398681509513,-0.0704491789839704,27.728199768066407,28.465299987792967,-0.05116694589558246,0.029450948500971724,0.0,0.0,0.0,0.0,0.0,0.0,0.0,0.0
2022-01-13,28.378999710083008,28.479999542236328,26.49799919128418,26.575000762939453,540171000,26.941999435424805,1,NVDA,-0.05085895062106849,-0.03010944770352797,-0.09269375444603023,27.407600021362306,28.164200019836425,0.40884894356738033,0.03288046970842563,0.0,0.0,0.0,0.0,0.0,0.0,0.0,0.0
2022-01-14,26.299999237060547,27.19700050354004,26.209999084472656,26.941999435424805,395832000,25.902999877929688,0,NVDA,0.013809921428004523,-0.03145558535280735,-0.02398205527939079,27.346599960327147,27.917300033569337,-0.26720982799891146,0.0275036598692445,0.0,0.0,0.0,0.0,0.0,0.0,0.0,0.0
2022-01-18,26.26000022888184,26.63800048828125,25.770000457763672,25.902999877929688,424270000,25.066999435424805,0,NVDA,-0.03856430774506603,-0.07485983893228265,-0.08073673288325822,27.047200012207032,27.495499992370604,0.0718436104205824,0.028042998890352958,0.0,0.0,0.0,0.0,0.0,0.0,0.0,0.0
2022-01-19,26.07900047302246,26.542999267578125,25.052000045776367,25.066999435424805,488315000,24.149999618530277,0,NVDA,-0.03227427118266657,-0.05674510947211908,-0.08000882027122325,26.49720001220703,27.073199844360353,0.15095340231456378,0.027946811334535762,0.0,0.0,0.0,0.0,0.0,0.0,0.0,0.0
2022-01-20,25.304000854492188,25.57900047302246,24.077999114990234,24.149999618530277,435181000,23.374000549316406,0,NVDA,-0.036581953865551964,-0.10363001541836037,-0.11861314033749348,25.727399826049805,26.727799797058104,-0.10881091098983242,0.02818929209913514,0.0,0.0,0.0,0.0,0.0,0.0,0.0,0.0
2022-01-21,23.506999969482425,24.822999954223636,23.26300048828125,23.374000549316406,718958000,23.371999740600582,0,NVDA,-0.03213246714167428,-0.09763345328847728,-0.15972243506789818,25.087199783325197,26.24739990234375,0.6520895903084003,0.024454977554548396,0.0,0.0,0.0,0.0,0.0,0.0,0.0,0.0
2022-01-24,22.32999992370605,23.3799991607666,20.88800048828125,23.371999740600582,913982000,22.323999404907227,0,NVDA,-8.559975480459947e-05,-0.0676187710136874,-0.16525592763805963,24.37319984436035,25.85989990234375,0.27125923906542515,0.02315575884664249,0.0,0.0,0.0,0.0,0.0,0.0,0.0,0.0
2022-01-25,22.54599952697754,22.94300079345703,22.0,22.323999404907227,664616000,22.77199935913086,1,NVDA,-0.04483999432332808,-0.07561077608555988,-0.1599624171586298,23.65739974975586,25.352299880981445,-0.27283469477517064,0.022135197715963277,0.0,0.0,0.0,0.0,0.0,0.0,0.0,0.0
2022-01-26,23.239999771118164,24.05699920654297,22.299999237060547,22.77199935913086,755959000,21.944000244140625,0,NVDA,0.02006808664065618,-0.02575516283211321,-0.15477693429133554,23.19839973449707,24.847799873352052,0.13743725700253973,0.02398396941873963,0.0,0.0,0.0,0.0,0.0,0.0,0.0,0.0
2022-01-27,23.56800079345703,23.9950008392334,21.674999237060547,21.944000244140625,573353000,22.84000015258789,1,NVDA,-0.036360404808207236,-0.0610987297753266,-0.1528394260296575,22.757199859619142,24.242299842834473,-0.24155542827058085,0.02376654210629153,0.0,0.0,0.0,0.0,0.0,0.0,0.0,0.0
2022-01-28,22.011999130249023,22.857999801635746,21.29599952697754,22.84000015258789,543774000,24.48600006103516,1,NVDA,0.040831202081603735,0.023114171359780444,-0.08884187708919433,22.65039978027344,23.868799781799318,-0.051589509429618374,0.03326463813939801,0.0,0.0,0.0,0.0,0.0,0.0,0.0,0.0
2022-01-31,23.18199920654297,24.50900077819824,23.052000045776367,24.48600006103516,564680000,24.63800048828125,1,NVDA,0.07206654542253887,0.07526790576766107,0.013913062021213118,22.87319984436035,23.623199844360354,0.03844611915979801,0.04392061660439466,0.0,0.0,0.0,0.0,0.0,0.0,0.0,0.0
2022-02-01,25.10400009155273,25.145000457763672,23.88999938964844,24.63800048828125,518925000,25.242000579833984,1,NVDA,0.0062076462822513445,0.12276705314291836,0.05407717589027827,23.336000061035158,23.49669990539551,-0.08102819295884389,0.04114211106399264,0.0,0.0,0.0,0.0,0.0,0.0,0.0,0.0
2022-02-02,25.79400062561035,25.816999435424805,24.55299949645996,25.242000579833984,543419000,23.947999954223636,0,NVDA,0.02451498009507791,0.10516639278454365,0.08001030549324106,23.83000030517578,23.514200019836426,0.04720142602495536,0.04135957234081546,0.0,0.0,0.0,0.0,0.0,0.0,0.0,0.0
2022-02-03,24.45800018310547,25.07699966430664,23.780000686645508,23.947999954223636,410178000,24.319000244140625,1,NVDA,-0.05126379034489581,-0.021971743260249754,0.07274684611214521,24.230800247192384,23.494000053405763,-0.2451901755367405,0.04286905949131897,0.0,0.0,0.0,0.0,0.0,0.0,0.0,0.0
2022-02-04,23.972000122070312,24.63500022888184,23.631999969482425,24.319000244140625,354829000,24.72800064086914,1,NVDA,0.015491911250465673,-0.012947489155719194,0.06793434606300686,24.52660026550293,23.588500022888184,-0.13493897771211527,0.04274004672125869,0.0,0.0,0.0,0.0,0.0,0.0,0.0,0.0
2022-02-07,24.371999740600582,25.18199920654297,24.20199966430664,24.72800064086914,376868000,25.107999801635746,1,NVDA,0.016818141889984206,-0.02036288436565059,0.12686840893888007,24.575000381469728,23.72410011291504,0.062111608690383235,0.03748525413477714,0.0,0.0,0.0,0.0,0.0,0.0,0.0,0.0
2022-02-08,24.358999252319336,25.229999542236328,23.979999542236328,25.107999801635746,410359000,26.70499992370605,1,NVDA,0.01536716074564315,0.04843827666733924,0.09929945857688094,24.669000244140626,24.002500152587892,0.08886665888321632,0.03608832187995924,0.0,0.0,0.0,0.0,0.0,0.0,0.0,0.0
2022-02-09,25.621999740600582,26.725000381469727,25.35300064086914,26.70499992370605,524282000,25.823999404907227,0,NVDA,0.06360523079047753,0.09811257270496987,0.09062320743035568,24.96160011291504,24.39580020904541,0.2776178906762128,0.03390141758441292,0.0,0.0,0.0,0.0,0.0,0.0,0.0,0.0
2022-02-10,25.9950008392334,26.924999237060547,25.600000381469727,25.823999404907227,513200000,23.948999404907227,0,NVDA,-0.032990096285930304,0.044322174685917703,0.04813697918343984,25.336800003051756,24.78380012512207,-0.021137479448083307,0.038171536878667166,0.0,0.0,0.0,0.0,0.0,0.0,0.0,0.0
2022-02-11,25.916000366210938,26.152000427246094,23.77300071716309,23.948999404907227,605472000,24.267000198364254,1,NVDA,-0.07260687899658569,-0.046160602432895215,-0.051224195595643285,25.26279983520508,24.894700050354004,0.1797973499610288,0.0474270258863558,0.0,0.0,0.0,0.0,0.0,0.0,0.0,0.0
2022-02-14,23.93400001525879,24.875,23.7549991607666,24.267000198364254,440424000,26.4950008392334,1,NVDA,0.01327824967050062,-0.09129375518842753,0.013320538030331619,25.170599746704102,24.872800064086913,-0.2725939432376724,0.04337754181993758,0.0,0.0,0.0,0.0,0.0,0.0,0.0,0.0
2022-02-15,24.948999404907227,26.545000076293945,24.78400039672852,26.4950008392334,699869000,26.51099967956543,1,NVDA,0.09181195131894904,0.02598363730594966,0.08947738695043816,25.44799995422363,25.05850009918213,0.5890800682978221,0.055126335674162835,0.0,0.0,0.0,0.0,0.0,0.0,0.0,0.0
2022-02-16,26.25900077819824,26.582000732421875,25.552000045776367,26.51099967956543,732676000,24.506999969482425,0,NVDA,0.0006038437375075478,0.10697734094616251,0.07210445618273886,25.409199905395507,25.185400009155273,0.046875915349872566,0.055309509940339195,0.0,0.0,0.0,0.0,0.0,0.0,0.0,0.0
2022-02-17,25.6299991607666,25.78499984741211,24.165000915527344,24.506999969482425,810595000,23.642000198364254,0,NVDA,-0.07559125398155686,0.009889964526161199,-0.02393658741841176,25.145800018310545,25.24130001068115,0.10634850875421065,0.06416864093853077,0.0,0.0,0.0,0.0,0.0,0.0,0.0,0.0
2022-02-18,24.667999267578125,24.98600006103516,23.100000381469727,23.642000198364254,761255000,23.38999938964844,0,NVDA,-0.03529602857123759,-0.10768071524815592,-0.11469761221091668,25.084400177001953,25.173600006103516,-0.060868867930347514,0.05798357193436794,0.0,0.0,0.0,0.0,0.0,0.0,0.0,0.0
2022-02-22,23.03499984741211,24.06399917602539,23.0,23.38999938964844,633422000,22.386999130249023,0,NVDA,-0.010659030818096715,-0.11772473040021358,-0.09425341044564395,24.90900001525879,25.039799880981445,-0.16792402020347974,0.05749416196320393,0.0,0.0,0.0,0.0,0.0,0.0,0.0,0.0
2022-02-23,23.802000045776367,24.155000686645508,22.301000595092773,22.386999130249023,566511000,23.74799919128418,1,NVDA,-0.04288158553109278,-0.08650593062689649,-0.06522194302356299,24.087399673461913,24.767699813842775,-0.10563415858621894,0.05326911894402001,0.0,0.0,0.0,0.0,0.0,0.0,0.0,0.0
2022-02-24,21.01499938964844,23.799999237060547,20.88999938964844,23.74799919128418,735801000,24.15699958801269,1,NVDA,0.060794216014248725,0.004483503596589111,-0.02138711018410333,23.534799575805664,24.471999740600587,0.29882914894856416,0.059189034842212974,0.0,0.0,0.0,0.0,0.0,0.0,0.0,0.0
2022-02-25,23.72100067138672,24.21699905395508,23.381000518798828,24.15699958801269,528866000,24.38500022888184,1,NVDA,0.01722252023987858,0.03279180070024701,-0.08824310915886557,23.46479949951172,24.305299758911133,-0.2812377259612313,0.04444728502367023,0.0,0.0,0.0,0.0,0.0,0.0,0.0,0.0
2022-02-28,23.992000579833984,24.665000915527344,23.707000732421875,24.38500022888184,477319000,23.476999282836918,0,NVDA,0.009438284752146364,0.08924827695790372,-0.08019310763004917,23.613399505615234,24.348899841308594,-0.09746703323715267,0.044995411491094685,0.0,0.0,0.0,0.0,0.0,0.0,0.0,0.0
2022-03-01,24.291000366210938,24.37700080871582,23.131999969482425,23.476999282836918,412056000,24.21999931335449,1,NVDA,-0.037236044187913375,-0.0114114838165702,-0.04202883616632491,23.630799484252933,24.269899749755858,-0.13672826767842894,0.03753523840224132,0.0,0.0,0.0,0.0,0.0,0.0,0.0,0.0
2022-03-02,23.756000518798828,24.40900039672852,23.415000915527344,24.21999931335449,389642000,23.714000701904297,0,NVDA,0.03164799817755015,0.0026079284023774463,0.024447978603359566,23.997399520874023,24.042399597167968,-0.05439551905566231,0.03721014899511409,0.0,0.0,0.0,0.0,0.0,0.0,0.0,0.0
2022-03-03,24.261999130249023,24.326000213623047,23.4689998626709,23.714000701904297,365095000,22.93600082397461,0,NVDA,-0.02089176819964622,-0.02751689648059974,0.013852130000449936,23.990599822998046,23.762699699401857,-0.0629988553595352,0.03807510080448222,0.0,0.0,0.0,0.0,0.0,0.0,0.0,0.0
2022-03-04,23.38400077819824,23.68000030517578,22.48200035095215,22.93600082397461,431415000,21.351999282836918,0,NVDA,-0.03280761806957411,-0.023043765190971843,0.024523237372345408,23.74640007019043,23.605599784851073,0.18165135101822805,0.03621512795891483,0.0,0.0,0.0,0.0,0.0,0.0,0.0,0.0
2022-03-07,22.816999435424805,23.03300094604492,21.32999992370605,21.351999282836918,450821000,21.513999938964844,1,NVDA,-0.06906180171924137,-0.11841453806054425,-0.10089270633488256,23.13979988098145,23.37659969329834,0.044982209705272114,0.035540901140072724,0.0,0.0,0.0,0.0,0.0,0.0,0.0,0.0
2022-03-08,21.30900001525879,22.37299919128418,20.649999618530277,21.513999938964844,557467000,23.013999938964844,1,NVDA,0.007587142261574753,-0.09277223150131675,-0.10940926829171993,22.74720001220703,23.188999748229982,0.2365595214065006,0.03427019068542227,0.0,0.0,0.0,0.0,0.0,0.0,0.0,0.0
2022-03-09,22.386999130249023,23.21999931335449,22.246999740600582,23.013999938964844,492742000,22.65800094604492,0,NVDA,0.06972204165917528,0.0034007286444071028,-0.05622309932534553,22.506000137329103,23.25169982910156,-0.11610552732269352,0.04693440385310602,0.0,0.0,0.0,0.0,0.0,0.0,0.0,0.0
2022-03-10,22.5310001373291,22.788000106811523,21.881999969482425,22.65800094604492,428066000,22.100000381469727,0,NVDA,-0.015468801332409243,0.06116531037249451,-0.03488513701965035,22.294800186157225,23.142700004577637,-0.13125733142293528,0.04531286015200447,0.0,0.0,0.0,0.0,0.0,0.0,0.0,0.0
2022-03-11,23.02199935913086,23.145000457763672,22.04599952697754,22.100000381469727,367209000,21.32999992370605,0,NVDA,-0.024627087177900076,0.02723809817641376,-0.08753092452466882,22.12760009765625,22.93700008392334,-0.14216732933706488,0.04282007238328652,0.0,0.0,0.0,0.0,0.0,0.0,0.0,0.0
2022-03-14,21.86899948120117,22.261999130249023,21.15900039672852,21.32999992370605,385354000,22.972999572753903,1,NVDA,-0.034841649071160274,-0.0731728521649826,-0.10053136154317499,22.123200225830075,22.631500053405762,0.04941327690770114,0.043608217300612435,0.0,0.0,0.0,0.0,0.0,0.0,0.0,0.0
2022-03-15,21.51799964904785,23.038000106811523,21.32200050354004,22.972999572753903,491996000,24.496000289916992,1,NVDA,0.07702764439402698,0.013902313247275755,0.0016131299027779544,22.415000152587886,22.581100082397462,0.2767377528194854,0.054261665083917276,0.0,0.0,0.0,0.0,0.0,0.0,0.0,0.0
2022-03-16,23.5,24.597000122070312,23.17200088500977,24.496000289916992,671422000,24.766000747680664,1,NVDA,0.06629524857386837,0.10841628357872102,0.1472462117216009,22.711400222778316,22.60870018005371,0.36468995682891725,0.048775590617852624,0.0,0.0,0.0,0.0,0.0,0.0,0.0,0.0
2022-03-17,24.1200008392334,24.84199905395508,23.9060001373291,24.766000747680664,471941000,26.452999114990234,1,NVDA,0.01102222626421212,0.16108770915446002,0.1511574239073039,23.13300018310547,22.71390018463135,-0.2971022695115739,0.048637427663740074,0.0,0.0,0.0,0.0,0.0,0.0,0.0,0.0
2022-03-18,24.798999786376957,26.569000244140625,24.624000549316406,26.452999114990234,730719000,26.733999252319336,1,NVDA,0.06811751257285881,0.1514821576179206,0.14943074585669236,24.00359992980957,23.06560001373291,0.5483270154532027,0.04837428272733079,0.0,0.0,0.0,0.0,0.0,0.0,0.0,0.0
2022-03-21,26.506999969482425,27.152000427246094,25.96699905395508,26.733999252319336,591727000,26.52400016784668,0,NVDA,0.01062261923903618,0.09136181155760137,0.1798922295034111,25.084399795532228,23.60380001068115,-0.1902126535645029,0.046037987529988555,0.0,0.0,0.0,0.0,0.0,0.0,0.0,0.0
2022-03-22,26.726999282836918,27.238000869750977,26.07200050354004,26.52400016784668,547007000,25.63400077819824,0,NVDA,-0.007855131680473804,0.07098438856062184,0.20018098235357318,25.79459991455078,24.104800033569337,-0.0755753920304465,0.04339745348829874,0.0,0.0,0.0,0.0,0.0,0.0,0.0,0.0
2022-03-23,26.125999450683597,26.61199951171875,25.575000762939453,25.63400077819824,502120000,28.149999618530277,1,NVDA,-0.03355449344052297,-0.030960509741516984,0.20178156914612755,26.02220001220703,24.366800117492673,-0.0820592789488983,0.04309242707664697,0.0,0.0,0.0,0.0,0.0,0.0,0.0,0.0
2022-03-24,26.166000366210938,28.31999969482422,25.90699958801269,28.149999618530277,877379000,27.691999435424805,0,NVDA,0.09815084512566208,0.05296627537266407,0.2253515057701183,26.69899978637695,24.915999984741212,0.7473492392256831,0.04764719627244985,0.0,0.0,0.0,0.0,0.0,0.0,0.0,0.0
2022-03-25,27.88599967956543,28.357999801635746,27.270999908447266,27.691999435424805,579016000,28.2189998626709,1,NVDA,-0.01626998896312537,0.04403556251647189,0.13047024443510247,26.94679985046387,25.475199890136718,-0.3400617065145165,0.04749958494132378,0.0,0.0,0.0,0.0,0.0,0.0,0.0,0.0
2022-03-28,27.756000518798828,28.25,27.20599937438965,28.2189998626709,425494000,28.6560001373291,1,NVDA,0.019030782825018022,0.10084259210412472,0.1394249782259902,27.24379997253418,26.164099884033202,-0.2651429321469527,0.047382815193453706,0.0,0.0,0.0,0.0,0.0,0.0,0.0,0.0
2022-03-29,28.69499969482422,28.94599914550781,27.979999542236328,28.6560001373291,488984000,27.690000534057617,0,NVDA,0.015486029865866557,0.017975151888305563,0.08327982066466277,27.670199966430665,26.732399940490723,0.14921479503823787,0.04233538591336633,0.0,0.0,0.0,0.0,0.0,0.0,0.0,0.0
2022-03-30,28.304000854492188,28.496000289916992,27.50300025939941,27.690000534057617,463487000,27.285999298095703,0,NVDA,-0.033710203749375056,-7.218335287950683e-05,0.035759755684714456,28.08139991760254,27.051799964904784,-0.052142810398704276,0.04579094731188901,0.0,0.0,0.0,0.0,0.0,0.0,0.0,0.0
2022-03-31,27.78199958801269,28.24799919128418,27.270000457763672,27.285999298095703,523440000,26.71199989318848,0,NVDA,-0.014590149085226933,-0.03306285017596966,0.028728665564281775,27.908599853515625,27.30379981994629,0.1293520638119301,0.04619701467331694,0.0,0.0,0.0,0.0,0.0,0.0,0.0,0.0
2022-04-01,27.375,27.496000289916992,26.267000198364254,26.71199989318848,517235000,27.36000061035156,1,NVDA,-0.02103640766960224,-0.06783920417449485,0.042053486863708134,27.71259994506836,27.329699897766112,-0.011854271740791678,0.044676018212257695,0.0,0.0,0.0,0.0,0.0,0.0,0.0,0.0
2022-04-04,26.72800064086914,27.558000564575195,26.613000869750977,27.36000061035156,397120000,25.93099975585937,0,NVDA,0.024258787052792607,-0.011917656819839029,-0.02806390830849914,27.540800094604492,27.392300033569335,-0.23222519744410186,0.02289150304546417,0.0,0.0,0.0,0.0,0.0,0.0,0.0,0.0
2022-04-05,27.253999710083008,27.319000244140625,25.81999969482422,25.93099975585937,436615000,24.40699958801269,0,NVDA,-0.052229562230036275,-0.049659150373535965,-0.06359236297371462,26.995800018310547,27.332999992370606,0.09945356567284458,0.02928863602213699,0.0,0.0,0.0,0.0,0.0,0.0,0.0,0.0
2022-04-06,24.93400001525879,25.299999237060547,24.00300025939941,24.40699958801269,703833000,24.20800018310547,0,NVDA,-0.058771361775294295,-0.08629081740014377,-0.13508629976999498,26.339199829101563,27.21029987335205,0.612022033141326,0.031565597898036486,0.0,0.0,0.0,0.0,0.0,0.0,0.0,0.0
2022-04-07,24.44099998474121,24.722000122070312,23.47800064086914,24.20800018310547,557992000,23.11899948120117,0,NVDA,-0.008153374370726052,-0.11520469140828682,-0.15522054483903314,25.723600006103517,26.81609992980957,-0.20720966479264258,0.028212202199586586,0.0,0.0,0.0,0.0,0.0,0.0,0.0,0.0
2022-04-08,23.91699981689453,23.92300033569336,23.062000274658203,23.11899948120117,524781000,21.91699981689453,0,NVDA,-0.044985157537478226,-0.10844164517886756,-0.16507768019846358,25.004999923706052,26.358799934387207,-0.05951877446271636,0.029199416833373838,0.0,0.0,0.0,0.0,0.0,0.0,0.0,0.0
2022-04-11,22.214000701904297,22.31999969482422,21.65999984741211,21.91699981689453,575207000,21.503999710083008,0,NVDA,-0.05199185480686663,-0.10201990466460709,-0.1967675591626903,23.916399765014646,25.72859992980957,0.09608960690268886,0.030360526704607083,0.0,0.0,0.0,0.0,0.0,0.0,0.0,0.0
2022-04-12,22.53700065612793,22.725000381469727,21.28199958801269,21.503999710083008,662258000,22.202999114990234,1,NVDA,-0.018843824896743633,-0.11169863072413377,-0.19496856109352956,23.030999755859373,25.01339988708496,0.15133856159608627,0.030484474951682702,0.0,0.0,0.0,0.0,0.0,0.0,0.0,0.0
2022-04-13,21.72800064086914,22.5,21.45499992370605,22.202999114990234,516943000,21.257999420166016,0,NVDA,0.0325055531217977,-0.03962110760700366,-0.18848689255548445,22.590199661254882,24.464699745178223,-0.21942354792241092,0.03299171552114138,0.0,0.0,0.0,0.0,0.0,0.0,0.0,0.0
2022-04-14,22.5049991607666,22.777000427246094,21.163000106811523,21.257999420166016,569097000,21.78300094604492,1,NVDA,-0.0425618039225254,-0.030068002109509995,-0.18020903087770246,22.00019950866699,23.861899757385252,0.10088926632143203,0.032042191905897556,0.0,0.0,0.0,0.0,0.0,0.0,0.0,0.0
2022-04-18,21.200000762939453,22.08799934387207,21.07900047302246,21.78300094604492,525701000,22.197999954223636,1,NVDA,0.024696657267798683,0.012974388007970905,-0.10751008670711537,21.732999801635742,23.368999862670897,-0.07625413593816166,0.033957646056499285,0.0,0.0,0.0,0.0,0.0,0.0,0.0,0.0
2022-04-19,21.71999931335449,22.37299919128418,21.31399917602539,22.197999954223636,512781000,21.48200035095215,0,NVDA,0.019051507604789686,-0.00022515700427261365,-0.08303041199927752,21.789199829101562,22.852799797058104,-0.02457670805267631,0.036421870197441975,0.0,0.0,0.0,0.0,0.0,0.0,0.0,0.0
2022-04-20,22.517000198364254,22.670000076293945,21.200000762939453,21.48200035095215,468974000,20.183000564575195,0,NVDA,-0.03225514031660559,0.01053725359375246,-0.07080752484899355,21.78479995727539,22.407899856567383,-0.08543023239940639,0.034764948831862465,0.0,0.0,0.0,0.0,0.0,0.0,0.0,0.0
2022-04-21,21.708999633789062,22.392000198364254,20.0,20.183000564575195,656209000,19.51499938964844,0,NVDA,-0.060469219120898976,-0.07345178864164859,-0.07911663397390267,21.380800247192383,21.985499954223634,0.3992438813239114,0.03657555102163577,0.0,0.0,0.0,0.0,0.0,0.0,0.0,0.0
2022-04-22,20.30299949645996,20.48600006103516,19.5,19.51499938964844,624713000,19.902000427246094,1,NVDA,-0.03309721826492029,-0.12086677043463545,-0.09249443579102845,21.032200241088866,21.51619987487793,-0.04799690342558549,0.037462861151247036,0.0,0.0,0.0,0.0,0.0,0.0,0.0,0.0
2022-04-25,19.20199966430664,19.94499969482422,19.09600067138672,19.902000427246094,641566000,18.788000106811523,0,NVDA,0.019830953097694337,-0.07354994404122261,-0.10363458899526024,20.6560001373291,21.194499969482422,0.026977187924694945,0.03512091420613128,0.0,0.0,0.0,0.0,0.0,0.0,0.0,0.0
2022-04-26,19.718000411987305,19.788000106811523,18.670000076293945,18.788000106811523,653143000,18.415000915527344,0,NVDA,-0.05597428884131117,-0.06911759494334802,-0.11619152228461216,19.97400016784668,20.881599998474123,0.01804490886362431,0.037182347597540424,0.0,0.0,0.0,0.0,0.0,0.0,0.0,0.0
2022-04-27,18.597999572753903,19.16699981689453,18.290000915527344,18.415000915527344,499460000,19.78199958801269,1,NVDA,-0.01985305456480968,-0.05636682083139499,-0.15461597962833007,19.36060028076172,20.572700119018556,-0.23529763007488402,0.03238089682936745,0.0,0.0,0.0,0.0,0.0,0.0,0.0,0.0
2022-04-28,18.96699905395508,20.03700065612793,18.489999771118164,19.78199958801269,570327000,18.54700088500977,0,NVDA,0.0742328864796693,-0.0060295868082245185,-0.10883865083310129,19.28040008544922,20.3306001663208,0.14188723821727467,0.04755679448090951,0.0,0.0,0.0,0.0,0.0,0.0,0.0,0.0
2022-04-29,19.402000427246094,20.12800025939941,18.517000198364254,18.54700088500977,500435000,19.53300094604492,1,NVDA,-0.06243042810249044,-0.012827295104942071,-0.1366259853827947,19.086800384521485,20.059500312805177,-0.12254724044276355,0.05061197529142405,0.0,0.0,0.0,0.0,0.0,0.0,0.0,0.0
2022-05-02,18.541000366210938,19.573999404907227,18.391000747680664,19.53300094604492,572049000,19.601999282836918,1,NVDA,0.053162237234380294,0.06071137523402936,-0.032205301508594464,19.01300048828125,19.834500312805176,0.14310349995503913,0.053490012365941024,0.0,0.0,0.0,0.0,0.0,0.0,0.0,0.0
2022-05-03,19.399999618530277,19.825000762939453,19.132999420166016,19.601999282836918,475751000,20.333999633789062,1,NVDA,0.0035323981697739093,-0.009099196690149025,0.004458103812938097,19.175800323486328,19.574900245666505,-0.16833872622799795,0.051873224691420326,0.0,0.0,0.0,0.0,0.0,0.0,0.0,0.0
2022-05-04,19.92300033569336,20.399999618530277,18.750999450683597,20.333999633789062,648855000,18.8439998626709,0,NVDA,0.037343147522358455,0.09634974192639412,0.021706320835545467,19.55960006713867,19.460100173950195,0.3638542010421417,0.05329145419410481,0.0,0.0,0.0,0.0,0.0,0.0,0.0,0.0
2022-05-05,19.867000579833984,19.924999237060547,18.5,18.8439998626709,626331000,18.674999237060547,0,NVDA,-0.07327627608698428,-0.03527369323726626,0.0029806129200027343,19.37200012207031,19.326200103759767,-0.03471345678156135,0.05683568001514939,0.0,0.0,0.0,0.0,0.0,0.0,0.0,0.0
2022-05-06,18.73600006103516,19.511999130249023,17.989999771118164,18.674999237060547,633297000,16.950000762939453,0,NVDA,-0.00896840516036801,-0.04729109681113153,0.014118832940919201,19.39759979248047,19.242200088500976,0.011121914770305219,0.05629032022875557,0.0,0.0,0.0,0.0,0.0,0.0,0.0,0.0
2022-05-09,18.03400039672852,18.2549991607666,16.82699966430664,16.950000762939453,644455000,17.594999313354492,1,NVDA,-0.09236939997822502,-0.1664207205564423,-0.143160392480715,18.880999755859374,18.947000122070314,0.01761890550563172,0.05655551956980933,0.0,0.0,0.0,0.0,0.0,0.0,0.0,0.0
2022-05-10,17.68899917602539,18.197999954223636,17.024999618530273,17.594999313354492,761474000,16.6299991607666,0,NVDA,0.03805301011108542,-0.06628107399802197,-0.051329138201783975,18.47959976196289,18.827700042724608,0.18157823277032525,0.056869552418549005,0.0,0.0,0.0,0.0,0.0,0.0,0.0,0.0
2022-05-11,17.347000122070312,17.753000259399414,16.56800079345703,16.6299991607666,670167000,16.174999237060547,0,NVDA,-0.054845137268943356,-0.10950469396730367,-0.14862036782249388,17.7387996673584,18.649199867248534,-0.1199082306158844,0.05261161391882884,0.0,0.0,0.0,0.0,0.0,0.0,0.0,0.0
2022-05-12,16.2189998626709,16.788000106811523,15.56700038909912,16.174999237060547,708728000,17.70599937438965,1,NVDA,-0.02736018921633432,-0.04572280182862398,-0.1748291078031503,17.20499954223633,18.28849983215332,0.05753938943576742,0.051444153762331836,0.0,0.0,0.0,0.0,0.0,0.0,0.0,0.0
2022-05-13,16.788000106811523,17.92799949645996,16.593000411987305,17.70599937438965,670437000,17.263999938964844,0,NVDA,0.09465225406757583,0.0063086141157679965,-0.12924167929227548,17.01119956970215,18.20439968109131,-0.05402777934553171,0.06575837533870957,0.0,0.0,0.0,0.0,0.0,0.0,0.0,0.0
2022-05-16,17.509000778198242,17.788000106811523,17.106000900268555,17.263999938964844,521446000,18.177000045776367,1,NVDA,-0.024963258276407885,0.038123921238310876,-0.08384631369245354,17.073999404907227,17.977499580383302,-0.22222968004450827,0.06134400585691862,0.0,0.0,0.0,0.0,0.0,0.0,0.0,0.0
2022-05-17,18.073999404907227,18.371000289916992,17.634000778198242,18.177000045776367,585830000,16.937999725341797,0,NVDA,0.05288462175853481,0.12377130776790324,-0.026666624451362808,17.1903995513916,17.834999656677248,0.12347203737299739,0.06593925306575157,0.0,0.0,0.0,0.0,0.0,0.0,0.0,0.0
2022-05-18,17.704999923706055,18.118000030517575,16.86400032043457,16.937999725341797,545161000,17.124000549316406,1,NVDA,-0.06816308066866439,-0.04337510878706474,-0.0007080257851017624,17.25199966430664,17.49539966583252,-0.06942116313606339,0.06084785650919872,0.0,0.0,0.0,0.0,0.0,0.0,0.0,0.0
2022-05-19,16.937000274658203,17.687000274658203,16.733999252319336,17.124000549316406,621310000,16.694000244140625,0,NVDA,0.01098127447105357,-0.008109325193662587,-0.026768899256540468,17.441799926757813,17.32339973449707,0.1396816720198253,0.058966056302067804,0.0,0.0,0.0,0.0,0.0,0.0,0.0,0.0
2022-05-20,17.332000732421875,17.40999984741211,15.755000114440918,16.694000244140625,739105000,16.898000717163086,1,NVDA,-0.02511097240025184,-0.08158660933602924,0.0038485319665568785,17.239400100708007,17.125299835205077,0.18959134731454497,0.05552939536767623,0.0,0.0,0.0,0.0,0.0,0.0,0.0,0.0
2022-05-23,16.27400016784668,16.915000915527344,16.179000854492188,16.898000717163086,639889000,16.15399932861328,0,NVDA,0.012219987422970258,-0.0023614953847748144,0.04469870257835806,17.166200256347658,17.120099830627442,-0.13423803113224775,0.0540553994673156,0.0,0.0,0.0,0.0,0.0,0.0,0.0,0.0
2022-05-24,16.510000228881836,16.597000122070312,15.779999732971191,16.15399932861328,588550000,16.975000381469727,1,NVDA,-0.044028959461111405,-0.05664571301020238,-0.08765390831433184,16.76160011291504,16.97599983215332,-0.08023110258185406,0.04050549610682404,0.0,0.0,0.0,0.0,0.0,0.0,0.0,0.0
2022-05-25,16.020000457763672,17.111000061035156,16.0,16.975000381469727,781132000,17.85099983215332,1,NVDA,0.05082339278064851,0.01683240285249954,-0.016740011498890595,16.769000244140624,17.010499954223633,0.3272143403279246,0.04627742413032338,0.0,0.0,0.0,0.0,0.0,0.0,0.0,0.0
2022-05-26,16.035999298095703,18.09199905395508,16.02199935913086,17.85099983215332,996575000,18.81100082397461,1,NVDA,0.05160526839456536,0.056397152002857,-0.017934764416683624,16.914400100708008,17.17810001373291,0.2758086981457679,0.0460287724764689,0.0,0.0,0.0,0.0,0.0,0.0,0.0,0.0
2022-05-27,18.18600082397461,18.881000518798828,18.100000381469727,18.81100082397461,738379000,18.67200088500977,0,NVDA,0.053778555870698685,0.16447948531575274,0.11057982813817868,17.337800216674804,17.288600158691406,-0.2590833605097459,0.03924338363973508,0.0,0.0,0.0,0.0,0.0,0.0,0.0,0.0
2022-05-31,18.979999542236328,19.200000762939453,18.350000381469727,18.67200088500977,664100000,18.31999969482422,0,NVDA,-0.007389289930160747,0.0999705723360409,0.09039945608709754,17.692600250244144,17.4294002532959,-0.10059738968740983,0.040217805364487276,0.0,0.0,0.0,0.0,0.0,0.0,0.0,0.0
2022-06-01,18.724000930786133,19.05299949645996,18.121999740600582,18.31999969482422,544514000,19.59199905395508,1,NVDA,-0.018851819489155153,0.0262730304790062,0.0974002292383036,18.125800323486327,17.443700218200682,-0.18007227827134464,0.03928468911902632,0.0,0.0,0.0,0.0,0.0,0.0,0.0,0.0
2022-06-02,18.29199981689453,19.61899948120117,18.197999954223636,19.59199905395508,648656000,18.71999931335449,0,NVDA,0.06943228058514817,0.041518164678675085,0.15942704594962742,18.6492000579834,17.70910015106201,0.19125679045901478,0.04445806046810311,0.0,0.0,0.0,0.0,0.0,0.0,0.0,0.0
2022-06-03,19.082000732421875,19.332000732421875,18.52199935913086,18.71999931335449,598779000,18.785999298095703,1,NVDA,-0.044507951342747765,0.0025706097937931993,0.15884611188488162,18.822999954223633,17.86870002746582,-0.07689283688118198,0.04457718696179385,0.0,0.0,0.0,0.0,0.0,0.0,0.0,0.0
2022-06-06,19.138999938964844,19.33699989318848,18.56399917602539,18.785999298095703,422406000,18.926000595092773,1,NVDA,0.0035256403398546965,0.025436659990946353,0.10668623716809456,18.817999649047852,18.077899932861328,-0.2945544182411207,0.04306142539205555,0.0,0.0,0.0,0.0,0.0,0.0,0.0,0.0
2022-06-07,18.472000122070312,19.0,18.1879997253418,18.926000595092773,388914000,18.64800071716309,0,NVDA,0.007452427458104927,-0.03399338970097909,0.060220759231824905,18.86879959106445,18.280699920654296,-0.07928864646808997,0.0399936434318976,0.0,0.0,0.0,0.0,0.0,0.0,0.0,0.0
2022-06-08,18.798999786376957,19.18000030517578,18.53499984741211,18.64800071716309,363252000,18.04800033569336,0,NVDA,-0.014688780999075113,-0.0038460789974514853,-0.00866514803421714,18.934399795532226,18.530100059509277,-0.06598373933568857,0.035336266339650924,0.0,0.0,0.0,0.0,0.0,0.0,0.0,0.0
2022-06-09,18.481000900268555,18.933000564575195,18.041000366210938,18.04800033569336,395574000,16.974000930786133,0,NVDA,-0.03217505139398169,-0.03928451985395065,-0.03341905097152009,18.625600051879882,18.63740005493164,0.0889795513858147,0.03730321191388025,0.0,0.0,0.0,0.0,0.0,0.0,0.0,0.0
2022-06-10,17.600000381469727,17.69700050354004,16.868999481201172,16.974000930786133,465248000,15.647000312805176,0,NVDA,-0.059507944643772404,-0.10313851859503609,-0.07347154947924806,18.27640037536621,18.54970016479492,0.17613392184521737,0.04272497075502874,0.0,0.0,0.0,0.0,0.0,0.0,0.0,0.0
2022-06-13,16.0,16.312000274658203,15.605999946594238,15.647000312805176,604153000,15.836000442504885,1,NVDA,-0.07817842260006869,-0.1609288014235155,-0.2013576424889384,17.648600578308105,18.233300113677977,0.2985611974688769,0.03203864903376766,0.0,0.0,0.0,0.0,0.0,0.0,0.0,0.0
2022-06-14,15.730999946594238,16.06599998474121,15.411999702453612,15.836000442504885,469680000,16.527000427246094,1,NVDA,0.01207900082580271,-0.12256204853973895,-0.1540597743928449,17.030600547790527,17.949700069427493,-0.22258103493651438,0.03510035081693841,0.0,0.0,0.0,0.0,0.0,0.0,0.0,0.0
2022-06-15,16.094999313354492,16.868000030517578,15.925999641418455,16.527000427246094,563936000,15.60099983215332,0,NVDA,0.043634754068743176,-0.02633442200001912,-0.12024906607329633,16.60640048980713,17.77040014266968,0.20068131493782992,0.04263140398088777,0.0,0.0,0.0,0.0,0.0,0.0,0.0,0.0
2022-06-16,15.859999656677246,15.94200038909912,15.401000022888184,15.60099983215332,545749000,15.880000114440918,1,NVDA,-0.056029561998811706,-0.0029398913358625878,-0.1756842786849312,16.117000389099122,17.371300220489502,-0.0322501134880554,0.043226256523913806,0.0,0.0,0.0,0.0,0.0,0.0,0.0,0.0
2022-06-17,15.64799976348877,15.994999885559082,15.32800006866455,15.880000114440918,630334000,16.56599998474121,1,NVDA,0.017883487294999112,0.002778458620014579,-0.1484341750466892,15.898200225830077,17.087300300598145,0.1549888318622663,0.0463392917001393,0.0,0.0,0.0,0.0,0.0,0.0,0.0,0.0
2022-06-21,16.475000381469727,17.007999420166016,16.406999588012695,16.56599998474121,483089000,16.360000610351562,0,NVDA,0.043198983964519044,0.0023597480781099023,-0.08211437962028456,16.082000160217284,16.865300369262695,-0.23359837800277317,0.051934259761248006,0.0,0.0,0.0,0.0,0.0,0.0,0.0,0.0
2022-06-22,16.22599983215332,16.66200065612793,16.18000030517578,16.360000610351562,437135000,16.225000381469727,0,NVDA,-0.012435070299371742,0.04865077792219186,-0.03617298731973928,16.18680019378662,16.608700370788576,-0.09512532887314762,0.047459477495059105,0.0,0.0,0.0,0.0,0.0,0.0,0.0,0.0
2022-06-23,16.518999099731445,16.584999084472656,15.852999687194824,16.225000381469727,463680000,17.125999450683594,1,NVDA,-0.008251847423307312,0.021725457464894626,0.036939992146068246,16.126400184631347,16.36640033721924,0.06072494767062797,0.03504382353839695,0.0,0.0,0.0,0.0,0.0,0.0,0.0,0.0
2022-06-24,16.5,17.139999389648438,16.309999465942383,17.125999450683594,472153000,16.868999481201172,0,NVDA,0.05553152838399211,0.03380414502343321,0.08145989973050671,16.431400108337403,16.274200248718262,0.018273378191856482,0.03987259645719546,0.0,0.0,0.0,0.0,0.0,0.0,0.0,0.0
2022-06-27,17.312000274658203,17.329999923706055,16.625999450683594,16.868999481201172,427968000,15.982000350952148,0,NVDA,-0.015006421681986182,0.031112399257952728,0.020693353005017512,16.629199981689453,16.263700103759767,-0.0935819533075084,0.03822835097146301,0.0,0.0,0.0,0.0,0.0,0.0,0.0,0.0
2022-06-28,16.899999618530273,17.20199966430664,15.94499969482422,15.982000350952148,461149000,15.541999816894531,0,NVDA,-0.052581608721815165,-0.014976889048033848,0.024421544958522112,16.51240005493164,16.29720010757446,0.0775314976820698,0.03734464569021617,0.0,0.0,0.0,0.0,0.0,0.0,0.0,0.0
2022-06-29,15.814000129699709,15.81999969482422,15.170000076293944,15.541999816894531,482352000,15.159000396728516,0,NVDA,-0.02753100515552198,-0.09249093101692452,-0.021284653344493143,16.348799896240234,16.267800045013427,0.04597863163532834,0.0384684900862534,0.0,0.0,0.0,0.0,0.0,0.0,0.0,0.0
2022-06-30,15.361000061035156,15.56700038909912,14.862000465393066,15.159000396728516,686070000,14.52299976348877,0,NVDA,-0.024642866084047088,-0.10136932462285508,-0.08493297050034221,16.135599899291993,16.13100004196167,0.42234301920589123,0.033245512925988784,0.0,0.0,0.0,0.0,0.0,0.0,0.0,0.0
2022-07-01,14.89900016784668,15.062999725341797,14.392000198364258,14.52299976348877,577610000,14.96399974822998,1,NVDA,-0.04195531476976555,-0.09129023622981314,-0.11228611114479159,15.614999961853027,16.023200035095215,-0.15808882475549146,0.03511051005440047,0.0,0.0,0.0,0.0,0.0,0.0,0.0,0.0
2022-07-05,14.175000190734863,14.970999717712402,14.05500030517578,14.96399974822998,651397000,15.130000114440918,1,NVDA,0.03036562638043261,-0.037189555750492986,-0.07771960576838643,15.23400001525879,15.931599998474121,0.1277453645193123,0.039370199091394165,0.0,0.0,0.0,0.0,0.0,0.0,0.0,0.0
2022-07-06,15.010000228881836,15.319000244140623,14.788999557495115,15.130000114440918,529066000,15.857999801635742,1,NVDA,0.01109331522346313,-0.0019130735225691975,-0.11654790378747815,15.063599967956543,15.788000011444092,-0.18779791739906693,0.029139375376123752,0.0,0.0,0.0,0.0,0.0,0.0,0.0,0.0
2022-07-07,15.456000328063965,15.94499969482422,15.388999938964844,15.857999801635742,492903000,15.838000297546388,0,NVDA,0.04811630414331458,0.09192316049630467,-0.059932403263873946,15.126799964904786,15.73779993057251,-0.06835253068615255,0.03826281864833522,0.0,0.0,0.0,0.0,0.0,0.0,0.0,0.0
2022-07-08,15.43000030517578,16.03700065612793,15.388999938964844,15.838000297546388,467972000,15.152000427246094,0,NVDA,-0.0012611618324834817,0.05840688078197731,-0.009010139547217633,15.26259994506836,15.699099922180176,-0.050579931548398016,0.032869811173899276,0.0,0.0,0.0,0.0,0.0,0.0,0.0,0.0
2022-07-11,15.526000022888184,15.527000427246094,15.038000106811523,15.152000427246094,437321000,15.08199977874756,0,NVDA,-0.04331354068774507,0.0014540854354772037,-0.025093256610677517,15.388400077819824,15.501700019836425,-0.06549750839793833,0.03544678500872054,0.0,0.0,0.0,0.0,0.0,0.0,0.0,0.0
2022-07-12,15.267999649047852,15.430999755859377,14.876999855041504,15.08199977874756,458483000,15.163999557495115,1,NVDA,-0.004619894833995608,-0.04893429389550996,-0.0050795313652457486,15.41200008392334,15.323000049591064,0.04839008417158097,0.03420332003727513,0.0,0.0,0.0,0.0,0.0,0.0,0.0,0.0
2022-07-13,14.59000015258789,15.375,14.46500015258789,15.163999557495115,521918000,15.371999740600586,1,NVDA,0.005436930112086458,-0.04255592419427401,0.044136872853075326,15.41879997253418,15.241199970245361,0.138358456038719,0.028835671419705847,0.0,0.0,0.0,0.0,0.0,0.0,0.0,0.0
2022-07-14,15.107999801635742,15.472999572753906,14.727999687194824,15.371999740600586,456235000,15.76200008392334,1,NVDA,0.013716709916590686,0.01451948964830363,0.02726543699780981,15.321599960327148,15.224199962615966,-0.12584927134147506,0.02718271836088938,0.0,0.0,0.0,0.0,0.0,0.0,0.0,0.0
2022-07-15,15.659000396728516,15.781999588012695,15.44499969482422,15.76200008392334,385935000,16.10099983215332,1,NVDA,0.025370826821749404,0.045086879402689295,0.04177131293470415,15.306399917602539,15.28449993133545,-0.1540872576632656,0.02830167787918371,0.0,0.0,0.0,0.0,0.0,0.0,0.0,0.0
2022-07-18,16.302000045776367,16.89699935913086,16.00200080871582,16.10099983215332,670517000,16.992000579833984,1,NVDA,0.021507406828131348,0.061791104062323354,0.015323498143348102,15.496199798583984,15.442299938201904,0.7373832381100445,0.023030607828001145,0.0,0.0,0.0,0.0,0.0,0.0,0.0,0.0
2022-07-19,16.486000061035156,17.110000610351562,16.172000885009766,16.992000579833984,702366000,17.80699920654297,1,NVDA,0.05533822476672268,0.10538647323514105,0.07286275164841194,15.87819995880127,15.645100021362305,0.04749916855202785,0.030312980176568118,0.0,0.0,0.0,0.0,0.0,0.0,0.0,0.0
2022-07-20,16.94700050354004,17.933000564575195,16.801000595092773,17.80699920654297,760538000,18.049999237060547,1,NVDA,0.04796366518938444,0.129742362119732,0.17522430731474214,16.40679988861084,15.91279993057251,0.08282291568783218,0.021726800275162116,0.0,0.0,0.0,0.0,0.0,0.0,0.0,0.0
2022-07-21,17.885000228881836,18.143999099731445,17.545000076293945,18.049999237060547,557049000,17.319000244140625,0,NVDA,0.013646321185227572,0.12104834638996276,0.19679084351236176,16.942399787902833,16.13199987411499,-0.267559280404135,0.018663281634922625,0.0,0.0,0.0,0.0,0.0,0.0,0.0,0.0
2022-07-22,17.89299964904785,17.966999053955078,17.136999130249023,17.319000244140625,536671000,17.02400016784668,0,NVDA,-0.04049856087633641,0.01924432986982838,0.1421129483995769,17.253799819946288,16.280099868774414,-0.03658206010602294,0.031092742503556366,0.0,0.0,0.0,0.0,0.0,0.0,0.0,0.0
2022-07-25,17.018999099731445,17.124000549316406,16.64900016784668,17.02400016784668,480748000,16.533000946044922,0,NVDA,-0.01703332017642012,-0.043971419867789185,0.10746815346885707,17.438399887084962,16.46729984283447,-0.10420350643131449,0.034086881362763354,0.0,0.0,0.0,0.0,0.0,0.0,0.0,0.0
2022-07-26,16.888999938964844,16.91900062561035,16.47800064086914,16.533000946044922,397865000,17.790000915527344,1,NVDA,-0.028841589342151863,-0.08404423020145613,0.04891516673115448,17.346599960327147,16.612399959564208,-0.17240425337182885,0.03738587183592364,0.0,0.0,0.0,0.0,0.0,0.0,0.0,0.0
2022-07-27,17.031999588012695,17.93600082397461,16.913000106811523,17.790000915527344,569776000,17.983999252319336,1,NVDA,0.07602975246808574,0.027195603946369218,0.10490038513019107,17.343200302124025,16.875000095367433,0.4320837469996104,0.04558541392887723,0.0,0.0,0.0,0.0,0.0,0.0,0.0,0.0
2022-07-28,17.975000381469727,18.13999938964844,17.440000534057617,17.983999252319336,474646000,18.163000106811523,1,NVDA,0.010904908758192722,0.056390923109000735,0.058380334194588546,17.33000030517578,17.136200046539308,-0.16696034933026316,0.042024002934266405,0.0,0.0,0.0,0.0,0.0,0.0,0.0,0.0
2022-07-29,17.812999725341797,18.24399948120117,17.691999435424805,18.163000106811523,435460000,18.44099998474121,1,NVDA,0.009953339742777345,0.0985906409904691,0.019992189371117908,17.49880027770996,17.376300048828124,-0.08255836981666331,0.03843488792840411,0.0,0.0,0.0,0.0,0.0,0.0,0.0,0.0
2022-08-01,18.18199920654297,18.84600067138672,17.989999771118164,18.44099998474121,476469000,18.525999069213867,1,NVDA,0.015305834735167556,0.03659353770160112,0.021662092199863148,17.782200241088866,17.610300064086914,0.09417397694392138,0.038513289784572274,0.0,0.0,0.0,0.0,0.0,0.0,0.0,0.0
2022-08-02,18.121999740600582,18.9379997253418,18.09199905395508,18.525999069213867,489527000,18.89299964904785,1,NVDA,0.0046092448643233475,0.030137891427271413,0.0696921766879468,18.180799865722655,17.7636999130249,0.02740577036491354,0.03330992785429322,0.0,0.0,0.0,0.0,0.0,0.0,0.0,0.0
2022-08-03,18.18400001525879,18.968000411987305,18.136999130249023,18.89299964904785,418146000,19.21500015258789,1,NVDA,0.019810029054997624,0.04019157286480235,0.10978615265354397,18.401399612426758,17.87229995727539,-0.14581626753989052,0.031142293238673787,0.0,0.0,0.0,0.0,0.0,0.0,0.0,0.0
2022-08-04,18.849000930786133,19.27400016784668,18.76000022888184,19.21500015258789,409652000,18.98900032043457,0,NVDA,0.017043376357457785,0.04197170264557881,0.1622209552455487,18.64759979248047,17.988800048828125,-0.020313479024072878,0.024372233760380273,0.0,0.0,0.0,0.0,0.0,0.0,0.0,0.0
2022-08-05,18.809999465942383,19.22900009155273,18.666000366210938,18.98900032043457,386068000,17.792999267578125,0,NVDA,-0.01176163571993949,0.0249919720653613,0.0673973773582397,18.812799835205077,18.15580005645752,-0.05757081620497395,0.010606643216656457,0.0,0.0,0.0,0.0,0.0,0.0,0.0,0.0
2022-08-08,17.50200080871582,18.23900032043457,17.242000579833984,17.792999267578125,981859000,17.086000442504883,0,NVDA,-0.0629838871280336,-0.05822264340777472,-0.010620551194505778,18.68319969177246,18.232699966430665,1.5432281359760456,0.029250657041453184,0.0,0.0,0.0,0.0,0.0,0.0,0.0,0.0
2022-08-09,17.25200080871582,17.44700050354004,16.724000930786133,17.086000442504883,668263000,18.097000122070312,1,NVDA,-0.03973466274241433,-0.11079883909323163,-0.059296352913786654,18.395199966430663,18.28799991607666,-0.3193900549875287,0.03200721640168703,0.0,0.0,0.0,0.0,0.0,0.0,0.0,0.0
2022-08-10,17.697999954223633,18.118000030517575,17.316999435424805,18.097000122070312,597422000,17.941999435424805,0,NVDA,0.05917123103019262,-0.046974573874979275,-0.018654078572503452,18.236000061035156,18.318699836730957,-0.10600766464700273,0.04054247688686101,0.0,0.0,0.0,0.0,0.0,0.0,0.0,0.0
2022-08-11,18.131000518798828,18.707000732421875,17.875999450683594,17.941999435424805,509327000,18.708999633789062,1,NVDA,-0.008564993402220056,0.008374089472267032,-0.03152324641749238,17.981399917602538,18.314499855041504,-0.1474585803669768,0.04049147187931762,0.0,0.0,0.0,0.0,0.0,0.0,0.0,0.0
2022-08-12,18.15999984741211,18.718000411987305,17.952999114990234,18.708999633789062,478094000,19.03199958801269,1,NVDA,0.042748869830521175,0.09499000054141638,-0.0097390577820744,17.925399780273438,18.369099807739257,-0.061322097591527625,0.043539839491238366,0.0,0.0,0.0,0.0,0.0,0.0,0.0,0.0
2022-08-15,18.701000213623047,19.16399955749512,18.613000869750977,19.03199958801269,457666000,18.878999710083008,0,NVDA,0.017264416085629675,0.051665992133253846,-0.009523838830183484,18.17319984436035,18.428199768066403,-0.042727999096412006,0.0435548311891673,0.0,0.0,0.0,0.0,0.0,0.0,0.0,0.0
2022-08-16,18.920000076293945,19.142000198364254,18.500999450683597,18.878999710083008,451240000,18.334999084472656,0,NVDA,-0.008039085815557234,0.052223849300105485,-0.005792859471026923,18.531799697875975,18.46349983215332,-0.014040807051430515,0.043417656287387786,0.0,0.0,0.0,0.0,0.0,0.0,0.0,0.0
2022-08-17,18.52300071716309,18.6879997253418,18.145000457763672,18.334999084472656,446799000,18.77300071716309,1,NVDA,-0.028815119125183752,-0.01999040871436808,0.03046140837436817,18.579399490356444,18.4076997756958,-0.009841769346689122,0.036534139858460414,0.0,0.0,0.0,0.0,0.0,0.0,0.0,0.0
2022-08-18,18.301000595092773,18.864999771118164,18.183000564575195,18.77300071716309,415447000,17.849000930786133,0,NVDA,0.02388882762810507,-0.013608600066003174,0.09873582061144348,18.7455997467041,18.36349983215332,-0.07017025552877243,0.03110037653108736,0.0,0.0,0.0,0.0,0.0,0.0,0.0,0.0
2022-08-19,18.4060001373291,18.520000457763672,17.770000457763672,17.849000930786133,441588000,17.034000396728516,0,NVDA,-0.049219610668431724,-0.054557910647499375,-0.013703884047706394,18.573600006103515,18.249499893188478,0.06292258699665654,0.03180828274562597,0.0,0.0,0.0,0.0,0.0,0.0,0.0,0.0
2022-08-22,17.489999771118164,17.558000564575195,16.965999603271484,17.034000396728516,409593000,17.180999755859375,1,NVDA,-0.04566084887428612,-0.0709571176824283,-0.05060746111180503,18.17400016784668,18.173600006103516,-0.07245441452213375,0.035990213453919104,0.0,0.0,0.0,0.0,0.0,0.0,0.0,0.0
2022-08-23,16.98900032043457,17.46500015258789,16.969999313354492,17.180999755859375,369986000,17.222000122070312,1,NVDA,0.008629761401149905,-0.08480269005946606,-0.0816719176780607,17.834400177001953,18.183099937438964,-0.09669842990480793,0.02996161684783425,0.0,0.0,0.0,0.0,0.0,0.0,0.0,0.0
2022-08-24,17.011999130249023,17.4060001373291,16.895000457763672,17.222000122070312,522661000,17.913000106811523,1,NVDA,0.0023863783710813546,-0.035128061853275105,-0.09510295844491334,17.611800384521484,18.095599937438966,0.4126507489472575,0.0280292635100434,0.0,0.0,0.0,0.0,0.0,0.0,0.0,0.0
2022-08-25,16.8439998626709,17.94700050354004,16.83300018310547,17.913000106811523,770691000,16.260000228881836,0,NVDA,0.04012309719215956,0.051602658777196275,-0.05116794417638337,17.439800262451172,18.092700004577637,0.47455233889653137,0.03478538939533361,0.0,0.0,0.0,0.0,0.0,0.0,0.0,0.0
2022-08-26,17.85700035095215,17.923999786376953,16.23699951171875,16.260000228881836,769127000,15.800999641418455,0,NVDA,-0.09227934282773353,-0.053605700486867414,-0.11317147309530395,17.12200012207031,17.847800064086915,-0.0020293476892814244,0.04741210959262865,0.0,0.0,0.0,0.0,0.0,0.0,0.0,0.0
2022-08-29,16.020000457763672,16.33799934387207,15.767000198364258,15.800999641418455,496132000,15.468000411987305,0,NVDA,-0.028228818019822688,-0.08251076939842883,-0.1583125212916815,16.8753999710083,17.52470006942749,-0.35494138159237676,0.04407545989921906,0.0,0.0,0.0,0.0,0.0,0.0,0.0,0.0
2022-08-30,15.960000038146973,16.038999557495117,15.182000160217283,15.468000411987305,530181000,15.093999862670898,0,NVDA,-0.021074567241826547,-0.13649303188997874,-0.13339685106363885,16.532800102233885,17.18360013961792,0.06862891327308063,0.042593197171852754,0.0,0.0,0.0,0.0,0.0,0.0,0.0,0.0
2022-08-31,15.383999824523926,15.539999961853027,14.958999633789062,15.093999862670898,573710000,13.937000274658203,0,NVDA,-0.024178984959592142,-0.07170973860995578,-0.11388989602408406,16.107200050354002,16.859500217437745,0.08210215002046461,0.04113845073205677,0.0,0.0,0.0,0.0,0.0,0.0,0.0,0.0
2022-09-01,14.208999633789062,14.380000114440918,13.270000457763672,13.937000274658203,1178865000,13.647000312805176,0,NVDA,-0.0766529480945658,-0.11796717986590122,-0.18881319639707483,15.31200008392334,16.375900173187254,1.054809921388855,0.04495083819672996,0.0,0.0,0.0,0.0,0.0,0.0,0.0,0.0
2022-09-02,14.100000381469728,14.17099952697754,13.590999603271484,13.647000312805176,743157000,13.46500015258789,0,NVDA,-0.02080791821324257,-0.1177269233695456,-0.2075833111093588,14.789400100708008,15.95570011138916,-0.3695995724701302,0.04310670503114366,0.0,0.0,0.0,0.0,0.0,0.0,0.0,0.0
2022-09-06,13.730999946594238,13.779000282287598,13.35099983215332,13.46500015258789,535751000,13.71399974822998,1,NVDA,-0.013336275814877174,-0.10792366005724574,-0.24831127827282573,14.322200202941895,15.598800086975098,-0.27908772977984464,0.03136134587030203,0.0,0.0,0.0,0.0,0.0,0.0,0.0,0.0
2022-09-07,13.562999725341797,13.838000297546388,13.345999717712402,13.71399974822998,512657000,13.989999771118164,1,NVDA,0.018492357431888706,-0.016000611468287573,-0.15658059316195583,13.97140007019043,15.252100086212158,-0.04310584581270027,0.028070183917232847,0.0,0.0,0.0,0.0,0.0,0.0,0.0,0.0
2022-09-08,13.458999633789062,14.008000373840332,13.369000434875488,13.989999771118164,624873000,14.38700008392334,1,NVDA,0.020125421318007986,0.02513368875584665,-0.11461299356992571,13.750600051879882,14.928900051116944,0.21889099339324347,0.03238361411224463,0.0,0.0,0.0,0.0,0.0,0.0,0.0,0.0
2022-09-09,14.156999588012695,14.473999977111816,14.12600040435791,14.38700008392334,486612000,14.505000114440918,1,NVDA,0.02837743526091896,0.06847381514201079,-0.06988623605325339,13.84060001373291,14.576300048828125,-0.2212625605523042,0.03643075973218736,0.0,0.0,0.0,0.0,0.0,0.0,0.0,0.0
2022-09-12,14.369000434875488,14.54699993133545,14.197999954223633,14.505000114440918,484159000,13.130999565124512,0,NVDA,0.008201850964707713,0.05767831272660118,-0.03902211167277403,14.012199974060058,14.400800037384034,-0.00504097720565877,0.03634326395438714,0.0,0.0,0.0,0.0,0.0,0.0,0.0,0.0
2022-09-13,13.802000045776367,13.92199993133545,13.098999977111816,13.130999565124512,714956000,13.128000259399414,0,NVDA,-0.09472599369016732,-0.06140101644369045,-0.05783172086171595,13.945399856567382,14.133800029754639,0.4766967050080655,0.04241038632193454,0.0,0.0,0.0,0.0,0.0,0.0,0.0,0.0
2022-09-14,13.253999710083008,13.289999961853027,12.913000106811523,13.128000259399414,588507000,12.928999900817873,0,NVDA,-0.00022841412112017956,-0.08750954453185744,-0.03803033937932698,13.82819995880127,13.899800014495849,-0.1768626321060317,0.04205951337745765,0.0,0.0,0.0,0.0,0.0,0.0,0.0,0.0
2022-09-15,13.015000343322754,13.232999801635742,12.789999961853027,12.928999900817873,523625000,13.197999954223633,1,NVDA,-0.015158466990359831,-0.1086522027706851,-0.03980692504240346,13.615999984741212,13.683300018310547,-0.11024847622882994,0.04212725784674848,0.0,0.0,0.0,0.0,0.0,0.0,0.0,0.0
2022-09-16,12.741999626159668,13.211999893188477,12.616999626159668,13.197999954223633,670751000,13.381999969482422,1,NVDA,0.020805944424884926,0.005102459166709039,-0.03762576954057084,13.37819995880127,13.60939998626709,0.2809758892337073,0.04235066058323899,0.0,0.0,0.0,0.0,0.0,0.0,0.0,0.0
2022-09-19,13.01200008392334,13.463000297546388,13.010000228881836,13.381999969482422,569685000,13.175999641418455,0,NVDA,0.013941507493330896,0.019347936095685858,-0.043459600542019694,13.15359992980957,13.582899951934815,-0.1506758841954764,0.041808567944427444,0.0,0.0,0.0,0.0,0.0,0.0,0.0,0.0
2022-09-20,13.21500015258789,13.482999801635742,13.057000160217283,13.175999641418455,524818000,13.26099967956543,1,NVDA,-0.015393837134490274,0.019104319165858863,-0.08417324219370159,13.16259994506836,13.553999900817871,-0.07875755900190451,0.03907399731677827,0.0,0.0,0.0,0.0,0.0,0.0,0.0,0.0
2022-09-21,13.213000297546388,14.031000137329102,13.109999656677246,13.26099967956543,807679000,12.560999870300291,0,NVDA,0.0064511263251540996,0.00477342972877004,-0.08576355912172551,13.189199829101563,13.508699893951416,0.5389696999721809,0.038930015433442766,0.0,0.0,0.0,0.0,0.0,0.0,0.0,0.0
2022-09-22,13.06999969482422,13.14900016784668,12.428000450134276,12.560999870300291,759162000,12.515999794006348,0,NVDA,-0.05278635292811329,-0.06135107615112967,-0.04340870563564103,13.115599822998046,13.365799903869629,-0.06006965638576711,0.02471716422457303,0.0,0.0,0.0,0.0,0.0,0.0,0.0,0.0
2022-09-23,12.420000076293944,12.611000061035156,12.256999969482422,12.515999794006348,663309000,12.227999687194824,0,NVDA,-0.0035825234263670014,-0.0500910644637097,-0.04661795043421679,12.97919979095459,13.17869987487793,-0.1262615884356698,0.02461775088001968,0.0,0.0,0.0,0.0,0.0,0.0,0.0,0.0
2022-09-26,12.491000175476074,12.659000396728516,12.21399974822998,12.227999687194824,547343000,12.413000106811523,1,NVDA,-0.0230105554131953,-0.07789759575685751,-0.05421921409239894,12.74839973449707,12.95099983215332,-0.17482952892241777,0.025247191404822546,0.0,0.0,0.0,0.0,0.0,0.0,0.0,0.0
2022-09-27,12.506999969482422,12.736000061035156,12.258000373840332,12.413000106811523,553854000,12.736000061035156,1,NVDA,0.015129246348479342,-0.01178248268584925,-0.059478697540144565,12.595799827575684,12.879199886322022,0.0118956486152193,0.024252263573638626,0.0,0.0,0.0,0.0,0.0,0.0,0.0,0.0
2022-09-28,12.40999984741211,12.822999954223633,12.354000091552734,12.736000061035156,542414000,12.220000267028809,0,NVDA,0.02602110299236915,0.017577522423271486,-0.048273793896313366,12.490799903869629,12.839999866485595,-0.02065526293933062,0.026443070157507752,0.0,0.0,0.0,0.0,0.0,0.0,0.0,0.0
2022-09-29,12.447999954223633,12.5,11.946000099182127,12.220000267028809,532763000,12.138999938964844,0,NVDA,-0.04051505900859809,-0.0006541887774492716,-0.07255611721364086,12.422599983215331,12.769099903106689,-0.01779268234226994,0.029357527966805855,0.0,0.0,0.0,0.0,0.0,0.0,0.0,0.0
2022-09-30,12.086999893188477,12.633000373840332,12.074999809265137,12.138999938964844,565638000,12.51200008392334,1,NVDA,-0.006628504606707275,-0.02207364581398208,-0.08460898632925351,12.347200012207031,12.66319990158081,0.061706612508751535,0.028515801161987382,0.0,0.0,0.0,0.0,0.0,0.0,0.0,0.0
2022-10-03,12.347000122070312,12.678000450134276,12.104999542236328,12.51200008392334,547478000,13.166999816894531,1,NVDA,0.030727419625500296,-0.017587937817080235,-0.0039009463325294647,12.404000091552735,12.576199913024903,-0.03210533945739147,0.02606849886062117,0.0,0.0,0.0,0.0,0.0,0.0,0.0,0.0
2022-10-04,12.878999710083008,13.220000267028809,12.878999710083008,13.166999816894531,584182000,13.208999633789062,1,NVDA,0.05234972255257575,0.07749586981768353,0.052013425503564914,12.554800033569336,12.575299930572509,0.06704196333003343,0.032628842491588435,0.0,0.0,0.0,0.0,0.0,0.0,0.0,0.0
2022-10-05,12.91100025177002,13.321000099182127,12.621000289916992,13.208999633789062,507131000,13.130000114440918,0,NVDA,0.0031897788014427775,0.08814562156719674,0.08022570916660587,12.649399948120116,12.570099925994873,-0.13189553940381593,0.029904539407478357,0.0,0.0,0.0,0.0,0.0,0.0,0.0,0.0
2022-10-06,13.220000267028809,13.656000137329102,13.102999687194824,13.130000114440918,644157000,12.076000213623049,0,NVDA,-0.0059807344642558435,0.049392585227972186,0.05776202380244455,12.831399917602539,12.626999950408935,0.2701984299914617,0.03053158754455105,0.0,0.0,0.0,0.0,0.0,0.0,0.0,0.0
2022-10-07,12.505000114440918,12.670000076293944,12.022000312805176,12.076000213623049,672478000,11.670000076293944,0,NVDA,-0.08027417301075546,-0.08285863282777783,-0.051821595811021415,12.81879997253418,12.582999992370606,0.04396598965780085,0.043860804718305745,0.0,0.0,0.0,0.0,0.0,0.0,0.0,0.0
2022-10-10,12.036999702453612,12.12399959564209,11.407999992370604,11.670000076293944,698699000,11.586000442504885,0,NVDA,-0.033620414884648064,-0.11651143918259388,-0.045008197930964,12.650399971008301,12.527200031280518,0.038991610134457844,0.04304559002047125,0.0,0.0,0.0,0.0,0.0,0.0,0.0,0.0
2022-10-11,11.560999870300291,11.845999717712402,11.282999992370604,11.586000442504885,667482000,11.5,0,NVDA,-0.007197912017129604,-0.11759327178054468,-0.04555560583577334,12.33420009613037,12.444500064849853,-0.04467875293939161,0.04304806889307285,0.0,0.0,0.0,0.0,0.0,0.0,0.0,0.0
2022-10-12,11.57900047302246,11.734999656677246,11.345000267028809,11.5,492590000,11.960000038146973,1,NVDA,-0.007422789506323468,-0.04769793006241063,-0.08088235910609187,11.992400169372559,12.320900058746338,-0.2620175525332519,0.03995211689410196,0.0,0.0,0.0,0.0,0.0,0.0,0.0,0.0
2022-10-13,10.970999717712402,12.07800006866455,10.812999725341797,11.960000038146973,850103000,11.22700023651123,0,NVDA,0.04000000331712816,0.02485003941363506,-0.09166854982399719,11.758400154113769,12.294900035858154,0.7257820905824317,0.0368242477776701,0.0,0.0,0.0,0.0,0.0,0.0,0.0,0.0
2022-10-14,12.057000160217283,12.111000061035156,11.20400047302246,11.22700023651123,713432000,11.887999534606934,1,NVDA,-0.06128760863694027,-0.030985688959290103,-0.1500491674030947,11.588600158691406,12.203700065612793,-0.1607699302319836,0.0400128919901333,0.0,0.0,0.0,0.0,0.0,0.0,0.0,0.0
2022-10-17,11.517999649047852,11.947999954223633,11.517000198364258,11.887999534606934,580774000,11.967000007629396,1,NVDA,0.058875860351910614,0.03373908996582031,-0.09459257951323097,11.632200050354005,12.141300010681153,-0.18594343959900872,0.0505348351905172,0.0,0.0,0.0,0.0,0.0,0.0,0.0,0.0
2022-10-18,12.343999862670898,12.491999626159668,11.618000030517578,11.967000007629396,659362000,12.050999641418455,1,NVDA,0.006645396712246399,0.0005852817274327737,-0.009026184503598156,11.708399963378906,12.021300029754638,0.13531597488868297,0.04103178697187718,0.0,0.0,0.0,0.0,0.0,0.0,0.0,0.0
2022-10-19,11.878999710083008,12.350000381469728,11.833999633789062,12.050999641418455,523131000,12.194000244140623,1,NVDA,0.007019272477271299,0.07339444086119307,0.03264777743219227,11.818599891662597,11.905500030517578,-0.2066103293790058,0.03836485930085197,0.0,0.0,0.0,0.0,0.0,0.0,0.0,0.0
2022-10-20,12.11299991607666,12.769000053405762,12.104999542236328,12.194000244140623,652398000,12.465999603271484,1,NVDA,0.011866285534577914,0.025740302953654703,0.052477108442461784,11.865399932861328,11.81190004348755,0.24710254219306438,0.03801035012596827,0.0,0.0,0.0,0.0,0.0,0.0,0.0,0.0
2022-10-21,12.097999572753906,12.498000144958496,11.88700008392334,12.465999603271484,609494000,12.598999977111816,1,NVDA,0.022305999154097256,0.041697969025148884,0.08399996550186817,12.113199806213379,11.850899982452393,-0.0657635369820263,0.03766483947488134,0.0,0.0,0.0,0.0,0.0,0.0,0.0,0.0
2022-10-24,12.508000373840332,12.710000038146973,12.064000129699709,12.598999977111816,517457000,13.26099967956543,1,NVDA,0.010669050062012575,0.045473433905841354,0.05342808837179969,12.255399894714355,11.94379997253418,-0.15100558824205002,0.0356339140623512,0.0,0.0,0.0,0.0,0.0,0.0,0.0,0.0
2022-10-25,12.694000244140623,13.300000190734863,12.663999557495115,13.26099967956543,505482000,12.895999908447266,0,NVDA,0.052543829165508926,0.08750200213728165,0.1811703393787636,12.514199829101562,12.111299896240235,-0.02314201953012518,0.022165605174704277,0.0,0.0,0.0,0.0,0.0,0.0,0.0,0.0
2022-10-26,12.869000434875488,13.387999534606934,12.708000183105469,12.895999908447266,532953000,13.175999641418455,1,NVDA,-0.027524302838240144,0.034493848777512826,0.08479142103816217,12.683199882507324,12.25089988708496,0.05434614882429045,0.023690443878343247,0.0,0.0,0.0,0.0,0.0,0.0,0.0,0.0
2022-10-27,13.630000114440918,13.838000297546388,13.121999740600586,13.175999641418455,583113000,13.833999633789062,1,NVDA,0.021712138256746005,0.04579725893760256,0.101027795856796,12.87959976196289,12.37249984741211,0.09411711726925254,0.023814175053125577,0.0,0.0,0.0,0.0,0.0,0.0,0.0,0.0
2022-10-28,13.104000091552734,13.850000381469728,13.060999870300291,13.833999633789062,521040000,13.496999740600586,0,NVDA,0.04993928432588901,0.04320940864711709,0.1479545303646479,13.153199768066406,12.633199787139892,-0.1064510652309244,0.027003602215467836,0.0,0.0,0.0,0.0,0.0,0.0,0.0,0.0
2022-10-31,13.777999877929688,13.838000297546388,13.29699993133545,13.496999740600586,486341000,13.54300022125244,1,NVDA,-0.024360264718047753,0.046603585330335484,0.10685578730294609,13.33279972076416,12.794099807739258,-0.06659565484415786,0.03189831593198787,0.0,0.0,0.0,0.0,0.0,0.0,0.0,0.0
2022-11-01,13.810999870300291,13.925000190734863,13.519000053405762,13.54300022125244,432817000,13.218999862670898,0,NVDA,0.0034082004546149847,0.02785371811033799,0.08639504670755116,13.389199829101562,12.951699829101562,-0.11005446795561136,0.03198054673252091,0.0,0.0,0.0,0.0,0.0,0.0,0.0,0.0
2022-11-02,13.850000381469728,14.210000038146973,13.211000442504885,13.218999862670898,672628000,13.42099952697754,1,NVDA,-0.023923824358586532,-0.04445567351440782,0.049210245788190665,13.453799819946289,13.068499851226807,0.5540701959488652,0.03482798467811381,0.0,0.0,0.0,0.0,0.0,0.0,0.0,0.0
2022-11-03,13.04300022125244,13.781000137329102,12.956000328063965,13.42099952697754,500065000,14.156000137329102,1,NVDA,0.015281009638033805,-0.0056308968721713315,0.012065443878915394,13.502799797058106,13.191199779510498,-0.2565504260899041,0.029165229974286406,0.0,0.0,0.0,0.0,0.0,0.0,0.0,0.0
2022-11-04,13.986000061035156,14.229000091552734,13.696999549865724,14.156000137329102,612576000,14.300999641418455,1,NVDA,0.05476496805428965,0.045263228683604995,0.09770473308211636,13.567199897766113,13.36019983291626,0.22499275094237747,0.031718152048861914,0.0,0.0,0.0,0.0,0.0,0.0,0.0,0.0
2022-11-07,14.227999687194824,14.411999702453612,13.95400047302246,14.300999641418455,410061000,14.60200023651123,1,NVDA,0.010242971367808495,0.08185186398276723,0.08538251598486601,13.727999877929687,13.530399799346924,-0.3305957138379564,0.031538948739899916,0.0,0.0,0.0,0.0,0.0,0.0,0.0,0.0
2022-11-08,14.800999641418455,14.890999794006348,14.215999603271484,14.60200023651123,595292000,13.776000022888184,0,NVDA,0.02104752133697141,0.08799647948424116,0.055515441886116124,13.939799880981445,13.664499855041504,0.4517157203440463,0.027394085992986334,0.0,0.0,0.0,0.0,0.0,0.0,0.0,0.0
2022-11-09,14.161999702453612,14.211000442504885,13.758999824523926,13.776000022888184,454414000,15.75,1,NVDA,-0.056567607193820924,-0.02684374899367692,0.020671281592184565,14.051199913024902,13.752499866485596,-0.2366536086492007,0.03530924244099964,0.0,0.0,0.0,0.0,0.0,0.0,0.0,0.0
2022-11-10,14.800000190734863,15.77299976348877,14.54699993133545,15.75,700819000,16.32699966430664,1,NVDA,0.14329268102730164,0.10132161351748858,0.16296239700891468,14.517000007629395,14.00989990234375,0.5422478180689856,0.0635569587147941,0.0,0.0,0.0,0.0,0.0,0.0,0.0,0.0
2022-11-11,15.807000160217283,16.388999938964844,15.482000350952148,16.32699966430664,655487000,16.295000076293945,0,NVDA,0.03663489932105657,0.11813446102282454,0.23511610817187578,14.951199913024903,14.259199905395509,-0.06468431934636476,0.06005939891541433,0.0,0.0,0.0,0.0,0.0,0.0,0.0,0.0
2022-11-14,16.218000411987305,16.540000915527344,15.92199993133545,16.295000076293945,527852000,16.666000366210938,1,NVDA,-0.001959918458420251,0.1828542428295994,0.21414206472024522,15.35,14.538999938964844,-0.19471782049071906,0.061206625797768185,0.0,0.0,0.0,0.0,0.0,0.0,0.0,0.0
2022-11-15,16.722000122070312,16.99799919128418,16.381999969482422,16.666000366210938,545876000,15.90999984741211,0,NVDA,0.022767737844734626,0.058158753410218145,0.17730998901752004,15.762800025939942,14.851299953460693,0.03414593484537343,0.06020380107848575,0.0,0.0,0.0,0.0,0.0,0.0,0.0,0.0
2022-11-16,16.16200065612793,16.36199951171875,15.873000144958496,15.90999984741211,649547000,15.677000045776367,0,NVDA,-0.045361844604993706,-0.025540505020414606,0.11250963193745411,16.189599990844727,15.120399951934814,0.18991675765192095,0.0658857429208569,0.0,0.0,0.0,0.0,0.0,0.0,0.0,0.0
2022-11-17,15.71500015258789,16.266000747680664,15.53499984741211,15.677000045776367,710894000,15.409000396728516,0,NVDA,-0.014644865108131455,-0.037925745788528586,0.0736200377929852,16.175,15.346000003814698,0.09444582147250324,0.06690455011948875,0.0,0.0,0.0,0.0,0.0,0.0,0.0,0.0
2022-11-18,15.965999603271484,16.00200080871582,15.119999885559082,15.409000396728516,492072000,15.31700038909912,0,NVDA,-0.017095085045946368,-0.07542301343223867,0.1185395159064444,15.991400146484375,15.471300029754639,-0.30781241647840607,0.06161428493693227,0.0,0.0,0.0,0.0,0.0,0.0,0.0,0.0
2022-11-21,15.147000312805176,15.47700023651123,15.079999923706056,15.31700038909912,404739000,16.038000106811523,1,NVDA,-0.005970537040736801,-0.037272122187320234,-0.02749203878735751,15.79580020904541,15.572900104522706,-0.1774801248597766,0.026989336472768282,0.0,0.0,0.0,0.0,0.0,0.0,0.0,0.0
2022-11-22,15.32800006866455,16.058000564575195,15.121999740600586,16.038000106811523,472866000,16.518999099731445,1,NVDA,0.047071861291165584,0.023027368755568434,-0.017700714364986214,15.670200157165528,15.716500091552735,0.16832328982381228,0.029735096409114224,0.0,0.0,0.0,0.0,0.0,0.0,0.0,0.0
2022-11-23,16.097999572753906,16.527000427246094,16.04800033569336,16.518999099731445,427241000,16.270000457763672,0,NVDA,0.029991207738902403,0.0720357371941267,0.013746488026310288,15.792000007629394,15.99079999923706,-0.09648610811519542,0.032128751122667644,0.0,0.0,0.0,0.0,0.0,0.0,0.0,0.0
2022-11-25,16.31800079345703,16.48699951171875,16.172000885009766,16.270000457763672,167934000,15.82699966430664,0,NVDA,-0.01507347027894812,0.06221845299049478,-0.023760944422521746,15.910600090026856,16.04280004501343,-0.606933791466643,0.03130229773907548,0.0,0.0,0.0,0.0,0.0,0.0,0.0,0.0
2022-11-28,16.025999069213867,16.35700035095215,15.725000381469728,15.82699966430664,303741000,15.638999938964844,0,NVDA,-0.027228075045667377,-0.013156281400401593,-0.005216856310590656,15.99419994354248,15.992800045013428,0.808692700703848,0.027763672975386046,0.0,0.0,0.0,0.0,0.0,0.0,0.0,0.0
2022-11-29,15.82699966430664,15.932000160217283,15.520000457763672,15.638999938964844,298384000,16.92300033569336,1,NVDA,-0.011878418482928144,-0.05327194192903051,-0.002423939956660348,16.058599853515624,15.927200031280517,-0.017636736561741695,0.02754629907391974,0.0,0.0,0.0,0.0,0.0,0.0,0.0,0.0
2022-11-30,15.696999549865724,16.93000030517578,15.597000122070312,16.92300033569336,565298000,17.135000228881836,1,NVDA,0.08210246190547044,0.040135209560986373,0.09825426049611119,16.23559989929199,15.95290002822876,0.8945318783848999,0.0400016678964276,0.0,0.0,0.0,0.0,0.0,0.0,0.0,0.0
2022-12-01,16.999000549316406,17.264999389648438,16.635000228881836,17.135000228881836,470977000,16.875999450683594,0,NVDA,0.01252732310956306,0.08264362117382396,0.11869163632564517,16.35880012512207,16.07540006637573,-0.1668518197481682,0.03905103700903047,0.0,0.0,0.0,0.0,0.0,0.0,0.0,0.0
2022-12-02,16.659000396728516,16.933000564575195,16.44499969482422,16.875999450683594,371389000,16.610000610351562,0,NVDA,-0.015115306375174997,0.07909709805911214,0.052250862843937984,16.479999923706053,16.195300006866454,-0.21144981602073987,0.03807468755646739,0.0,0.0,0.0,0.0,0.0,0.0,0.0,0.0
2022-12-05,16.679000854492188,16.9950008392334,16.472000122070312,16.610000610351562,352255000,15.987000465393066,0,NVDA,-0.015761960712866507,-0.018495522019321253,0.005508899786888177,16.63660011291504,16.31540002822876,-0.05152010425726128,0.037574911462284845,0.0,0.0,0.0,0.0,0.0,0.0,0.0,0.0
2022-12-06,16.530000686645508,16.572999954223633,15.819000244140623,15.987000465393066,352694000,16.1200008392334,1,NVDA,-0.037507532935925014,-0.06699735909858717,-0.01739397568581902,16.706200218200685,16.382400035858154,0.0012462562632185037,0.04008388847276359,0.0,0.0,0.0,0.0,0.0,0.0,0.0,0.0
2022-12-07,15.772000312805176,16.18600082397461,15.666999816894531,16.1200008392334,372388000,17.16900062561035,1,NVDA,0.008319282540101058,-0.044797264521099,0.018512742853437958,16.54560031890869,16.39060010910034,0.0558387724202849,0.03855355836455988,0.0,0.0,0.0,0.0,0.0,0.0,0.0,0.0
2022-12-08,16.273000717163086,17.179000854492188,15.958999633789062,17.16900062561035,515456000,17.000999450683594,0,NVDA,0.06507442504741445,0.033654424727137755,0.09783238650915815,16.552400398254395,16.455600261688232,0.38419068283618163,0.04409667266989931,0.0,0.0,0.0,0.0,0.0,0.0,0.0,0.0
2022-12-09,17.15999984741211,17.58300018310547,16.975000381469727,17.000999450683594,465338000,17.53499984741211,1,NVDA,-0.009785145832900577,0.06342646874162061,0.004609059471902377,16.577400398254394,16.528700160980225,-0.09723041345915073,0.03274069414940123,0.0,0.0,0.0,0.0,0.0,0.0,0.0,0.0
2022-12-12,17.03700065612793,17.538000106811523,16.797000885009766,17.53499984741211,457328000,18.07200050354004,1,NVDA,0.031409941414182185,0.08777909023024599,0.0233440101072222,16.762400245666505,16.699500179290773,-0.01721329442254882,0.03456543400793998,0.0,0.0,0.0,0.0,0.0,0.0,0.0,0.0
2022-12-13,18.5310001373291,18.790000915527344,17.711000442504883,18.07200050354004,656589000,17.673999786376953,0,NVDA,0.030624503039683892,0.05259478391437167,0.0708699390724381,17.1794002532959,16.94280023574829,0.43570697617464926,0.034715664881484844,0.0,0.0,0.0,0.0,0.0,0.0,0.0,0.0
2022-12-14,17.98699951171875,18.25200080871582,17.420000076293945,17.673999786376953,496888000,16.95199966430664,0,NVDA,-0.022023058105001936,0.039585927735930726,0.06405774454711888,17.49020004272461,17.01790018081665,-0.24322825999217168,0.03557037088420858,0.0,0.0,0.0,0.0,0.0,0.0,0.0,0.0
2022-12-15,17.145999908447266,17.31999969482422,16.700000762939453,16.95199966430664,478542000,16.570999145507812,0,NVDA,-0.040850974923448136,-0.03324780086562196,0.060361491888519136,17.44679985046387,16.99960012435913,-0.03692180129123668,0.03632045576245891,0.0,0.0,0.0,0.0,0.0,0.0,0.0,0.0
2022-12-16,16.86400032043457,17.041000366210938,16.40999984741211,16.570999145507812,478232000,16.253999710083008,0,NVDA,-0.02247525521139815,-0.08305673507137201,0.027977560967413773,17.36079978942871,16.969100093841554,-0.0006478010289587832,0.038226903142459474,0.0,0.0,0.0,0.0,0.0,0.0,0.0,0.0
2022-12-19,16.57200050354004,16.608999252319336,16.145000457763672,16.253999710083008,354039000,16.084999084472656,0,NVDA,-0.019129771997528522,-0.0803440134354011,-0.053293778448727624,17.10459976196289,16.933500003814697,-0.25969194867762924,0.0278549497160406,0.0,0.0,0.0,0.0,0.0,0.0,0.0,0.0
2022-12-20,16.06399917602539,16.309999465942383,15.85200023651123,16.084999084472656,403260000,16.500999450683594,1,NVDA,-0.010397479305079171,-0.05114444295675047,-0.053879206858871265,16.707199478149413,16.943299865722658,0.13902705634125057,0.027864423408091546,0.0,0.0,0.0,0.0,0.0,0.0,0.0,0.0
2022-12-21,16.11400032043457,16.62700080871582,16.101999282836914,16.500999450683594,325025000,15.33899974822998,0,NVDA,0.02586262915069204,-0.004224228980374667,-0.058967801866340874,16.47259941101074,16.981399726867675,-0.1940063482616674,0.02662298422925034,0.0,0.0,0.0,0.0,0.0,0.0,0.0,0.0
2022-12-22,16.0939998626709,16.13800048828125,14.881999969482422,15.33899974822998,565045000,15.206000328063965,0,NVDA,-0.07041995885924801,-0.05629383402076815,-0.1512284572355287,16.14999942779541,16.798399639129638,0.7384662718252442,0.029239094552756185,0.0,0.0,0.0,0.0,0.0,0.0,0.0,0.0
2022-12-23,15.196000099182127,15.33899974822998,14.883000373840332,15.206000328063965,349326000,14.121000289916992,0,NVDA,-0.008670670992178775,-0.054647112616699856,-0.13964012041096163,15.876999664306641,16.618899726867674,-0.38177313311329186,0.029727873997750603,0.0,0.0,0.0,0.0,0.0,0.0,0.0,0.0
2022-12-27,15.074000358581545,15.100000381469728,14.055999755859377,14.121000289916992,464902000,14.03600025177002,0,NVDA,-0.07135341409565232,-0.14423363674907608,-0.16700091024367303,15.450399780273438,16.277499771118165,0.3308542736584166,0.03492605239120654,0.0,0.0,0.0,0.0,0.0,0.0,0.0,0.0
2022-12-28,13.927000045776367,14.26200008392334,13.883999824523926,14.03600025177002,351066000,14.602999687194824,1,NVDA,-0.006019406302800401,-0.08494683602888242,-0.15297803539052135,15.04060001373291,15.873899745941163,-0.24486020709740974,0.035687592374589565,0.0,0.0,0.0,0.0,0.0,0.0,0.0,0.0
2022-12-29,14.402000427246094,14.68299961090088,14.22700023651123,14.602999687194824,354923000,14.61400032043457,1,NVDA,0.040396083303952945,-0.03965544047478753,-0.10157500014374932,14.661000061035157,15.566799736022949,0.010986538143824776,0.04305943830825941,0.0,0.0,0.0,0.0,0.0,0.0,0.0,0.0
2022-12-30,14.333999633789062,14.628999710083008,14.232999801635742,14.61400032043457,310490000,14.3149995803833,0,NVDA,0.0007533132558643629,0.03491254304906444,-0.09145159140593839,14.516000175476075,15.332999801635742,-0.12519053428490123,0.043435586578580966,0.0,0.0,0.0,0.0,0.0,0.0,0.0,0.0
2023-01-03,14.85099983215332,14.996000289916992,14.095999717712402,14.3149995803833,401277000,14.74899959564209,1,NVDA,-0.020459883228083786,0.019877409775487687,-0.1324768161367179,14.337800025939941,15.107399845123291,0.2923991110824826,0.03995664962585525,0.0,0.0,0.0,0.0,0.0,0.0,0.0,0.0
2023-01-04,14.56700038909912,14.852999687194824,14.241000175476074,14.74899959564209,431324000,14.265000343322754,0,NVDA,0.03031785036539758,0.009997939572325754,-0.03846405647512785,14.463399887084961,14.956899833679199,0.07487845054662978,0.03650924980296471,0.0,0.0,0.0,0.0,0.0,0.0,0.0,0.0
2023-01-05,14.491000175476074,14.564000129699709,14.14799976348877,14.265000343322754,389168000,14.859000205993652,1,NVDA,-0.032815734326980706,-0.02388120770900859,-0.061883464713894276,14.509199905395509,14.774899959564209,-0.09773627250048689,0.038022494454047526,0.0,0.0,0.0,0.0,0.0,0.0,0.0,0.0
2023-01-06,14.473999977111816,15.010000228881836,14.034000396728516,14.859000205993652,405044000,15.628000259399414,1,NVDA,0.04164036791972059,0.03800214052090012,0.0522625806192798,14.560400009155273,14.610700035095215,0.04079472104592363,0.030009806228176818,0.0,0.0,0.0,0.0,0.0,0.0,0.0,0.0
2023-01-09,15.284000396728516,16.055999755859375,15.140999794006348,15.628000259399414,504231000,15.909000396728516,1,NVDA,0.051753149118038966,0.059597307468707506,0.11342262603825715,14.763199996948241,14.639600086212159,0.24487956863945648,0.0333682027583189,0.0,0.0,0.0,0.0,0.0,0.0,0.0,0.0
2023-01-10,15.506999969482422,15.961999893188477,15.472000122070312,15.909000396728516,384101000,16.000999450683594,1,NVDA,0.017980556223762267,0.1152471092771683,0.08943372851530684,15.082000160217286,14.709900093078613,-0.23824397944592857,0.03166212022575539,0.0,0.0,0.0,0.0,0.0,0.0,0.0,0.0
2023-01-11,15.84000015258789,16.027999877929688,15.562999725341797,16.000999450683594,353285000,16.51099967956543,1,NVDA,0.0057828305777147815,0.07685572574588795,0.09490892978218968,15.332400131225587,14.897900009155274,-0.08022889812835687,0.03140080117567431,0.0,0.0,0.0,0.0,0.0,0.0,0.0,0.0
2023-01-12,16.100000381469727,16.636999130249023,15.491999626159668,16.51099967956543,551409000,16.89900016784668,1,NVDA,0.03187302333542963,0.056501113738780306,0.15340553011202585,15.781599998474121,15.145399951934815,0.5608050157804605,0.02802857828524954,0.0,0.0,0.0,0.0,0.0,0.0,0.0,0.0
2023-01-13,16.277999877929688,16.922000885009766,16.165000915527344,16.89900016784668,447287000,17.70199966430664,1,NVDA,0.02349951522084104,0.062228911083674676,0.14577263754484426,16.189599990844727,15.375,-0.18882898175401563,0.0277653244039918,0.0,0.0,0.0,0.0,0.0,0.0,0.0,0.0
2023-01-17,16.89900016784668,17.72800064086914,16.89900016784668,17.70199966430664,511102000,17.37700080871582,0,NVDA,0.04751757432299497,0.10630587288410775,0.24093930867605606,16.60439987182617,15.683799934387206,0.14267126028701926,0.01672246767452698,0.0,0.0,0.0,0.0,0.0,0.0,0.0,0.0
2023-01-18,17.66699981689453,17.87299919128418,17.281999588012695,17.37700080871582,439624000,16.764999389648438,0,NVDA,-0.018359443099873696,0.05244995130259644,0.1694596249959326,16.897999954223632,15.99000005722046,-0.13985075386126444,0.024286260442154203,0.0,0.0,0.0,0.0,0.0,0.0,0.0,0.0
2023-01-19,17.035999298095703,17.19700050354004,16.731000900268555,16.764999389648438,452932000,17.839000701904297,1,NVDA,-0.0352190476253198,-0.00792950925305047,0.07275397436502984,17.050799942016603,16.191600036621093,0.03027132276672795,0.028859942565560508,0.0,0.0,0.0,0.0,0.0,0.0,0.0,0.0
2023-01-20,17.01099967956543,17.856000900268555,16.825000762939453,17.839000701904297,564967000,19.19300079345703,1,NVDA,0.06406211460520561,0.007739297265602074,0.12131499510004806,17.316400146484376,16.54900007247925,0.24735501134828186,0.035384921539378104,0.0,0.0,0.0,0.0,0.0,0.0,0.0,0.0
2023-01-23,18.06399917602539,19.2450008392334,17.81800079345703,19.19300079345703,655163000,19.26499938964844,1,NVDA,0.07590111767909713,0.10450595040718169,0.19948762279577914,17.775200271606444,16.982400131225585,0.15964826264188892,0.0411310272768335,0.0,0.0,0.0,0.0,0.0,0.0,0.0,0.0
2023-01-24,18.82699966430664,19.4950008392334,18.81999969482422,19.26499938964844,496204000,19.322999954223636,1,NVDA,0.0037512943893565076,0.14912019630275863,0.16679787799229717,18.087800216674804,17.346100044250488,-0.2426251177187967,0.041945513927144074,0.0,0.0,0.0,0.0,0.0,0.0,0.0,0.0
2023-01-25,18.913000106811523,19.3700008392334,18.57999992370605,19.322999954223636,449537000,19.802000045776367,1,NVDA,0.003010670460044773,0.08318847434996313,0.14344042619687314,18.477000045776368,17.6875,-0.09404801251098338,0.04261612880761139,0.0,0.0,0.0,0.0,0.0,0.0,0.0,0.0
2023-01-26,19.701000213623047,20.166000366210938,19.277999877929688,19.802000045776367,489535000,20.364999771118164,1,NVDA,0.024789116218365992,0.0317302780775659,0.11863068700108803,19.084400177001953,18.067600059509278,0.08897599085281072,0.04101430957007819,0.0,0.0,0.0,0.0,0.0,0.0,0.0,0.0
2023-01-27,19.46199989318848,20.62800025939941,19.405000686645508,20.364999771118164,542142000,19.16200065612793,0,NVDA,0.028431457632577928,0.0570983865206236,0.1719513623377198,19.589599990844725,18.45300006866455,0.10746320487809857,0.03802386658234886,0.0,0.0,0.0,0.0,0.0,0.0,0.0,0.0
2023-01-30,19.950000762939453,20.13999938964844,19.149999618530277,19.16200065612793,488611000,19.53700065612793,1,NVDA,-0.059071894353583065,-0.008332003233303076,0.14297651975815295,19.583399963378906,18.679300117492676,-0.09873981355438244,0.04465673362398672,0.0,0.0,0.0,0.0,0.0,0.0,0.0,0.0
2023-01-31,19.170000076293945,19.687000274658203,18.950000762939453,19.53700065612793,498017000,20.94300079345703,1,NVDA,0.019569981586451846,-0.013382455763853995,0.09518470135170598,19.637800216674805,18.862800216674806,0.019250487606705446,0.040316196146100554,0.0,0.0,0.0,0.0,0.0,0.0,0.0,0.0
2023-02-01,19.69099998474121,21.191999435424805,19.61100006103516,20.94300079345703,660477000,21.708999633789062,1,NVDA,0.07196601781799594,0.028382078508961905,0.09117907193525365,19.961800384521485,19.219400215148926,0.32621376378718003,0.03932059110434975,0.0,0.0,0.0,0.0,0.0,0.0,0.0,0.0
2023-02-02,21.0,21.948999404907227,20.700000762939453,21.708999633789062,564276000,21.100000381469727,0,NVDA,0.036575409984768825,0.13291926158277279,0.12686220200213683,20.343200302124025,19.71380023956299,-0.1456538229188904,0.039957123090079365,0.0,0.0,0.0,0.0,0.0,0.0,0.0,0.0
2023-02-03,21.0,21.7450008392334,20.78899955749512,21.100000381469727,429366000,21.089000701904297,0,NVDA,-0.02805284732565272,0.08000203065210787,0.09196296804097814,20.490200424194335,20.03990020751953,-0.2390851285541118,0.043457438490535474,0.0,0.0,0.0,0.0,0.0,0.0,0.0,0.0
2023-02-06,20.80599975585937,21.56999969482422,20.785999298095703,21.089000701904297,452197000,22.17300033569336,1,NVDA,-0.0005213118183206022,0.0069712984250509535,0.06499346799074668,20.87560043334961,20.229500198364256,0.053173749202312326,0.043410468936283905,0.0,0.0,0.0,0.0,0.0,0.0,0.0,0.0
2023-02-07,21.381999969482425,22.25900077819824,21.149999618530277,22.17300033569336,664150000,22.20499992370605,1,NVDA,0.05140118534356053,0.021373656535610186,0.0887797979324958,21.402800369262696,20.52030029296875,0.4687182798647491,0.04584942700317036,0.0,0.0,0.0,0.0,0.0,0.0,0.0,0.0
2023-02-08,22.386999130249023,22.87800025939941,22.007999420166016,22.20499992370605,559651000,22.33699989318848,1,NVDA,0.0014431780782133696,0.05236964560468671,0.1588038390242401,21.6552001953125,20.808500289916992,-0.15734246781600547,0.034190851537352705,0.0,0.0,0.0,0.0,0.0,0.0,0.0,0.0
2023-02-09,22.606000900268555,23.020000457763672,22.1200008392334,22.33699989318848,523876000,21.26499938964844,0,NVDA,0.0059446057165488675,0.059177730084265745,0.14331776337338198,21.78080024719238,21.062000274658203,-0.06392376677608014,0.034720634585435145,0.0,0.0,0.0,0.0,0.0,0.0,0.0,0.0
2023-02-10,21.690000534057617,22.077999114990234,20.81100082397461,21.26499938964844,550737000,21.788000106811523,1,NVDA,-0.04799214346895975,-0.04095074785992081,0.01537499804192377,21.813800048828128,21.15200023651123,0.0512735838251801,0.03429592375436061,0.0,0.0,0.0,0.0,0.0,0.0,0.0,0.0
2023-02-13,21.538000106811523,22.04800033569336,20.96199989318848,21.788000106811523,474919000,22.97100067138672,1,NVDA,0.024594438381111416,-0.018779545972857137,0.0036390655652092097,21.95359992980957,21.41460018157959,-0.1376664360665799,0.03257870012103311,0.0,0.0,0.0,0.0,0.0,0.0,0.0,0.0
2023-02-14,21.577999114990234,23.048999786376957,21.36599922180176,22.97100067138672,675474000,22.763999938964844,0,NVDA,0.05429596836679651,0.02838343471504312,0.0886729979190013,22.113199996948243,21.75800018310547,0.4222930647120877,0.03511923653916176,0.0,0.0,0.0,0.0,0.0,0.0,0.0,0.0
2023-02-15,22.548999786376957,22.854999542236328,22.106000900268555,22.763999938964844,420575000,22.00200080871582,0,NVDA,-0.009011393773529441,0.07049144567791998,0.07942525398604117,22.225,21.94010009765625,-0.3773631553546103,0.035793607161131204,0.0,0.0,0.0,0.0,0.0,0.0,0.0,0.0
2023-02-16,22.132999420166016,22.549999237060547,21.927000045776367,22.00200080871582,412026000,21.38800048828125,0,NVDA,-0.03347386805008379,0.009821952490141284,-0.007712060812188337,22.158000183105468,21.969400215148926,-0.020326933365035993,0.03438214535965432,0.0,0.0,0.0,0.0,0.0,0.0,0.0,0.0
2023-02-17,21.631000518798828,21.739999771118164,20.975000381469727,21.38800048828125,465888000,20.655000686645508,0,NVDA,-0.027906567487777867,-0.0689129831891605,-0.036793489674934565,22.18260040283203,21.99820022583008,0.13072476008795553,0.03584971857115092,0.0,0.0,0.0,0.0,0.0,0.0,0.0,0.0
2023-02-21,21.0,21.49399948120117,20.618000030517575,20.655000686645508,410015000,20.753999710083008,1,NVDA,-0.03427154408554278,-0.09264625100922574,-0.0753010348115678,21.956000518798827,21.9548002243042,-0.11992796551960982,0.03704474178811597,0.0,0.0,0.0,0.0,0.0,0.0,0.0,0.0
2023-02-22,20.707000732421875,21.10400009155273,20.42099952697754,20.753999710083008,513184000,23.66399955749512,1,NVDA,0.0047929808833899745,-0.056722164019666454,-0.024030082023617783,21.512600326538085,21.812900161743165,0.25162250161579447,0.03333679542946051,0.0,0.0,0.0,0.0,0.0,0.0,0.0,0.0
2023-02-23,23.440000534057617,23.88800048828125,23.024999618530277,23.66399955749512,1117995000,23.285999298095703,0,NVDA,0.1402139292696596,0.10641476609563938,0.08610241607705471,21.69260025024414,21.95880012512207,1.178546096526782,0.06390940422745378,0.0,0.0,0.0,0.0,0.0,0.0,0.0,0.0
2023-02-24,23.225000381469727,23.474000930786133,22.94700050354004,23.285999298095703,589716000,23.500999450683597,1,NVDA,-0.015973642092115936,0.12737828729055756,0.01371288222116318,21.949399948120117,22.053700065612794,-0.4725235801591241,0.06192502791112024,0.0,0.0,0.0,0.0,0.0,0.0,0.0,0.0
2023-02-27,23.670000076293945,23.8799991607666,23.45400047302246,23.500999450683597,452994000,23.215999603271484,0,NVDA,0.009233022376904154,0.13236001633294814,0.03237565953676014,22.371999740600586,22.277300071716308,-0.23184380277964312,0.06169510247336298,0.0,0.0,0.0,0.0,0.0,0.0,0.0,0.0
2023-02-28,23.371999740600582,23.825000762939453,23.20599937438965,23.215999603271484,455963000,22.697999954223636,0,NVDA,-0.012127137316443881,-0.01893170903486352,0.055176745292853324,22.88419952392578,22.420100021362305,0.006554170695417527,0.05991560256239504,0.0,0.0,0.0,0.0,0.0,0.0,0.0,0.0
2023-03-01,23.191999435424805,23.256000518798828,22.507999420166016,22.697999954223636,460026000,23.31399917602539,1,NVDA,-0.02231218374826527,-0.025251196495576278,0.06124927230388599,23.272999572753907,22.392799949645998,0.008910810745608844,0.059373994822382245,0.0,0.0,0.0,0.0,0.0,0.0,0.0,0.0
2023-03-02,22.488000869750977,23.3799991607666,22.43199920654297,23.31399917602539,389415000,23.88999938964844,1,NVDA,0.027138920743857486,-0.007957120081238389,0.12873388530551133,23.20299949645996,22.44779987335205,-0.15349349819358038,0.05620565167689111,0.0,0.0,0.0,0.0,0.0,0.0,0.0,0.0
2023-03-03,23.31999969482422,23.899999618530277,23.1299991607666,23.88999938964844,412393000,23.554000854492188,0,NVDA,0.024706195160861588,0.02903169356886015,0.15110338842502036,23.32379951477051,22.636599731445315,0.05900645840555696,0.05588693643763008,0.0,0.0,0.0,0.0,0.0,0.0,0.0,0.0
2023-03-06,23.891000747680664,24.24799919128418,23.48699951171875,23.554000854492188,437429000,23.288000106811523,0,NVDA,-0.014064401161175466,0.037712613534007344,-0.004648356366626638,23.334399795532228,22.85319976806641,0.060709080900985146,0.02052795146741588,0.0,0.0,0.0,0.0,0.0,0.0,0.0,0.0
2023-03-07,23.600000381469727,24.125,23.24099922180176,23.288000106811523,515154000,24.18099975585937,1,NVDA,-0.011293229941015892,-0.0011151698607162475,8.592324899647785e-05,23.348799896240237,23.116499710083012,0.1776859787531233,0.02000906767438545,0.0,0.0,0.0,0.0,0.0,0.0,0.0,0.0
2023-03-08,23.48699951171875,24.200000762939453,23.423999786376957,24.18099975585937,513573000,23.43600082397461,0,NVDA,0.038345913987979374,0.012180844438908656,0.02893495260074963,23.645399856567384,23.459199714660645,-0.003068985196659657,0.024683328451612724,0.0,0.0,0.0,0.0,0.0,0.0,0.0,0.0
2023-03-09,24.174999237060547,24.45400047302246,23.382999420166016,23.43600082397461,501257000,22.96500015258789,0,NVDA,-0.030809269236448333,-0.005009765909687158,0.009476276036467723,23.669800186157225,23.436399841308592,-0.02398101146283005,0.027598670219387247,0.0,0.0,0.0,0.0,0.0,0.0,0.0,0.0
2023-03-10,23.40900039672852,23.62700080871582,22.72599983215332,22.96500015258789,474866000,22.965999603271484,1,NVDA,-0.0200973141673938,-0.013869802161721845,0.011763159701415393,23.484800338745117,23.404299926757812,-0.052649638808036636,0.02728881248638887,0.0,0.0,0.0,0.0,0.0,0.0,0.0,0.0
2023-03-13,22.75200080871582,23.29800033569336,22.29700088500977,22.965999603271484,421890000,24.0629997253418,1,NVDA,4.352060426526805e-05,-0.05024606777449214,-0.014926635714723968,23.367200088500976,23.3507999420166,-0.11155989268551547,0.02494825155494814,0.0,0.0,0.0,0.0,0.0,0.0,0.0,0.0
2023-03-14,23.496000289916992,24.2189998626709,23.459999084472656,24.0629997253418,474910000,24.22800064086914,1,NVDA,0.047766269312050635,0.02675366441896454,0.007241537886699234,23.52220001220703,23.435499954223637,0.12567256867903964,0.030045819625155262,0.0,0.0,0.0,0.0,0.0,0.0,0.0,0.0
2023-03-15,23.76099967956543,24.285999298095703,23.36000061035156,24.22800064086914,524486000,25.541000366210938,1,NVDA,0.006857038499384238,0.05499675505723545,0.028615087115801296,23.531600189208984,23.588500022888184,0.10439030553157447,0.029280433811448642,0.0,0.0,0.0,0.0,0.0,0.0,0.0,0.0
2023-03-16,24.027000427246094,25.58799934387207,23.893999099731445,25.541000366210938,583253000,25.725000381469727,1,NVDA,0.05419348235970234,0.11212230285733549,0.09674511547002407,23.95260009765625,23.81120014190674,0.11204684205107474,0.03357650498752323,0.0,0.0,0.0,0.0,0.0,0.0,0.0,0.0
2023-03-17,25.98200035095215,26.39900016784668,25.667999267578125,25.725000381469727,848547000,25.899999618530277,1,NVDA,0.007204103700738651,0.0690687227319211,0.06385181097552528,24.50460014343262,23.994700241088868,0.45485235395274426,0.03179118579974844,0.0,0.0,0.0,0.0,0.0,0.0,0.0,0.0
2023-03-20,25.614999771118164,26.02400016784668,25.1299991607666,25.899999618530277,432747000,26.198999404907227,1,NVDA,0.006802691330049848,0.06901101755960481,0.10513734032792144,25.091400146484375,24.229300117492677,-0.4900141064667013,0.026642210698069418,0.0,0.0,0.0,0.0,0.0,0.0,0.0,0.0
2023-03-21,26.18000030517578,26.392000198364254,25.381000518798828,26.198999404907227,547408000,26.468000411987305,1,NVDA,0.01154439346643965,0.025762461503535228,0.1408229580157394,25.518600082397462,24.520400047302246,0.264960820063455,0.02204577825911043,0.0,0.0,0.0,0.0,0.0,0.0,0.0,0.0
2023-03-22,26.424999237060547,27.589000701904297,26.23699951171875,26.468000411987305,797295000,27.19099998474121,1,NVDA,0.01026760613726685,0.02888241086491017,0.15248632191985956,25.966600036621095,24.749100112915038,0.456491319089235,0.020872423067047813,0.0,0.0,0.0,0.0,0.0,0.0,0.0,0.0
2023-03-23,27.114999771118164,27.499000549316406,26.690000534057617,27.19099998474121,564889000,26.77899932861328,0,NVDA,0.027315987664351837,0.04984557471913176,0.12999211632393348,26.29659996032715,25.1246000289917,-0.2914931110818455,0.017625014444591133,0.0,0.0,0.0,0.0,0.0,0.0,0.0,0.0
2023-03-24,27.0310001373291,27.16699981689453,26.354999542236328,26.77899932861328,454920000,26.5310001373291,0,NVDA,-0.01515209651572702,0.022138247142271306,0.10529134143413277,26.50739974975586,25.505999946594237,-0.19467364384861452,0.021440347579684438,0.0,0.0,0.0,0.0,0.0,0.0,0.0,0.0
2023-03-27,26.83699989318848,27.0,26.364999771118164,26.5310001373291,361026000,26.40999984741211,0,NVDA,-0.009260958120238416,0.002380222319826819,0.03876119795322763,26.633599853515626,25.8625,-0.20639672909522555,0.014048671374706197,0.0,0.0,0.0,0.0,0.0,0.0,0.0,0.0
2023-03-28,26.44700050354004,26.51300048828125,25.850000381469727,26.40999984741211,356104000,26.983999252319336,1,NVDA,-0.004560713478220735,-0.028722744208281248,0.0266277728196187,26.675799942016603,26.097200012207033,-0.013633367125913343,0.014511359410922511,0.0,0.0,0.0,0.0,0.0,0.0,0.0,0.0
2023-03-29,26.825000762939453,27.077999114990234,26.597000122070312,26.983999252319336,393694000,27.382999420166016,1,NVDA,0.02173416918680804,0.007655249592803504,0.041853268330301674,26.778999710083006,26.37279987335205,0.10555905016512024,0.016034977863471803,0.0,0.0,0.0,0.0,0.0,0.0,0.0,0.0
2023-03-30,27.22900009155273,27.499000549316406,27.101999282836918,27.382999420166016,364516000,27.777000427246094,1,NVDA,0.014786546801893508,0.03211334960713197,0.04519256621064005,26.81739959716797,26.55699977874756,-0.0741133977149766,0.01626749281173957,0.0,0.0,0.0,0.0,0.0,0.0,0.0,0.0
2023-03-31,27.13999938964844,27.833999633789062,27.104999542236328,27.777000427246094,433933000,27.96500015258789,1,NVDA,0.01438852629087517,0.051760718959941165,0.049455946610380996,27.016999816894533,26.762199783325194,0.19043608511011856,0.016501671279576798,0.0,0.0,0.0,0.0,0.0,0.0,0.0,0.0
2023-04-03,27.50900077819824,28.0,27.336000442504883,27.96500015258789,398716000,27.452999114990234,0,NVDA,0.0067681795172307435,0.036354911334510076,0.028465307207569568,27.30379981994629,26.968699836730956,-0.08115769024250286,0.013918246649743974,0.0,0.0,0.0,0.0,0.0,0.0,0.0,0.0
2023-04-04,27.965999603271484,28.0,27.30699920654297,27.452999114990234,368592000,26.881000518798828,0,NVDA,-0.018308637039298414,0.002556319479474878,0.02516896834366711,27.512399673461914,27.09409980773926,-0.07555252360075848,0.014676450723786818,0.0,0.0,0.0,0.0,0.0,0.0,0.0,0.0
2023-04-05,26.82900047302246,26.99799919128418,26.395000457763672,26.881000518798828,515015000,27.03700065612793,1,NVDA,-0.02083555948825555,-0.032256899401145955,0.013192129194454116,27.491799926757814,27.13539981842041,0.3972495333593784,0.016862634734399574,0.0,0.0,0.0,0.0,0.0,0.0,0.0,0.0
2023-04-06,26.583999633789062,27.07999992370605,26.427000045776367,27.03700065612793,397654000,27.57900047302246,1,NVDA,0.005803360526703827,-0.033184319377666194,0.023741037952988098,27.422600173950194,27.119999885559082,-0.22787879964661228,0.016644567816240945,0.0,0.0,0.0,0.0,0.0,0.0,0.0,0.0
2023-04-10,26.822999954223636,27.621000289916992,26.66900062561035,27.57900047302246,395279000,27.16900062561035,0,NVDA,0.020046595544675805,0.004589711947480035,0.02205014961420093,27.38300018310547,27.2,-0.005972528881892258,0.016345585994137796,0.0,0.0,0.0,0.0,0.0,0.0,0.0,0.0
2023-04-11,27.724000930786133,27.790000915527344,27.125999450683597,27.16900062561035,314378000,26.4950008392334,0,NVDA,-0.014866378055041096,0.010713890898893963,-0.007815023886611372,27.223800277709962,27.263800048828124,-0.20466809519352158,0.016691869415192136,0.0,0.0,0.0,0.0,0.0,0.0,0.0,0.0
2023-04-12,27.3700008392334,27.468000411987305,26.447999954223636,26.4950008392334,446259000,26.46299934387207,0,NVDA,-0.024807676795502775,-0.020046595544675805,-0.046153276750328986,27.032200622558594,27.272300148010252,0.41949818371514547,0.017234599239997737,0.0,0.0,0.0,0.0,0.0,0.0,0.0,0.0
2023-04-13,26.733999252319336,26.886999130249023,26.32900047302246,26.46299934387207,353615000,26.757999420166016,1,NVDA,-0.0012078314530166168,-0.0404656118789386,-0.05371002326194607,26.948600387573244,27.22020015716553,-0.2076014153215957,0.016449252022816167,0.0,0.0,0.0,0.0,0.0,0.0,0.0,0.0
2023-04-14,26.503999710083008,26.882999420166016,26.21999931335449,26.757999420166016,395660000,27.00200080871582,1,NVDA,0.011147643260712048,-0.015127579078374809,-0.025315984308786343,26.89280014038086,27.15770015716553,0.11890049913041012,0.01705153232224721,0.0,0.0,0.0,0.0,0.0,0.0,0.0,0.0
2023-04-17,26.565000534057617,27.006000518798828,26.433000564575195,27.00200080871582,321471000,27.66699981689453,1,NVDA,0.009118820309335751,0.019135684220536575,0.004501331333719216,26.77740020751953,27.0802001953125,-0.18750695041196985,0.015689393272422764,0.0,0.0,0.0,0.0,0.0,0.0,0.0,0.0
2023-04-18,27.53300094604492,28.11000061035156,27.35700035095215,27.66699981689453,604812000,27.93099975585937,1,NVDA,0.0246277678787441,0.04549750606033509,0.023301370177087666,26.877000045776366,27.050400161743163,0.8813889899866552,0.01812463463404016,0.0,0.0,0.0,0.0,0.0,0.0,0.0,0.0
2023-04-19,27.36100006103516,28.0,27.23200035095215,27.93099975585937,358660000,27.10400009155273,0,NVDA,0.009542051567283938,0.043837370547565424,0.012763308198251444,27.164199829101562,27.098200225830077,-0.40698927931324114,0.01691470495011682,0.0,0.0,0.0,0.0,0.0,0.0,0.0,0.0
2023-04-20,27.67099952697754,28.030000686645508,27.0,27.10400009155273,427713000,27.11899948120117,1,NVDA,-0.029608666769371683,0.0037774712903493324,-0.0023924521535896304,27.292399978637697,27.12050018310547,0.19253053030725487,0.019993131244077155,0.0,0.0,0.0,0.0,0.0,0.0,0.0,0.0
2023-04-21,26.95199966430664,27.183000564575195,26.722000122070312,27.11899948120117,345103000,27.04199981689453,0,NVDA,0.0005534013281349726,-0.0198070025416609,0.023551561509813634,27.364599990844727,27.128700065612794,-0.19314353316359334,0.01683231628729197,0.0,0.0,0.0,0.0,0.0,0.0,0.0,0.0
2023-04-24,27.01300048828125,27.36599922180176,26.67099952697754,27.04199981689453,339282000,26.24099922180176,0,NVDA,-0.0028393254094795095,-0.031828432449087174,0.021879623904254686,27.372599792480468,27.075,-0.01686742798526819,0.016918687915146224,0.0,0.0,0.0,0.0,0.0,0.0,0.0,0.0
2023-04-25,27.077999114990234,27.246999740600582,26.225000381469727,26.24099922180176,378527000,26.95599937438965,1,NVDA,-0.029620612399839708,-0.03184035075398095,-0.019321332295665572,27.087399673461913,26.98219985961914,0.11567073997441657,0.02039482859399391,0.0,0.0,0.0,0.0,0.0,0.0,0.0,0.0
2023-04-26,27.00200080871582,27.32999992370605,26.70499992370605,26.95599937438965,406337000,27.22599983215332,1,NVDA,0.0272474438394803,-0.006010550165189921,-0.0017036305810095298,26.89239959716797,27.028299713134764,0.07346899956938335,0.023102746492139004,0.0,0.0,0.0,0.0,0.0,0.0,0.0,0.0
2023-04-27,27.363000869750977,27.4950008392334,26.625,27.22599983215332,377161000,27.749000549316406,1,NVDA,0.010016340110921451,0.006804231066662281,-0.015939566547144013,26.916799545288086,27.10459976196289,-0.07180246937886536,0.021076501546800627,0.0,0.0,0.0,0.0,0.0,0.0,0.0,0.0
2023-04-28,27.225000381469727,27.757999420166016,27.07099914550781,27.749000549316406,292216000,28.90999984741211,1,NVDA,0.01920960553835882,0.057467374423065154,-0.006516029076430896,27.042799758911134,27.20369987487793,-0.22522211999650021,0.022250654096257594,0.0,0.0,0.0,0.0,0.0,0.0,0.0,0.0
2023-05-01,27.84000015258789,29.058000564575195,27.780000686645508,28.90999984741211,570329000,28.209999084472656,0,NVDA,0.041839319438995215,0.07248851900771736,0.06663222217233677,27.41639976501465,27.39449977874756,0.9517377556328195,0.023159116375162676,0.0,0.0,0.0,0.0,0.0,0.0,0.0,0.0
2023-05-02,28.68000030517578,28.836000442504883,28.08300018310547,28.209999084472656,402730000,27.802000045776367,0,NVDA,-0.02421310157848766,0.036141895922487066,0.0402300831204252,27.810199737548828,27.448799705505373,-0.2938637172579336,0.026414358513450812,0.0,0.0,0.0,0.0,0.0,0.0,0.0,0.0
2023-05-03,27.84000015258789,28.367000579833984,27.472000122070312,27.802000045776367,383387000,27.562000274658203,0,NVDA,-0.014462922791119825,0.0019099605539223408,0.028104438799937626,27.97939987182617,27.43589973449707,-0.04802969731581952,0.027405625143037467,0.0,0.0,0.0,0.0,0.0,0.0,0.0,0.0
2023-05-04,27.650999069213867,27.858999252319336,27.239999771118164,27.562000274658203,321850000,28.68000030517578,1,NVDA,-0.0086324642372132,-0.046627450012753036,0.050341110934484457,28.04659996032715,27.481699752807618,-0.16050883311119057,0.02401605295199728,0.0,0.0,0.0,0.0,0.0,0.0,0.0,0.0
2023-05-05,27.826000213623047,28.7549991607666,27.731000900268555,28.68000030517578,361494000,29.150999069213867,1,NVDA,0.040563094818104384,0.01666080240895229,0.0639561125833854,28.232799911499022,27.63779983520508,0.12317539226347685,0.02628114863000649,0.0,0.0,0.0,0.0,0.0,0.0,0.0,0.0
2023-05-08,28.52199935913086,29.21999931335449,28.350000381469727,29.150999069213867,344979000,28.57099914550781,0,NVDA,0.016422550872605246,0.04852165388160401,0.0707044460783095,28.280999755859376,27.84869976043701,-0.045685405566897375,0.02642591954295127,0.0,0.0,0.0,0.0,0.0,0.0,0.0,0.0
2023-05-09,28.89900016784668,28.972999572753903,28.450000762939453,28.57099914550781,314869000,28.88500022888184,1,NVDA,-0.019896399513750884,0.03660833251559481,0.02962263792998665,28.353199768066407,28.081699752807616,-0.08728067505558312,0.028250655782263184,0.0,0.0,0.0,0.0,0.0,0.0,0.0,0.0
2023-05-10,29.0049991607666,29.113000869750977,28.461000442504883,28.88500022888184,369350000,28.577999114990234,0,NVDA,0.010990203099824125,0.0071478354785463605,-0.0008647394902185912,28.5697998046875,28.274599838256837,0.17302751302922803,0.023457767253838708,0.0,0.0,0.0,0.0,0.0,0.0,0.0,0.0
2023-05-11,28.895999908447266,28.950000762939453,28.246000289916992,28.577999114990234,322149000,28.34000015258789,0,NVDA,-0.010628392295619182,-0.019656271569394423,0.01304502100179561,28.772999572753907,28.409799766540527,-0.1277947746040341,0.021598355114958116,0.0,0.0,0.0,0.0,0.0,0.0,0.0,0.0
2023-05-12,28.52899932861328,28.780000686645508,28.04599952697754,28.34000015258789,274222000,28.952999114990234,1,NVDA,-0.008328048490893303,-0.008085086270293695,0.019351129628289332,28.70499954223633,28.468899726867676,-0.14877277284734702,0.02093073627482225,0.0,0.0,0.0,0.0,0.0,0.0,0.0,0.0
2023-05-15,28.507999420166016,28.9689998626709,28.152000427246094,28.952999114990234,293926000,29.21299934387207,1,NVDA,0.02163016792878758,0.0023541244787805837,0.05046799312352457,28.6653995513916,28.47319965362549,0.0718541911298145,0.02126779974412845,0.0,0.0,0.0,0.0,0.0,0.0,0.0,0.0
2023-05-16,28.840999603271484,29.8700008392334,28.832000732421875,29.21299934387207,449405000,30.17799949645996,1,NVDA,0.008980079329578672,0.022219898122564974,0.018584345642426614,28.793799591064452,28.57349967956543,0.528973278988589,0.015624112044475185,0.0,0.0,0.0,0.0,0.0,0.0,0.0,0.0
2023-05-17,29.583999633789062,30.198999404907227,29.43000030517578,30.17799949645996,432535000,31.67799949645996,1,NVDA,0.0330332445918573,0.0648553046568785,0.035230368084732344,29.05239944458008,28.81109962463379,-0.03753852315839834,0.01895510475900123,0.0,0.0,0.0,0.0,0.0,0.0,0.0,0.0
2023-05-18,30.40999984741211,31.827999114990234,30.31999969482422,31.67799949645996,748725000,31.263999938964844,0,NVDA,0.04970508400253504,0.09411806944928469,0.10874664673533707,29.672399520874023,29.222699546813963,0.7310159871455488,0.021706025522101356,0.0,0.0,0.0,0.0,0.0,0.0,0.0,0.0
2023-05-19,31.535999298095703,31.57999992370605,30.916000366210938,31.263999938964844,473908000,31.176000595092773,0,NVDA,-0.013068993120647687,0.07020849078008173,0.0823610763798528,30.257199478149413,29.48109951019287,-0.36704664596480685,0.024216506937715588,0.0,0.0,0.0,0.0,0.0,0.0,0.0,0.0
2023-05-22,30.900999069213867,31.520000457763672,30.68000030517578,31.176000595092773,372000000,30.6879997253418,0,NVDA,-0.0028147180157327423,0.03307048562811077,0.090909145516062,30.70179977416992,29.68359966278076,-0.21503751783046499,0.023178010699400304,0.0,0.0,0.0,0.0,0.0,0.0,0.0,0.0
2023-05-23,31.0,31.288000106811523,30.631000518798828,30.6879997253418,356253000,30.538000106811523,0,NVDA,-0.01565309406068549,-0.03125196624959836,0.08285107833845573,30.996799850463866,29.89529972076416,-0.04233064516129037,0.024419495764392556,0.0,0.0,0.0,0.0,0.0,0.0,0.0,0.0
2023-05-24,30.209999084472656,30.60700035095215,29.80599975585937,30.538000106811523,721419000,37.97999954223633,1,NVDA,-0.004887891679900225,-0.02322159140131308,0.05474393120817189,31.06879997253418,30.060599708557127,1.0250187366843226,0.024675540743754058,0.0,0.0,0.0,0.0,0.0,0.0,0.0,0.0
2023-05-25,38.52299880981445,39.47999954223633,36.6349983215332,37.97999954223633,1543911000,38.94599914550781,1,NVDA,0.24369635894280006,0.2182447657578801,0.30010613067032743,32.329199981689456,31.00079975128174,1.1401030469117117,0.09254028358619376,0.0,0.0,0.0,0.0,0.0,0.0,0.0,0.0
2023-05-26,37.88999938964844,39.16999816894531,37.54999923706055,38.94599914550781,714397000,40.11100006103516,1,NVDA,0.025434429039348228,0.2690953954013058,0.2905427727267469,33.86559982299805,32.06139965057373,-0.5372809702113659,0.09269963001467503,0.0,0.0,0.0,0.0,0.0,0.0,0.0,0.0
2023-05-30,40.595001220703125,41.9379997253418,39.94900131225586,40.11100006103516,923401000,37.83399963378906,0,NVDA,0.029913237330867926,0.3134782867489865,0.2662100100581666,35.65259971618653,33.17719974517822,0.2925600191490165,0.09266836722124158,0.0,0.0,0.0,0.0,0.0,0.0,0.0,0.0
2023-05-31,39.48799896240234,40.29499816894531,37.821998596191406,37.83399963378906,1002580000,39.77000045776367,1,NVDA,-0.056767480835214434,-0.0038441261244593905,0.2101458453061189,37.08179969787598,34.03929977416992,0.08574714560629682,0.09796460964057378,0.0,0.0,0.0,0.0,0.0,0.0,0.0,0.0
2023-06-01,38.48899841308594,40.04999923706055,38.34000015258789,39.77000045776367,635873000,39.32699966430664,0,NVDA,0.05117092675143953,0.021157534286828206,0.27566075502396625,38.92819976806641,34.99849987030029,-0.3657633306070338,0.09695346104917003,0.0,0.0,0.0,0.0,0.0,0.0,0.0,0.0
2023-06-02,40.09700012207031,40.5,39.05799865722656,39.32699966430664,482731000,39.17100143432617,0,NVDA,-0.011139069357756326,-0.01954577037559635,0.2815106887475254,39.19759979248047,35.76339988708496,-0.24083739992105346,0.09654361443823538,0.0,0.0,0.0,0.0,0.0,0.0,0.0,0.0
2023-06-05,38.90900039672852,39.56499862670898,38.70700073242188,39.17100143432617,396094000,38.65399932861328,0,NVDA,-0.003966695433469725,0.035338632274634074,0.28269701019449056,39.24260025024414,36.554100036621094,-0.17947262554093268,0.09647341785062183,0.0,0.0,0.0,0.0,0.0,0.0,0.0,0.0
2023-06-06,38.83000183105469,39.15999984741211,38.14799880981445,38.65399932861328,388729000,37.47499847412109,0,NVDA,-0.013198593009670523,-0.028061380847495876,0.017746176790429447,38.95120010375977,37.301899909973145,-0.018594071104333865,0.03566284230982533,0.0,0.0,0.0,0.0,0.0,0.0,0.0,0.0
2023-06-07,38.915000915527344,39.499000549316406,37.35599899291992,37.47499847412109,511998000,38.5099983215332,1,NVDA,-0.030501393774782004,-0.04709235909156928,-0.03777026404922512,38.87939987182617,37.98059978485107,0.31710780518047277,0.03607916257975407,0.0,0.0,0.0,0.0,0.0,0.0,0.0,0.0
2023-06-08,37.7239990234375,38.86399841308594,37.505001068115234,38.5099983215332,417772000,38.77000045776367,1,NVDA,0.02761840932767079,-0.016874807602282105,-0.039914281296048126,38.62739944458008,38.77779960632324,-0.1840358751401373,0.03571844761838855,0.0,0.0,0.0,0.0,0.0,0.0,0.0,0.0
2023-06-09,39.0369987487793,39.71099853515625,38.56700134277344,38.77000045776367,427717000,39.48199844360352,1,NVDA,0.0067515488850355965,0.003001012344524101,0.024739674182865823,38.51599960327148,38.85679969787598,0.02380485049261316,0.02759548721175781,0.0,0.0,0.0,0.0,0.0,0.0,0.0,0.0
2023-06-12,39.20000076293945,39.52999877929688,38.61800003051758,39.48199844360352,388701000,41.02199935913086,1,NVDA,0.018364662817466515,0.05355570516883135,-0.007241689988563449,38.578199005126955,38.91039962768555,-0.09121919399977085,0.019936176024924798,0.0,0.0,0.0,0.0,0.0,0.0,0.0,0.0
2023-06-13,40.18600082397461,41.10100173950195,39.7400016784668,41.02199935913086,613208000,42.99700164794922,1,NVDA,0.039005140981581476,0.06522984022549405,0.04310015280323065,39.05179901123047,39.001499557495116,0.5775827692750983,0.02418609605021285,0.0,0.0,0.0,0.0,0.0,0.0,0.0,0.0
2023-06-14,40.82400131225586,43.0,40.55199813842773,42.99700164794922,740465000,42.65299987792969,0,NVDA,0.04814495440673228,0.10902762807007127,0.09767430174175384,40.1561996459961,39.51779975891113,0.20752664674955312,0.02818939857007938,0.0,0.0,0.0,0.0,0.0,0.0,0.0,0.0
2023-06-15,42.60200119018555,43.28900146484375,42.14699935913086,42.65299987792969,568622000,42.69200134277344,1,NVDA,-0.008000599037955025,0.08031511978441652,0.1034563206595851,40.98479995727539,39.80609970092773,-0.23207443971018216,0.027419433808092843,0.0,0.0,0.0,0.0,0.0,0.0,0.0,0.0
2023-06-16,43.45000076293945,43.72100067138672,42.6609992980957,42.69200134277344,655709000,43.80799865722656,1,NVDA,0.0009143897253502953,0.040709911991914094,0.13921289075582033,41.76920013427734,40.14259986877441,0.1531544681704191,0.02053637045161794,0.0,0.0,0.0,0.0,0.0,0.0,0.0,0.0
2023-06-20,42.99800109863281,43.9900016784668,42.67399978637695,43.80799865722656,451153000,43.04499816894531,0,NVDA,0.026140665214844372,0.018861710775035512,0.13757467064678974,42.63440017700195,40.606299591064456,-0.31196155611711907,0.02044003487600403,0.0,0.0,0.0,0.0,0.0,0.0,0.0,0.0
2023-06-21,43.5009994506836,43.6150016784668,42.08000183105469,43.04499816894531,551603000,43.025001525878906,0,NVDA,-0.01741692183318644,0.009190403773181366,0.11026560899422355,43.03899993896484,41.04539947509765,0.22265173898876878,0.024453688206902052,0.0,0.0,0.0,0.0,0.0,0.0,0.0,0.0
2023-06-22,42.25299835205078,43.42599868774414,42.23400115966797,43.025001525878906,417737000,42.20899963378906,0,NVDA,-0.00046455207148399236,0.007800060260277242,0.08973717699057815,43.04459991455078,41.600399780273435,-0.24268540961524865,0.025088705924744884,0.0,0.0,0.0,0.0,0.0,0.0,0.0,0.0
2023-06-23,42.4640007019043,42.80899810791016,42.01499938964844,42.20899963378906,358140000,40.63199996948242,0,NVDA,-0.018965760909945173,-0.03650016144195001,0.028935700190195535,42.95579986572265,41.970299911499026,-0.1426663187603684,0.02448732316257078,0.0,0.0,0.0,0.0,0.0,0.0,0.0,0.0
2023-06-26,42.46099853515625,42.76399993896485,40.09999847412109,40.63199996948242,594322000,41.8759994506836,1,NVDA,-0.03736169248238297,-0.056057574680157374,-0.055003874405730735,42.543799591064456,42.1564998626709,0.6594683643267996,0.019886207635253263,0.0,0.0,0.0,0.0,0.0,0.0,0.0,0.0
2023-06-27,40.79899978637695,41.93999862670898,40.448001861572266,41.8759994506836,462175000,41.117000579833984,0,NVDA,0.03061625029866888,-0.026705451120186408,-0.018216782628884598,42.15739974975586,42.39589996337891,-0.2223491642577593,0.024636071031214,0.0,0.0,0.0,0.0,0.0,0.0,0.0,0.0
2023-06-28,40.65999984741211,41.845001220703125,40.51800155639648,41.117000579833984,582639000,40.821998596191406,0,NVDA,-0.01812491357354873,-0.02587123749506992,-0.03689217449174598,41.7718002319336,42.405400085449216,0.26064585925244765,0.02525716392278405,0.0,0.0,0.0,0.0,0.0,0.0,0.0,0.0
2023-06-29,41.55799865722656,41.59999847412109,40.59999847412109,40.821998596191406,380514000,42.30199813842773,1,NVDA,-0.0071746960985102914,0.00467608355118343,-0.0681610699543469,41.331199645996094,42.18789978027344,-0.34691292549932295,0.02120724578250652,0.0,0.0,0.0,0.0,0.0,0.0,0.0,0.0
2023-06-30,41.68000030517578,42.54999923706055,41.5009994506836,42.30199813842773,501148000,42.41299819946289,1,NVDA,0.03625495059358519,0.010172860190377442,-0.017261007367253667,41.34979934692383,42.15279960632324,0.3170290712036876,0.02693969348920291,0.0,0.0,0.0,0.0,0.0,0.0,0.0,0.0
2023-07-03,42.516998291015625,42.89799880981445,42.20199966430664,42.41299819946289,198209000,42.31700134277344,0,NVDA,0.002623990967800971,0.03151975098749138,-0.014224365013628337,41.70599899291992,42.124899291992186,-0.6044900907516342,0.026997593778540243,0.0,0.0,0.0,0.0,0.0,0.0,0.0,0.0
2023-07-05,42.1349983215332,43.17699813842773,42.084999084472656,42.31700134277344,323618000,42.10300064086914,0,NVDA,-0.0022633829430778185,0.03662247802638241,0.0025587365235237858,41.79419937133789,41.975799560546875,0.6327109263454234,0.02593801925834057,0.0,0.0,0.0,0.0,0.0,0.0,0.0,0.0
2023-07-06,41.84400177001953,42.17900085449219,41.34600067138672,42.10300064086914,303582000,42.50299835205078,1,NVDA,-0.005057085689292196,-0.004704210352130311,0.0362030092658876,41.99139938354492,41.881599807739256,-0.0619125017767862,0.020310481280729854,0.0,0.0,0.0,0.0,0.0,0.0,0.0,0.0
2023-07-07,42.321998596191406,43.2140007019043,42.18000030517578,42.50299835205078,355881000,42.18000030517578,0,NVDA,0.009500456145478786,0.0021219945867687606,0.014972750730536832,42.327599334716794,41.829399490356444,0.17227305966756923,0.017256746326035,0.0,0.0,0.0,0.0,0.0,0.0,0.0,0.0
2023-07-10,42.65700149536133,42.81100082397461,41.64899826049805,42.18000030517578,353908000,42.40499877929688,1,NVDA,-0.007599417909287642,-0.003237493991786633,0.025853046437029015,42.303199768066406,41.82649955749512,-0.005543988018466894,0.015560586356993058,0.0,0.0,0.0,0.0,0.0,0.0,0.0,0.0
2023-07-11,42.48099899291992,42.757999420166016,42.06700134277344,42.40499877929688,298244000,43.902000427246094,1,NVDA,0.005334245436064977,0.0071728412186991,0.03877811566171485,42.3015998840332,42.00379943847656,-0.15728381387253187,0.014795687056738572,0.0,0.0,0.0,0.0,0.0,0.0,0.0,0.0
2023-07-12,43.03300094604492,43.935001373291016,42.777000427246094,43.902000427246094,481277000,45.97700119018555,1,NVDA,0.03530248062829999,0.032915373725106,0.037823326538443114,42.61859970092773,42.206399536132814,0.6137022035648663,0.014466889436743798,0.0,0.0,0.0,0.0,0.0,0.0,0.0,0.0
2023-07-13,44.51800155639648,46.15499877929688,44.492000579833984,45.97700119018555,478204000,45.46900177001953,0,NVDA,0.047264378450775135,0.09001898666520036,0.08403091368267823,43.39339981079102,42.69239959716797,-0.006385096316674166,0.02127384196385099,0.0,0.0,0.0,0.0,0.0,0.0,0.0,0.0
2023-07-14,46.58300018310547,48.0880012512207,45.060001373291016,45.46900177001953,772075000,46.46099853515625,1,NVDA,-0.011048989864838266,0.07225570283988714,0.07448543911971606,43.98660049438477,43.157099914550784,0.6145306187317547,0.022466389683818738,0.0,0.0,0.0,0.0,0.0,0.0,0.0,0.0
2023-07-17,46.28900146484375,46.49599838256836,45.262001037597656,46.46099853515625,510488000,47.49399948120117,1,NVDA,0.021816990180567375,0.05828887255720616,0.10350801196950377,44.84280014038086,43.57299995422363,-0.33881034873555027,0.021640256361122618,0.0,0.0,0.0,0.0,0.0,0.0,0.0,0.0
2023-07-18,46.70100021362305,47.89599990844727,45.73400115966797,47.49399948120117,569164000,47.07699966430664,0,NVDA,0.02223372244708144,0.03299472022415095,0.117427036271891,45.860600280761716,44.08110008239746,0.11494099763363685,0.021698078988863608,0.0,0.0,0.0,0.0,0.0,0.0,0.0,0.0
2023-07-19,47.4640007019043,47.81800079345703,46.742000579833984,47.07699966430664,427502000,45.52000045776367,0,NVDA,-0.008780052668750038,0.03536470632058952,0.11609766059034299,46.49560012817383,44.55709991455078,-0.24889487037128144,0.021917264194569745,0.0,0.0,0.0,0.0,0.0,0.0,0.0,0.0
2023-07-20,46.50699996948242,47.08700180053711,45.0620002746582,45.52000045776367,537865000,44.30899810791016,0,NVDA,-0.03307345875152434,-0.020253505242263325,0.07345836029094777,46.40419998168945,44.898799896240234,0.2581578565714313,0.02877283490892829,0.0,0.0,0.0,0.0,0.0,0.0,0.0,0.0
2023-07-21,45.78799819946289,45.86600112915039,44.09999847412109,44.30899810791016,963769000,44.61199951171875,1,NVDA,-0.026603742040318124,-0.06706113210262865,0.009270595341971832,46.17219924926758,45.079399871826176,0.7918418190438121,0.029397000815403227,0.0,0.0,0.0,0.0,0.0,0.0,0.0,0.0
2023-07-24,44.73099899291992,45.10900115966797,44.040000915527344,44.61199951171875,382516000,45.67900085449219,1,NVDA,0.006838371814922528,-0.052361029168492945,-0.029688793160311144,45.802399444580075,45.322599792480474,-0.6031040633180773,0.021988153577512784,0.0,0.0,0.0,0.0,0.0,0.0,0.0,0.0
2023-07-25,44.94100189208984,46.18299865722656,44.92300033569336,45.67900085449219,348081000,45.45199966430664,0,NVDA,0.023917362020349664,0.0034929788033732923,0.004618510992056235,45.43939971923828,45.65,-0.09002237814888792,0.024021053979011373,0.0,0.0,0.0,0.0,0.0,0.0,0.0,0.0
2023-07-26,46.02099990844727,46.053001403808594,44.630001068115234,45.45199966430664,364237000,45.900001525878906,1,NVDA,-0.004969486765015851,0.02579614988388612,-0.0217171154874366,45.11439971923828,45.804999923706056,0.04641448398504955,0.022199365222055515,0.0,0.0,0.0,0.0,0.0,0.0,0.0,0.0
2023-07-27,46.51900100708008,47.39500045776367,45.75,45.900001525878906,455976000,46.75,1,NVDA,0.00985659299659103,0.028871201207240738,-0.03356209147964462,45.190399932861325,45.79729995727539,0.25186622995467234,0.020271191858410503,0.0,0.0,0.0,0.0,0.0,0.0,0.0,0.0
2023-07-28,46.667999267578125,47.027000427246094,46.38100051879883,46.75,331194000,46.729000091552734,0,NVDA,0.018518484659349133,0.02344620340798209,-0.006946060000390553,45.6786003112793,45.92539978027344,-0.27365913995473445,0.02191214421667117,0.0,0.0,0.0,0.0,0.0,0.0,0.0,0.0
2023-07-31,46.75400161743164,47.130001068115234,46.50600051879883,46.729000091552734,251055000,46.50699996948242,0,NVDA,-0.00044919590261527365,0.028095582959552834,0.026559745642156685,46.1020004272461,45.952199935913086,-0.24196996322397146,0.016765869292932885,0.0,0.0,0.0,0.0,0.0,0.0,0.0,0.0
2023-08-01,46.459999084472656,46.900001525878906,46.027000427246094,46.50699996948242,237858000,44.26900100708008,0,NVDA,-0.00475079975251691,0.013224366523414632,0.04960621894946127,46.26760025024414,45.85349998474121,-0.0525661707593954,0.011283461998255131,0.0,0.0,0.0,0.0,0.0,0.0,0.0,0.0
2023-08-02,45.83100128173828,45.84000015258789,43.387001037597656,44.26900100708008,530142000,44.51499938964844,1,NVDA,-0.04812176583892536,-0.05306949717475773,-0.007688480865973624,46.03100051879883,45.572700119018556,1.228817193451555,0.023700063685170438,0.0,0.0,0.0,0.0,0.0,0.0,0.0,0.0
2023-08-03,43.79999923706055,45.11800003051758,43.79999923706055,44.51499938964844,324176000,44.68000030517578,1,NVDA,0.00555689934202519,-0.0473795865001726,-0.025482200640762898,45.75400009155273,45.47220001220703,-0.38851100271248085,0.021406269032048723,0.0,0.0,0.0,0.0,0.0,0.0,0.0,0.0
2023-08-04,44.98500061035156,45.641998291015625,44.39300155639648,44.68000030517578,362666000,45.41699981689453,1,NVDA,0.0037066363650386513,-0.03928440160632818,-0.016984937182799253,45.34000015258789,45.509300231933594,0.11873180000987116,0.02155629799957887,0.0,0.0,0.0,0.0,0.0,0.0,0.0,0.0
2023-08-07,45.11100006103516,45.540000915527344,44.5629997253418,45.41699981689453,322154000,44.66400146484375,0,NVDA,0.0164950650556146,0.0259323405475278,-0.010522912699949538,45.07760009765625,45.58980026245117,-0.11170608769501411,0.022310047648148413,0.0,0.0,0.0,0.0,0.0,0.0,0.0,0.0
2023-08-08,44.85300064086914,45.242000579833984,44.055999755859375,44.66400146484375,353843000,42.55400085449219,0,NVDA,-0.01657965860991717,0.0033472330054655774,-0.044620289522058876,44.70900039672851,45.48830032348633,0.09836599887010555,0.021022594873634795,0.0,0.0,0.0,0.0,0.0,0.0,0.0,0.0
2023-08-09,44.27399826049805,44.3120002746582,42.13399887084961,42.55400085449219,586449000,42.38800048828125,0,NVDA,-0.04724163848177376,-0.04758279848170266,-0.08934492989109066,44.36600036621094,45.19850044250488,0.6573706417818073,0.025756293657373176,0.0,0.0,0.0,0.0,0.0,0.0,0.0,0.0
2023-08-10,42.15999984741211,43.57400131225586,41.834999084472656,42.38800048828125,492705000,40.85499954223633,0,NVDA,-0.0039009344098702714,-0.06669307397725843,-0.08856730135042101,43.9406005859375,44.847300338745114,-0.15985021715443282,0.025803568120447103,0.0,0.0,0.0,0.0,0.0,0.0,0.0,0.0
2023-08-11,41.7509994506836,42.01800155639648,40.63899993896485,40.85499954223633,533085000,43.75299835205078,1,NVDA,-0.03616591791039403,-0.08528125106760953,-0.07711946028097039,43.17560043334961,44.25780029296875,0.081955734161415,0.023361369499622506,0.0,0.0,0.0,0.0,0.0,0.0,0.0,0.0
2023-08-14,40.48600006103516,43.79999923706055,40.31100082397461,43.75299835205078,690286000,43.93999862670898,1,NVDA,0.07093376189659417,0.028175905284638425,-0.017117848995744422,42.84280014038086,43.96020011901855,0.29488918277572984,0.03899581237003541,0.0,0.0,0.0,0.0,0.0,0.0,0.0,0.0
2023-08-15,44.560001373291016,45.26800155639648,43.709999084472656,43.93999862670898,676512000,43.48600006103516,0,NVDA,0.004273999078955315,0.03661409173704233,-0.016562257686043025,42.69799957275391,43.703499984741214,-0.01995404803226486,0.03900980534929768,0.0,0.0,0.0,0.0,0.0,0.0,0.0,0.0
2023-08-16,44.52000045776367,44.67499923706055,43.40599822998047,43.48600006103516,527451000,43.34400177001953,0,NVDA,-0.010332238959102957,0.06439849585798862,-0.042517113936289985,42.8843994140625,43.62519989013672,-0.22033755498793817,0.03822966291189871,0.0,0.0,0.0,0.0,0.0,0.0,0.0,0.0
2023-08-17,43.970001220703125,44.0620002746582,43.0009994506836,43.34400177001953,452395000,43.29899978637695,0,NVDA,-0.0032653794512332857,-0.009347852660069877,-0.02955399542209014,43.075599670410156,43.50810012817383,-0.14229947426396006,0.03792075781107623,0.0,0.0,0.0,0.0,0.0,0.0,0.0,0.0
2023-08-18,42.6349983215332,43.57799911499024,41.65999984741211,43.29899978637695,583768000,46.96699905395508,1,NVDA,-0.0010382517027697213,-0.014588048711098311,0.01750714191204228,43.56439971923828,43.37000007629395,0.29039445617215054,0.032740105769005975,0.0,0.0,0.0,0.0,0.0,0.0,0.0,0.0
2023-08-21,44.49399948120117,47.06499862670898,44.22200012207031,46.96699905395508,692573000,45.667999267578125,0,NVDA,0.08471325632635462,0.0800487280511919,0.10802582129203664,44.20719985961914,43.525,0.18638397445560573,0.04463121106475307,0.0,0.0,0.0,0.0,0.0,0.0,0.0,0.0
2023-08-22,48.1349983215332,48.1870002746582,45.33300018310547,45.667999267578125,755293000,47.11600112915039,1,NVDA,-0.027657713129269346,0.05361751113544089,0.11780687258033296,44.552799987792966,43.62539978027344,0.09056085062513275,0.04307560113226066,0.0,0.0,0.0,0.0,0.0,0.0,0.0,0.0
2023-08-23,45.86600112915039,47.20000076293945,45.20800018310547,47.11600112915039,779046000,47.16299819946289,1,NVDA,0.031707144713919444,0.08815449228862726,0.07686336716948627,45.27880020141602,44.08159980773926,0.031448722548732766,0.036980383359113404,0.0,0.0,0.0,0.0,0.0,0.0,0.0,0.0
2023-08-24,50.21599960327149,50.26599884033203,47.15900039672852,47.16299819946289,1156044000,46.01800155639648,0,NVDA,0.0009974757871253903,0.0041731247355756285,0.07335001532737428,46.042599487304685,44.55909957885742,0.4839226438490154,0.037103193121249746,0.0,0.0,0.0,0.0,0.0,0.0,0.0,0.0
2023-08-25,47.012001037597656,47.80500030517578,45.02399826049805,46.01800155639648,925341000,46.834999084472656,1,NVDA,-0.024277435421386162,0.007664060051495003,0.05822567014228719,46.58639984130859,45.075399780273436,-0.19956247340066646,0.03876007395759069,0.0,0.0,0.0,0.0,0.0,0.0,0.0,0.0
2023-08-28,46.48199844360352,46.97999954223633,44.88800048828125,46.834999084472656,685192000,48.78400039672852,1,NVDA,0.017753868061282985,-0.00596404698920594,0.08054164756120419,46.55999984741211,45.383599853515626,-0.25952486704901223,0.03848824618216871,0.0,0.0,0.0,0.0,0.0,0.0,0.0,0.0
2023-08-29,46.66600036621094,49.08100128173828,46.39099884033203,48.78400039672852,701397000,49.26399993896485,1,NVDA,0.04161420626358092,0.03437021095245152,0.12667730518979092,47.18320007324219,45.86800003051758,0.023650305315882303,0.0394908031127216,0.0,0.0,0.0,0.0,0.0,0.0,0.0,0.0
2023-08-30,49.04399871826172,49.92699813842773,48.42499923706055,49.26399993896485,735206000,49.35499954223633,1,NVDA,0.009839282107510838,0.07053757818210116,0.048906698986047825,47.61279983520508,46.44580001831055,0.04820237326364385,0.026292021938760107,0.0,0.0,0.0,0.0,0.0,0.0,0.0,0.0
2023-08-31,49.380001068115234,49.74399948120117,48.95800018310547,49.35499954223633,528570000,48.50899887084961,0,NVDA,0.0018471825954899934,0.053805925206031224,0.08073487636397902,48.05120010375977,47.04689979553223,-0.2810586420676654,0.021757832396241246,0.0,0.0,0.0,0.0,0.0,0.0,0.0,0.0
2023-09-01,49.762001037597656,49.79999923706055,48.141998291015625,48.50899887084961,463830000,48.54800033569336,1,NVDA,-0.017141134216053233,-0.00563712536164529,0.02956527948712906,48.54939956665039,47.56789970397949,-0.12248141211192465,0.021974661849212863,0.0,0.0,0.0,0.0,0.0,0.0,0.0,0.0
2023-09-05,48.22299957275391,48.85100173950195,47.86000061035156,48.54800033569336,382653000,47.06100082397461,0,NVDA,0.0008040047362674052,-0.014533931555670954,0.0293662869008664,48.89199981689453,47.72599983215332,-0.17501455274561806,0.021979740812939054,0.0,0.0,0.0,0.0,0.0,0.0,0.0,0.0
2023-09-06,48.44100189208984,48.54899978637695,46.58000183105469,47.06100082397461,468670000,46.24100112915039,0,NVDA,-0.030629469832673673,-0.04647956112933593,0.02266502743062193,48.54739990234375,47.865299987792966,0.22479112929991407,0.023441078771497672,0.0,0.0,0.0,0.0,0.0,0.0,0.0,0.0
2023-09-07,45.525001525878906,46.34400177001953,45.152000427246094,46.24100112915039,433330000,45.571998596191406,0,NVDA,-0.017424187341261943,-0.04675416509290442,-0.012682779266226074,47.94280014038086,47.77779998779297,-0.07540486909765931,0.023631290190150308,0.0,0.0,0.0,0.0,0.0,0.0,0.0,0.0
2023-09-08,45.94200134277344,46.60599899291992,45.27099990844727,45.571998596191406,473069000,45.178001403808594,0,NVDA,-0.014467734621282813,-0.06130019195278669,-0.0658412958022302,47.18619995117187,47.61870002746582,0.09170609004684649,0.014149127981590301,0.0,0.0,0.0,0.0,0.0,0.0,0.0,0.0
2023-09-11,46.14799880981445,46.16299819946289,44.3120002746582,45.178001403808594,473966000,44.869998931884766,0,NVDA,-0.008645598273491983,-0.04001188642819398,-0.08294086026750902,46.52000045776367,47.53470001220703,0.0018961293172876648,0.011369159585522013,0.0,0.0,0.0,0.0,0.0,0.0,0.0,0.0
2023-09-12,44.73799896240234,45.67300033569336,44.53099822998047,44.869998931884766,349256000,45.48500061035156,1,NVDA,-0.006817532036684226,-0.029649059574563208,-0.09087226526085679,45.784400177001956,47.33819999694824,-0.26312013941928325,0.009965214108672594,0.0,0.0,0.0,0.0,0.0,0.0,0.0,0.0
2023-09-13,44.59999847412109,45.93000030517578,44.50299835205078,45.48500061035156,398355000,45.58100128173828,1,NVDA,0.01370630026981745,-0.0019090228324354364,-0.06233891300352623,45.469200134277344,47.00830001831055,0.1405816936573745,0.01405494125043393,0.0,0.0,0.0,0.0,0.0,0.0,0.0,0.0
2023-09-14,45.95000076293945,45.98699951171875,45.13100051879883,45.58100128173828,370097000,43.900001525878906,0,NVDA,0.002110600639738669,0.008920267949164229,-0.06111475309877357,45.33720016479492,46.64000015258789,-0.07093672729098421,0.014215650564284175,0.0,0.0,0.0,0.0,0.0,0.0,0.0,0.0
2023-09-15,45.34099960327149,45.5989990234375,43.80799865722656,43.900001525878906,506831000,43.96599960327149,1,NVDA,-0.036879395111771185,-0.021617950280729215,-0.06716812738256461,45.00280075073242,46.094500350952146,0.36945449436228883,0.01590514162982441,0.0,0.0,0.0,0.0,0.0,0.0,0.0,0.0
2023-09-18,42.74800109863281,44.242000579833984,42.0,43.96599960327149,500271000,43.52000045776367,0,NVDA,0.0015033730090801,-0.033395646624095554,-0.04919879479955147,44.76040039062501,45.64020042419433,-0.012943170405914417,0.015996424445321757,0.0,0.0,0.0,0.0,0.0,0.0,0.0,0.0
2023-09-19,43.83300018310547,43.96599960327149,43.00199890136719,43.52000045776367,373064000,42.23899841308594,0,NVDA,-0.010144182994411777,-0.04521622531360092,-0.04502760909413406,44.49040069580078,45.137400436401364,-0.25427618230918847,0.015744667001655194,0.0,0.0,0.0,0.0,0.0,0.0,0.0,0.0
2023-09-20,43.59999847412109,43.90299987792969,42.22299957275391,42.23899841308594,367108000,41.016998291015625,0,NVDA,-0.029434789319934707,-0.037836060479720324,-0.06505385141882114,43.841200256347655,44.6552001953125,-0.015965089099993612,0.018023170319683635,0.0,0.0,0.0,0.0,0.0,0.0,0.0,0.0
2023-09-21,41.58300018310547,42.09999847412109,40.97999954223633,41.016998291015625,450736000,41.61000061035156,1,NVDA,-0.028930613129589,-0.06707458806501088,-0.08587030828144693,42.928399658203126,44.13279991149902,0.22780217265763758,0.019377585821124924,0.0,0.0,0.0,0.0,0.0,0.0,0.0,0.0
2023-09-22,41.571998596191406,42.1150016784668,41.23099899291992,41.61000061035156,479236000,42.22200012207031,1,NVDA,0.014457477242205474,-0.04388786367927022,-0.08519291959992015,42.47039947509766,43.73660011291504,0.06322991729083105,0.019548750370824288,0.0,0.0,0.0,0.0,0.0,0.0,0.0,0.0
2023-09-25,41.59099960327149,42.5359992980957,41.17699813842773,42.22200012207031,419091000,41.9109992980957,0,NVDA,0.014707990933470416,-0.00040243120467453597,-0.07369300948230217,42.12159957885742,43.44099998474121,-0.1255018404293501,0.021588575693193997,0.0,0.0,0.0,0.0,0.0,0.0,0.0,0.0
2023-09-26,42.0009994506836,42.81999969482422,41.65499877929688,41.9109992980957,402282000,42.46799850463867,1,NVDA,-0.007365847735196329,0.021795866209836756,-0.04530756625624932,41.79979934692383,43.1451000213623,-0.04010823424984078,0.01824008014194766,0.0,0.0,0.0,0.0,0.0,0.0,0.0,0.0
2023-09-27,42.33000183105469,42.87200164794922,41.62900161743164,42.46799850463867,444935000,43.0890007019043,1,NVDA,0.013290048337460503,0.020619992350436656,-0.034071808036893914,41.84559936523438,42.84339981079101,0.10602761247085368,0.0195914971238092,0.0,0.0,0.0,0.0,0.0,0.0,0.0,0.0
2023-09-28,42.459999084472656,43.44599914550781,42.1150016784668,43.0890007019043,424663000,43.499000549316406,1,NVDA,0.01462282704935558,0.020534332275291334,-0.00990348693304044,42.25999984741211,42.59419975280762,-0.04556171126119546,0.02066697405350201,0.0,0.0,0.0,0.0,0.0,0.0,0.0,0.0
2023-09-29,43.82699966430664,44.14400100708008,43.30699920654297,43.499000549316406,397830000,44.78200149536133,1,NVDA,0.009515185795292425,0.03788984461873368,0.029830303358711063,42.63779983520508,42.55409965515137,-0.06318657382442072,0.01666553636414492,0.0,0.0,0.0,0.0,0.0,0.0,0.0,0.0
2023-10-02,44.02999877929688,45.17499923706055,43.86100006103516,44.78200149536133,433298000,43.516998291015625,0,NVDA,0.029494952294141452,0.05448815748804137,0.0917912904701852,43.14980010986328,42.63569984436035,0.08915365859789359,0.010847529596312036,0.0,0.0,0.0,0.0,0.0,0.0,0.0,0.0
2023-10-03,44.80799865722656,45.130001068115234,43.24599838256836,43.516998291015625,470850000,44.04100036621094,1,NVDA,-0.028248027379409013,0.009932873404799425,0.04583027283565211,43.47099990844727,42.635399627685544,0.08666552811229233,0.01878369995583283,0.0,0.0,0.0,0.0,0.0,0.0,0.0,0.0
2023-10-04,43.742000579833984,44.14300155639648,43.29199981689453,44.04100036621094,361821000,44.6879997253418,1,NVDA,0.012041319387221971,0.012460052186257675,0.04308181135146638,43.78560028076172,42.815599822998045,-0.23155782096208988,0.018617543414888613,0.0,0.0,0.0,0.0,0.0,0.0,0.0,0.0
2023-10-05,44.04999923706055,44.900001525878906,43.88800048828125,44.6879997253418,393483000,45.762001037597656,1,NVDA,0.014690841573781643,-0.0020990971122465396,0.06625946586227704,44.10540008544922,43.18269996643066,0.08750735861102599,0.017788349485538594,0.0,0.0,0.0,0.0,0.0,0.0,0.0,0.0
2023-10-06,44.19300079345703,45.78900146484375,44.0260009765625,45.762001037597656,434436000,45.27299880981445,0,NVDA,0.024033327042087604,0.05158909931169409,0.07756434607105844,44.55800018310547,43.597900009155275,0.10407819397534324,0.018629151094687907,0.0,0.0,0.0,0.0,0.0,0.0,0.0,0.0
2023-10-09,44.84199905395508,45.60499954223633,44.36800003051758,45.27299880981445,409675000,45.79800033569336,1,NVDA,-0.010685770217553237,0.02797389780793269,0.050685745139910754,44.6561996459961,43.90299987792969,-0.056995737001537594,0.02017330123844045,0.0,0.0,0.0,0.0,0.0,0.0,0.0,0.0
2023-10-10,45.310001373291016,46.25899887084961,45.0880012512207,45.79800033569336,368582000,46.805999755859375,1,NVDA,0.011596349693652197,0.024838896732316762,0.05285178411790148,45.11240005493164,44.291699981689455,-0.100306340391774,0.02022728699137628,0.0,0.0,0.0,0.0,0.0,0.0,0.0,0.0
2023-10-11,46.19599914550781,46.85900115966797,46.04999923706055,46.805999755859375,378137000,46.94499969482422,1,NVDA,0.022009681924483937,0.022813659686865106,0.045196690476366985,45.66539993286133,44.72550010681152,0.025923675057382134,0.019037297723390717,0.0,0.0,0.0,0.0,0.0,0.0,0.0,0.0
2023-10-12,46.777000427246094,47.60900115966797,46.33000183105469,46.94499969482422,481325000,45.46099853515625,0,NVDA,0.002969703450195871,0.03693152494787477,0.07877384788546693,46.116799926757814,45.11110000610351,0.2728852241383415,0.011838386250206301,0.0,0.0,0.0,0.0,0.0,0.0,0.0,0.0
2023-10-13,46.959999084472656,47.11600112915039,45.27999877929688,45.46099853515625,474115000,46.095001220703125,1,NVDA,-0.031611485127596706,-0.007358439190945698,0.03224264111027697,46.05659942626953,45.3072998046875,-0.014979483716823339,0.019912380887117002,0.0,0.0,0.0,0.0,0.0,0.0,0.0,0.0
2023-10-16,45.0629997253418,46.22499847412109,44.9119987487793,46.095001220703125,375099000,43.9379997253418,0,NVDA,0.013946079188220661,-0.015190328993394564,0.03148499606178268,46.22099990844727,45.43859977722168,-0.2088438459023655,0.019852091175791862,0.0,0.0,0.0,0.0,0.0,0.0,0.0,0.0
2023-10-17,44.0,44.75400161743164,42.47999954223633,43.9379997253418,812333000,42.19599914550781,0,NVDA,-0.04679469439719919,-0.06405367960443187,-0.039858425569224476,45.84899978637695,45.480699920654295,1.1656496018384481,0.025537249250609156,0.0,0.0,0.0,0.0,0.0,0.0,0.0,0.0
2023-10-18,42.59099960327149,43.21900177001953,41.82500076293945,42.19599914550781,627294000,42.10100173950195,0,NVDA,-0.03964678844561198,-0.07181979047652287,-0.06796544839524965,44.92699966430664,45.296199798583984,-0.22778712670788948,0.02866942948006211,0.0,0.0,0.0,0.0,0.0,0.0,0.0,0.0
2023-10-19,42.81100082397461,43.297000885009766,41.88199996948242,42.10100173950195,501233000,41.387001037597656,0,NVDA,-0.0022513368075079976,-0.08664712822281706,-0.08072401784123517,43.95820007324219,45.0375,-0.20095999642910656,0.027409336811838415,0.0,0.0,0.0,0.0,0.0,0.0,0.0,0.0
2023-10-20,41.88999938964844,42.470001220703125,41.07799911499024,41.387001037597656,477266000,42.97499847412109,1,NVDA,-0.01695923309193792,-0.058059053750524336,-0.11577572846488227,43.14340057373047,44.6,-0.04781608553307548,0.023049983541758808,0.0,0.0,0.0,0.0,0.0,0.0,0.0,0.0
2023-10-23,41.229000091552734,43.24800109863281,40.94499969482422,42.97499847412109,478530000,43.66299819946289,1,NVDA,0.0383694734267126,0.01846145000446575,-0.08456707309640976,42.51940002441406,44.37019996643066,0.002648418282467313,0.030793427170949593,0.0,0.0,0.0,0.0,0.0,0.0,0.0,0.0
2023-10-24,43.07699966430664,43.696998596191406,42.69100189208984,43.66299819946289,401463000,41.77899932861328,0,NVDA,0.01600930191437011,0.037101170884857426,-0.039550392504091536,42.46439971923828,44.15669975280762,-0.16104946398344933,0.0310329315690459,0.0,0.0,0.0,0.0,0.0,0.0,0.0,0.0
2023-10-25,43.39799880981445,43.650001525878906,41.55500030517578,41.77899932861328,398379000,40.32600021362305,0,NVDA,-0.0431486372567238,0.009471531669074551,-0.0936327536130177,42.38099975585938,43.653999710083006,-0.007681903438174875,0.03258571244016266,0.0,0.0,0.0,0.0,0.0,0.0,0.0,0.0
2023-10-26,41.85300064086914,42.25600051879883,39.880001068115234,40.32600021362305,541001000,40.5,1,NVDA,-0.03477821724646035,-0.06164045036774646,-0.08220673527009659,42.02599945068359,42.99209976196289,0.3580058185797945,0.030806659822073784,0.0,0.0,0.0,0.0,0.0,0.0,0.0,0.0
2023-10-27,41.130001068115234,41.20600128173828,40.01499938964844,40.5,416784000,41.1609992980957,1,NVDA,0.004314828781808444,-0.07244115910257853,-0.040193363822464856,41.84859924316406,42.49599990844727,-0.22960586024794782,0.028577417975065442,0.0,0.0,0.0,0.0,0.0,0.0,0.0,0.0
2023-10-30,41.08700180053711,41.76599884033203,40.48099899291992,41.1609992980957,388028000,40.77999877929688,0,NVDA,0.01632097032335067,-0.014792121411446257,-0.022327317701903437,41.485799407958986,42.00259971618652,-0.06899497101616181,0.029765863928854587,0.0,0.0,0.0,0.0,0.0,0.0,0.0,0.0
2023-10-31,40.45000076293945,40.87900161743164,39.22999954223633,40.77999877929688,517969000,42.32500076293945,1,NVDA,-0.009256347642085716,0.011258209672886599,-0.014666495350782904,40.90919952392578,41.68679962158203,0.3348753182760007,0.029295510689347156,0.0,0.0,0.0,0.0,0.0,0.0,0.0,0.0
2023-11-01,40.88399887084961,42.38100051879883,40.86899948120117,42.32500076293945,437593000,43.50600051879883,1,NVDA,0.03788626851129129,0.04506174723307299,-0.015125019994428945,41.01839981079102,41.699699783325194,-0.15517530971930749,0.02918561629643884,0.0,0.0,0.0,0.0,0.0,0.0,0.0,0.0
2023-11-02,43.32799911499024,43.88399887084961,42.89400100708008,43.50600051879883,409172000,45.005001068115234,1,NVDA,0.027903124266296153,0.05697143559902873,-0.003595668807415797,41.65439987182617,41.840199661254886,-0.06494847952320992,0.030702531616772527,0.0,0.0,0.0,0.0,0.0,0.0,0.0,0.0
2023-11-03,44.02000045776367,45.30899810791016,43.72299957275391,45.005001068115234,424610000,45.7509994506836,1,NVDA,0.0344550299140618,0.10360476741758262,0.07721586900939847,42.55540008544922,42.20199966430664,0.03772985443774246,0.0262605252011438,0.0,0.0,0.0,0.0,0.0,0.0,0.0,0.0
2023-11-06,45.28499984741211,45.935001373291016,44.89899826049805,45.7509994506836,400733000,45.95500183105469,1,NVDA,0.01657589967477824,0.08094503546339005,0.1345285723434546,43.4734001159668,42.47959976196289,-0.0562327783142178,0.016825832664110776,0.0,0.0,0.0,0.0,0.0,0.0,0.0,0.0
2023-11-07,45.71900177001953,46.21799850463867,45.15800094604492,45.95500183105469,343165000,46.57400131225586,1,NVDA,0.004458971013102886,0.05629111577833168,0.1346914032359181,44.50840072631836,42.70880012512207,-0.14365674900744385,0.016805920887604638,0.0,0.0,0.0,0.0,0.0,0.0,0.0,0.0
2023-11-08,46.09999847412109,46.867000579833984,45.96799850463867,46.57400131225586,346719000,46.95000076293945,1,NVDA,0.013469686792241031,0.034862797620334174,0.1315080320319284,45.35820083618164,43.18830032348633,0.010356534028819864,0.016897172015758317,0.0,0.0,0.0,0.0,0.0,0.0,0.0,0.0
2023-11-09,47.46699905395508,48.22999954223633,46.75,46.95000076293945,540496000,48.334999084472656,1,NVDA,0.008073161851881672,0.02620710643815105,0.1512997098659783,46.047000885009766,43.85070037841797,0.5588877448308285,0.013091540426277658,0.0,0.0,0.0,0.0,0.0,0.0,0.0,0.0
2023-11-10,47.5,48.47200012207031,47.28300094604492,48.334999084472656,421245000,48.619998931884766,1,NVDA,0.029499431289178313,0.051789732533742416,0.1419964137790557,46.71300048828125,44.63420028686524,-0.2206325301204819,0.01151350852430556,0.0,0.0,0.0,0.0,0.0,0.0,0.0,0.0
2023-11-13,48.31999969482422,49.11600112915039,48.0989990234375,48.619998931884766,384136000,49.65599822998047,1,NVDA,0.005896345356581678,0.04393003740244472,0.11754696713333113,47.286800384521484,45.38010025024414,-0.088093627224062,0.011744818973983386,0.0,0.0,0.0,0.0,0.0,0.0,0.0,0.0
2023-11-14,49.68000030517578,49.83399963378906,49.040000915527344,49.65599822998047,416954000,48.88800048828125,0,NVDA,0.021308089692620324,0.05763572786088278,0.10334400736544658,48.02699966430664,46.2677001953125,0.08543328404523387,0.009056767839709936,0.0,0.0,0.0,0.0,0.0,0.0,0.0,0.0
2023-11-15,49.935001373291016,49.959999084472656,48.20000076293945,48.88800048828125,475497000,49.47999954223633,1,NVDA,-0.015466363965582874,0.011441014053649612,0.0685668307853935,48.48979949951172,46.92400016784668,0.14040637576327364,0.01425273107636921,0.0,0.0,0.0,0.0,0.0,0.0,0.0,0.0
2023-11-16,48.67900085449219,49.525001525878906,48.33000183105469,49.47999954223633,339756000,49.29800033569336,0,NVDA,0.012109291606168027,0.017688207100876374,0.07670541988314272,48.9957992553711,47.52140007019043,-0.28547183262985887,0.014084633564784387,0.0,0.0,0.0,0.0,0.0,0.0,0.0,0.0
2023-11-17,49.52399826049805,49.71699905395508,49.00699996948242,49.29800033569336,325205000,50.40900039672852,1,NVDA,-0.0036782378380503244,-0.007209559913165964,0.05848754555517832,49.18839950561524,47.950699996948245,-0.0428277940639753,0.01498480284608859,0.0,0.0,0.0,0.0,0.0,0.0,0.0,0.0
2023-11-20,49.3120002746582,50.54800033569336,49.180999755859375,50.40900039672852,414120000,49.94400024414063,0,NVDA,0.02253641229806158,0.031111927124363836,0.07367411240852362,49.546199798583984,48.416500091552734,0.2734121554096647,0.015924230843707615,0.0,0.0,0.0,0.0,0.0,0.0,0.0,0.0
2023-11-21,50.1259994506836,50.516998291015625,49.22200012207031,49.94400024414063,565747000,48.71599960327149,0,NVDA,-0.00922454619072488,0.00937754054561446,0.03328853191568304,49.603800201416014,48.815399932861325,0.36614266396213657,0.014838109499998758,0.0,0.0,0.0,0.0,0.0,0.0,0.0,0.0
2023-11-22,49.85200119018555,50.334999084472656,47.68999862670898,48.71599960327149,899420000,47.7760009765625,0,NVDA,-0.024587550754171072,-0.01180576754551399,0.001974509944379532,49.569400024414065,49.02959976196289,0.5897919034480077,0.01848266771816991,0.0,0.0,0.0,0.0,0.0,0.0,0.0,0.0
2023-11-24,48.470001220703125,48.92100143432617,47.744998931884766,47.7760009765625,294645000,48.242000579833984,1,NVDA,-0.019295480629855866,-0.05223272430406889,-0.0378604261404798,49.2286003112793,49.112199783325195,-0.6724055502434902,0.017161890252638864,0.0,0.0,0.0,0.0,0.0,0.0,0.0,0.0
2023-11-27,47.79999923706055,48.52999877929688,47.652000427246094,48.242000579833984,395662000,47.82099914550781,0,NVDA,0.009753842802793233,-0.034078160659674506,-0.013213874611257892,49.01740036010743,49.10289993286133,0.3428430823533404,0.017336041885475672,0.0,0.0,0.0,0.0,0.0,0.0,0.0,0.0
2023-11-28,48.23600006103516,48.323001861572266,47.47299957275391,47.82099914550781,401491000,48.13999938964844,1,NVDA,-0.008726865164504716,-0.018371797049271166,-0.033528706792173346,48.49980010986329,49.022999954223636,0.014732271484246606,0.016314588382207125,0.0,0.0,0.0,0.0,0.0,0.0,0.0,0.0
2023-11-29,48.37900161743164,48.762001037597656,47.86000061035156,48.13999938964844,382005000,46.77000045776367,0,NVDA,0.006670714745419248,0.0076188547732261025,-0.023489815776695733,48.138999938964844,48.87140007019043,-0.04853408918257196,0.016886371057818896,0.0,0.0,0.0,0.0,0.0,0.0,0.0,0.0
2023-11-30,48.02399826049805,48.11000061035156,46.422000885009766,46.77000045776367,526247000,46.76499938964844,0,NVDA,-0.028458640408278835,-0.03051283330661947,-0.07218948819308502,47.74980010986328,48.65960006713867,0.3775919163361736,0.014765586748700757,0.0,0.0,0.0,0.0,0.0,0.0,0.0,0.0
2023-12-01,46.525001525878906,47.20000076293945,46.1870002746582,46.76499938964844,369317000,45.5099983215332,0,NVDA,-0.00010692897298025805,-0.022082344048191538,-0.06365130624203752,47.54759979248047,48.38810005187988,-0.2982059755210006,0.015294926324208445,0.0,0.0,0.0,0.0,0.0,0.0,0.0,0.0
2023-12-04,46.07699966430664,46.07699966430664,45.0099983215332,45.5099983215332,437543000,46.56600189208984,1,NVDA,-0.0268363323959121,-0.054632345273372906,-0.06581002766743993,47.001199340820314,48.00929985046387,0.18473560653855636,0.01568929697102286,0.0,0.0,0.0,0.0,0.0,0.0,0.0,0.0
2023-12-05,45.46599960327149,46.59999847412109,45.27099990844727,46.56600189208984,371718000,45.50299835205078,0,NVDA,0.023203770808688073,-0.0043617396552745324,-0.025326504097030966,46.75019989013672,47.625,-0.15044235652267324,0.01914223234114333,0.0,0.0,0.0,0.0,0.0,0.0,0.0,0.0
2023-12-06,47.21500015258789,47.387001037597656,45.4119987487793,45.50299835205078,380590000,46.59600067138672,1,NVDA,-0.022827889379518074,-0.02698601633847142,-0.0567762985544209,46.222799682617186,47.18089981079102,0.023867555512512073,0.01934251137125171,0.0,0.0,0.0,0.0,0.0,0.0,0.0,0.0
2023-12-07,45.70000076293945,46.62900161743164,45.604000091552734,46.59600067138672,350823000,47.50600051879883,1,NVDA,0.02402044610070564,0.023862939791401194,-0.025616329562536233,46.1879997253418,46.96889991760254,-0.07821277490212564,0.022827265316900495,0.0,0.0,0.0,0.0,0.0,0.0,0.0,0.0
2023-12-08,46.595001220703125,47.74100112915039,46.54999923706055,47.50600051879883,359224000,46.62699890136719,0,NVDA,0.019529569797841262,0.020186371784447044,-0.013169897774987005,46.33619995117188,46.94189987182617,0.023946548544422797,0.024252813334791075,0.0,0.0,0.0,0.0,0.0,0.0,0.0,0.0
2023-12-11,47.49100112915039,47.53099822998047,45.83000183105469,46.62699890136719,509728000,47.65700149536133,1,NVDA,-0.01850295979102279,0.024701680988583608,-0.0030575487491308895,46.559600067138675,46.78039970397949,0.41896977930205104,0.022657386338436857,0.0,0.0,0.0,0.0,0.0,0.0,0.0,0.0
2023-12-12,46.04600143432617,47.66600036621094,46.04600143432617,47.65700149536133,372387000,48.0880012512207,1,NVDA,0.022090261399258404,0.022770212221799868,0.01907413915010836,46.77779998779297,46.763999938964844,-0.26943977964718435,0.024177693683465264,0.0,0.0,0.0,0.0,0.0,0.0,0.0,0.0
2023-12-13,47.62900161743164,48.59400177001953,47.608001708984375,48.0880012512207,447792000,48.34999847412109,1,NVDA,0.009043786691055766,0.012251099357260431,0.05664695725703228,47.29480056762695,46.75880012512207,0.20249095698829445,0.020302243714385642,0.0,0.0,0.0,0.0,0.0,0.0,0.0,0.0
2023-12-14,48.38999938964844,48.66999816894531,47.422000885009766,48.34999847412109,391232000,48.88999938964844,1,NVDA,0.005448286809253355,0.03695283019176632,0.03831113923341345,47.645600128173825,46.91679992675781,-0.12630864329867442,0.019175644419397037,0.0,0.0,0.0,0.0,0.0,0.0,0.0,0.0
2023-12-15,48.19400024414063,49.40399932861328,48.119998931884766,48.88999938964844,479948000,50.07699966430664,1,NVDA,0.011168581852518233,0.025872334716801726,0.07443467815885163,47.92239990234375,47.12929992675781,0.22676059218059863,0.014536496531604524,0.0,0.0,0.0,0.0,0.0,0.0,0.0,0.0
2023-12-18,49.400001525878906,50.43299865722656,49.150001525878906,50.07699966430664,412587000,49.604000091552734,0,NVDA,0.024278999580219507,0.041361636194755524,0.07470596065678015,48.61240005493164,47.58600006103516,-0.14035062131730935,0.014577145728899359,0.0,0.0,0.0,0.0,0.0,0.0,0.0,0.0
2023-12-19,49.42399978637695,49.70000076293945,48.89500045776367,49.604000091552734,464444000,48.11100006103516,0,NVDA,-0.009445445532373697,0.025935918448949824,0.044162833112497024,49.001799774169925,47.88979988098144,0.12568743077217648,0.015639903407394466,0.0,0.0,0.0,0.0,0.0,0.0,0.0,0.0
2023-12-20,49.65499877929688,49.999000549316406,48.09799957275391,48.11100006103516,397894000,48.9900016784668,1,NVDA,-0.030098379722642954,-0.015933715245212587,0.03182707861612899,49.00639953613281,48.150600051879884,-0.14328961080345537,0.018964993055212254,0.0,0.0,0.0,0.0,0.0,0.0,0.0,0.0
2023-12-21,48.81100082397461,49.095001220703125,48.41899871826172,48.9900016784668,300425000,48.83000183105469,0,NVDA,0.018270283642337626,-0.021706531803554197,0.027970710310744495,49.13440017700195,48.39000015258789,-0.24496222612052454,0.01842652446165549,0.0,0.0,0.0,0.0,0.0,0.0,0.0,0.0
2023-12-22,49.19499969482422,49.382999420166016,48.46699905395508,48.83000183105469,252507000,49.27899932861328,1,NVDA,-0.003265969420908066,-0.015603545259847973,0.015430056573938922,49.1224006652832,48.522400283813475,-0.15950070733128063,0.018462895053963212,0.0,0.0,0.0,0.0,0.0,0.0,0.0,0.0
2023-12-26,48.96799850463867,49.59999847412109,48.959999084472656,49.27899932861328,244200000,49.41699981689453,1,NVDA,0.009195115312755187,0.024277177071695855,0.01921408239525446,48.96280059814453,48.78760032653808,-0.032898097874514365,0.018621769965405502,0.0,0.0,0.0,0.0,0.0,0.0,0.0,0.0
2023-12-27,49.51100158691406,49.68000030517578,49.084999084472656,49.41699981689453,233648000,49.52199935913086,1,NVDA,0.0028003914479066694,0.008716026205310756,0.01077930934394078,48.92540054321289,48.963600158691406,-0.043210483210483264,0.018265577866596248,0.0,0.0,0.0,0.0,0.0,0.0,0.0,0.0
2023-12-28,49.64300155639648,49.88399887084961,49.4119987487793,49.52199935913086,246587000,49.52199935913086,0,NVDA,0.002124765619632596,0.014171564655483637,-0.011082938452707802,49.20760040283203,49.10699996948242,0.0553781757173184,0.015389374272244653,0.0,0.0,0.0,0.0,0.0,0.0,0.0,0.0
2023-12-29,49.8129997253418,49.99700164794922,48.7509994506836,49.52199935913086,389293000,48.167999267578125,0,NVDA,0.0,0.0049311072430093805,-0.0016531072548691128,49.31399993896484,49.224200057983396,0.5787247502909723,0.014984179333525114,0.0,0.0,0.0,0.0,0.0,0.0,0.0,0.0
2024-01-02,49.24399948120117,49.29499816894531,47.595001220703125,48.167999267578125,411254000,47.56900024414063,0,NVDA,-0.02734138583003487,-0.025274714247007002,0.0011847437482208623,49.18159942626953,49.15200004577637,0.05641252218765813,0.01407405360166555,0.0,0.0,0.0,0.0,0.0,0.0,0.0,0.0
2024-01-03,47.48500061035156,48.18399810791016,47.31999969482422,47.56900024414063,320896000,47.99800109863281,1,NVDA,-0.012435621834944621,-0.039437000530353816,-0.02900594785957633,48.83959960937501,48.90120010375976,-0.21971336449007184,0.01218103942386779,0.0,0.0,0.0,0.0,0.0,0.0,0.0,0.0
2024-01-04,47.766998291015625,48.5,47.507999420166016,47.99800109863281,306535000,49.09700012207031,1,NVDA,0.009018496337749315,-0.030774166637459355,-0.017038720074197156,48.555799865722655,48.740600204467775,-0.04475281711208612,0.013171237777197512,0.0,0.0,0.0,0.0,0.0,0.0,0.0,0.0
2024-01-05,48.46200180053711,49.547000885009766,48.305999755859375,49.09700012207031,415039000,52.25299835205078,1,NVDA,0.022896766496153242,0.019286681378055448,-0.0036932407115112253,48.47080001831055,48.83920021057129,0.353969367282692,0.01591077280501651,0.0,0.0,0.0,0.0,0.0,0.0,0.0,0.0
2024-01-08,49.512001037597656,52.275001525878906,49.479000091552734,52.25299835205078,642510000,53.13999938964844,1,NVDA,0.06428087708278873,0.09846744905022686,0.05738912814749009,49.01699981689453,49.16549987792969,0.5480713860625146,0.029310721005510198,0.0,0.0,0.0,0.0,0.0,0.0,0.0,0.0
2024-01-09,52.4010009765625,54.32500076293945,51.68999862670898,53.13999938964844,773100000,54.34999847412109,1,NVDA,0.016975122300572076,0.10712942567023043,0.07305844023542019,50.011399841308595,49.596499633789065,0.20324975486762842,0.02932134107413103,0.0,0.0,0.0,0.0,0.0,0.0,0.0,0.0
2024-01-10,53.61600112915039,54.59999847412109,53.48899841308594,54.34999847412109,533796000,54.821998596191406,1,NVDA,0.022770024433014013,0.10699224675622121,0.09749200713763262,51.36759948730469,50.103599548339844,-0.30953822273961973,0.02922718480060074,0.0,0.0,0.0,0.0,0.0,0.0,0.0,0.0
2024-01-11,54.999000549316406,55.34600067138672,53.560001373291016,54.821998596191406,596759000,54.709999084472656,0,NVDA,0.008684455111715561,0.04916464748744498,0.13814149289551425,52.732398986816406,50.644099426269534,0.11795330051180608,0.023373779231822184,0.0,0.0,0.0,0.0,0.0,0.0,0.0,0.0
2024-01-12,54.619998931884766,54.970001220703125,54.33000183105469,54.709999084472656,352994000,56.38199996948242,1,NVDA,-0.0020429665934603713,0.029544593768475957,0.15011874968323768,53.85499877929688,51.16289939880371,-0.40848148079878144,0.021290000179160357,0.0,0.0,0.0,0.0,0.0,0.0,0.0,0.0
2024-01-16,55.01800155639648,56.834999084472656,54.900001525878906,56.38199996948242,449580000,56.053001403808594,0,NVDA,0.030561157247109172,0.037387333071018825,0.1746739172246159,54.680799102783205,51.84889945983887,0.27361938163254895,0.020929779945618683,0.0,0.0,0.0,0.0,0.0,0.0,0.0,0.0
2024-01-17,56.34700012207031,56.47100067138672,54.7400016784668,56.053001403808594,474394000,57.10699844360352,1,NVDA,-0.0058351701935351885,0.02245454086204557,0.1416787433945763,55.26339950561523,52.637399673461914,0.05519373637617342,0.02369077029324006,0.0,0.0,0.0,0.0,0.0,0.0,0.0,0.0
2024-01-18,57.2599983215332,57.59999847412109,56.10699844360352,57.10699844360352,491650000,59.49100112915039,1,NVDA,0.018803578994849524,0.04381282031150979,0.09289419257530951,55.81479949951172,53.591199493408205,0.03637482767488631,0.013246643302892932,0.0,0.0,0.0,0.0,0.0,0.0,0.0,0.0
2024-01-19,57.98899841308594,59.5,57.22499847412109,59.49100112915039,543501000,59.65399932861328,1,NVDA,0.04174624390215875,0.05514173249176624,0.11951452413338037,56.748600006103516,54.74049949645996,0.10546323604189967,0.01724044898526049,0.0,0.0,0.0,0.0,0.0,0.0,0.0,0.0
2024-01-22,60.04899978637695,60.33100128173828,59.06999969482422,59.65399932861328,452955000,59.87300109863281,1,NVDA,0.0027398799208140368,0.06424273160437788,0.09758971487400703,57.73740005493164,55.79619941711426,-0.16659766955350586,0.017660974282680934,0.0,0.0,0.0,0.0,0.0,0.0,0.0,0.0
2024-01-23,59.56999969482422,59.90999984741211,58.584999084472656,59.87300109863281,294654000,61.36199951171875,1,NVDA,0.0036712001288148333,0.04843544102148667,0.09213459253184375,58.43560028076172,56.55819969177246,-0.3494850481835944,0.017988471569638762,0.0,0.0,0.0,0.0,0.0,0.0,0.0,0.0
2024-01-24,60.30400085449219,62.8489990234375,59.9379997253418,61.36199951171875,560271000,61.617000579833984,1,NVDA,0.024869279738174654,0.03145010752981903,0.12158655709307098,59.49739990234375,57.38039970397949,0.9014539086521818,0.017141858007811376,0.0,0.0,0.0,0.0,0.0,0.0,0.0,0.0
2024-01-25,62.34999847412109,62.71900177001953,60.84999847412109,61.617000579833984,482777000,61.03099822998047,0,NVDA,0.004155683813180433,0.032906448407712174,0.09284879240156574,60.399400329589845,58.10709991455078,-0.13831520817604337,0.01646251783086986,0.0,0.0,0.0,0.0,0.0,0.0,0.0,0.0
2024-01-26,60.959999084472656,61.78300094604492,60.573001861572266,61.03099822998047,390309000,62.46500015258789,1,NVDA,-0.009510400446939404,0.019340890052262694,0.08880874710544284,60.70739974975586,58.72799987792969,-0.19153356518641107,0.017200872121908704,0.0,0.0,0.0,0.0,0.0,0.0,0.0,0.0
2024-01-29,61.23199844360352,62.48899841308594,60.90700149536133,62.46500015258789,348733000,62.77399826049805,1,NVDA,0.023496288184632563,0.017975304743100606,0.09382390696432252,61.26959991455078,59.50349998474121,-0.10652073101055826,0.017581386906774917,0.0,0.0,0.0,0.0,0.0,0.0,0.0,0.0
2024-01-30,62.900001525878906,63.49300003051758,62.2599983215332,62.77399826049805,410735000,61.527000427246094,0,NVDA,0.004946739888823215,0.018777247671525332,0.05518476860425525,61.84979934692383,60.142699813842775,0.17779217911697498,0.01225731094624547,0.0,0.0,0.0,0.0,0.0,0.0,0.0,0.0
2024-01-31,61.43999862670898,62.26900100708008,60.70000076293945,61.527000427246094,453795000,63.027000427246094,1,NVDA,-0.019864878258625374,0.008127053655530236,0.03139774566186415,61.882799530029295,60.69009971618652,0.10483645172678258,0.01615910591825476,0.0,0.0,0.0,0.0,0.0,0.0,0.0,0.0
2024-02-01,62.09999847412109,63.19100189208984,61.650001525878906,63.027000427246094,369146000,66.16000366210938,1,NVDA,0.02437954052016078,0.008997042716486936,0.05267815661048103,62.164799499511716,61.282099914550784,-0.18653577055718995,0.017787569470120793,0.0,0.0,0.0,0.0,0.0,0.0,0.0,0.0
2024-02-02,63.9739990234375,66.5999984741211,63.68999862670898,66.16000366210938,476578000,69.33200073242188,1,NVDA,0.049708905923260494,0.053939616647647126,0.07819178300202423,63.1906005859375,61.94900016784668,0.291028481955649,0.023417723642556773,0.0,0.0,0.0,0.0,0.0,0.0,0.0,0.0
2024-02-05,68.2249984741211,69.49700164794922,67.20500183105469,69.33200073242188,680078000,68.2229995727539,0,NVDA,0.04794433033154655,0.1268548807999339,0.12520895337305427,64.56400070190429,62.916800308227536,0.42700250536113704,0.02686557533751401,0.0,0.0,0.0,0.0,0.0,0.0,0.0,0.0
2024-02-06,69.62999725341797,69.75399780273438,66.30000305175781,68.2229995727539,683111000,70.0989990234375,1,NVDA,-0.015995516470785565,0.08244084456320766,0.11784177797112427,65.65380096435547,63.75180015563965,0.004459782554353975,0.028030761509594822,0.0,0.0,0.0,0.0,0.0,0.0,0.0,0.0
2024-02-07,68.31900024414062,70.22000122070312,67.5999984741211,70.0989990234375,495575000,69.64099884033203,0,NVDA,0.027498049960160476,0.0595374114766567,0.12221242059075443,67.36820068359376,64.62550010681153,-0.27453225024922745,0.02824026167359484,0.0,0.0,0.0,0.0,0.0,0.0,0.0,0.0
2024-02-08,70.0739974975586,70.79399871826172,69.45500183105469,69.64099884033203,414422000,72.13300323486328,1,NVDA,-0.006533619445155514,0.004456789139876349,0.10939243588304626,68.69100036621094,65.42789993286132,-0.1637552338193008,0.029364208222246845,0.0,0.0,0.0,0.0,0.0,0.0,0.0,0.0
2024-02-09,70.53299713134766,72.18499755859375,70.21199798583984,72.13300323486328,436637000,72.24800109863281,1,NVDA,0.03578358202823506,0.057312104225785365,0.17237965013682865,69.88560028076172,66.53810043334961,0.0536047796690331,0.02553941559779748,0.0,0.0,0.0,0.0,0.0,0.0,0.0,0.0
2024-02-12,72.5999984741211,74.61100006103516,71.25,72.24800109863281,613710000,72.12799835205078,0,NVDA,0.0015942475512229493,0.030656672778976546,0.1463023880064036,70.4688003540039,67.5164005279541,0.4055382388574491,0.02679343449972821,0.0,0.0,0.0,0.0,0.0,0.0,0.0,0.0
2024-02-13,70.4000015258789,73.44999694824219,69.62000274658203,72.12799835205078,602580000,73.9000015258789,1,NVDA,-0.0016609836224839025,0.03571171512661331,0.09020547701933324,71.24980010986329,68.45180053710938,-0.01813560150559712,0.024210627231388275,0.0,0.0,0.0,0.0,0.0,0.0,0.0,0.0
2024-02-14,73.2020034790039,74.23600006103516,71.93800354003906,73.9000015258789,504917000,72.65799713134766,0,NVDA,0.024567480233946393,0.024496391551344754,0.06588589316911042,72.01000061035157,69.68910064697266,-0.1620747452620399,0.019730391863281502,0.0,0.0,0.0,0.0,0.0,0.0,0.0,0.0
2024-02-15,73.86900329589844,73.9749984741211,72.4000015258789,72.65799713134766,420122000,72.61299896240234,0,NVDA,-0.016806554382767014,0.005674842576684158,0.06500736681717156,72.61340026855468,70.6522003173828,-0.16793849286120288,0.019905446270523437,0.0,0.0,0.0,0.0,0.0,0.0,0.0,0.0
2024-02-16,74.0999984741211,74.4020004272461,72.5009994506836,72.61299896240234,495327000,69.4520034790039,0,NVDA,-0.000619314744720656,0.006724165669818261,0.03586356401643176,72.7093994140625,71.29749984741211,0.1790075263851929,0.018377337517572524,0.0,0.0,0.0,0.0,0.0,0.0,0.0,0.0
2024-02-20,71.9469985961914,71.95600128173828,67.73400115966797,69.4520034790039,704833000,67.47200012207031,0,NVDA,-0.04353208831155897,-0.06018941752413043,-0.0027138519618513657,72.15019989013672,71.30950012207032,0.4229650311814215,0.026035706340284022,0.0,0.0,0.0,0.0,0.0,0.0,0.0,0.0
2024-02-21,68.00599670410156,68.88800048828125,66.24800109863281,67.47200012207031,673755000,78.53800201416016,1,NVDA,-0.028508945138381314,-0.07137544680597718,-0.06461678987102282,71.21900024414063,71.23440017700196,-0.044092714160659296,0.022347874462466555,0.0,0.0,0.0,0.0,0.0,0.0,0.0,0.0
2024-02-22,75.0250015258789,78.57499694824219,74.22000122070312,78.53800201416016,865100000,78.81700134277344,1,NVDA,0.1640088017558281,0.08159700241585766,0.08706124487707623,72.14660034179687,72.07830047607422,0.28399789240896167,0.06968889789964741,0.0,0.0,0.0,0.0,0.0,0.0,0.0,0.0
2024-02-23,80.79000091552734,82.39399719238281,77.56999969482422,78.81700134277344,829388000,79.09200286865234,1,NVDA,0.0035524118446885744,0.1348412917505062,0.09273795396448103,73.37840118408204,72.99590072631835,-0.04128077678881059,0.06952227399165814,0.0,0.0,0.0,0.0,0.0,0.0,0.0,0.0
2024-02-26,79.69999694824219,80.64600372314453,78.50499725341797,79.09200286865234,503973000,78.70099639892578,0,NVDA,0.0034891142925232987,0.17221962777980693,0.07025712091433811,74.67420196533203,73.69180068969726,-0.39235556820209605,0.06947840266229557,0.0,0.0,0.0,0.0,0.0,0.0,0.0,0.0
2024-02-27,79.38099670410156,79.4800033569336,77.16200256347656,78.70099639892578,391705000,77.66300201416016,0,NVDA,-0.004943691593901178,0.002075356904753356,0.0831704630758523,76.52400054931641,74.33710021972657,-0.22276590214158298,0.06880994176047828,0.0,0.0,0.0,0.0,0.0,0.0,0.0,0.0
2024-02-28,77.62000274658203,78.93299865722656,77.125,77.66300201416016,393110000,79.11199951171875,1,NVDA,-0.013189088223281908,-0.014641502581334787,0.06954681839229093,78.56220092773438,74.8906005859375,0.00358688298592047,0.06939674021397782,0.0,0.0,0.0,0.0,0.0,0.0,0.0,0.0
2024-02-29,79.09400177001953,79.98999786376953,78.3499984741211,79.11199951171875,507289000,82.27899932861328,1,NVDA,0.018657500482590184,0.0002528276227826698,0.13908880304129978,78.6770004272461,75.41180038452148,0.29045051003535916,0.0650114706267814,0.0,0.0,0.0,0.0,0.0,0.0,0.0,0.0
2024-03-01,80.0,82.30000305175781,79.43499755859375,82.27899932861328,479135000,85.23699951171875,1,NVDA,0.040031851507247085,0.04546324815954095,0.21945398357472956,79.36940002441406,76.37390060424805,-0.05549893650364979,0.06147620314207182,0.0,0.0,0.0,0.0,0.0,0.0,0.0,0.0
2024-03-04,84.12999725341797,87.69499969482422,83.71900177001953,85.23699951171875,615616000,85.96399688720703,1,NVDA,0.03595085267495213,0.09752388268712098,0.08529625564387011,80.59839935302735,77.63630065917968,0.2848487378296305,0.02028586151063629,0.0,0.0,0.0,0.0,0.0,0.0,0.0,0.0
2024-03-05,85.2699966430664,86.09700012207031,83.41699981689453,85.96399688720703,520639000,88.69999694824219,1,NVDA,0.008529129129989377,0.08661135374884954,0.09067834886728887,82.05099945068359,79.2875,-0.15427961586443495,0.02002866850542627,0.0,0.0,0.0,0.0,0.0,0.0,0.0,0.0
2024-03-06,88.02200317382812,89.7239990234375,87.02999877929688,88.69999694824219,582520000,92.66899871826172,1,NVDA,0.03182727839685073,0.07803932561192384,0.12147870493993929,84.2583984375,81.4102996826172,0.11885586750128208,0.0207211924843404,0.0,0.0,0.0,0.0,0.0,0.0,0.0,0.0
2024-03-07,90.15799713134766,92.76699829101562,89.60199737548828,92.66899871826172,608119000,87.52799987792969,0,NVDA,0.04474635745856337,0.08719217298963211,0.17748189932099256,86.9697982788086,82.82339935302734,0.04394527226532996,0.02058373328416919,0.0,0.0,0.0,0.0,0.0,0.0,0.0,0.0
2024-03-08,95.13800048828124,97.4000015258789,86.50599670410156,87.52799987792969,1142269000,85.77400207519531,0,NVDA,-0.055477008616031664,0.01819369791256653,0.12702313338300852,88.01959838867188,83.69449920654297,0.8783642675200085,0.0346476738011021,0.0,0.0,0.0,0.0,0.0,0.0,0.0,0.0
2024-03-11,86.42900085449219,88.7969970703125,84.16600036621094,85.77400207519531,678364000,91.91300201416016,1,NVDA,-0.020039276633540992,-0.03298754198102438,0.0842097609034611,88.12699890136719,84.36269912719726,-0.40612587752972373,0.037452703638903455,0.0,0.0,0.0,0.0,0.0,0.0,0.0,0.0
2024-03-12,88.04900360107422,91.95999908447266,86.1500015258789,91.91300201416016,668075000,90.88800048828124,0,NVDA,0.07157180253269502,-0.008158032508800428,0.11708944887710326,89.31679992675781,85.6838996887207,-0.015167373268628603,0.04286217186746094,0.0,0.0,0.0,0.0,0.0,0.0,0.0,0.0
2024-03-13,91.05500030517578,91.50399780273438,88.43499755859375,90.88800048828124,635713000,87.94400024414062,0,NVDA,-0.011151866476094563,0.038387722957654136,0.06629751174882181,89.75440063476563,87.00639953613282,-0.048440669086554644,0.043038719030282876,0.0,0.0,0.0,0.0,0.0,0.0,0.0,0.0
2024-03-14,89.5770034790039,90.64600372314452,86.5999984741211,87.94400024414062,602318000,87.83699798583984,0,NVDA,-0.03239151734359258,0.025299019708127313,0.02303293737646417,88.80940093994141,87.889599609375,-0.05253156691777583,0.04595237774100996,0.0,0.0,0.0,0.0,0.0,0.0,0.0,0.0
2024-03-15,86.93000030517578,89.5459976196289,86.25700378417969,87.83699798583984,642086000,88.45500183105469,1,NVDA,-0.0012167090194183938,-0.04434632684168405,-0.009729413665097608,88.87120056152344,88.44539947509766,0.06602492371139501,0.044303587526287956,0.0,0.0,0.0,0.0,0.0,0.0,0.0,0.0
2024-03-18,90.38800048828124,92.40499877929688,87.08499908447266,88.45500183105469,668976000,89.39800262451172,1,NVDA,0.007035803356058246,-0.026769195539077195,-0.04547364216180538,89.40740051269532,88.76719970703125,0.04187912522621584,0.03995478799564276,0.0,0.0,0.0,0.0,0.0,0.0,0.0,0.0
2024-03-19,86.69999694824219,90.54399871826172,85.01000213623047,89.39800262451172,672171000,90.37200164794922,1,NVDA,0.010660796720779242,0.01653327545181771,0.021364623311283415,88.90440063476562,89.11060028076172,0.004775956088110878,0.03360746984171283,0.0,0.0,0.0,0.0,0.0,0.0,0.0,0.0
2024-03-20,89.7969970703125,90.41000366210938,88.2229995727539,90.37200164794922,479063000,91.43499755859376,1,NVDA,0.010895087080731392,0.02886031763651631,0.053605981550481685,88.80120086669922,89.27780075073242,-0.28728999019594714,0.031992005930910686,0.0,0.0,0.0,0.0,0.0,0.0,0.0,0.0
2024-03-21,92.3000030517578,92.64800262451172,90.40499877929688,91.43499755859376,480372000,94.28900146484376,1,NVDA,0.01176244734276799,0.03368939761293244,-0.005200618466283502,89.49940032958985,89.15440063476562,0.002732417239486251,0.016291587288604994,0.0,0.0,0.0,0.0,0.0,0.0,0.0,0.0
2024-03-22,91.14099884033205,94.77799987792967,90.83399963378906,94.28900146484376,586719000,95.0019989013672,1,NVDA,0.031213473860718155,0.054710381627598004,0.03741969190972627,90.78980102539063,89.83050079345703,0.22138467687542152,0.019318988837247482,0.0,0.0,0.0,0.0,0.0,0.0,0.0,0.0
2024-03-25,93.94100189208984,96.76599884033205,93.51000213623048,95.0019989013672,552136000,92.56099700927734,0,NVDA,0.007561830387919466,0.05123265136313426,0.0802556017196503,92.09920043945313,90.75330047607422,-0.05894303746768048,0.009882280024012079,0.0,0.0,0.0,0.0,0.0,0.0,0.0,0.0
2024-03-26,95.85099792480467,96.375,92.5019989013672,92.56099700927734,513648000,90.25,0,NVDA,-0.02569421612511702,0.012314753439589765,0.05378142618443138,92.73179931640625,90.81809997558594,-0.06970746337858791,0.01685212592427434,0.0,0.0,0.0,0.0,0.0,0.0,0.0,0.0
2024-03-27,93.11199951171876,93.23999786376952,89.12300109863281,90.25,586067000,90.3560028076172,1,NVDA,-0.024967287345075917,-0.0428364008749178,0.020292783130271053,92.7073989868164,90.75429992675781,0.14098954926330864,0.02089701580466218,0.0,0.0,0.0,0.0,0.0,0.0,0.0,0.0
2024-03-28,90.0,91.3000030517578,89.19300079345703,90.3560028076172,435212000,90.36299896240234,1,NVDA,0.0011745463447889737,-0.04890419304307014,0.01071612513681397,92.49160003662111,90.99550018310548,-0.2574023106573139,0.020627941244986032,0.0,0.0,0.0,0.0,0.0,0.0,0.0,0.0
2024-04-01,90.29900360107422,92.2249984741211,89.2040023803711,90.36299896240234,452441000,89.4520034790039,0,NVDA,7.742877692407113e-05,-0.023746481972905853,-9.961808284320028e-05,91.70639953613282,91.24810028076173,0.03958760328299782,0.020226135277779278,0.0,0.0,0.0,0.0,0.0,0.0,0.0,0.0
2024-04-02,88.447998046875,90.09400177001952,87.62000274658203,89.4520034790039,433064000,88.96399688720703,0,NVDA,-0.010081510063399746,-0.008842066714638164,-0.021687473424157,90.59640045166016,91.34780044555666,-0.04282768360957556,0.01981891713981523,0.0,0.0,0.0,0.0,0.0,0.0,0.0,0.0
2024-04-03,88.48400115966797,90.3740005493164,88.4000015258789,88.96399688720703,370067000,85.90499877929688,0,NVDA,-0.005455513267642154,-0.015405793496354403,-0.056475352320092154,89.87700042724609,91.30439987182618,-0.14546810633070406,0.012929907324005166,0.0,0.0,0.0,0.0,0.0,0.0,0.0,0.0
2024-04-04,90.40599822998048,90.63400268554688,85.87999725341797,85.90499877929688,434965000,88.00800323486328,1,NVDA,-0.03438467486784014,-0.04933435404197162,-0.09575588121587841,89.00800018310547,90.85769958496095,0.17536824412876584,0.014077887864172174,0.0,0.0,0.0,0.0,0.0,0.0,0.0,0.0
2024-04-05,86.86599731445312,88.48100280761719,85.9260025024414,88.00800323486328,399678000,87.13300323486328,0,NVDA,0.024480583033000824,-0.01614273787036602,-0.04918911767942302,88.53840026855468,90.5150001525879,-0.0811260676146357,0.019116144111637774,0.0,0.0,0.0,0.0,0.0,0.0,0.0,0.0
2024-04-08,88.69999694824219,88.83000183105469,86.73200225830078,87.13300323486328,283220000,85.35399627685547,0,NVDA,-0.009942277609286565,-0.02058128812113935,-0.034537360278523166,87.89240112304688,89.79940032958986,-0.2913795605462397,0.01754430946186116,0.0,0.0,0.0,0.0,0.0,0.0,0.0,0.0
2024-04-09,87.44200134277344,87.63500213623047,83.02200317382812,85.35399627685547,501700000,87.03900146484375,1,NVDA,-0.020417142666511512,-0.006414091266761068,-0.05535887351515345,87.07279968261719,88.83460006713867,0.7714144481321941,0.01818945764279042,0.0,0.0,0.0,0.0,0.0,0.0,0.0,0.0
2024-04-10,83.9260025024414,87.4000015258789,83.70899963378906,87.03900146484375,431929000,90.61599731445312,1,NVDA,0.01974137429397893,-0.01101038240162766,-0.0367849400277388,86.68780059814453,88.28240051269532,-0.13906916483954557,0.020947087576015253,0.0,0.0,0.0,0.0,0.0,0.0,0.0,0.0
2024-04-11,87.41999816894531,90.73899841308594,86.9260025024414,90.61599731445312,431637000,88.18599700927734,0,NVDA,0.041096471574920024,0.03997330460654025,0.013012495977492877,87.63000030517578,88.31900024414062,-0.0006760370338643185,0.02699711023222641,0.0,0.0,0.0,0.0,0.0,0.0,0.0,0.0
2024-04-12,89.6989974975586,90.1750030517578,87.52999877929688,88.18599700927734,426805000,86.0009994506836,0,NVDA,-0.026816460417505072,0.03317947437675861,-0.00874510931558159,87.6655990600586,88.10199966430665,-0.011194591751865546,0.02912476462827036,0.0,0.0,0.0,0.0,0.0,0.0,0.0,0.0
2024-04-15,89.0979995727539,90.61299896240234,85.92900085449219,86.0009994506836,443077000,87.41500091552734,1,NVDA,-0.024777148670937943,-0.01192571142465848,0.001117521363726004,87.43919830322265,87.66579971313476,0.03812513911505255,0.027462280304531208,0.0,0.0,0.0,0.0,0.0,0.0,0.0,0.0
2024-04-16,86.43299865722656,88.11799621582031,86.06400299072266,87.41500091552734,370453000,84.03500366210938,0,NVDA,0.01644168642080257,-0.035324848744066384,-0.006738049922044187,87.85139923095703,87.46209945678712,-0.16390830487703045,0.026440464275446048,0.0,0.0,0.0,0.0,0.0,0.0,0.0,0.0
2024-04-17,88.33999633789062,88.7750015258789,83.94999694824219,84.03500366210938,495400000,84.6709976196289,1,NVDA,-0.03866610098973966,-0.04707088980046659,-0.03555483522590608,87.25059967041015,86.96920013427734,0.3372816524633355,0.030095922947817422,0.0,0.0,0.0,0.0,0.0,0.0,0.0,0.0
2024-04-18,84.97000122070312,86.19000244140625,82.4020004272461,84.6709976196289,447260000,76.19999694824219,0,NVDA,0.007568202889319364,-0.015464957844092964,-0.008001952890538067,86.06159973144531,86.84580001831054,-0.09717400080742833,0.029524457046267386,0.0,0.0,0.0,0.0,0.0,0.0,0.0,0.0
2024-04-19,83.1500015258789,84.3239974975586,75.60600280761719,76.19999694824219,875198000,79.51799774169922,1,NVDA,-0.10004607137666377,-0.12829610306957118,-0.12453043272767306,83.66439971923828,85.66499938964844,0.9567991772123596,0.04585224354908419,0.0,0.0,0.0,0.0,0.0,0.0,0.0,0.0
2024-04-22,78.10399627685547,80.072998046875,76.4000015258789,79.51799774169922,596341000,82.4229965209961,1,NVDA,0.043543319243316114,-0.053751481210999597,-0.1224728513911505,82.3677993774414,84.90349884033203,-0.3186216147660301,0.046383081762018906,0.0,0.0,0.0,0.0,0.0,0.0,0.0,0.0
2024-04-23,80.76899719238281,82.76899719238281,80.26399993896484,82.4229965209961,438559000,79.677001953125,0,NVDA,0.036532594655278805,-0.026549835974906122,-0.06535051690434446,81.36939849853516,84.61039886474609,-0.26458351849025974,0.05028640902753054,0.0,0.0,0.0,0.0,0.0,0.0,0.0,0.0
2024-04-24,83.94999694824219,84.08200073242188,79.18299865722656,79.677001953125,512208000,82.63200378417969,1,NVDA,-0.0333158788660588,0.04562998876816904,-0.07353400004595323,80.49779815673828,83.87419891357422,0.16793407500473134,0.05084787696638469,0.0,0.0,0.0,0.0,0.0,0.0,0.0,0.0
2024-04-25,78.86799621582031,83.322998046875,78.2229995727539,82.63200378417969,424641000,87.73500061035156,1,NVDA,0.03708726180225952,0.039161021792774475,-0.05471597644859216,80.08999938964844,83.07579956054687,-0.170959844438197,0.05316336060098934,0.0,0.0,0.0,0.0,0.0,0.0,0.0,0.0
2024-04-26,83.81800079345703,88.33100128173828,83.38700103759766,87.73500061035156,551011000,87.75700378417969,1,NVDA,0.06175569503917644,0.06444808261735924,0.044029235282945445,82.39700012207031,83.0306999206543,0.29759255465204726,0.056558437598975615,0.0,0.0,0.0,0.0,0.0,0.0,0.0,0.0
2024-04-29,87.59500122070312,87.99199676513672,85.26599884033203,87.75700378417969,388971000,86.4020004272461,0,NVDA,0.0002507912882550034,0.10140946111160476,0.036447027332950244,84.0448013305664,83.2063003540039,-0.2940776136955524,0.05662647390232579,0.0,0.0,0.0,0.0,0.0,0.0,0.0,0.0
2024-04-30,87.23999786376953,88.81900024414062,86.30000305175781,86.4020004272461,363709000,83.04100036621094,0,NVDA,-0.015440401318462804,0.0456239286283433,0.13388456545390004,84.84060211181641,83.10500030517578,-0.06494571574744645,0.03497292844797771,0.0,0.0,0.0,0.0,0.0,0.0,0.0,0.0
2024-05-01,85.0770034790039,86.0,81.25499725341797,83.04100036621094,559863000,85.81700134277344,1,NVDA,-0.03889956302418307,-0.053502025548362475,0.04430446847964653,85.51340179443359,83.00559997558594,0.539315771674608,0.03885167435906225,0.0,0.0,0.0,0.0,0.0,0.0,0.0,0.0
2024-05-02,84.4489974975586,86.23699951171875,83.19999694824219,85.81700134277344,377898000,88.78900146484375,1,NVDA,0.03342928149131552,-0.022106525493706286,0.04117788681600243,86.15040130615235,83.1202003479004,-0.3250170130907025,0.03847241385089203,0.0,0.0,0.0,0.0,0.0,0.0,0.0,0.0
2024-05-03,87.78900146484375,89.28099822998047,87.04000091552734,88.78900146484375,398341000,92.13999938964844,1,NVDA,0.034631833734197315,0.02762668718078598,0.11436172657549859,86.36120147705078,84.37910079956055,0.05409660807942873,0.035212651336852085,0.0,0.0,0.0,0.0,0.0,0.0,0.0,0.0
2024-05-06,89.38999938964844,92.22000122070312,89.05500030517578,92.13999938964844,376203000,90.5540008544922,0,NVDA,0.0377411376355159,0.10957236766550138,0.11506432338615391,87.23780059814453,85.64130096435547,-0.05557549938369388,0.035278359798691344,0.0,0.0,0.0,0.0,0.0,0.0,0.0,0.0
2024-05-07,91.0979995727539,91.78099822998048,89.01100158691406,90.5540008544922,437342000,90.41200256347656,0,NVDA,-0.01721292105124994,0.05519884682055087,0.03213085113728309,88.06820068359374,86.45440139770508,0.16251598206287565,0.03060274089961063,0.0,0.0,0.0,0.0,0.0,0.0,0.0,0.0
2024-05-08,89.48300170898438,91.19400024414062,89.41999816894531,90.41200256347656,325721000,88.74700164794922,0,NVDA,-0.0015681062092862685,0.018279303425610127,0.030253981617539116,89.54240112304687,87.52790145874023,-0.2552258872918677,0.030656753340636427,0.0,0.0,0.0,0.0,0.0,0.0,0.0,0.0
2024-05-09,90.52899932861328,91.0719985961914,88.23100280761719,88.74700164794922,378013000,89.87799835205078,1,NVDA,-0.018415706635392604,-0.03682437339022171,0.02714058944361719,90.12840118408204,88.13940124511718,0.16054230461038732,0.03100072230011119,0.0,0.0,0.0,0.0,0.0,0.0,0.0,0.0
2024-05-10,90.30500030517578,91.4010009765625,89.22699737548828,89.87799835205078,335325000,90.39900207519533,1,NVDA,0.012744055383280717,-0.007465186475058783,0.0823327989268996,90.34620056152343,88.35370101928712,-0.11292733318695392,0.02448187671381619,0.0,0.0,0.0,0.0,0.0,0.0,0.0,0.0
2024-05-13,90.47799682617188,90.9980010986328,88.52899932861328,90.39900207519533,289680000,91.3560028076172,1,NVDA,0.0057967882317959685,-0.00014379161961497466,0.0533926921324166,89.99800109863281,88.61790084838867,-0.1361216730038023,0.022529370125982207,0.0,0.0,0.0,0.0,0.0,0.0,0.0,0.0
2024-05-14,89.5989990234375,91.6510009765625,88.93399810791016,91.3560028076172,296507000,94.62999725341795,1,NVDA,0.010586408151119109,0.029398189361006688,0.028911253651048963,90.15840148925781,89.11330108642578,0.023567384700359018,0.019341615838334165,0.0,0.0,0.0,0.0,0.0,0.0,0.0,0.0
2024-05-15,92.47200012207033,94.86199951171876,91.5989990234375,94.62999725341795,417735000,94.35900115966795,0,NVDA,0.03583775937193012,0.052871659232481605,0.027024070764746,91.00200042724609,90.27220077514649,0.40885375387427625,0.01879786648410599,0.0,0.0,0.0,0.0,0.0,0.0,0.0,0.0
2024-05-16,94.91000366210938,95.81900024414062,94.10299682617188,94.35900115966795,323952000,92.47899627685548,0,NVDA,-0.0028637440728680463,0.043805783178653135,0.042019129682518086,92.12440032958985,91.12640075683593,-0.22450357283924016,0.016777055524368183,0.0,0.0,0.0,0.0,0.0,0.0,0.0,0.0
2024-05-17,94.36900329589844,94.73999786376952,91.80599975585938,92.47899627685548,359691000,94.77999877929688,1,NVDA,-0.01992395913169165,0.012292497862490093,0.02286193928652036,92.64459991455078,91.4954002380371,0.11032189954067273,0.01939104202448106,0.0,0.0,0.0,0.0,0.0,0.0,0.0,0.0
2024-05-20,93.75,95.1999969482422,93.44000244140624,94.77999877929688,318764000,95.38600158691406,1,NVDA,0.024881352470055518,0.0015851371682620297,0.06797972910994754,93.52079925537109,91.75940017700195,-0.11378377551843111,0.018139590589391543,0.0,0.0,0.0,0.0,0.0,0.0,0.0,0.0
2024-05-21,93.5989990234375,95.4000015258789,93.18000030517578,95.38600158691406,328946000,94.9499969482422,0,NVDA,0.006393783661343022,0.010883968827820611,0.06128310972490181,94.32679901123046,92.24260025024414,0.03194212646346517,0.018113742149463503,0.0,0.0,0.0,0.0,0.0,0.0,0.0,0.0
2024-05-22,95.45899963378906,96.0199966430664,93.2490005493164,94.9499969482422,548648000,103.79900360107422,1,NVDA,-0.00457094994462659,0.026719587915825294,0.050343419380462606,94.39079895019532,92.6963996887207,0.667896858450931,0.018798989756153198,0.0,0.0,0.0,0.0,0.0,0.0,0.0,0.0
2024-05-23,102.02799987792967,106.31999969482422,101.5199966430664,103.79900360107422,835065000,106.46900177001952,1,NVDA,0.09319649223006987,0.09515725826056243,0.13620342846720446,96.27879943847657,94.2015998840332,0.5220414546302912,0.03770681598664353,0.0,0.0,0.0,0.0,0.0,0.0,0.0,0.0
2024-05-24,104.4489974975586,106.4749984741211,103.0,106.46900177001952,429494000,113.9010009765625,1,NVDA,0.025722772630908608,0.11619105527771612,0.1251083679617664,99.07680053710938,95.86070022583007,-0.48567596534401514,0.037143305472940154,0.0,0.0,0.0,0.0,0.0,0.0,0.0,0.0
2024-05-28,110.24400329589844,114.93900299072266,109.88300323486328,113.9010009765625,652728000,114.8249969482422,1,NVDA,0.0698043475846295,0.19958930634458683,0.20710265662760552,102.9010009765625,98.2109001159668,0.5197604623114642,0.04049169433089815,0.0,0.0,0.0,0.0,0.0,0.0,0.0,0.0
2024-05-29,113.0500030517578,115.49199676513672,110.9010009765625,114.8249969482422,557442000,110.5,0,NVDA,0.00811227262058778,0.10622446232281435,0.2416332526413807,106.78880004882812,100.5577995300293,-0.14598117439423464,0.03612008692967454,0.0,0.0,0.0,0.0,0.0,0.0,0.0,0.0
2024-05-30,114.6500015258789,115.81900024414062,109.66300201416016,110.5,484553000,109.63300323486328,0,NVDA,-0.037665987922400834,0.03786076851446141,0.16585779091755914,109.89880065917968,102.1447998046875,-0.1307562042329068,0.04483959964239207,0.0,0.0,0.0,0.0,0.0,0.0,0.0,0.0
2024-05-31,112.5199966430664,112.71700286865234,106.94000244140624,109.63300323486328,613263000,115.0,1,NVDA,-0.007846124571373014,-0.03747111706750894,0.14936155631775372,111.0656005859375,103.67220001220703,0.2656262576023676,0.04602582196711773,0.0,0.0,0.0,0.0,0.0,0.0,0.0,0.0
2024-06-03,113.62100219726562,115.0,112.00299835205078,115.0,438392000,116.43699645996094,1,NVDA,0.048954207280440754,0.0015240849676372292,0.21116380933310785,112.7718002319336,105.92430038452149,-0.2851484599592671,0.04551982080320625,0.0,0.0,0.0,0.0,0.0,0.0,0.0,0.0
2024-06-04,115.71600341796876,116.5999984741211,114.04499816894533,116.43699645996094,403324000,122.44000244140624,1,NVDA,0.012495621390964606,0.0537284747507778,0.12175447181995813,113.27899932861328,108.09000015258789,-0.0799923356265625,0.03556775444191858,0.0,0.0,0.0,0.0,0.0,0.0,0.0,0.0
2024-06-05,118.37100219726562,122.4489974975586,117.46800231933594,122.44000244140624,528402000,120.9980010986328,0,NVDA,0.05155582988186702,0.11681700608991741,0.1500061088755693,114.8020004272461,110.7954002380371,0.3101179200841011,0.03787878632388666,0.0,0.0,0.0,0.0,0.0,0.0,0.0,0.0
2024-06-06,124.0479965209961,125.58699798583984,118.31999969482422,120.9980010986328,664696000,120.88800048828124,0,NVDA,-0.011777207726400563,0.05215653129245901,0.062308496512077705,116.90160064697265,113.40020065307617,0.2579361925200889,0.03243826285614696,0.0,0.0,0.0,0.0,0.0,0.0,0.0,0.0
2024-06-07,119.7699966430664,121.69200134277344,118.02200317382812,120.88800048828124,412386000,121.79000091552734,1,NVDA,-0.0009091109716919954,0.038226716281288375,0.05280212237037518,119.15260009765625,115.10910034179688,-0.379587059347431,0.03266332576244715,0.0,0.0,0.0,0.0,0.0,0.0,0.0,0.0
2024-06-10,120.37000274658205,123.0999984741211,117.01000213623048,121.79000091552734,313434100,120.91000366210938,0,NVDA,0.0074614554265337585,-0.005308734996064324,0.10217195398667278,120.51060028076172,116.64120025634766,-0.23994970731305132,0.025950970323963485,0.0,0.0,0.0,0.0,0.0,0.0,0.0,0.0
2024-06-11,121.7699966430664,122.87000274658205,118.73999786376952,120.91000366210938,222551200,125.1999969482422,1,NVDA,-0.007225529573879674,-0.0007272635557978857,0.10286136559707049,121.4052017211914,117.34210052490235,-0.28995855907190693,0.025863710257518976,0.0,0.0,0.0,0.0,0.0,0.0,0.0,0.0
2024-06-12,123.05999755859376,126.87999725341795,122.56999969482422,125.1999969482422,299595000,129.61000061035156,1,NVDA,0.03548087963111368,0.03566935049421183,0.08869562563688871,121.95720062255859,118.37960052490234,0.34618460830586395,0.023227585066089327,0.0,0.0,0.0,0.0,0.0,0.0,0.0,0.0
2024-06-13,129.38999938964844,129.8000030517578,127.16000366210938,129.61000061035156,260704500,131.8800048828125,1,NVDA,0.03522367228117784,0.06420888115641055,0.11313418029397915,123.67960052490234,120.2906005859375,-0.1298102438291694,0.0247736734998242,0.0,0.0,0.0,0.0,0.0,0.0,0.0,0.0
2024-06-14,129.9600067138672,132.83999633789062,128.32000732421875,131.8800048828125,309320400,130.97999572753906,0,NVDA,0.017514113585149094,0.09072864848602169,0.07709900566135475,125.8780014038086,122.51530075073242,0.1864789445521653,0.019294368988371276,0.0,0.0,0.0,0.0,0.0,0.0,0.0,0.0
2024-06-17,132.99000549316406,133.72999572753906,129.5800018310547,130.97999572753906,288504400,135.5800018310547,1,NVDA,-0.00682445497384665,0.04616612556058053,0.0824971862202033,127.71600036621093,124.11330032348633,-0.06729591711377592,0.01839739466610359,0.0,0.0,0.0,0.0,0.0,0.0,0.0,0.0
2024-06-18,131.13999938964844,136.3300018310547,130.69000244140625,135.5800018310547,294335100,130.77999877929688,0,NVDA,0.03511991337275977,0.04606126990656234,0.12153399248420582,130.65,126.0276008605957,0.020210090383370183,0.01935192628214499,0.0,0.0,0.0,0.0,0.0,0.0,0.0,0.0
2024-06-20,139.8000030517578,140.75999450683594,129.52000427246094,130.77999877929688,517768400,126.56999969482422,0,NVDA,-0.03540347386732645,-0.008340961956235016,0.07381556610714646,131.76600036621093,126.86160049438476,0.7591119781500746,0.027725082223293618,0.0,0.0,0.0,0.0,0.0,0.0,0.0,0.0
2024-06-21,127.12000274658205,130.6300048828125,124.3000030517578,126.56999969482422,649445800,118.11000061035156,0,NVDA,-0.032191459885065554,-0.033669233291840905,0.0468116438779711,131.15800018310546,127.4188003540039,0.2543171811952989,0.03171264742586543,0.0,0.0,0.0,0.0,0.0,0.0,0.0,0.0
2024-06-24,123.23999786376952,124.45999908447266,118.04000091552734,118.11000061035156,476060900,126.08999633789062,1,NVDA,-0.06684047645469504,-0.1288538205101396,-0.056629365101515505,128.40399932861328,127.14100036621093,-0.2669736258206612,0.03910963084224981,0.0,0.0,0.0,0.0,0.0,0.0,0.0,0.0
2024-06-25,121.1999969482422,126.5,119.31999969482422,126.08999633789062,414192600,126.4000015258789,1,NVDA,0.06756409860554746,-0.035861771564328127,-0.027158431107821568,127.42599945068359,127.57099990844726,-0.12995879308718694,0.04627023423668438,0.0,0.0,0.0,0.0,0.0,0.0,0.0,0.0
2024-06-26,126.12999725341795,128.1199951171875,122.5999984741211,126.4000015258789,362975900,123.98999786376952,0,NVDA,0.0024586025615984664,-0.0013431158201405724,-0.04155295081921695,125.58999938964844,128.11999969482423,-0.12365430961345036,0.045500784177011505,0.0,0.0,0.0,0.0,0.0,0.0,0.0,0.0
2024-06-27,124.0999984741211,126.41000366210938,122.91999816894533,123.98999786376952,252571700,123.54000091552734,0,NVDA,-0.01906648443841963,0.049784076056491156,-0.053366911679474605,124.23199920654297,127.99899978637696,-0.3041639954608557,0.04580965703813187,0.0,0.0,0.0,0.0,0.0,0.0,0.0,0.0
2024-06-28,124.58000183105467,127.70999908447266,122.75,123.54000091552734,315516700,124.3000030517578,1,NVDA,-0.003629300395154411,-0.020223614056819494,-0.08880366391003824,123.6259994506836,127.39199981689453,0.24921636113626344,0.0420733801385009,0.0,0.0,0.0,0.0,0.0,0.0,0.0,0.0
2024-07-01,123.47000122070312,124.83999633789062,118.83000183105467,124.3000030517578,284885500,122.66999816894533,0,NVDA,0.006151870896861311,-0.016613911778246004,-0.04954882847548159,124.86399993896484,126.63399963378906,-0.09708265838226626,0.04121690258644059,0.0,0.0,0.0,0.0,0.0,0.0,0.0,0.0
2024-07-02,121.12999725341795,123.41000366210938,121.02999877929688,122.66999816894533,218374000,128.27999877929688,1,NVDA,-0.01311347419785458,-0.010646017562436771,-0.030813000989825978,124.18000030517578,125.8029998779297,-0.23346748079491586,0.03984340042084897,0.0,0.0,0.0,0.0,0.0,0.0,0.0,0.0
2024-07-03,121.66000366210938,128.27999877929688,121.36000061035156,128.27999877929688,215749000,125.83000183105467,0,NVDA,0.0457324585806651,0.03836812229757536,0.08610615626441698,124.55599975585938,125.0729995727539,-0.012020661800397514,0.03211942844977508,0.0,0.0,0.0,0.0,0.0,0.0,0.0,0.0
2024-07-05,127.37999725341795,128.85000610351562,125.68000030517578,125.83000183105467,214176700,128.1999969482422,1,NVDA,-0.01909882266570151,0.012308919885221536,-0.002061975687105533,124.9240005493164,124.57799987792968,-0.007287635168645057,0.022541566291108275,0.0,0.0,0.0,0.0,0.0,0.0,0.0,0.0
2024-07-08,127.48999786376952,130.77000427246094,127.04000091552734,128.1999969482422,237677300,131.3800048828125,1,NVDA,0.01883489694587759,0.04508028745285175,0.01424046994172512,125.85599975585937,124.74099960327149,0.10972528757796707,0.023670566546920617,0.0,0.0,0.0,0.0,0.0,0.0,0.0,0.0
2024-07-09,130.35000610351562,133.82000732421875,128.64999389648438,131.3800048828125,285366600,134.91000366210938,1,NVDA,0.024805054682287997,0.02416593493151753,0.05960163840927346,127.27200012207031,126.06800003051758,0.20064726416868583,0.022877889708928845,0.0,0.0,0.0,0.0,0.0,0.0,0.0,0.0
2024-07-10,134.02999877929688,135.10000610351562,132.4199981689453,134.91000366210938,248978600,127.4000015258789,0,NVDA,0.026868615071566904,0.07216086544484002,0.09203498998155646,129.72000122070312,126.95000076293945,-0.1275131707775191,0.023080318360726635,0.0,0.0,0.0,0.0,0.0,0.0,0.0,0.0
2024-07-11,135.75,136.14999389648438,127.0500030517578,127.4000015258789,374782700,129.24000549316406,1,NVDA,-0.055666755113577326,-0.006240214051535853,0.02493964921972114,129.54400177001952,127.05000076293945,0.5052807751348911,0.034890365618227795,0.0,0.0,0.0,0.0,0.0,0.0,0.0,0.0
2024-07-12,128.25999450683594,131.9199981689453,127.22000122070312,129.24000549316406,252680500,128.44000244140625,0,NVDA,0.014442731124389985,-0.016288623155077953,0.05355838772549992,130.22600250244142,127.5750015258789,-0.3257946538087271,0.03417815492502131,0.0,0.0,0.0,0.0,0.0,0.0,0.0,0.0
2024-07-15,130.55999755859375,131.38999938964844,127.18000030517578,128.44000244140625,208326200,126.36000061035156,0,NVDA,-0.006190057395193516,-0.047957905604299356,0.0012473001530399763,130.2740036010742,128.06500167846679,-0.17553511252352283,0.030000410390509318,0.0,0.0,0.0,0.0,0.0,0.0,0.0,0.0
2024-07-16,128.44000244140625,129.0399932861328,124.58000183105467,126.36000061035156,214769500,117.98999786376952,0,NVDA,-0.01619434593209057,-0.008163272394593246,0.004212022344309396,129.27000274658204,128.27100143432617,0.030928899005501886,0.029701623443815425,0.0,0.0,0.0,0.0,0.0,0.0,0.0,0.0
2024-07-17,121.3499984741211,121.8499984741211,116.72000122070312,117.98999786376952,390086200,121.08999633789062,1,NVDA,-0.06623933765552992,-0.08704740909338327,-0.07964118040185852,125.88600158691406,127.8030014038086,0.816301662945623,0.03754950022152587,0.0,0.0,0.0,0.0,0.0,0.0,0.0,0.0
2024-07-18,121.8499984741211,122.4000015258789,116.55999755859376,121.08999633789062,320979500,117.93000030517578,0,NVDA,0.026273400544513548,-0.05722520993308655,-0.07832248563318511,124.6240005493164,127.08400115966796,-0.17715751031438687,0.037787296825160854,0.0,0.0,0.0,0.0,0.0,0.0,0.0,0.0
2024-07-19,120.3499984741211,121.5999984741211,117.37000274658205,117.93000030517578,217223800,123.54000091552734,1,NVDA,-0.02609626004031884,-0.06671415214036636,-0.1258617070344249,122.36199951171875,126.29400100708008,-0.32324712325865046,0.03407061957897361,0.0,0.0,0.0,0.0,0.0,0.0,0.0,0.0
2024-07-22,120.3499984741211,124.06999969482422,119.86000061035156,123.54000091552734,258068900,122.58999633789062,0,NVDA,0.04757059777693695,0.0470379112826651,-0.03029827758336001,121.38199920654297,125.8280014038086,0.18803234268068225,0.03748614697021543,0.0,0.0,0.0,0.0,0.0,0.0,0.0,0.0
2024-07-23,122.77999877929688,124.69000244140624,122.0999984741211,122.58999633789062,173911000,114.25,0,NVDA,-0.007689854060194623,0.012387480761122394,-0.051454726652926164,120.62799835205078,124.94900054931641,-0.326106322768842,0.036616655080994626,0.0,0.0,0.0,0.0,0.0,0.0,0.0,0.0
2024-07-24,119.16999816894533,119.9499969482422,113.44000244140624,114.25,327776900,112.27999877929688,0,NVDA,-0.06803162237564131,-0.031204954597242263,-0.11047961827842279,119.87999877929687,122.88300018310547,0.884739320687018,0.04326316852271201,0.0,0.0,0.0,0.0,0.0,0.0,0.0,0.0
2024-07-25,113.04000091552734,116.62999725341795,106.3000030517578,112.27999877929688,460067000,113.05999755859376,1,NVDA,-0.01724289908711707,-0.09114458517714996,-0.11142768093577582,118.11799926757813,121.37099990844726,0.40359799607598945,0.04326668768701051,0.0,0.0,0.0,0.0,0.0,0.0,0.0,0.0
2024-07-26,116.19000244140624,116.1999969482422,111.58000183105467,113.05999755859376,293399100,111.58999633789062,0,NVDA,0.006946907621811604,-0.07773879650856375,-0.04178320530921531,117.14399871826171,119.75299911499023,-0.36226875650720436,0.037545652498750796,0.0,0.0,0.0,0.0,0.0,0.0,0.0,0.0
2024-07-29,113.69000244140624,116.27999877929688,111.3000030517578,111.58999633789062,248152100,103.7300033569336,0,NVDA,-0.013001956947162552,-0.02328230776463347,-0.07845404482044172,114.75399780273438,118.06799850463867,-0.15421656030983055,0.03484969075950988,0.0,0.0,0.0,0.0,0.0,0.0,0.0,0.0
2024-07-30,111.5199966430664,111.98999786376952,102.54000091552734,103.7300033569336,486833300,117.0199966430664,1,NVDA,-0.07043635844522522,-0.0761488734887642,-0.12041038676753879,110.98199920654297,115.80499877929688,0.9618342943702674,0.04144076163366228,0.0,0.0,0.0,0.0,0.0,0.0,0.0,0.0
2024-07-31,112.9000015258789,118.33999633789062,110.87999725341795,117.0199966430664,473174200,109.20999908447266,0,NVDA,0.12812101471164627,0.03502564275592124,-0.052776462879574604,111.53599853515625,115.70799865722657,-0.028057037182953604,0.06624985287685017,0.0,0.0,0.0,0.0,0.0,0.0,0.0,0.0
2024-08-01,117.52999877929688,120.16000366210938,106.80999755859376,109.20999908447266,523462300,107.2699966430664,0,NVDA,-0.06674070913209607,-0.021328052079251036,-0.10914428300119317,110.9219985961914,114.51999893188477,0.10627819521858961,0.07015924314047406,0.0,0.0,0.0,0.0,0.0,0.0,0.0,0.0
2024-08-02,103.76000213623048,108.72000122070312,101.37000274658205,107.2699966430664,482027500,100.4499969482422,0,NVDA,-0.01776396353511256,0.03412699480931991,-0.061094121286070835,109.76399841308594,113.45399856567383,-0.07915527058968719,0.06620920577969856,0.0,0.0,0.0,0.0,0.0,0.0,0.0,0.0
2024-08-05,92.05999755859376,103.41000366210938,90.69000244140624,100.4499969482422,552842400,104.25,1,NVDA,-0.06357788671810338,-0.14159972799662524,-0.10536161346339445,107.53599853515625,111.1449981689453,0.14691049784503996,0.06961392242305785,0.0,0.0,0.0,0.0,0.0,0.0,0.0,0.0
2024-08-06,103.83999633789062,107.70999908447266,100.5500030517578,104.25,409012100,98.91000366210938,0,NVDA,0.037829797582928704,-0.04541707834496134,-0.07792320669410902,107.63999786376954,109.31099853515624,-0.2601651031107599,0.07208125401140378,0.0,0.0,0.0,0.0,0.0,0.0,0.0,0.0
2024-08-07,107.80999755859376,108.8000030517578,98.69000244140624,98.91000366210938,411440400,104.97000122070312,1,NVDA,-0.05122298645458634,-0.07793412177287873,-0.11363019170093591,104.01799926757812,107.7769989013672,0.005936988172232649,0.07382891227269656,0.0,0.0,0.0,0.0,0.0,0.0,0.0,0.0
2024-08-08,102.0,105.5,97.5199966430664,104.97000122070312,391910000,104.75,0,NVDA,0.061267792278074884,0.04499755509987624,0.011954090654973992,103.16999969482421,107.0459991455078,-0.04746835750694389,0.07407692791241512,0.0,0.0,0.0,0.0,0.0,0.0,0.0,0.0
2024-08-09,105.63999938964844,106.5999984741211,103.43000030517578,104.75,290844200,109.0199966430664,1,NVDA,-0.0020958485104765057,0.004796163069544335,-0.10485384545422838,102.66600036621094,106.21499938964844,-0.25788012553902684,0.05021603094488129,0.0,0.0,0.0,0.0,0.0,0.0,0.0,0.0
2024-08-12,106.31999969482422,111.06999969482422,106.26000213623048,109.0199966430664,325559900,116.13999938964844,1,NVDA,0.04076369110325917,0.10221405931289018,-0.0017397897903037585,104.38000030517578,105.95799942016602,0.11936184390130533,0.048007887768881534,0.0,0.0,0.0,0.0,0.0,0.0,0.0,0.0
2024-08-13,112.44000244140624,116.2300033569336,111.58000183105467,116.13999938964844,312646700,118.08000183105467,1,NVDA,0.06530914479747296,0.10641133694435223,0.0826885711211156,106.75800018310547,107.1989990234375,-0.039664590141476275,0.05270824626399864,0.0,0.0,0.0,0.0,0.0,0.0,0.0,0.0
2024-08-14,118.52999877929688,118.5999984741211,114.06999969482422,118.08000183105467,339246400,122.86000061035156,1,NVDA,0.016703999066657094,0.1272553874086364,0.17551025802316844,110.59199981689453,107.30499954223633,0.08507910046707678,0.04074370495111681,0.0,0.0,0.0,0.0,0.0,0.0,0.0,0.0
2024-08-15,118.76000213623048,123.23999786376952,117.47000122070312,122.86000061035156,318086700,124.58000183105467,1,NVDA,0.04048101884463007,0.12694922393547303,0.17851319530313248,114.16999969482421,108.66999969482421,-0.06237265892873145,0.04090483395620115,0.0,0.0,0.0,0.0,0.0,0.0,0.0,0.0
2024-08-16,121.94000244140624,125.0,121.18000030517578,124.58000183105467,302589900,130.0,1,NVDA,0.01399968429235221,0.07267093581678186,0.259528836503107,118.13600006103516,110.40100021362305,-0.0487187927065168,0.025210012434315247,0.0,0.0,0.0,0.0,0.0,0.0,0.0,0.0
2024-08-19,124.27999877929688,130.0,123.41999816894533,130.0,318333600,127.25,0,NVDA,0.043506165430110544,0.10094849241279746,0.23844906628771412,122.33200073242188,113.35600051879882,0.05202982650775856,0.02275619017169685,0.0,0.0,0.0,0.0,0.0,0.0,0.0,0.0
2024-08-20,128.39999389648438,129.8800048828125,125.88999938964844,127.25,300087400,128.5,1,NVDA,-0.02115384615384619,0.03573172202376296,0.21479713603818618,124.55400085449219,115.65600051879883,-0.05731785774420295,0.02795516821951242,0.0,0.0,0.0,0.0,0.0,0.0,0.0,0.0
2024-08-21,127.31999969482422,129.35000610351562,126.66000366210938,128.5,257883600,123.73999786376952,0,NVDA,0.00982318271119853,0.03146570967514761,0.1786828467873789,126.63800048828125,118.6150001525879,-0.14063836069091873,0.028141268114727707,0.0,0.0,0.0,0.0,0.0,0.0,0.0,0.0
2024-08-22,130.02000427246094,130.75,123.0999984741211,123.73999786376952,376189100,129.3699951171875,1,NVDA,-0.03704281818078192,-0.04815386258638832,0.06543825136956616,126.81399993896484,120.49199981689453,0.45875542298928673,0.029705160798844124,0.0,0.0,0.0,0.0,0.0,0.0,0.0,0.0
2024-08-23,125.86000061035156,129.60000610351562,125.22000122070312,129.3699951171875,323230300,126.45999908447266,0,NVDA,0.045498604740694004,0.01666007950638515,0.09561308529014267,127.77199859619141,122.95399932861328,-0.14077707195663036,0.03271451445182046,0.0,0.0,0.0,0.0,0.0,0.0,0.0,0.0
2024-08-26,129.57000732421875,131.25999450683594,124.37000274658205,126.45999908447266,331964700,128.3000030517578,1,NVDA,-0.02249359312473398,-0.015875493506049332,0.02930163158258825,127.06399841308594,124.6979995727539,0.02702221914220293,0.03274514825796757,0.0,0.0,0.0,0.0,0.0,0.0,0.0,0.0
2024-08-27,125.0500030517578,129.1999969482422,123.87999725341795,128.3000030517578,303134600,125.61000061035156,0,NVDA,0.014550086830667164,0.03685150530718939,0.029860340070855917,127.2739990234375,125.91399993896485,-0.08684688462357593,0.032772155711129784,0.0,0.0,0.0,0.0,0.0,0.0,0.0,0.0
2024-08-28,128.1199951171875,128.3300018310547,122.63999938964844,125.61000061035156,448101100,117.58999633789062,0,NVDA,-0.020966503331422914,-0.02906388381193037,-0.03376922607421873,126.69599914550781,126.66699981689453,0.4782248545695542,0.028865229906366436,0.0,0.0,0.0,0.0,0.0,0.0,0.0,0.0
2024-08-29,121.36000061035156,124.43000030517578,116.70999908447266,117.58999633789062,453023300,119.37000274658205,1,NVDA,-0.06384845341526102,-0.07014077819704123,-0.07591358477099708,125.46599884033203,126.13999938964844,0.010984574686382143,0.03646966302548778,0.0,0.0,0.0,0.0,0.0,0.0,0.0,0.0
2024-08-30,119.52999877929688,121.75,117.22000122070312,119.37000274658205,333751600,108.0,0,NVDA,0.015137396582415308,-0.06960249487736403,-0.07105056228340823,123.46600036621093,125.61899948120117,-0.26327939423866276,0.0370178224565563,0.0,0.0,0.0,0.0,0.0,0.0,0.0,0.0
2024-09-03,116.01000213623048,116.20999908447266,107.29000091552734,108.0,477155100,106.20999908447266,0,NVDA,-0.09525008364723031,-0.14019584845778843,-0.12720218308956444,119.77400054931641,123.41899948120117,0.4296713483920376,0.048798988221060255,0.0,0.0,0.0,0.0,0.0,0.0,0.0,0.0
2024-09-04,105.41000366210938,113.2699966430664,104.12000274658205,106.20999908447266,372470300,107.20999908447266,1,NVDA,-0.016574082551179092,-0.09677691647100617,-0.17902138754612906,115.35599975585937,121.31499938964843,-0.2193936520850348,0.04017303109483827,0.0,0.0,0.0,0.0,0.0,0.0,0.0,0.0
2024-09-05,104.98999786376952,109.6500015258789,104.76000213623048,107.20999908447266,306850700,102.83000183105467,0,NVDA,0.009415309374070091,-0.10186816940873,-0.15222204759895186,111.67599945068359,119.18599929809571,-0.1761740466286842,0.042519812479411806,0.0,0.0,0.0,0.0,0.0,0.0,0.0,0.0
2024-09-06,108.04000091552734,108.1500015258789,100.9499969482422,102.83000183105467,413638100,106.47000122070312,1,NVDA,-0.04085437264081038,-0.047870353416160416,-0.1985191006615037,108.7240005493164,117.09499969482422,0.3480109382184886,0.039523587179723235,0.0,0.0,0.0,0.0,0.0,0.0,0.0,0.0
2024-09-09,104.87999725341795,106.5500030517578,103.69000244140624,106.47000122070312,273912000,108.0999984741211,1,NVDA,0.03539822352263311,0.0024480005505289615,-0.15237639755310295,106.14400024414063,114.80500030517578,-0.3377979446284083,0.0468357265570393,0.0,0.0,0.0,0.0,0.0,0.0,0.0,0.0
2024-09-10,107.80999755859376,109.4000015258789,104.9499969482422,108.0999984741211,268283700,116.91000366210938,1,NVDA,0.015309450875642616,0.008301458793476879,-0.08070412585523312,106.16399993896485,112.96900024414063,-0.02054784018224831,0.04465672081838295,0.0,0.0,0.0,0.0,0.0,0.0,0.0,0.0
2024-09-11,109.38999938964844,117.19000244140624,107.41999816894533,116.91000366210938,441422400,119.13999938964844,1,NVDA,0.08149866153881002,0.13692503724922167,-0.020608184869486457,108.30400085449219,111.83000030517579,0.645356762263231,0.05659356091768682,0.0,0.0,0.0,0.0,0.0,0.0,0.0,0.0
2024-09-12,116.83999633789062,120.79000091552734,115.37999725341795,119.13999938964844,366052700,119.0999984741211,0,NVDA,0.019074464611122055,0.1190006388999798,0.10314814249674487,110.69000091552735,111.18300018310546,-0.1707428077958889,0.03873467485194812,0.0,0.0,0.0,0.0,0.0,0.0,0.0,0.0
2024-09-13,119.08000183105467,119.95999908447266,117.5999984741211,119.0999984741211,238358300,116.77999877929688,0,NVDA,-0.0003357471523608435,0.10175763325874021,0.1213633320851133,113.94400024414062,111.33400039672851,-0.34884157390452253,0.0369929742171637,0.0,0.0,0.0,0.0,0.0,0.0,0.0,0.0
2024-09-16,116.79000091552734,118.18000030517578,114.36000061035156,116.77999877929688,248772300,115.58999633789062,0,NVDA,-0.019479426738433836,-0.0011120082006689236,0.0892640591040752,116.00599975585938,111.075,0.04369052808314211,0.03951583418934435,0.0,0.0,0.0,0.0,0.0,0.0,0.0,0.0
2024-09-17,118.16999816894533,118.8000030517578,114.83000183105467,115.58999633789062,231925900,113.37000274658205,0,NVDA,-0.010190122057247453,-0.029796903390501894,0.12408824545000097,117.50399932861328,111.83399963378906,-0.0677181502924562,0.03385157078533752,0.0,0.0,0.0,0.0,0.0,0.0,0.0,0.0
2024-09-18,115.88999938964844,117.6999969482422,113.22000122070312,113.37000274658205,310318900,117.87000274658205,1,NVDA,-0.019205758816871477,-0.04811079597775225,0.06480700147242247,116.7959991455078,112.55,0.3380088209208201,0.0352550084967147,0.0,0.0,0.0,0.0,0.0,0.0,0.0,0.0
2024-09-19,117.3499984741211,119.66000366210938,117.25,117.87000274658205,293506400,116.0,0,NVDA,0.03969303952526948,0.00933382410240613,0.0903793192448552,116.54199981689453,113.61600036621094,-0.054178137393500636,0.03707926566492355,0.0,0.0,0.0,0.0,0.0,0.0,0.0,0.0
2024-09-20,117.05999755859376,118.62000274658205,115.38999938964844,116.0,382462400,116.26000213623048,1,NVDA,-0.015864958878490154,0.00354705143264189,-0.00778379636989357,115.92200012207032,114.93300018310546,0.30308027354769784,0.02250053603508284,0.0,0.0,0.0,0.0,0.0,0.0,0.0,0.0
2024-09-23,116.5500030517578,116.98999786376952,114.86000061035156,116.26000213623048,206228500,120.87000274658205,1,NVDA,0.0022413977261248608,0.02549174666695997,-0.024173218634985005,115.81800079345703,115.9120002746582,-0.4607875179364037,0.020848717271052312,0.0,0.0,0.0,0.0,0.0,0.0,0.0,0.0
2024-09-24,116.5199966430664,121.8000030517578,115.37999725341795,120.87000274658205,354966800,123.51000213623048,1,NVDA,0.03965250753177929,0.02545176830486673,0.014861497020468573,116.8740020751953,117.18900070190429,0.7212305767631535,0.026508435709406357,0.0,0.0,0.0,0.0,0.0,0.0,0.0,0.0
2024-09-25,122.0199966430664,124.94000244140624,121.61000061035156,123.51000213623048,284692900,124.04000091552734,1,NVDA,0.021841642505655345,0.06474139772612486,0.057629760466539004,118.90200195312502,117.8490005493164,-0.19797316256055497,0.025400070098777316,0.0,0.0,0.0,0.0,0.0,0.0,0.0,0.0
2024-09-26,126.8000030517578,127.66999816894533,121.8000030517578,124.04000091552734,302582900,121.4000015258789,0,NVDA,0.004291140556473172,0.0669189629824749,0.07310325153861763,120.13600158691409,118.3390007019043,0.06283964229525929,0.024203750613905537,0.0,0.0,0.0,0.0,0.0,0.0,0.0,0.0
2024-09-27,123.97000122070312,124.02999877929688,119.26000213623048,121.4000015258789,271009200,121.44000244140624,1,NVDA,-0.02128345187167735,0.004384866114449215,0.0708300130965549,121.21600189208986,118.56900100708008,-0.10434727144197509,0.02463589221561021,0.0,0.0,0.0,0.0,0.0,0.0,0.0,0.0
2024-09-30,118.30999755859376,121.5,118.1500015258789,121.44000244140624,226553700,117.0,0,NVDA,0.0003294968288678479,-0.016759773775576914,0.03028760169370326,122.252001953125,119.03500137329101,-0.16403686664511763,0.020970118005177042,0.0,0.0,0.0,0.0,0.0,0.0,0.0,0.0
2024-10-01,121.7699966430664,122.44000244140624,115.79000091552734,117.0,302094500,118.8499984741211,1,NVDA,-0.03656128419091975,-0.0567558921603174,0.008620689655172376,121.47800140380859,119.17600173950196,0.3334344131214806,0.025320786847250473,0.0,0.0,0.0,0.0,0.0,0.0,0.0,0.0
2024-10-02,116.44000244140624,119.37999725341795,115.13999938964844,118.8499984741211,221845900,122.8499984741211,1,NVDA,0.015811952770265814,-0.021004967213400172,0.022277621626530797,120.54600067138672,119.72400131225587,-0.265640718384479,0.025899751745976883,0.0,0.0,0.0,0.0,0.0,0.0,0.0,0.0
2024-10-03,120.91999816894533,124.36000061035156,120.33999633789062,122.8499984741211,277118000,124.91999816894533,1,NVDA,0.03365586917420926,0.011610639034655534,0.01638120031891077,120.30800018310546,120.22200088500976,0.2491463669150522,0.024567262189815395,0.0,0.0,0.0,0.0,0.0,0.0,0.0,0.0
2024-10-04,124.94000244140624,125.04000091552734,121.83000183105467,124.91999816894533,243678100,127.72000122070312,1,NVDA,0.01684981457496959,0.06769229204226779,0.011416047351044734,121.01199951171876,121.1140007019043,-0.1206702559920323,0.023980531613764306,0.0,0.0,0.0,0.0,0.0,0.0,0.0,0.0
2024-10-07,124.98999786376952,130.63999938964844,124.9499969482422,127.72000122070312,346250200,132.88999938964844,1,NVDA,0.022414369939159018,0.0746319130034605,0.029667851322267458,122.26799926757812,122.26000061035157,0.4209327797614968,0.02523114688747996,0.0,0.0,0.0,0.0,0.0,0.0,0.0,0.0
2024-10-08,130.25999450683594,133.47999572753906,129.4199981689453,132.88999938964844,285722500,132.64999389648438,0,NVDA,0.04047915846799466,0.08172569019316933,0.0946457802253009,125.44599914550781,123.46200027465821,-0.1748091409044673,0.025525903280235508,0.0,0.0,0.0,0.0,0.0,0.0,0.0,0.0
2024-10-09,134.11000061035156,134.52000427246094,131.3800048828125,132.64999389648438,246191600,134.80999755859375,1,NVDA,-0.0018060463109819125,0.06187956965132835,0.0923088869377029,128.20599822998048,124.3759994506836,-0.13835417231754588,0.02571855363839888,0.0,0.0,0.0,0.0,0.0,0.0,0.0,0.0
2024-10-10,131.91000366210938,135.0,131.0,134.80999755859375,242311300,134.8000030517578,0,NVDA,0.016283481051608373,0.05551202842254077,0.15222220135550213,130.597998046875,125.45299911499023,-0.01576130136040388,0.01370245581524431,0.0,0.0,0.0,0.0,0.0,0.0,0.0,0.0
2024-10-11,134.00999450683594,135.77999877929688,133.66000366210938,134.8000030517578,170209500,138.07000732421875,1,NVDA,-7.41377272972521e-05,0.014372817148633033,0.13420281684824542,132.5739990234375,126.79299926757812,-0.2975585538107385,0.01577268000577137,0.0,0.0,0.0,0.0,0.0,0.0,0.0,0.0
2024-10-14,136.47000122070312,139.60000610351562,136.3000030517578,138.07000732421875,232347700,131.60000610351562,0,NVDA,0.02425819138301799,0.040859507554625196,0.12389099746959964,134.6440002441406,128.45599975585938,0.36506892976008976,0.014599923143250284,0.0,0.0,0.0,0.0,0.0,0.0,0.0,0.0
2024-10-15,137.8699951171875,138.57000732421875,128.74000549316406,131.60000610351562,377831000,135.72000122070312,1,NVDA,-0.04686029461496399,-0.02381122700994731,0.05347428780407171,134.38600158691406,129.91600036621094,0.6261447821519215,0.028185023852995813,0.0,0.0,0.0,0.0,0.0,0.0,0.0,0.0
2024-10-16,133.97999572753906,136.6199951171875,131.5800018310547,135.72000122070312,264879700,136.92999267578125,1,NVDA,0.031306952326026094,0.0068249120780217165,0.06263701787925768,135.0000030517578,131.60300064086914,-0.29894661899103037,0.029137126637220494,0.0,0.0,0.0,0.0,0.0,0.0,0.0,0.0
2024-10-17,139.33999633789062,140.88999938964844,136.8699951171875,136.92999267578125,306435900,138.0,1,NVDA,0.008915351047709352,-0.008256787049778946,0.03040103322061949,135.42400207519532,133.01100006103516,0.15688706986605627,0.025709512634335872,0.0,0.0,0.0,0.0,0.0,0.0,0.0,0.0
2024-10-18,138.6699981689453,138.89999389648438,137.27999877929688,138.0,176090200,143.7100067138672,1,NVDA,0.007814265547740673,0.04863217021016086,0.040331747830238074,136.06400146484376,134.31900024414062,-0.4253604097953275,0.025568313637832577,0.0,0.0,0.0,0.0,0.0,0.0,0.0,0.0
2024-10-21,138.1300048828125,143.7100067138672,138.0,143.7100067138672,264554500,143.58999633789062,0,NVDA,0.041376860245414315,0.05887124536766697,0.06601891044026709,137.19200134277344,135.91800079345703,0.5023805981252789,0.028812046098257046,0.0,0.0,0.0,0.0,0.0,0.0,0.0,0.0
2024-10-22,142.91000366210938,144.4199981689453,141.77999877929688,143.58999633789062,226311600,139.55999755859375,0,NVDA,-0.0008350871224681589,0.048638019559956724,0.06520766385114851,139.58999938964843,136.98800048828124,-0.14455584766087892,0.028855741087667988,0.0,0.0,0.0,0.0,0.0,0.0,0.0,0.0
2024-10-23,142.02999877929688,142.42999267578125,137.4600067138672,139.55999755859375,285930000,140.41000366210938,1,NVDA,-0.028066013525159694,0.011304330134737306,0.010791556133376456,140.35799865722657,137.6790008544922,0.2634350161458803,0.031065458638030723,0.0,0.0,0.0,0.0,0.0,0.0,0.0,0.0
2024-10-24,140.82000732421875,141.35000610351562,138.4600067138672,140.41000366210938,172354900,141.5399932861328,1,NVDA,0.006090614204537825,-0.022962931581572144,0.06694526709720572,141.0540008544922,138.23900146484374,-0.39721295421956426,0.022451810244438576,0.0,0.0,0.0,0.0,0.0,0.0,0.0,0.0
2024-10-25,140.92999267578125,144.1300048828125,140.8000030517578,141.5399932861328,205122100,140.52000427246094,0,NVDA,0.008047785731440493,-0.014276781837460506,0.04288234610288155,141.76199951171876,138.91300048828126,0.19011469937901393,0.020307914880640182,0.0,0.0,0.0,0.0,0.0,0.0,0.0,0.0
2024-10-28,143.0,143.13999938964844,140.0500030517578,140.52000427246094,173586700,141.25,1,NVDA,-0.007206366130100728,0.006878810050595874,0.026217861598663905,141.1239990234375,139.15800018310546,-0.1537396506763532,0.02085440408016954,0.0,0.0,0.0,0.0,0.0,0.0,0.0,0.0
2024-10-29,140.2899932861328,142.25999450683594,138.89999389648438,141.25,157593600,139.33999633789062,0,NVDA,0.005194959474407845,0.005982453642776386,0.023550724637681153,140.65599975585937,140.1229995727539,-0.09213321066648539,0.02079564868075535,0.0,0.0,0.0,0.0,0.0,0.0,0.0,0.0
2024-10-30,139.5399932861328,140.3300018310547,136.80999755859375,139.33999633789062,179418100,132.75999450683594,0,NVDA,-0.013522149820243357,-0.015543288488044094,-0.030408532265101318,140.61199951171875,140.48499908447266,0.13848595374431438,0.013044190664442606,0.0,0.0,0.0,0.0,0.0,0.0,0.0,0.0
2024-10-31,137.60000610351562,137.61000061035156,132.11000061035156,132.75999450683594,270039600,135.39999389648438,1,NVDA,-0.047222635309237426,-0.055223523553121656,-0.07542309427719418,139.08199768066407,140.06799926757813,0.5050856073049486,0.02058013074488074,0.0,0.0,0.0,0.0,0.0,0.0,0.0,0.0
2024-11-01,134.6999969482422,137.30999755859375,134.57000732421875,135.39999389648438,207127800,136.0500030517578,1,NVDA,0.019885503908427138,-0.041415972414269864,-0.029807994660954407,137.85399780273437,139.80799865722656,-0.23297249736705283,0.02187504640096973,0.0,0.0,0.0,0.0,0.0,0.0,0.0,0.0
2024-11-04,137.2100067138672,138.9600067138672,135.57000732421875,136.0500030517578,187528200,139.91000366210938,1,NVDA,0.004800658674847469,-0.023611262900816943,-0.03105192291600334,136.95999755859376,139.04199829101563,-0.09462563692560821,0.021780072792442044,0.0,0.0,0.0,0.0,0.0,0.0,0.0,0.0
2024-11-05,137.4499969482422,140.3699951171875,137.3300018310547,139.91000366210938,160537400,145.61000061035156,1,NVDA,0.02837192593728277,0.053856654497716816,-0.011516106410492055,136.69199829101564,138.6739990234375,-0.14392928636866353,0.024838661854820015,0.0,0.0,0.0,0.0,0.0,0.0,0.0,0.0
2024-11-06,142.9600067138672,146.49000549316406,141.9600067138672,145.61000061035156,242043900,148.8800048828125,1,NVDA,0.040740453141635324,0.07540625682504021,0.03622257460241318,137.9459991455078,139.27899932861328,0.5077103528523572,0.029194887742071556,0.0,0.0,0.0,0.0,0.0,0.0,0.0,0.0
2024-11-07,146.38999938964844,148.92999267578125,146.1699981689453,148.8800048828125,207323300,147.6300048828125,0,NVDA,0.02245727806300457,0.09430357620920993,0.05401773368362828,141.1700012207031,140.1259994506836,-0.1434475316254613,0.029889169564268014,0.0,0.0,0.0,0.0,0.0,0.0,0.0,0.0
2024-11-08,148.77000427246094,149.77000427246094,146.25999450683594,147.6300048828125,175665800,145.25999450683594,0,NVDA,-0.008396023367838512,0.0551783362063758,0.05949482390410821,143.61600341796876,140.73500061035156,-0.15269629607477786,0.029333608862808537,0.0,0.0,0.0,0.0,0.0,0.0,0.0,0.0
2024-11-11,148.67999267578125,148.85000610351562,143.57000732421875,145.25999450683594,182325600,148.2899932861328,1,NVDA,-0.016053717385282607,-0.0024037229726564524,0.094154869819284,145.45800170898437,141.20899963378906,0.03791176199351276,0.020460220773719145,0.0,0.0,0.0,0.0,0.0,0.0,0.0,0.0
2024-11-12,146.77999877929688,149.64999389648438,146.00999450683594,148.2899932861328,198634700,146.27000427246094,0,NVDA,0.020859141497174383,-0.003963000922414639,0.0951994089416508,147.13399963378907,141.91299896240236,0.0894504117907744,0.02051714764350243,0.0,0.0,0.0,0.0,0.0,0.0,0.0,0.0
2024-11-13,149.07000732421875,149.3300018310547,145.89999389648438,146.27000427246094,191903300,146.75999450683594,1,NVDA,-0.013621883506152788,-0.009212223568177191,0.07511944866928899,147.26600036621093,142.6059997558594,-0.03388833874443886,0.022833086227903397,0.0,0.0,0.0,0.0,0.0,0.0,0.0,0.0
2024-11-14,147.63999938964844,149.0,145.5500030517578,146.75999450683594,194463300,141.97999572753906,0,NVDA,0.003349902372753677,0.010326311832053792,0.04895997902530036,146.8419982910156,144.00599975585936,0.01334005199493693,0.02151163287088578,0.0,0.0,0.0,0.0,0.0,0.0,0.0,0.0
2024-11-15,144.8699951171875,145.24000549316406,140.0800018310547,141.97999572753906,250132900,140.14999389648438,0,NVDA,-0.032570175512470656,-0.04255174215577917,-0.024929639912070978,145.71199645996094,144.66399993896485,0.28627303969437934,0.020178885058087008,0.0,0.0,0.0,0.0,0.0,0.0,0.0,0.0
2024-11-18,139.5,141.5500030517578,137.14999389648438,140.14999389648438,221205300,147.00999450683594,1,NVDA,-0.012889152599824594,-0.04184050179267551,-0.058637900994158,144.68999633789062,145.0739990234375,-0.1156489210335786,0.016754680951044237,0.0,0.0,0.0,0.0,0.0,0.0,0.0,0.0
2024-11-19,141.32000732421875,147.1300048828125,140.99000549316406,147.00999450683594,227834900,145.88999938964844,0,NVDA,0.04894756267644507,0.0017034614973929774,-0.004199758554968014,144.43399658203126,145.78399810791015,0.029970348811714675,0.027422176406247212,0.0,0.0,0.0,0.0,0.0,0.0,0.0,0.0
2024-11-20,147.41000366210938,147.55999755859375,142.72999572753906,145.88999938964844,309871700,146.6699981689453,1,NVDA,-0.007618496422264864,0.027539116634520244,0.004337084583758921,144.35799560546874,145.81199798583984,0.36007126212884866,0.02679171940939961,0.0,0.0,0.0,0.0,0.0,0.0,0.0,0.0
2024-11-21,149.35000610351562,152.88999938964844,140.6999969482422,146.6699981689453,400946600,141.9499969482422,0,NVDA,0.0053464855888691876,0.04652161652805109,-0.010924507320339782,144.33999633789062,145.59099731445312,0.2939116414954963,0.02547711123993771,0.0,0.0,0.0,0.0,0.0,0.0,0.0,0.0
2024-11-22,145.92999267578125,147.16000366210938,141.10000610351562,141.9499969482422,236406200,136.02000427246094,0,NVDA,-0.032181095518023284,-0.03441941192888398,-0.02953447185365332,144.33399658203126,145.0229965209961,-0.41037983611782713,0.02783086025881387,0.0,0.0,0.0,0.0,0.0,0.0,0.0,0.0
2024-11-25,141.99000549316406,142.0500030517578,135.82000732421875,136.02000427246094,344941900,136.9199981689453,1,NVDA,-0.04177522228438968,-0.06765367851449744,-0.07318063938653763,143.50799865722655,144.0989974975586,0.4591068254555084,0.03091481444171164,0.0,0.0,0.0,0.0,0.0,0.0,0.0,0.0
2024-11-26,137.6999969482422,139.3000030517578,135.6699981689453,136.9199981689453,190287700,135.33999633789062,0,NVDA,0.006616628938502345,-0.06647576274439737,-0.03563880624636684,141.48999938964843,142.96199798583984,-0.4483485479728615,0.0297555612020719,0.0,0.0,0.0,0.0,0.0,0.0,0.0,0.0
2024-11-27,135.00999450683594,137.22000122070312,131.8000030517578,135.33999633789062,226370900,138.25,1,NVDA,-0.011539598686709951,-0.04656569744599359,-0.03432035510573361,139.37999877929687,141.8689971923828,0.18962444761274644,0.029698681618773738,0.0,0.0,0.0,0.0,0.0,0.0,0.0,0.0
2024-11-29,136.77999877929688,139.35000610351562,136.0500030517578,138.25,141863200,138.6300048828125,1,NVDA,0.021501431512117364,0.016394615920406697,-0.059587748004633845,137.6959991455078,141.01799774169922,-0.37331520968463705,0.0223546088818531,0.0,0.0,0.0,0.0,0.0,0.0,0.0,0.0
2024-12-02,138.8300018310547,140.4499969482422,137.82000732421875,138.6300048828125,171682800,140.25999450683594,1,NVDA,0.0027486790800181904,0.012489093899615833,-0.04976348301603373,137.03200073242186,140.68299865722656,0.21019968533065647,0.02276406828168274,0.0,0.0,0.0,0.0,0.0,0.0,0.0,0.0
2024-12-03,138.25999450683594,140.5399932861328,137.9499969482422,140.25999450683594,164414000,145.13999938964844,1,NVDA,0.011757841496155885,0.03635287647460861,-0.04370357770595912,137.87999877929687,140.69399871826172,-0.042338545270696915,0.023463742831875946,0.0,0.0,0.0,0.0,0.0,0.0,0.0,0.0
2024-12-04,142.0,145.7899932861328,140.2899932861328,145.13999938964844,231224300,145.05999755859375,0,NVDA,0.03479256433718647,0.04983724694139924,0.022472719337707225,139.5239990234375,140.50699920654296,0.4063540817691924,0.024690614322759596,0.0,0.0,0.0,0.0,0.0,0.0,0.0,0.0
2024-12-05,145.11000061035156,146.5399932861328,143.9499969482422,145.05999755859375,172621200,142.44000244140625,0,NVDA,-0.0005512045706980162,0.046382402433128966,0.06646076313911031,141.46799926757814,140.4239990234375,-0.2534469776749243,0.015199971625737796,0.0,0.0,0.0,0.0,0.0,0.0,0.0,0.0
2024-12-06,144.60000610351562,145.6999969482422,141.30999755859375,142.44000244140625,188505600,138.80999755859375,0,NVDA,-0.018061458439837752,0.015542620989223543,0.04031554445136498,142.30599975585938,140.0009994506836,0.09201882503423686,0.01844938355506416,0.0,0.0,0.0,0.0,0.0,0.0,0.0,0.0
2024-12-09,138.97000122070312,139.9499969482422,137.1300048828125,138.80999755859375,189308600,135.07000732421875,0,NVDA,-0.02548444833329544,-0.04361307604846354,0.025639140790575388,142.3419982910156,139.68699951171874,0.004259820397908509,0.021184687755271082,0.0,0.0,0.0,0.0,0.0,0.0,0.0,0.0
2024-12-10,139.00999450683594,141.82000732421875,133.7899932861328,135.07000732421875,210020900,139.30999755859375,1,NVDA,-0.026943233917976928,-0.06886798843588682,-0.02300175534018989,141.3040008544922,139.59199981689454,0.10941024338038519,0.022326044646675893,0.0,0.0,0.0,0.0,0.0,0.0,0.0,0.0
2024-12-11,137.36000061035156,140.1699981689453,135.2100067138672,139.30999755859375,184905200,137.33999633789062,0,NVDA,0.03139105652224794,-0.021974198463665773,0.004905090181278382,140.13800048828125,139.83099975585938,-0.11958666970763387,0.025914215007188105,0.0,0.0,0.0,0.0,0.0,0.0,0.0,0.0
2024-12-12,137.0800018310547,138.44000244140625,135.8000030517578,137.33999633789062,159211400,134.25,0,NVDA,-0.014141133122011151,-0.01059002410890908,-0.02081846772639795,138.59400024414063,140.03099975585937,-0.13895661127972603,0.025968724388943303,0.0,0.0,0.0,0.0,0.0,0.0,0.0,0.0
2024-12-13,138.94000244140625,139.60000610351562,132.5399932861328,134.25,231514900,132.0,0,NVDA,-0.02249888175538073,-0.006070980082576227,-0.07503100065759771,136.95599975585938,139.63099975585936,0.45413519383662226,0.02066417184754724,0.0,0.0,0.0,0.0,0.0,0.0,0.0,0.0
2024-12-16,134.17999267578125,134.39999389648438,130.4199981689453,132.0,237951100,130.38999938964844,0,NVDA,-0.016759776536312887,-0.05247288555524643,-0.09003169570107328,135.59400024414063,138.96799926757814,0.027800370516109396,0.02021470513938674,0.0,0.0,0.0,0.0,0.0,0.0,0.0,0.0
2024-12-17,129.08999633789062,131.58999633789062,126.86000061035156,130.38999938964844,259410300,128.91000366210938,0,NVDA,-0.01219697432084521,-0.050604318724047914,-0.0845970432829406,134.65799865722656,137.9809997558594,0.0901832351268812,0.020101529522894374,0.0,0.0,0.0,0.0,0.0,0.0,0.0,0.0
2024-12-18,133.86000061035156,136.6999969482422,128.27999877929688,128.91000366210938,277444500,130.67999267578125,1,NVDA,-0.011350530979882478,-0.03977650903456709,-0.07132046733381314,132.5779998779297,136.35800018310547,0.06951998436453755,0.01925753744928907,0.0,0.0,0.0,0.0,0.0,0.0,0.0,0.0
2024-12-19,131.75999450683594,134.02999877929688,129.5500030517578,130.67999267578125,209719200,134.6999969482422,1,NVDA,0.013730424043049805,-0.010000055486505732,-0.03250177249120756,131.24599914550782,134.9199996948242,-0.2441039559263204,0.019552866948137463,0.0,0.0,0.0,0.0,0.0,0.0,0.0,0.0
2024-12-20,129.80999755859375,135.27999877929688,128.22000122070312,134.6999969482422,306528600,139.6699981689453,1,NVDA,0.030762201544000778,0.03305466353837505,-0.03309167102965882,131.33599853515625,134.1459991455078,0.46161438723779225,0.019360731392848423,0.0,0.0,0.0,0.0,0.0,0.0,0.0,0.0
2024-12-23,136.27999877929688,139.7899932861328,135.1199951171875,139.6699981689453,176053500,140.22000122070312,1,NVDA,0.03689681761917796,0.08346904197628713,0.01696520964892345,132.8699981689453,134.23199920654298,-0.42565391940588904,0.024192179261022982,0.0,0.0,0.0,0.0,0.0,0.0,0.0,0.0
2024-12-24,140.0,141.89999389648438,138.64999389648438,140.22000122070312,105157000,139.92999267578125,0,NVDA,0.003937875413247527,0.07300282430066218,0.04446928283577756,134.83599853515625,134.74699859619142,-0.40269861150161745,0.02152776137793358,0.0,0.0,0.0,0.0,0.0,0.0,0.0,0.0
2024-12-26,139.6999969482422,140.85000610351562,137.72999572753906,139.92999267578125,116205600,137.00999450683594,0,NVDA,-0.0020682394979116836,0.03882699217542429,0.06007570208925195,137.0399963378906,134.80899810791016,0.10506766073585205,0.019511726399018246,0.0,0.0,0.0,0.0,0.0,0.0,0.0,0.0
2024-12-27,138.5500030517578,139.02000427246094,134.7100067138672,137.00999450683594,170582600,137.49000549316406,1,NVDA,-0.02086756465221129,-0.01904491799943908,0.05077072741909272,138.30599670410157,134.7759979248047,0.46793786185863673,0.02124507067368298,0.0,0.0,0.0,0.0,0.0,0.0,0.0,0.0
2024-12-30,134.8300018310547,140.27000427246094,134.02000427246094,137.49000549316406,167734700,134.2899932861328,0,NVDA,0.0035034742396415908,-0.0194693745811777,0.06655807607875053,138.86399841308594,135.0999984741211,-0.016695137722135822,0.019762842767861315,0.0,0.0,0.0,0.0,0.0,0.0,0.0,0.0
2024-12-31,138.02999877929688,138.07000732421875,133.8300018310547,134.2899932861328,155659200,138.30999755859375,1,NVDA,-0.0232745078127905,-0.04030586496717936,0.027624738389051107,137.78799743652343,135.32899780273436,-0.07199166302500315,0.023085606429879633,0.0,0.0,0.0,0.0,0.0,0.0,0.0,0.0
2025-01-02,136.0,138.8800048828125,134.6300048828125,138.30999755859375,198247200,144.47000122070312,1,NVDA,0.029935248145373627,0.009488381168374804,0.02680030209457751,137.40599670410157,136.1209976196289,0.27359770575719256,0.02292816903951971,0.0,0.0,0.0,0.0,0.0,0.0,0.0,0.0
2025-01-03,140.00999450683594,144.89999389648438,139.72999572753906,144.47000122070312,229322500,149.42999267578125,1,NVDA,0.04453766011744564,0.05076729542996561,0.03436674385827443,138.31399841308593,137.67699737548827,0.15675025927226205,0.024855679354022976,0.0,0.0,0.0,0.0,0.0,0.0,0.0,0.0
2025-01-06,148.58999633789062,152.16000366210938,147.82000732421875,149.42999267578125,265377400,140.13999938964844,0,NVDA,0.03433232791007512,0.11274108382289905,0.06568243741905122,140.797998046875,139.55199737548827,0.15722356070599264,0.027166150180298283,0.0,0.0,0.0,0.0,0.0,0.0,0.0,0.0
2025-01-07,153.02999877929688,153.1300048828125,140.00999450683594,140.13999938964844,351782200,140.11000061035156,0,NVDA,-0.06216953584605567,0.013231160894782157,0.0015007984339268088,141.32799682617187,140.09599761962892,0.32559215667950614,0.03853088931185456,0.0,0.0,0.0,0.0,0.0,0.0,0.0,0.0
2025-01-08,142.5800018310547,143.9499969482422,137.55999755859375,140.11000061035156,227349900,135.91000366210938,0,NVDA,-0.0002140629329779875,-0.030179279944013482,0.02262613114228662,142.49199829101562,140.13999786376954,-0.3537197163472171,0.03736317280214465,0.0,0.0,0.0,0.0,0.0,0.0,0.0,0.0
2025-01-10,137.4499969482422,139.9199981689453,134.22000122070312,135.91000366210938,207602500,133.22999572753906,0,NVDA,-0.029976425165555876,-0.09047707740310362,-0.01149175771276878,142.01199951171876,139.70899810791016,-0.08685906613550298,0.03949083021379453,0.0,0.0,0.0,0.0,0.0,0.0,0.0,0.0
2025-01-13,129.99000549316406,133.49000549316406,129.50999450683594,133.22999572753906,204808900,131.75999450683594,0,NVDA,-0.019718989495675188,-0.0493078613686635,-0.00789334731989455,139.76399841308594,139.03899841308595,-0.013456485350609948,0.039177845619791055,0.0,0.0,0.0,0.0,0.0,0.0,0.0,0.0
2025-01-14,136.0500030517578,136.3800048828125,130.0500030517578,131.75999450683594,195590500,136.24000549316406,1,NVDA,-0.011033560518228458,-0.0595960749920853,-0.04735740848367065,136.22999877929686,138.51399841308594,-0.045009762759333216,0.03687127043679281,0.0,0.0,0.0,0.0,0.0,0.0,0.0,0.0
2025-01-15,133.64999389648438,136.4499969482422,131.2899932861328,136.24000549316406,185217300,133.57000732421875,0,NVDA,0.034001299127981444,0.0024280908112923605,-0.05696681427285588,135.45,138.38899841308594,-0.05303529568153875,0.034593790425413364,0.0,0.0,0.0,0.0,0.0,0.0,0.0,0.0
2025-01-16,138.63999938964844,138.75,133.49000549316406,133.57000732421875,209235600,137.7100067138672,1,NVDA,-0.019597754413473556,0.0025520649071777424,-0.1061365597867221,134.14200134277343,138.31699981689454,0.129676331530586,0.02922950921126316,0.0,0.0,0.0,0.0,0.0,0.0,0.0,0.0
2025-01-17,136.69000244140625,138.5,135.4600067138672,137.7100067138672,201188800,140.8300018310547,1,NVDA,0.030994977634457133,0.04515795730943628,-0.017339750866023906,134.502001953125,138.2570007324219,-0.03845808265897388,0.025415021802024335,0.0,0.0,0.0,0.0,0.0,0.0,0.0,0.0
2025-01-21,139.16000366210938,141.8300018310547,137.08999633789062,140.8300018310547,197749000,147.07000732421875,1,NVDA,0.02265627016975036,0.03369051785689292,0.005138828189041655,136.02200317382812,137.89300079345702,-0.01709737321361826,0.0271282534368298,0.0,0.0,0.0,0.0,0.0,0.0,0.0,0.0
2025-01-22,144.66000366210938,147.7899932861328,143.6699981689453,147.07000732421875,237651400,147.22000122070312,1,NVDA,0.044308779464831805,0.10107059414342179,0.08211318785521238,139.0840057373047,137.6570022583008,0.20178306843523863,0.027497035098541355,0.0,0.0,0.0,0.0,0.0,0.0,0.0,0.0
2025-01-23,145.0500030517578,147.22999572753906,143.72000122070312,147.22000122070312,155915500,142.6199951171875,0,NVDA,0.0010198809343477944,0.0690581224543525,0.10500642454251974,141.2800048828125,138.36500244140626,-0.34393191035272674,0.024507492125719066,0.0,0.0,0.0,0.0,0.0,0.0,0.0,0.0
2025-01-24,148.3699951171875,148.97000122070312,141.8800048828125,142.6199951171875,234657600,118.41999816894533,0,NVDA,-0.031245795852287594,0.012710312169704974,0.08242259458949897,143.09000244140626,138.61600189208986,0.5050306095288795,0.028841417401023105,0.0,0.0,0.0,0.0,0.0,0.0,0.0,0.0
2025-01-27,124.8000030517578,128.39999389648438,116.6999969482422,118.41999816894533,818830900,128.99000549316406,1,NVDA,-0.16968165598629847,-0.19480524735484583,-0.1307986392081647,139.23200073242188,136.86700134277345,2.4894710420629886,0.07243396278268174,0.0,0.0,0.0,0.0,0.0,0.0,0.0,0.0
2025-01-28,121.80999755859376,129.0,116.25,128.99000549316406,579666400,123.6999969482422,0,NVDA,0.08925863441695814,-0.12382825415284282,-0.0342891486105672,136.86400146484374,136.44300231933593,-0.29208045275282113,0.08281562862122735,0.0,0.0,0.0,0.0,0.0,0.0,0.0,0.0
2025-01-29,126.5,126.88999938964844,120.0500030517578,123.6999969482422,467120600,124.6500015258789,1,NVDA,-0.04101099557827537,-0.1326602076616198,-0.10173559714316827,132.18999938964845,135.63700256347656,-0.19415615602353353,0.08253286035191684,0.0,0.0,0.0,0.0,0.0,0.0,0.0,0.0
2025-01-30,123.0999984741211,125.0,118.0999984741211,124.6500015258789,392925500,120.06999969482422,0,NVDA,0.007679907850233869,0.05260938568877083,-0.11489029393456918,127.67599945068359,134.47800216674804,-0.15883499892747188,0.08167135863826819,0.0,0.0,0.0,0.0,0.0,0.0,0.0,0.0
2025-01-31,123.77999877929688,127.8499984741211,119.19000244140624,120.06999969482422,388161100,116.66000366210938,0,NVDA,-0.03674289430396693,-0.0691526894989749,-0.1835860901935803,123.16600036621094,133.12800140380858,-0.012125453807401154,0.0776331183436116,0.0,0.0,0.0,0.0,0.0,0.0,0.0,0.0
2025-02-03,114.75,118.56999969482422,113.01000213623048,116.66000366210938,371235700,118.6500015258789,1,NVDA,-0.028400066972448235,-0.05691183071797856,-0.20758047347642727,122.81400146484376,131.02300109863282,-0.043604060272912415,0.07672915556473207,0.0,0.0,0.0,0.0,0.0,0.0,0.0,0.0
2025-02-04,116.95999908447266,121.1999969482422,116.6999969482422,118.6500015258789,256550000,124.83000183105467,1,NVDA,0.01705809875965114,-0.04813477678742206,-0.16806895534958488,120.74600067138672,128.80500106811525,-0.3089296099486122,0.07874615387588893,0.0,0.0,0.0,0.0,0.0,0.0,0.0,0.0
2025-02-05,121.76000213623048,125.0,120.76000213623048,124.83000183105467,262230800,128.67999267578125,1,NVDA,0.052085969032438895,0.039643559159896036,0.0541294018005678,120.97200164794921,126.58100051879883,0.022143052036640132,0.048913962213503644,0.0,0.0,0.0,0.0,0.0,0.0,0.0,0.0
2025-02-06,127.41999816894533,128.77000427246094,125.20999908447266,128.67999267578125,251483600,129.83999633789062,1,NVDA,0.030841871250928632,0.1030343617036582,-0.002403386341426561,121.77799987792969,124.72699966430665,-0.040983744091083074,0.0361762081343621,0.0,0.0,0.0,0.0,0.0,0.0,0.0,0.0
2025-02-07,129.22000122070312,130.3699951171875,125.0,129.83999633789062,228186300,133.57000732421875,1,NVDA,0.009014638857122836,0.09431095379776333,0.04963621294362275,123.73199920654297,123.44899978637696,-0.09263944050427142,0.03128511761646524,0.0,0.0,0.0,0.0,0.0,0.0,0.0,0.0
2025-02-10,130.08999633789062,135.0,129.9600067138672,133.57000732421875,216989100,132.8000030517578,0,NVDA,0.0287277502428549,0.07001526367830091,0.07156041467426655,127.11399993896484,124.9640007019043,-0.049070430608673665,0.032315210936786,0.0,0.0,0.0,0.0,0.0,0.0,0.0,0.0
2025-02-11,132.5800018310547,134.47999572753906,131.02000427246094,132.8000030517578,178902400,131.13999938964844,0,NVDA,-0.005764799208192617,0.03201748997885967,0.10602151569325224,129.94400024414062,125.34500045776367,-0.17552356316515438,0.026360618741118197,0.0,0.0,0.0,0.0,0.0,0.0,0.0,0.0
2025-02-12,130.02000427246094,132.24000549316406,129.0800018310547,131.13999938964844,160278600,135.2899932861328,1,NVDA,-0.012500027288872895,0.010012346645287495,0.12412133784496104,131.20599975585938,126.0890007019043,-0.10410033627273862,0.02240680372481226,0.0,0.0,0.0,0.0,0.0,0.0,0.0,0.0
2025-02-13,131.55999755859375,136.5,131.1699981689453,135.2899932861328,197430000,138.85000610351562,1,NVDA,0.031645523225554806,0.012877037265851765,0.14024434510120543,132.5279998779297,127.15299987792969,0.23179264106374764,0.023074323038802018,0.0,0.0,0.0,0.0,0.0,0.0,0.0,0.0
2025-02-14,136.47999572753906,139.25,135.5,138.85000610351562,195479600,139.39999389648438,1,NVDA,0.026313940380302325,0.0455572508488562,0.11231277791244176,134.3300018310547,129.03100051879883,-0.009878944436002679,0.01855717181970854,0.0,0.0,0.0,0.0,0.0,0.0,0.0,0.0
2025-02-18,141.27000427246094,143.44000244140625,137.92999267578125,139.39999389648438,219176600,139.22999572753906,0,NVDA,0.003961021021192668,0.06298608010736295,0.08330744350998653,135.49599914550782,131.30499954223632,0.1212249257723057,0.017602381121988347,0.0,0.0,0.0,0.0,0.0,0.0,0.0,0.0
2025-02-19,139.50999450683594,141.36000061035156,137.22000122070312,139.22999572753906,167536000,140.11000061035156,1,NVDA,-0.0012194991132606914,0.029122644962168875,0.07231977552750579,136.78199768066406,133.36299896240234,-0.23561183082500592,0.01826807314568924,0.0,0.0,0.0,0.0,0.0,0.0,0.0,0.0
2025-02-20,140.02999877929688,140.66000366210938,136.7899932861328,140.11000061035156,143903600,134.42999267578125,0,NVDA,0.006320512172783399,0.009074500910692063,0.048963037564698775,138.57599792480468,134.89099884033203,-0.14105863814344377,0.016334371099849837,0.0,0.0,0.0,0.0,0.0,0.0,0.0,0.0
2025-02-21,140.0399932861328,141.4600067138672,134.02999877929688,134.42999267578125,228217600,130.27999877929688,0,NVDA,-0.04053963250179782,-0.035652808022314186,0.012274017971130258,138.40399780273438,135.46599884033202,0.5859061204862144,0.024230742955997597,0.0,0.0,0.0,0.0,0.0,0.0,0.0,0.0
2025-02-24,136.55999755859375,138.58999633789062,130.0800018310547,130.27999877929688,251381100,126.62999725341795,0,NVDA,-0.030871041602251292,-0.06428210315941219,-0.006557881762651929,136.68999633789062,135.50999908447267,0.10149743052244875,0.026909475490546442,0.0,0.0,0.0,0.0,0.0,0.0,0.0,0.0
2025-02-25,129.97999572753906,130.1999969482422,124.44000244140624,126.62999725341795,271428700,131.27999877929688,1,NVDA,-0.028016591649361877,-0.09621014415967166,-0.06401061765447291,134.13599700927733,134.81599807739258,0.07974983003893299,0.02430665371124007,0.0,0.0,0.0,0.0,0.0,0.0,0.0,0.0
2025-02-26,129.99000549316406,133.72999572753906,128.49000549316406,131.27999877929688,322553800,120.1500015258789,0,NVDA,0.03672116897051736,-0.023432225456424316,-0.05451931574691582,132.5459976196289,134.66399765014648,0.18835554235790108,0.027005815693499004,0.0,0.0,0.0,0.0,0.0,0.0,0.0,0.0
2025-02-27,135.0,135.00999450683594,120.01000213623048,120.1500015258789,443175800,124.91999816894533,1,NVDA,-0.08478060143898469,-0.07775558296234608,-0.13809177341069412,128.5539978027344,133.56499786376952,0.37395932089468475,0.03886472828230577,0.0,0.0,0.0,0.0,0.0,0.0,0.0,0.0
2025-02-28,118.0199966430664,125.08999633789062,116.4000015258789,124.91999816894533,389091100,114.05999755859376,0,NVDA,0.039700346088127336,-0.013503902089253783,-0.10277955898667945,126.6519989013672,132.5279983520508,-0.12203892902094382,0.04483843938636296,0.0,0.0,0.0,0.0,0.0,0.0,0.0,0.0
2025-03-03,123.51000213623048,123.6999969482422,112.27999877929688,114.05999755859376,411381400,115.98999786376952,1,NVDA,-0.08693564496906403,-0.13117002879968598,-0.18592536534350124,123.40799865722656,130.0489974975586,0.057288126096947556,0.051047144438835686,0.0,0.0,0.0,0.0,0.0,0.0,0.0,0.0
2025-03-04,110.6500015258789,119.30999755859376,110.11000061035156,115.98999786376952,398163300,117.3000030517578,1,NVDA,0.016920921852416226,-0.03462341747214526,-0.137171731136558,121.27999877929688,127.7079978942871,-0.03213101029847243,0.05323353829299572,0.0,0.0,0.0,0.0,0.0,0.0,0.0,0.0
2025-03-05,117.58000183105467,118.27999877929688,114.51000213623048,117.3000030517578,284337900,110.56999969482422,0,NVDA,0.01129412201151081,-0.060999001191803015,-0.09963153092692356,118.48399963378907,125.51499862670899,-0.2858761719123787,0.05412489005883794,0.0,0.0,0.0,0.0,0.0,0.0,0.0,0.0
2025-03-06,113.52999877929688,115.3499984741211,110.22000122070312,110.56999969482422,321181900,112.69000244140624,1,NVDA,-0.05737428117511656,-0.030597912839483432,-0.12682616999867502,116.56799926757813,122.56099853515624,0.1295782236557279,0.056514182695676624,0.0,0.0,0.0,0.0,0.0,0.0,0.0,0.0
2025-03-07,111.25,113.4800033569336,107.55999755859376,112.69000244140624,341755500,106.9800033569336,0,NVDA,0.019173399226130705,-0.028450689569277654,-0.1416057016358102,114.12200012207032,120.38699951171876,0.06405591348703021,0.054028286471187154,0.0,0.0,0.0,0.0,0.0,0.0,0.0,0.0
2025-03-10,109.9000015258789,111.8499984741211,105.45999908447266,106.9800033569336,366487400,108.76000213623048,1,NVDA,-0.05066997036797105,-0.08797953475133824,-0.1096129671384869,112.70600128173828,118.05699996948242,0.07236723329982975,0.04849698378543627,0.0,0.0,0.0,0.0,0.0,0.0,0.0,0.0
2025-03-11,106.98999786376952,112.23999786376952,104.7699966430664,108.76000213623048,354865700,115.73999786376952,1,NVDA,0.016638612109199702,-0.016369698504018926,-0.12936276232456878,111.26000213623047,116.27000045776367,-0.03171104927481816,0.04476902049930371,0.0,0.0,0.0,0.0,0.0,0.0,0.0,0.0
2025-03-12,114.12000274658205,116.76000213623048,112.87999725341795,115.73999786376952,323857500,115.58000183105467,0,NVDA,0.06417796607613191,0.02706535944880417,0.014729092943498667,110.94800109863282,114.71600036621093,-0.08738009900646926,0.04277526070937562,0.0,0.0,0.0,0.0,0.0,0.0,0.0,0.0
2025-03-13,117.02999877929688,117.76000213623048,113.79000091552734,115.58000183105467,299033100,121.66999816894533,1,NVDA,-0.0013823745953681632,0.08038884094467269,-0.0035347533430976075,111.9500015258789,114.25900039672851,-0.0766522313054353,0.04233104314555433,0.0,0.0,0.0,0.0,0.0,0.0,0.0,0.0
2025-03-14,118.61000061035156,121.87999725341795,118.1500015258789,121.66999816894533,277593500,119.52999877929688,0,NVDA,0.052690744431658,0.11870168976775175,0.037254859364831416,113.74600067138672,113.93400039672852,-0.071696410865553,0.0467858235265075,0.0,0.0,0.0,0.0,0.0,0.0,0.0,0.0
2025-03-17,122.73999786376952,122.88999938964844,118.02999877929688,119.52999877929688,255501500,115.43000030517578,0,NVDA,-0.01758855446580143,0.03274581808778265,0.08103463063400973,116.25599975585938,114.48100051879882,-0.07958399602296162,0.039651009214255226,0.0,0.0,0.0,0.0,0.0,0.0,0.0,0.0
2025-03-18,118.0,119.0199966430664,114.54000091552734,115.43000030517578,299686900,117.5199966430664,1,NVDA,-0.03430099988281132,-0.001297815569324512,0.024314471598261056,117.58999938964844,114.42500076293945,0.17293597102169644,0.04301621501266024,0.0,0.0,0.0,0.0,0.0,0.0,0.0,0.0
2025-03-19,117.2699966430664,120.4499969482422,115.68000030517578,117.5199966430664,273426200,118.52999877929688,1,NVDA,0.018106179783115905,-0.03410866761184972,0.09852302257802914,117.94599914550781,114.4470001220703,-0.0876271201710852,0.035604421808974974,0.0,0.0,0.0,0.0,0.0,0.0,0.0,0.0
2025-03-20,116.5500030517578,120.1999969482422,116.47000122070312,118.52999877929688,248829700,117.6999969482422,0,NVDA,0.008594300247455555,-0.008366100645967767,0.089830787524523,118.53599853515625,115.24300003051758,-0.08995663180777846,0.03563670643214687,0.0,0.0,0.0,0.0,0.0,0.0,0.0,0.0
2025-03-21,116.94000244140624,117.98999786376952,115.41999816894533,117.6999969482422,266498500,121.41000366210938,1,NVDA,-0.007002462158125389,0.01966556906406458,0.016934500783209572,117.74199829101562,115.74399948120117,0.07100760078077495,0.027876704587589115,0.0,0.0,0.0,0.0,0.0,0.0,0.0,0.0
2025-03-24,119.87999725341795,122.22000122070312,119.33999633789062,121.41000366210938,228452500,120.69000244140624,0,NVDA,0.03152087349244903,0.03310080948060068,0.05044126785511316,118.11799926757813,117.18699951171875,-0.14276252962024172,0.0297767861209828,0.0,0.0,0.0,0.0,0.0,0.0,0.0,0.0
2025-03-25,120.5500030517578,121.29000091552734,118.91999816894533,120.69000244140624,167447200,113.76000213623048,0,NVDA,-0.005930328630142756,0.018223265707876024,-0.0080545388533525,119.16999969482421,118.37999954223633,-0.26703713025683673,0.022207940009223916,0.0,0.0,0.0,0.0,0.0,0.0,0.0,0.0
2025-03-26,118.7300033569336,118.83999633789062,112.70999908447266,113.76000213623048,293463300,111.43000030517578,0,NVDA,-0.05741983731038702,-0.033474893068555556,-0.048272372642789496,118.41800079345703,118.18199996948242,0.7525721540879753,0.030673188787225216,0.0,0.0,0.0,0.0,0.0,0.0,0.0,0.0
2025-03-27,111.3499984741211,114.4499969482422,110.66000366210938,111.43000030517578,236902100,109.66999816894533,0,NVDA,-0.020481731604263365,-0.08220083235240228,-0.034653036380704605,116.99800109863281,117.76699981689453,-0.1927368771495448,0.02899442332708853,0.0,0.0,0.0,0.0,0.0,0.0,0.0,0.0
2025-03-28,111.48999786376952,112.87000274658205,109.06999969482422,109.66999816894533,229872500,108.37999725341795,0,NVDA,-0.015794688426907455,-0.09130834410092092,-0.06679712983623731,115.39200134277344,116.56699981689454,-0.029673016828470455,0.027342361286299074,0.0,0.0,0.0,0.0,0.0,0.0,0.0,0.0
2025-03-31,105.12999725341795,110.95999908447266,103.6500015258789,108.37999725341795,299212700,110.1500015258789,1,NVDA,-0.011762568952906727,-0.04729258774423928,-0.08563234312334922,112.78600006103515,115.45199966430664,0.30164634743172836,0.026153593892012876,0.0,0.0,0.0,0.0,0.0,0.0,0.0,0.0
2025-04-01,108.5199966430664,110.1999969482422,106.47000122070312,110.1500015258789,222614000,110.41999816894533,1,NVDA,0.016331466297440977,-0.011487021231188277,-0.06414609701037932,110.6779998779297,114.92399978637695,-0.25600083151550723,0.028352297003684128,0.0,0.0,0.0,0.0,0.0,0.0,0.0,0.0
2025-04-02,107.29000091552734,111.9800033569336,106.79000091552734,110.41999816894533,220601200,101.8000030517578,0,NVDA,0.002451172395154133,0.006838698026096823,-0.09051976906079195,110.00999908447265,114.21399993896485,-0.009041659554205883,0.023047505183494528,0.0,0.0,0.0,0.0,0.0,0.0,0.0,0.0
2025-04-03,103.51000213623048,105.62999725341795,101.5999984741211,101.8000030517578,338769400,94.30999755859376,0,NVDA,-0.07806552490608376,-0.06071225658250001,-0.15651668744326475,108.08399963378906,112.54100036621094,0.5356643572201782,0.03315167577272599,0.0,0.0,0.0,0.0,0.0,0.0,0.0,0.0
2025-04-04,98.91000366210938,100.12999725341795,92.11000061035156,94.30999755859376,532273800,97.63999938964844,1,NVDA,-0.07357569026158006,-0.1438039377926259,-0.17097401733822792,105.01199951171876,110.20200042724609,0.5711979889564995,0.03631532717564089,0.0,0.0,0.0,0.0,0.0,0.0,0.0,0.0
2025-04-07,87.45999908447266,101.75,86.62000274658203,97.63999938964844,611041300,96.3000030517578,0,NVDA,0.0353091073826588,-0.11573989305581378,-0.12375483153334266,102.86399993896484,107.825,0.147983049325366,0.04316429957116483,0.0,0.0,0.0,0.0,0.0,0.0,0.0,0.0
2025-04-08,103.80999755859376,105.8499984741211,94.45999908447266,96.3000030517578,476243400,114.33000183105467,1,NVDA,-0.013723846233787529,-0.05402750329195627,-0.12191114562244465,100.09400024414063,105.38600006103516,-0.2206035827692825,0.04318800274673473,0.0,0.0,0.0,0.0,0.0,0.0,0.0,0.0
2025-04-09,98.88999938964844,115.0999984741211,97.52999877929688,114.33000183105467,612918300,107.56999969482422,0,NVDA,0.18722739572091607,0.21227870629540302,0.054899471566918434,100.8760009765625,105.44300003051758,0.28698539444326165,0.08892446428942463,0.0,0.0,0.0,0.0,0.0,0.0,0.0,0.0
2025-04-10,109.37000274658205,110.86000061035156,99.1500015258789,107.56999969482422,437812400,110.93000030517578,1,NVDA,-0.05912710599112647,0.10170012666170236,-0.02342262183671906,102.03000030517578,105.05699996948242,-0.2856920734786349,0.09264517520977844,0.0,0.0,0.0,0.0,0.0,0.0,0.0,0.0
2025-04-11,108.5,111.5500030517578,107.4800033569336,110.93000030517578,313417300,110.70999908447266,0,NVDA,0.031235480337304722,0.15192104662296724,0.004618747914215238,105.35400085449218,105.18300018310546,-0.28412877296303163,0.09340412239377102,0.0,0.0,0.0,0.0,0.0,0.0,0.0,0.0
2025-04-14,114.11000061035156,114.29000091552734,109.06999969482422,110.70999908447266,264705000,112.1999969482422,1,NVDA,-0.0019832436680599086,-0.031662754208044985,0.08752451636160341,107.96800079345704,105.41600036621094,-0.1554231371401642,0.08640242900378386,0.0,0.0,0.0,0.0,0.0,0.0,0.0,0.0
2025-04-15,110.97000122070312,113.62000274658205,110.5,112.1999969482422,228966900,104.48999786376952,0,NVDA,0.013458566309197284,0.04304171485129005,0.1896935622178717,111.1479995727539,105.62099990844726,-0.13501105003683345,0.07730659726978083,0.0,0.0,0.0,0.0,0.0,0.0,0.0,0.0
2025-04-16,104.5500030517578,106.79000091552734,100.4499969482422,104.48999786376952,397016900,101.48999786376952,0,NVDA,-0.06871657124936736,-0.05805465089416195,0.07015565871508289,109.17999877929688,105.02799987792969,0.7339488808207648,0.08515233389675178,0.0,0.0,0.0,0.0,0.0,0.0,0.0,0.0
2025-04-17,104.4499969482422,104.47000122070312,100.0500030517578,101.48999786376952,292517500,96.91000366210938,0,NVDA,-0.02871088201103511,-0.08328065483649949,0.05389402541578625,107.96399841308593,104.99699935913085,-0.2632114653053812,0.08610827236028008,0.0,0.0,0.0,0.0,0.0,0.0,0.0,0.0
2025-04-21,98.7699966430664,99.44000244140624,95.04000091552734,96.91000366210938,288501100,98.88999938964844,1,NVDA,-0.04512754259595009,-0.13627445367209856,-0.1523659397354582,105.15999908447266,105.25699996948242,-0.013730460570735126,0.03792370734631043,0.0,0.0,0.0,0.0,0.0,0.0,0.0,0.0
2025-04-22,98.77999877929688,99.80999755859376,97.27999877929688,98.88999938964844,241004800,102.70999908447266,1,NVDA,0.020431283177354986,-0.053593631817488996,-0.08069164571721588,102.7959991455078,105.38199996948242,-0.16463126137127382,0.03710350408173922,0.0,0.0,0.0,0.0,0.0,0.0,0.0,0.0
2025-04-23,104.5199966430664,104.8000030517578,102.0199966430664,102.70999908447266,247526000,106.43000030517578,1,NVDA,0.0386287766043214,0.01202090103835407,-0.07410079507878264,100.8979995727539,106.0229995727539,0.027058382239689927,0.038592935510190385,0.0,0.0,0.0,0.0,0.0,0.0,0.0,0.0
2025-04-24,103.4800033569336,106.54000091552734,103.11000061035156,106.43000030517578,220815000,111.01000213623048,1,NVDA,0.036218491421109444,0.09823543786314604,-0.038659550308831614,101.28600006103515,105.23299942016601,-0.1079118961240435,0.042469460477180185,0.0,0.0,0.0,0.0,0.0,0.0,0.0,0.0
2025-04-25,106.8499984741211,111.91999816894533,105.7300033569336,111.01000213623048,251064700,108.7300033569336,0,NVDA,0.04303299650401282,0.12256044919998987,-0.010606014655781704,103.19000091552735,105.57699966430664,0.13699114643479837,0.045922837867029005,0.0,0.0,0.0,0.0,0.0,0.0,0.0,0.0
2025-04-28,109.69000244140624,110.37000274658205,106.0199966430664,108.7300033569336,207708500,109.0199966430664,1,NVDA,-0.02053867881651683,0.05861166708325882,0.040578099146791446,105.55400085449219,105.35699996948242,-0.17268935059369162,0.03669726802680426,0.0,0.0,0.0,0.0,0.0,0.0,0.0,0.0
2025-04-29,107.66999816894533,110.1999969482422,107.44000244140624,109.0199966430664,170444300,108.91999816894533,0,NVDA,0.0026670953479219772,0.02433520934383271,0.07419449145525103,107.58000030517579,105.1879997253418,-0.17940623518055354,0.03348731930915948,0.0,0.0,0.0,0.0,0.0,0.0,0.0,0.0
2025-04-30,104.47000122070312,108.91999816894533,104.08000183105467,108.91999816894533,235044600,111.61000061035156,1,NVDA,-0.000917248919466318,-0.018827168066534394,0.12392935768231439,108.8220001220703,104.85999984741211,0.37901120776699493,0.024021581754670243,0.0,0.0,0.0,0.0,0.0,0.0,0.0,0.0
2025-05-01,113.08000183105467,114.94000244140624,111.3000030517578,111.61000061035156,236121500,114.5,1,NVDA,0.024697048169554536,0.02648760383059723,0.12862778136526742,109.85800018310547,105.5720001220703,0.004581683646422752,0.024174547807574585,0.0,0.0,0.0,0.0,0.0,0.0,0.0,0.0
2025-05-02,114.18000030517578,115.4000015258789,113.37000274658205,114.5,190194800,113.81999969482422,0,NVDA,0.02589373151011709,0.050266038577080785,0.11478922228234856,110.55599975585938,106.87300033569336,-0.19450452415387842,0.022774260231926937,0.0,0.0,0.0,0.0,0.0,0.0,0.0,0.0
2025-05-05,112.91000366210938,114.66999816894533,112.66000366210938,113.81999969482422,133163200,113.54000091552734,0,NVDA,-0.005938867294111638,0.044987161295013234,0.06943530365929207,111.5739990234375,108.56399993896484,-0.29985888152567786,0.0220576324692469,0.0,0.0,0.0,0.0,0.0,0.0,0.0,0.0
2025-05-06,111.4800033569336,114.73999786376952,110.81999969482422,113.54000091552734,158525600,117.05999755859376,1,NVDA,-0.00246001388198569,0.017292359955392467,0.022790728138101235,112.47799987792969,110.02900009155273,0.19046102827207512,0.016699800626998582,0.0,0.0,0.0,0.0,0.0,0.0,0.0,0.0
2025-05-07,113.0500030517578,117.68000030517578,112.27999877929688,117.05999755859376,206758800,117.37000274658205,1,NVDA,0.0310022601257971,0.02235805728029483,0.07661173498095897,114.10599975585937,111.46399993896485,0.3042612675807568,0.015750524986246246,0.0,0.0,0.0,0.0,0.0,0.0,0.0,0.0
2025-05-08,118.25,118.68000030517578,115.8499984741211,117.37000274658205,198428100,116.6500015258789,0,NVDA,0.002648258965092687,0.031189624506028357,0.07659150945357052,115.25800018310547,112.55800018310546,-0.0402918763312613,0.015752128886484165,0.0,0.0,0.0,0.0,0.0,0.0,0.0,0.0
2025-05-09,117.3499984741211,118.2300033569336,115.20999908447266,116.6500015258789,132972200,123.0,1,NVDA,-0.006134456878711392,0.027391232915925157,0.07096955092620916,115.68800048828125,113.12200012207032,-0.3298721300057804,0.01649931768453058,0.0,0.0,0.0,0.0,0.0,0.0,0.0,0.0
2025-05-12,121.97000122070312,123.0,120.27999877929688,123.0,225023300,129.92999267578125,1,NVDA,0.05443633425681815,0.05074323052529528,0.10205178144754923,117.52400054931641,114.54899978637695,0.6922582314198005,0.02333839637959031,0.0,0.0,0.0,0.0,0.0,0.0,0.0,0.0
2025-05-13,124.9800033569336,131.22000122070312,124.47000122070312,129.92999267578125,330430100,135.33999633789062,1,NVDA,0.05634140386814024,0.10701192498323397,0.1347597613605349,120.80199890136718,116.63999938964844,0.46842615853558267,0.028208718423914775,0.0,0.0,0.0,0.0,0.0,0.0,0.0,0.0
2025-05-14,133.1999969482422,135.44000244140625,131.67999267578125,135.33999633789062,281180800,134.8300018310547,0,NVDA,0.041637835504302334,0.16022284241346818,0.18907043314677674,124.45799865722657,119.28199920654296,-0.1490460463498937,0.02703010809096365,0.0,0.0,0.0,0.0,0.0,0.0,0.0,0.0
2025-05-15,134.2899932861328,136.3000030517578,132.66000366210938,134.8300018310547,226632600,135.39999389648438,1,NVDA,-0.0037682467905694184,0.09617887667524139,0.18751101588740426,127.94999847412109,121.60399932861328,-0.19399688741194276,0.027258024721102597,0.0,0.0,0.0,0.0,0.0,0.0,0.0,0.0
2025-05-16,136.22000122070312,136.35000610351562,133.4600067138672,135.39999389648438,226542500,135.57000732421875,1,NVDA,0.004227486892300902,0.042099603856305956,0.15667176422680695,131.6999969482422,123.69399871826172,-0.0003975597508919515,0.028166045915215963,0.0,0.0,0.0,0.0,0.0,0.0,0.0,0.0
2025-05-19,132.38999938964844,135.8699951171875,132.38999938964844,135.57000732421875,193154600,134.3800048828125,0,NVDA,0.001255638370739831,0.0016995048954624448,0.15506521386842786,134.21399841308593,125.86899948120117,-0.14738029288102672,0.028324558326275253,0.0,0.0,0.0,0.0,0.0,0.0,0.0,0.0
2025-05-20,134.2899932861328,134.5800018310547,132.6199951171875,134.3800048828125,161514200,131.8000030517578,0,NVDA,-0.008777770724466616,-0.003337513477201015,0.1519931686670417,135.1040008544922,127.95299987792968,-0.1638086796793864,0.02876303923202779,0.0,0.0,0.0,0.0,0.0,0.0,0.0,0.0
2025-05-21,133.05999755859375,137.39999389648438,130.58999633789062,131.8000030517578,270608700,132.8300018310547,1,NVDA,-0.01919929853630087,-0.026587821322051286,0.07154474025819368,134.39600219726563,129.4270004272461,0.6754483506713342,0.027846637332665913,0.0,0.0,0.0,0.0,0.0,0.0,0.0,0.0
2025-05-22,132.22999572753906,134.25,131.5500030517578,132.8300018310547,187344000,131.2899932861328,0,NVDA,0.007814861573959053,-0.020211000554210212,0.02231978233470633,133.99600219726562,130.97300033569337,-0.30769409852676577,0.019136627948282615,0.0,0.0,0.0,0.0,0.0,0.0,0.0,0.0
2025-05-23,130.0,132.67999267578125,129.16000366210938,131.2899932861328,198821300,135.5,1,NVDA,-0.011593830638356839,-0.0229945786902922,-0.029924657613012995,133.17400207519532,132.43699951171874,0.06126323768041675,0.009538298076332132,0.0,0.0,0.0,0.0,0.0,0.0,0.0,0.0
2025-05-27,134.14999389648438,135.66000366210938,133.30999755859375,135.5,192953600,134.80999755859375,0,NVDA,0.032066470631100685,0.028072813828306176,0.004969206851935137,133.16000061035157,133.68699951171874,-0.029512431515134496,0.01675342284012341,0.0,0.0,0.0,0.0,0.0,0.0,0.0,0.0
2025-05-28,136.02999877929688,137.25,134.7899932861328,134.80999755859375,304021100,139.19000244140625,1,NVDA,-0.005092268940267486,0.014906238803319427,-0.004357432529440763,133.24599914550782,134.175,0.575617661448141,0.016808437199653792,0.0,0.0,0.0,0.0,0.0,0.0,0.0,0.0
2025-05-29,142.25,143.49000549316406,137.91000366210938,139.19000244140625,369241900,135.1300048828125,0,NVDA,0.0324902081606282,0.06017221082536128,0.02670203527045767,134.7239990234375,134.56000061035155,0.21452721538077446,0.020981243765479968,0.0,0.0,0.0,0.0,0.0,0.0,0.0,0.0
2025-05-30,138.72000122070312,139.6199951171875,132.9199981689453,135.1300048828125,333170900,137.3800048828125,1,NVDA,-0.0291687440719951,-0.0027305912707564772,0.00558118747394043,135.18399963378906,134.59000091552736,-0.09768934673990137,0.024211126386145875,0.0,0.0,0.0,0.0,0.0,0.0,0.0,0.0
2025-06-02,135.49000549316406,138.1199951171875,135.39999389648438,137.3800048828125,197663100,141.22000122070312,1,NVDA,0.01665063212238649,0.019063922340787354,0.042336886963981524,136.402001953125,134.78800201416016,-0.40672159543345476,0.022975163792813724,0.0,0.0,0.0,0.0,0.0,0.0,0.0,0.0
2025-06-03,138.77999877929688,142.0,137.9499969482422,141.22000122070312,225578800,141.9199981689453,1,NVDA,0.027951639259047978,0.014584372035997495,0.06316343652783818,137.54600219726564,135.3530014038086,0.14122868658844268,0.02443046754233428,0.0,0.0,0.0,0.0,0.0,0.0,0.0,0.0
2025-06-04,142.19000244140625,142.38999938964844,139.5399932861328,141.9199981689453,167120800,139.99000549316406,0,NVDA,0.004956783332328518,0.05024785792038733,0.0809658422302264,138.96800231933594,136.10700073242188,-0.25914669286298175,0.022850085091355107,0.0,0.0,0.0,0.0,0.0,0.0,0.0,0.0
2025-06-05,142.1699981689453,144.0,138.8300018310547,139.99000549316406,231397900,141.72000122070312,1,NVDA,-0.01359915939037526,0.018998402369966083,0.03313657190526986,139.1280029296875,136.9260009765625,0.3846146021321104,0.022484884332190952,0.0,0.0,0.0,0.0,0.0,0.0,0.0,0.0
2025-06-06,142.50999450683594,143.27000427246094,141.50999450683594,141.72000122070312,153986200,142.6300048828125,1,NVDA,0.012357994568573227,0.003540574958773579,0.05125735321748692,140.4460021972656,137.81500091552735,-0.33453933678741254,0.02215945127795093,0.0,0.0,0.0,0.0,0.0,0.0,0.0,0.0
2025-06-09,143.19000244140625,145.0,141.94000244140625,142.6300048828125,185114500,143.9600067138672,1,NVDA,0.006421137837080648,0.005002865861243766,0.02471443624591041,141.49600219726562,138.94900207519532,0.20214993291606653,0.019232808629253903,0.0,0.0,0.0,0.0,0.0,0.0,0.0,0.0
2025-06-10,142.69000244140625,144.2899932861328,141.52999877929688,143.9600067138672,155881900,142.8300018310547,0,NVDA,0.009324838992661011,0.028359176119162166,0.06534449427950695,142.04400329589845,139.79500274658204,-0.15791631665806838,0.012666470825987985,0.0,0.0,0.0,0.0,0.0,0.0,0.0,0.0
2025-06-11,144.61000061035156,144.99000549316406,141.8699951171875,142.8300018310547,167694000,145.0,1,NVDA,-0.007849436163604007,0.007832349709219422,0.039670961963432116,142.22600402832032,140.5970031738281,0.0757759560282496,0.0135996619815749,0.0,0.0,0.0,0.0,0.0,0.0,0.0,0.0
2025-06-12,141.97000122070312,145.0,141.85000610351562,145.0,162365000,141.97000122070312,0,NVDA,0.01519287363387467,0.016616385305004533,0.026766738044346594,143.2280029296875,141.1780029296875,-0.031778119670351934,0.010647404243407176,0.0,0.0,0.0,0.0,0.0,0.0,0.0,0.0
2025-06-13,142.47999572753906,143.5800018310547,140.85000610351562,141.97000122070312,180820600,144.69000244140625,1,NVDA,-0.02089654330549573,-0.013823321758517082,0.00035233266913015093,143.2780029296875,141.86200256347655,0.11366735441751619,0.014111543658840002,0.0,0.0,0.0,0.0,0.0,0.0,0.0,0.0
2025-06-16,143.35000610351562,146.17999267578125,143.1999969482422,144.69000244140625,183133700,144.1199951171875,0,NVDA,0.019158985682296903,0.013022478376438329,0.03357380358465445,143.69000244140625,142.59300231933594,0.012792237167667864,0.014228707361632594,0.0,0.0,0.0,0.0,0.0,0.0,0.0,0.0
2025-06-17,144.49000549316406,145.22000122070312,143.77999877929688,144.1199951171875,139108000,145.47999572753906,1,NVDA,-0.003939507323248437,-0.006068999191810365,0.016934757802794742,143.7220001220703,142.88300170898438,-0.24040195769538864,0.01412184961244358,0.0,0.0,0.0,0.0,0.0,0.0,0.0,0.0
2025-06-18,144.00999450683594,145.64999389648438,143.1199951171875,145.47999572753906,161494100,143.85000610351562,0,NVDA,0.009436585181991752,0.02472349423579545,0.019981706142884637,144.2519989013672,143.23900146484374,0.1609260430744457,0.01430662572567221,0.0,0.0,0.0,0.0,0.0,0.0,0.0,0.0
2025-06-20,145.4499969482422,146.1999969482422,142.64999389648438,143.85000610351562,242956200,144.1699981689453,1,NVDA,-0.011204218256069765,-0.005805489831481547,-0.0007641053432999589,144.02200012207032,143.6250015258789,0.5044277159351331,0.014867588975109081,0.0,0.0,0.0,0.0,0.0,0.0,0.0,0.0
2025-06-23,142.5,144.77999877929688,142.02999877929688,144.1699981689453,154308900,147.89999389648438,1,NVDA,0.0022244841977929752,0.0003469542981677787,0.009381756778772843,144.46199951171874,143.87000122070313,-0.36486947029958483,0.014464898041042234,0.0,0.0,0.0,0.0,0.0,0.0,0.0,0.0
2025-06-24,145.55999755859375,147.9600067138672,145.5,147.89999389648438,187566100,154.30999755859375,1,NVDA,0.02587220486170838,0.016634576849160698,0.01999995790678888,145.10399780273437,144.39700012207032,0.2155235375276474,0.016569176632760196,0.0,0.0,0.0,0.0,0.0,0.0,0.0,0.0
2025-06-25,149.27000427246094,154.4499969482422,149.25999450683594,154.30999755859375,269146500,155.02000427246094,1,NVDA,0.04334012120781927,0.07271457081170385,0.08691974524045509,147.14199829101562,145.43199920654297,0.4349421350659848,0.01879900249494508,0.0,0.0,0.0,0.0,0.0,0.0,0.0,0.0
2025-06-26,155.97999572753906,156.72000122070312,154.0,155.02000427246094,198145700,157.75,1,NVDA,0.00460117118203951,0.07525841882026718,0.0713940262406032,149.05,146.6509994506836,-0.26379982648854805,0.018696377117417354,0.0,0.0,0.0,0.0,0.0,0.0,0.0,0.0
2025-06-27,156.0399932861328,158.7100067138672,155.25999450683594,157.75,263234500,157.99000549316406,1,NVDA,0.01761060284026872,0.06659909743072512,0.09457400322369991,151.8299987792969,147.9259994506836,0.32848959124523014,0.017760243881883468,0.0,0.0,0.0,0.0,0.0,0.0,0.0,0.0
2025-06-30,158.39999389648438,158.66000366210938,155.9600067138672,157.99000549316406,194580300,153.3000030517578,0,NVDA,0.0015214294336867162,0.023848149781565242,0.08599127119204941,154.59400024414063,149.5279998779297,-0.2608100381978806,0.018278673936251186,0.0,0.0,0.0,0.0,0.0,0.0,0.0,0.0
2025-07-01,156.2899932861328,157.1999969482422,151.49000549316406,153.3000030517578,213143600,157.25,1,NVDA,-0.029685437548827576,-0.011095350105139179,0.0656934066547199,155.67400207519532,150.38899993896484,0.09540174416423453,0.022930784381269782,0.0,0.0,0.0,0.0,0.0,0.0,0.0,0.0
2025-07-02,152.97999572753906,157.60000610351562,152.97000122070312,157.25,171224100,159.33999633789062,1,NVDA,0.025766450551919284,-0.0031695721077654726,0.09072623983616146,156.26200256347656,151.7020004272461,-0.19667257191865017,0.023431619148742998,0.0,0.0,0.0,0.0,0.0,0.0,0.0,0.0
2025-07-03,158.3699951171875,160.97999572753906,157.77000427246094,159.33999633789062,143716100,158.24000549316406,0,NVDA,0.013290914708366408,0.00854478636488798,0.07734958021305349,157.1260009765625,153.08800048828124,-0.1606549545303494,0.02272637614810953,0.0,0.0,0.0,0.0,0.0,0.0,0.0,0.0
2025-07-07,158.1999969482422,159.30999755859375,157.33999633789062,158.24000549316406,140139000,160.0,1,NVDA,-0.006903419543163314,0.03222441189214065,0.02546826515941092,157.2240020751953,154.5270004272461,-0.02489004363463798,0.01828015306991834,0.0,0.0,0.0,0.0,0.0,0.0,0.0,0.0
2025-07-08,159.3300018310547,160.22000122070312,158.38999938964844,160.0,138133000,162.8800048828125,1,NVDA,0.011122310703610028,0.01748807631160565,0.03212485866524872,157.6260009765625,156.11000061035156,-0.014314359314680392,0.018496059864727077,0.0,0.0,0.0,0.0,0.0,0.0,0.0,0.0
2025-07-09,161.22000122070312,164.4199981689453,161.16000366210938,162.8800048828125,183656400,164.10000610351562,1,NVDA,0.018000030517578036,0.022216697792656337,0.0325198407785261,159.54200134277343,157.60800170898438,0.329562088711604,0.018541981981519066,0.0,0.0,0.0,0.0,0.0,0.0,0.0,0.0
2025-07-10,164.32000732421875,164.5,161.61000061035156,164.10000610351562,167704100,164.9199981689453,1,NVDA,0.007490184087241891,0.03703235848664521,0.038673336273894465,160.91200256347656,158.58700256347657,-0.08685948325242132,0.018507029955149152,0.0,0.0,0.0,0.0,0.0,0.0,0.0,0.0
2025-07-11,163.72000122070312,167.88999938964844,163.47000122070312,164.9199981689453,193633300,164.07000732421875,0,NVDA,0.004996904539494196,0.03074998855590816,0.07579905339769821,162.0280029296875,159.577001953125,0.15461279718265675,0.010325563741547805,0.0,0.0,0.0,0.0,0.0,0.0,0.0,0.0
2025-07-14,165.3699951171875,165.49000549316406,162.02000427246094,164.07000732421875,136975800,170.6999969482422,1,NVDA,-0.005153958611228138,0.007306006911421914,0.04337047582969,163.19400329589843,160.20900268554686,-0.2926020472718277,0.009286465071838883,0.0,0.0,0.0,0.0,0.0,0.0,0.0,0.0
2025-07-15,171.19000244140625,172.39999389648438,169.1999969482422,170.6999969482422,230627400,171.3699951171875,1,NVDA,0.04040951623121414,0.0402193211410562,0.07129409358251748,165.33400268554686,161.4800018310547,0.6837090931390801,0.016003628390443673,0.0,0.0,0.0,0.0,0.0,0.0,0.0,0.0
2025-07-16,171.05999755859375,171.75,168.89999389648438,171.3699951171875,158831500,173.0,1,NVDA,0.003925003989006859,0.03910985338257622,0.0829751590509813,167.03200073242186,163.28700103759766,-0.3113068958848775,0.014555897643754472,0.0,0.0,0.0,0.0,0.0,0.0,0.0,0.0
2025-07-17,172.02000427246094,174.16000366210938,170.8300018310547,173.0,160841100,172.41000366210938,0,NVDA,0.009511611888054494,0.05442794098335524,0.08125000000000004,168.81199951171874,164.86200103759765,0.012652402073895841,0.014576343893544761,0.0,0.0,0.0,0.0,0.0,0.0,0.0,0.0
2025-07-18,173.63999938964844,174.25,171.25999450683594,172.41000366210938,146456400,171.3800048828125,0,NVDA,-0.003410383456015187,0.010017614202920466,0.05850932277509102,170.31000061035155,166.16900177001952,-0.08943423042990872,0.01517301490284269,0.0,0.0,0.0,0.0,0.0,0.0,0.0,0.0
2025-07-21,172.75,173.3800048828125,171.0,171.3800048828125,123126100,167.02999877929688,0,NVDA,-0.005974124223762978,5.8410257981034164e-05,0.04436318408607853,171.77200012207032,167.48300170898438,-0.1592986035434436,0.016110271433862445,0.0,0.0,0.0,0.0,0.0,0.0,0.0,0.0
2025-07-22,171.33999633789062,171.38999938964844,164.5800018310547,167.02999877929688,193114300,170.77999877929688,1,NVDA,-0.025382226511722283,-0.03450867757631859,0.012794085822084744,171.03800048828126,168.18600158691407,0.5684270028856595,0.02012148294432516,0.0,0.0,0.0,0.0,0.0,0.0,0.0,0.0
2025-07-23,169.52999877929688,171.25999450683594,167.97000122070312,170.77999877929688,154082200,173.74000549316406,1,NVDA,0.022451056860480545,-0.009454236112696801,0.040897124127132534,170.9200012207031,168.9760009765625,-0.20211915948223413,0.02116615505170539,0.0,0.0,0.0,0.0,0.0,0.0,0.0,0.0
2025-07-24,172.44000244140625,173.8300018310547,171.3000030517578,173.74000549316406,128984600,173.5,0,NVDA,0.01733227974601692,0.013770571496746653,0.017809072051967467,171.06800231933593,169.94000091552735,-0.16288448633261987,0.01608967938137181,0.0,0.0,0.0,0.0,0.0,0.0,0.0,0.0
2025-07-25,173.61000061035156,174.72000122070312,172.9600067138672,173.5,122316800,176.75,1,NVDA,-0.001381406041071509,0.03873556407823586,0.012429275506228077,171.28600158691407,170.79800109863282,-0.051694543379597224,0.016143750044682298,0.0,0.0,0.0,0.0,0.0,0.0,0.0,0.0
2025-07-28,174.02000427246094,177.0,173.97000122070312,176.75,140023500,175.50999450683594,0,NVDA,0.018731988472622474,0.034957262345564954,0.021676300578034713,172.36000061035156,172.06600036621094,0.1447609813206363,0.017211244926571046,0.0,0.0,0.0,0.0,0.0,0.0,0.0,0.0
2025-07-29,177.9600067138672,179.3800048828125,175.02000427246094,175.50999450683594,154077500,179.27000427246094,1,NVDA,-0.007015589777448761,0.010187573142108164,0.017980342085033296,174.05599975585938,172.5470001220703,0.10036886665452593,0.017493485585308742,0.0,0.0,0.0,0.0,0.0,0.0,0.0,0.0
2025-07-30,176.50999450683594,179.88999938964844,176.0399932861328,179.27000427246094,174312200,177.8699951171875,0,NVDA,0.021423337036675427,0.03325650877499098,0.04603803923942884,175.75400085449218,173.33700103759764,0.13132806542162223,0.018281611901727425,0.0,0.0,0.0,0.0,0.0,0.0,0.0,0.0
2025-07-31,182.8999938964844,183.3000030517578,175.92999267578125,177.8699951171875,221685400,173.72000122070312,0,NVDA,-0.007809500317440987,0.0063366060378360345,0.06489849977316897,176.5799987792969,173.8240005493164,0.27177214216790335,0.013821264693796263,0.0,0.0,0.0,0.0,0.0,0.0,0.0,0.0
2025-08-01,174.08999633789062,176.5399932861328,170.88999938964844,173.72000122070312,204529000,180.0,1,NVDA,-0.023331613034284993,-0.010198811134160768,0.01721514499602317,176.6239990234375,173.9550003051758,-0.07739075284163954,0.016934715741345932,0.0,0.0,0.0,0.0,0.0,0.0,0.0,0.0
2025-08-04,175.16000366210938,180.1999969482422,174.52000427246094,180.0,148174600,178.25999450683594,0,NVDA,0.036150119359707134,0.00407204613232226,0.03603081794009877,177.2739990234375,174.81699981689454,-0.27553256506412294,0.02073659232871001,0.0,0.0,0.0,0.0,0.0,0.0,0.0,0.0
2025-08-05,179.6199951171875,180.25999450683597,175.89999389648438,178.25999450683594,156407600,179.4199981689453,1,NVDA,-0.009666697184244843,0.00219260921096609,0.027435126840553048,177.8239990234375,175.93999938964845,0.0555628292568362,0.021404066343765227,0.0,0.0,0.0,0.0,0.0,0.0,0.0,0.0
2025-08-06,176.3300018310547,179.89999389648438,176.25,179.4199981689453,137192300,180.7700042724609,1,NVDA,0.006507369560503795,0.03281140287928386,0.015106071677201127,177.85399780273437,176.8039993286133,-0.1228540045368639,0.020487372761888407,0.0,0.0,0.0,0.0,0.0,0.0,0.0,0.0
2025-08-07,181.57000732421875,183.8800048828125,178.8000030517578,180.7700042724609,151878400,182.6999969482422,1,NVDA,0.0075242788835858665,0.004277801513671742,0.029969858869889565,178.43399963378906,177.50699920654296,0.10704755296033386,0.02011654557961012,0.0,0.0,0.0,0.0,0.0,0.0,0.0,0.0
2025-08-08,181.5500030517578,183.3000030517578,180.3999938964844,182.6999969482422,123396700,182.05999755859372,0,NVDA,0.010676509543432688,0.02490745303616615,0.019133109801058756,180.22999877929686,178.4269989013672,-0.18752962896633096,0.018978696437253226,0.0,0.0,0.0,0.0,0.0,0.0,0.0,0.0
2025-08-11,182.0500030517578,183.83999633789065,180.25,182.05999755859372,138323200,183.16000366210935,1,NVDA,-0.0035030071173443034,0.014714075446386587,0.023556544422490555,180.64199829101562,178.95799865722657,0.12096352657729104,0.018641835720432015,0.0,0.0,0.0,0.0,0.0,0.0,0.0,0.0
2025-08-12,182.9600067138672,184.47999572753903,179.4600067138672,183.16000366210935,145485700,181.58999633789065,0,NVDA,0.006041997793400977,0.01322121664635345,0.05434033142454986,181.62200012207032,179.7229995727539,0.05178090154073933,0.014431311767044364,0.0,0.0,0.0,0.0,0.0,0.0,0.0,0.0
2025-08-13,182.6199951171875,183.97000122070312,179.35000610351562,181.58999633789065,179871700,182.0200042724609,1,NVDA,-0.008571780371412374,-0.006075537103955142,0.008833312988281383,182.05599975585938,179.9549987792969,0.2363531261148002,0.008337185779046003,0.0,0.0,0.0,0.0,0.0,0.0,0.0,0.0
2025-08-14,179.75,183.0200042724609,179.4600067138672,182.0200042724609,129554000,180.4499969482422,0,NVDA,0.0023680155473440045,-0.00021967091436403408,0.021092841251494576,182.30599975585938,180.36999969482423,-0.27974217178133076,0.006801318842659238,0.0,0.0,0.0,0.0,0.0,0.0,0.0,0.0
2025-08-15,181.8800048828125,181.8999938964844,178.0399932861328,180.4499969482422,156602200,182.00999450683597,1,NVDA,-0.00862546581346424,-0.014795843304668987,0.005740713353073357,181.8559997558594,181.04299926757812,0.20877935069546294,0.007830180362741789,0.0,0.0,0.0,0.0,0.0,0.0,0.0,0.0
2025-08-18,180.6000061035156,182.94000244140625,180.58999633789065,182.00999450683597,132008000,175.63999938964844,0,NVDA,0.008645040648247893,0.002312892656068044,0.006859491094031833,181.84599914550782,181.2439987182617,-0.15704887926223254,0.007999168669308769,0.0,0.0,0.0,0.0,0.0,0.0,0.0,0.0
2025-08-19,182.42999267578125,182.5,175.49000549316406,175.63999938964844,185229200,175.39999389648438,0,NVDA,-0.03499805125782962,-0.035051119289407406,-0.03864257075271771,180.3419982910156,180.98199920654298,0.4031664747591055,0.014654521514471547,0.0,0.0,0.0,0.0,0.0,0.0,0.0,0.0
2025-08-20,175.1699981689453,176.0,168.8000030517578,175.39999389648438,215142700,174.97999572753906,0,NVDA,-0.0013664626167051441,-0.027985608961834885,-0.03658136741414553,179.10399780273437,180.5799987792969,0.1614945159834411,0.014725621006774804,0.0,0.0,0.0,0.0,0.0,0.0,0.0,0.0
2025-08-21,174.85000610351562,176.89999389648438,173.80999755859375,174.97999572753906,140040900,177.99000549316406,1,NVDA,-0.002394516439910399,-0.03862424587366753,-0.0446604486297163,177.69599609375,180.0009979248047,-0.34907900663141256,0.013976925480981431,0.0,0.0,0.0,0.0,0.0,0.0,0.0,0.0
2025-08-22,172.61000061035156,178.58999633789062,171.1999969482422,177.99000549316406,172789400,179.80999755859375,1,NVDA,0.017202022168933517,0.0133796749697217,-0.019824830207210153,177.20399780273436,179.52999877929688,0.23384953967019628,0.0164854569657145,0.0,0.0,0.0,0.0,0.0,0.0,0.0,0.0
2025-08-25,178.35000610351562,181.91000366210935,176.57000732421875,179.80999755859375,163012800,181.7700042724609,1,NVDA,0.010225248661501984,0.02514255311041813,-0.012141559509904476,176.76399841308594,179.30499877929688,-0.056581017122578126,0.017145380317146096,0.0,0.0,0.0,0.0,0.0,0.0,0.0,0.0
2025-08-26,180.05999755859375,182.38999938964844,178.80999755859375,181.7700042724609,168688200,181.6000061035156,0,NVDA,0.010900432347920264,0.038804484573736975,0.0073150864313804576,177.98999938964843,179.16599884033204,0.03481567091663962,0.01740137964372173,0.0,0.0,0.0,0.0,0.0,0.0,0.0,0.0
2025-08-27,181.97999572753903,182.4900054931641,179.10000610351562,181.6000061035156,235518900,180.1699981689453,0,NVDA,-0.0009352377452249705,0.020282041119944694,-0.002252559835690615,179.23000183105466,179.16699981689453,0.3961788672829516,0.017089748911543856,0.0,0.0,0.0,0.0,0.0,0.0,0.0,0.0
2025-08-28,180.82000732421875,184.47000122070312,176.41000366210938,180.1699981689453,281787800,174.17999267578125,0,NVDA,-0.007874492767115604,0.002002116763470063,0.02579138462217423,180.26800231933592,178.98199920654298,0.1964551464871822,0.009082889252586811,0.0,0.0,0.0,0.0,0.0,0.0,0.0,0.0
2025-08-29,178.11000061035156,178.14999389648438,173.14999389648438,174.17999267578125,243257900,170.77999877929688,0,NVDA,-0.033246409247044806,-0.041756128174496476,-0.00695553741822319,179.50599975585936,178.35499877929686,-0.13673374077940914,0.01677234157603335,0.0,0.0,0.0,0.0,0.0,0.0,0.0,0.0
2025-09-02,170.0,172.3800048828125,167.22000122070312,170.77999877929688,231164900,170.6199951171875,0,NVDA,-0.019520002522982804,-0.059581536126442125,-0.02400272631610978,177.7,177.23199920654298,-0.049712671202045255,0.0182177037920791,0.0,0.0,0.0,0.0,0.0,0.0,0.0,0.0
2025-09-03,171.05999755859375,172.41000366210938,168.8800048828125,170.6199951171875,164424900,171.66000366210938,1,NVDA,-0.0009368993046788843,-0.053005512287360834,-0.041406877625269956,175.46999816894532,176.72999877929686,-0.2887116512930813,0.015962390710060458,0.0,0.0,0.0,0.0,0.0,0.0,0.0,0.0
2025-09-04,170.57000732421875,171.86000061035156,169.41000366210938,171.66000366210938,141670100,167.02000427246094,0,NVDA,0.006095466971544283,-0.014467729473169655,-0.045325588160516905,173.48199768066405,176.3559997558594,-0.13839023164982922,0.01533033791821728,0.0,0.0,0.0,0.0,0.0,0.0,0.0,0.0
2025-09-05,168.02999877929688,169.02999877929688,164.07000732421875,167.02000427246094,224441400,168.30999755859375,1,NVDA,-0.027030171796929903,-0.022016597574140206,-0.08114650191618367,170.85199890136718,175.56000061035155,0.5842538404363378,0.01484985821780646,0.0,0.0,0.0,0.0,0.0,0.0,0.0,0.0
2025-09-08,167.5500030517578,170.9600067138672,167.35000610351562,168.30999755859375,163769100,170.75999450683594,1,NVDA,0.007723585517507514,-0.013538844359989421,-0.07318286397714258,169.6779998779297,174.59199981689454,-0.27032579550831526,0.016215340489796254,0.0,0.0,0.0,0.0,0.0,0.0,0.0,0.0
2025-09-09,169.08999633789062,170.97999572753906,166.74000549316406,170.75999450683594,157548400,177.3300018310547,1,NVDA,0.014556455253879275,-0.005242975277135575,-0.05222847176412593,169.6739990234375,173.68699951171874,-0.03798457706612546,0.018863273690306097,0.0,0.0,0.0,0.0,0.0,0.0,0.0,0.0
2025-09-10,176.63999938964844,179.2899932861328,175.47000122070312,177.3300018310547,226852000,177.1699981689453,0,NVDA,0.0384750968351415,0.06172911803890857,0.018084793246816,171.01600036621093,173.2429992675781,0.4398876789608781,0.021786871664244527,0.0,0.0,0.0,0.0,0.0,0.0,0.0,0.0
2025-09-11,179.67999267578125,180.27999877929688,176.47999572753906,177.1699981689453,151159300,177.82000732421875,1,NVDA,-0.00090229324117308,0.05264096452302036,0.03741655600962024,172.1179992675781,172.79999847412108,-0.3336655616877965,0.01964379448466711,0.0,0.0,0.0,0.0,0.0,0.0,0.0,0.0
2025-09-12,177.77000427246094,178.60000610351562,176.4499969482422,177.82000732421875,124911000,177.75,0,NVDA,0.003668844397986648,0.04134465357516848,0.04219911155246514,174.2779998779297,172.56499938964845,-0.1736466099009456,0.01947153335793846,0.0,0.0,0.0,0.0,0.0,0.0,0.0,0.0
2025-09-15,175.6699981689453,178.85000610351562,174.50999450683594,177.75,147061600,174.8800048828125,0,NVDA,-0.00039369767931174415,0.0023684552225147204,0.035477083816670474,176.16600036621094,172.9220001220703,0.1773310597145168,0.019624757372154515,0.0,0.0,0.0,0.0,0.0,0.0,0.0,0.0
2025-09-16,177.0,177.5,174.3800048828125,174.8800048828125,140737800,170.2899932861328,0,NVDA,-0.016146245385021074,-0.012925401082575672,0.04706023475804422,176.99000244140626,173.33200073242188,-0.043001028140588704,0.016890242165691384,0.0,0.0,0.0,0.0,0.0,0.0,0.0,0.0
2025-09-17,172.63999938964844,173.1999969482422,168.41000366210938,170.2899932861328,211843800,176.24000549316406,1,NVDA,-0.026246634655319623,-0.042346269980500506,0.011763981678211133,175.58200073242188,173.29900054931642,0.5052373989077561,0.020944587215437155,0.0,0.0,0.0,0.0,0.0,0.0,0.0,0.0
2025-09-18,173.97999572753906,177.10000610351562,172.9600067138672,176.24000549316406,191763300,176.6699981689453,1,NVDA,0.03494046885675561,-0.008495046451960309,0.032091890153514546,175.39600219726563,173.7570007324219,-0.09478917957476218,0.024172515086576515,0.0,0.0,0.0,0.0,0.0,0.0,0.0,0.0
2025-09-19,175.77000427246094,178.0800018310547,175.17999267578125,176.6699981689453,237182100,183.6100006103516,1,NVDA,0.0024398131092768782,0.010235551441871715,-0.0037218950842744514,175.16600036621094,174.7220001220703,0.23684823947022182,0.019104145310937345,0.0,0.0,0.0,0.0,0.0,0.0,0.0,0.0
2025-09-22,175.3000030517578,184.5500030517578,174.7100067138672,183.6100006103516,269637000,178.42999267578125,0,NVDA,0.03928229191902588,0.07821955399245106,0.03634928321930242,176.33800048828124,176.2520004272461,0.13683536826767284,0.024261479822969268,0.0,0.0,0.0,0.0,0.0,0.0,0.0,0.0
2025-09-23,181.97000122070312,182.4199981689453,176.2100067138672,178.42999267578125,192559600,176.97000122070312,0,NVDA,-0.028212014146021924,0.012426163835441706,0.003430352752434196,177.047998046875,177.0190002441406,-0.2858561695909686,0.027419471077763106,0.0,0.0,0.0,0.0,0.0,0.0,0.0,0.0
2025-09-24,179.77000427246094,179.77999877929688,175.39999389648438,176.97000122070312,143564100,177.69000244140625,1,NVDA,-0.008182432970958109,0.0016980984596541848,-0.004388178786480346,178.38399963378907,176.98300018310547,-0.25444329963294476,0.027633613568493455,0.0,0.0,0.0,0.0,0.0,0.0,0.0,0.0
2025-09-25,174.47999572753906,180.25999450683597,173.1300048828125,177.69000244140625,191586700,178.19000244140625,1,NVDA,0.004068493053832389,-0.03224224252092067,0.016068146615599188,178.6739990234375,177.03500061035157,0.33450284576715217,0.02674399084032468,0.0,0.0,0.0,0.0,0.0,0.0,0.0,0.0
2025-09-26,178.1699981689453,179.77000427246094,174.92999267578125,178.19000244140625,148573700,181.8500061035156,1,NVDA,0.0028138893192084513,-0.0013450106160743935,0.04639150547148896,178.97799987792968,177.0720001220703,-0.2245093213672974,0.02359248567945734,0.0,0.0,0.0,0.0,0.0,0.0,0.0,0.0
2025-09-29,180.42999267578125,184.0,180.32000732421875,181.8500061035156,193063500,186.5800018310547,1,NVDA,0.020539893439379897,0.027575322648760725,0.03183159575292427,178.6260009765625,177.48200073242188,0.2994459988544407,0.021233057305062118,0.0,0.0,0.0,0.0,0.0,0.0,0.0,0.0
2025-09-30,182.0800018310547,187.3500061035156,181.47999572753903,186.5800018310547,236981000,187.2400054931641,1,NVDA,0.026010423804146532,0.0500309486606032,0.05609330256874001,180.2560028076172,178.6520004272461,0.22747697001245704,0.022641131444881342,0.0,0.0,0.0,0.0,0.0,0.0,0.0,0.0
2025-10-01,185.2400054931641,188.13999938964844,183.8999938964844,187.2400054931641,173844900,188.88999938964844,1,NVDA,0.003537376222704891,0.050788500632821476,0.019770191551362837,182.31000366210938,180.3470016479492,-0.26641840485102186,0.017971289418708736,0.0,0.0,0.0,0.0,0.0,0.0,0.0,0.0
2025-10-02,189.6000061035156,191.0500030517578,188.05999755859372,188.88999938964844,136805800,187.6199951171875,0,NVDA,0.008812186755381202,0.03871318696643544,0.05862246899753942,184.5500030517578,181.61200103759765,-0.21305830657097213,0.01159063517598336,0.0,0.0,0.0,0.0,0.0,0.0,0.0,0.0
2025-10-03,189.19000244140625,190.3600006103516,185.3800048828125,187.6199951171875,137596900,185.5399932861328,0,NVDA,-0.0067235125023275,0.0055739804691099515,0.06017965656903934,186.43600158691407,182.70700073242188,0.005782649566027143,0.011254604228618575,0.0,0.0,0.0,0.0,0.0,0.0,0.0,0.0
2025-10-06,185.5,187.22999572753903,183.3300018310547,185.5399932861328,157678100,185.0399932861328,0,NVDA,-0.011086248188821868,-0.009079321497314052,0.04417801078772077,187.1739990234375,182.9,0.1459422414313114,0.013473798822706766,0.0,0.0,0.0,0.0,0.0,0.0,0.0,0.0
2025-10-07,186.22999572753903,189.05999755859372,184.0,185.0399932861328,140088000,189.1100006103516,1,NVDA,-0.002694836790410604,-0.020382265424087942,0.03844206044600629,186.86599731445312,183.56100006103514,-0.11155702662576472,0.013864643419235706,0.0,0.0,0.0,0.0,0.0,0.0,0.0,0.0
2025-10-08,186.57000732421875,189.6000061035156,186.5399932861328,189.1100006103516,130168900,192.57000732421875,1,NVDA,0.02199528465138445,0.007941613537690628,0.03992298192557309,187.23999633789066,184.775,-0.07080620752669753,0.014136283064548066,0.0,0.0,0.0,0.0,0.0,0.0,0.0,0.0
2025-10-09,192.22999572753903,195.3000030517578,191.05999755859372,192.57000732421875,182997200,183.16000366210935,0,NVDA,0.01829626515097038,0.037889480933873454,0.03210422035791338,187.9759979248047,186.26300048828125,0.405844253120369,0.012493662923090872,0.0,0.0,0.0,0.0,0.0,0.0,0.0,0.0
2025-10-10,193.50999450683597,195.6199951171875,182.0500030517578,183.16000366210935,268774400,188.32000732421875,1,NVDA,-0.0488653648242654,-0.010159909707283532,-0.021790224905775868,187.08399963378906,186.76000061035157,0.46873504075472194,0.023807291503845005,0.0,0.0,0.0,0.0,0.0,0.0,0.0,0.0
2025-10-13,187.97000122070312,190.1100006103516,185.9600067138672,188.32000732421875,153482800,180.02999877929688,0,NVDA,0.028172109406748413,-0.004177427336381712,-0.0030175873115119156,187.64000244140624,187.40700073242186,-0.4289530550528622,0.02637957801357859,0.0,0.0,0.0,0.0,0.0,0.0,0.0,0.0
2025-10-14,184.7700042724609,184.8000030517578,179.6999969482422,180.02999877929688,205641400,179.8300018310547,0,NVDA,-0.04402085929536681,-0.06511921933828979,-0.04045409090406338,186.63800354003905,186.7520004272461,0.339833518804713,0.03125043438512056,0.0,0.0,0.0,0.0,0.0,0.0,0.0,0.0
2025-10-15,184.8000030517578,184.8699951171875,177.2899932861328,179.8300018310547,214450500,181.80999755859372,1,NVDA,-0.0011109090129327592,-0.018180835141266893,-0.030774990092149013,184.7820037841797,186.01100006103516,0.0428371913437664,0.03117834686182484,0.0,0.0,0.0,0.0,0.0,0.0,0.0,0.0
2025-10-16,182.22999572753903,183.27999877929688,179.77000427246094,181.80999755859372,179723300,183.22000122070312,1,NVDA,0.011010374839450776,-0.03456886954351668,-0.017455662801200256,182.63000183105467,185.3029998779297,-0.16193573808408002,0.03170227261183929,0.0,0.0,0.0,0.0,0.0,0.0,0.0,0.0
2025-10-17,180.17999267578125,184.1000061035156,179.75,183.22000122070312,173135200,182.63999938964844,0,NVDA,0.007755369237354426,0.017719282691974758,-0.031145890596153136,182.64200134277343,184.86300048828124,-0.036656905365080705,0.03032738569405122,0.0,0.0,0.0,0.0,0.0,0.0,0.0,0.0
2025-10-20,183.1300048828125,185.1999969482422,181.72999572753903,182.63999938964844,128544700,181.16000366210935,0,NVDA,-0.0031656032485013474,0.01562585514086612,-0.05156570367602331,181.50599975585936,184.5730010986328,-0.25754728096886137,0.02872743826388061,0.0,0.0,0.0,0.0,0.0,0.0,0.0,0.0
2025-10-21,182.7899932861328,182.7899932861328,179.8000030517578,181.16000366210935,124240200,180.27999877929688,0,NVDA,-0.00810334938942725,-0.0035751273594011312,-0.01091941450104772,181.73200073242188,184.18500213623048,-0.03348640589615903,0.022274817903961887,0.0,0.0,0.0,0.0,0.0,0.0,0.0,0.0
2025-10-22,181.13999938964844,183.44000244140625,176.75999450683594,180.27999877929688,162249600,182.16000366210935,1,NVDA,-0.004857611310572829,-0.016046296374950808,-0.042693331734423134,181.8220001220703,183.302001953125,0.3059347940521666,0.01808212865182532,0.0,0.0,0.0,0.0,0.0,0.0,0.0,0.0
2025-10-23,180.4199981689453,183.02999877929688,179.7899932861328,182.16000366210935,111363700,186.25999450683597,1,NVDA,0.010428249919804067,-0.0026280975095441805,0.011831388642199014,181.89200134277343,182.26100158691403,-0.31362727550638025,0.007855101276045023,0.0,0.0,0.0,0.0,0.0,0.0,0.0,0.0
2025-10-24,183.83999633789065,187.47000122070312,183.5,186.25999450683597,131296700,191.4900054931641,1,NVDA,0.022507634839159074,0.02815185880785731,0.035755950677363035,182.5,182.5710006713867,0.17899010180157449,0.010917874791507567,0.0,0.0,0.0,0.0,0.0,0.0,0.0,0.0
2025-10-27,189.9900054931641,192.0,188.42999267578125,191.4900054931641,153452700,201.02999877929688,1,NVDA,0.028079089125798262,0.06218108935972855,0.05324244026487435,184.27000122070314,182.88800048828125,0.16874757705258392,0.013948088773927897,0.0,0.0,0.0,0.0,0.0,0.0,0.0,0.0
2025-10-28,193.0500030517578,203.1499938964844,191.91000366210935,201.02999877929688,297986200,207.0399932861328,1,NVDA,0.049819797443545255,0.1035902214417479,0.09720553127352183,188.24400024414064,184.98800048828124,0.9418765521883943,0.02122770750942929,0.0,0.0,0.0,0.0,0.0,0.0,0.0,0.0
2025-10-29,207.97999572753903,212.19000244140625,204.77999877929688,207.0399932861328,308829600,202.88999938964844,0,NVDA,0.029896008274039154,0.11156447649596712,0.13359611245085956,193.59599914550782,187.70899963378906,0.03638893344725358,0.020561535730330958,0.0,0.0,0.0,0.0,0.0,0.0,0.0,0.0
2025-10-30,205.1499938964844,206.16000366210935,201.41000366210935,202.88999938964844,178864400,202.4900054931641,0,NVDA,-0.020044407027916655,0.05953310130794942,0.11994919015385319,197.74199829101562,189.81699981689454,-0.42083142289469666,0.023410542052267242,0.0,0.0,0.0,0.0,0.0,0.0,0.0,0.0
2025-10-31,206.4499969482422,207.97000122070312,202.07000732421875,202.4900054931641,179802200,206.8800048828125,1,NVDA,-0.0019714815796127994,0.007262631063685632,0.12319728679972552,200.98800048828124,191.74400024414064,0.005243077996515799,0.022992418616655543,0.0,0.0,0.0,0.0,0.0,0.0,0.0,0.0
2025-11-03,208.0800018310547,211.33999633789065,205.55999755859372,206.8800048828125,180267300,198.69000244140625,0,NVDA,0.02168007936469052,-0.0007727415403225857,0.13570487880839388,204.06600036621094,194.16800079345703,0.0025867314193042112,0.022852620052754378,0.0,0.0,0.0,0.0,0.0,0.0,0.0,0.0
2025-11-04,203.0,203.97000122070312,197.92999267578125,198.69000244140625,188919300,195.2100067138672,0,NVDA,-0.03958817792007252,-0.020700857414741924,0.06673471653148844,203.5980010986328,195.9210006713867,0.047995393507308304,0.031488272179950365,0.0,0.0,0.0,0.0,0.0,0.0,0.0,0.0
2025-11-05,198.7700042724609,202.9199981689453,194.6499938964844,195.2100067138672,171350300,188.0800018310547,0,NVDA,-0.017514699706973502,-0.03595238570697101,0.019426607728808554,201.23200378417968,197.41400146484375,-0.09299738036293803,0.031766248286340386,0.0,0.0,0.0,0.0,0.0,0.0,0.0,0.0
2025-11-06,196.4199981689453,197.6199951171875,186.3800048828125,188.0800018310547,223029800,188.1499938964844,1,NVDA,-0.03652479195527836,-0.09087394918811564,-0.06441823124348467,198.27000427246094,198.0060012817383,0.3016014561982092,0.02705283057970379,0.0,0.0,0.0,0.0,0.0,0.0,0.0,0.0
2025-11-07,184.8999938964844,188.32000732421875,178.91000366210938,188.1499938964844,264942300,199.0500030517578,1,NVDA,0.000372139859359244,-0.053047503223168424,-0.09123840804777317,195.40200195312502,198.19500122070312,0.18792331787052663,0.021727648216367006,0.0,0.0,0.0,0.0,0.0,0.0,0.0,0.0
2025-11-10,195.1100006103516,199.94000244140625,193.7899932861328,199.0500030517578,198897100,193.16000366210935,0,NVDA,0.05793255120311258,0.019671103969168824,-0.01892649391020962,193.83600158691405,198.9510009765625,-0.24928144731890678,0.03416492031618767,0.0,0.0,0.0,0.0,0.0,0.0,0.0,0.0
2025-11-11,195.16000366210935,195.4199981689453,191.3000030517578,193.16000366210935,176483300,193.8000030517578,1,NVDA,-0.029590551616906602,0.02700979254358926,-0.04607635724208481,192.7300018310547,198.16400146484375,-0.11269043138386636,0.035690745241178316,0.0,0.0,0.0,0.0,0.0,0.0,0.0,0.0
2025-11-12,195.72000122070312,195.88999938964844,191.1300048828125,193.8000030517578,154935300,186.8600006103516,0,NVDA,0.003313312163567783,0.0300292816293255,-0.06322506536319872,192.4480010986328,196.84000244140626,-0.12209653831269018,0.033933422283839956,0.0,0.0,0.0,0.0,0.0,0.0,0.0,0.0
2025-11-13,191.0500030517578,191.44000244140625,183.8500061035156,186.8600006103516,207423100,190.1699981689453,1,NVDA,-0.035810125552747096,-0.06124090557404571,-0.059539995398325773,192.2040008544922,195.23700256347655,0.3387723778893512,0.03338776973755685,0.0,0.0,0.0,0.0,0.0,0.0,0.0,0.0
2025-11-14,182.8600006103516,191.00999450683597,180.5800018310547,190.1699981689453,186591900,186.6000061035156,0,NVDA,0.01771378330184148,-0.015479423464882403,-0.025818392354800546,192.60800170898438,194.0050018310547,-0.10042854436174176,0.03440003989870014,0.0,0.0,0.0,0.0,0.0,0.0,0.0,0.0
2025-11-17,185.97000122070312,189.0,184.32000732421875,186.6000061035156,173628900,181.3600006103516,0,NVDA,-0.018772635535591498,-0.03715168645440803,-0.007868969125534808,190.11800231933594,191.977001953125,-0.06947246906216187,0.032114649280037245,0.0,0.0,0.0,0.0,0.0,0.0,0.0,0.0
2025-11-18,183.3800048828125,184.8000030517578,179.64999389648438,181.3600006103516,213598900,186.5200042724609,1,NVDA,-0.02808148618310946,-0.0294338006102699,-0.03608819296517496,187.75800170898438,190.24400177001954,0.23020361241705722,0.03371823803281444,0.0,0.0,0.0,0.0,0.0,0.0,0.0,0.0
2025-11-19,184.7899932861328,187.8600006103516,182.8300018310547,186.5200042724609,247246400,180.63999938964844,0,NVDA,0.02845171837639926,-0.01919332140520813,-0.06294900068923281,186.302001953125,189.3750015258789,0.15752656029595657,0.025397601866559323,0.0,0.0,0.0,0.0,0.0,0.0,0.0,0.0
2025-11-20,195.9499969482422,196.0,179.85000610351562,180.63999938964844,343504800,178.8800048828125,0,NVDA,-0.03152479491810001,-0.03194001349903963,-0.0648167531326096,185.05800170898436,188.6310012817383,0.3893217454328961,0.025668443604490672,0.0,0.0,0.0,0.0,0.0,0.0,0.0,0.0
2025-11-21,181.2400054931641,184.55999755859372,172.92999267578125,178.8800048828125,346926200,182.5500030517578,1,NVDA,-0.009743105141622355,-0.013674436034367465,-0.07698657344685722,182.8000030517578,187.7040023803711,0.009960268386351556,0.02507128445438415,0.0,0.0,0.0,0.0,0.0,0.0,0.0,0.0
2025-11-24,179.49000549316406,183.5,176.47999572753906,182.5500030517578,256618300,177.82000732421875,0,NVDA,0.02051653660983299,-0.02128458679908607,-0.023065383412799845,181.99000244140626,186.0540023803711,-0.2603086766003836,0.024860482763886384,0.0,0.0,0.0,0.0,0.0,0.0,0.0,0.0
2025-11-25,174.91000366210938,178.16000366210938,169.5500030517578,177.82000732421875,320600300,180.25999450683597,1,NVDA,-0.02591068555719489,-0.01561111644684432,-0.06494184657747615,181.2820037841797,184.52000274658204,0.24932750314377428,0.02424440034486227,0.0,0.0,0.0,0.0,0.0,0.0,0.0,0.0
2025-11-26,181.6300048828125,182.91000366210935,178.24000549316406,180.25999450683597,183852000,177.0,0,NVDA,0.013721668440651813,0.007714610836060398,-0.033976481185978846,180.03000183105468,183.16600189208984,-0.4265382783484607,0.025218518607988023,0.0,0.0,0.0,0.0,0.0,0.0,0.0,0.0
2025-11-28,179.00999450683594,179.2899932861328,176.5,177.0,121332800,179.9199981689453,1,NVDA,-0.018084958427713405,-0.030402645625726143,-0.024040585551821647,179.302001953125,182.18000183105468,-0.3400517807801927,0.023920310057133385,0.0,0.0,0.0,0.0,0.0,0.0,0.0,0.0
2025-12-01,174.75999450683594,180.3000030517578,173.67999267578125,179.9199981689453,188131000,181.4600067138672,1,NVDA,0.016497164796301256,0.011809643224778732,-0.03538497722675671,179.51000061035157,181.15500183105468,0.5505370353276278,0.02159562262976139,0.0,0.0,0.0,0.0,0.0,0.0,0.0,0.0
2025-12-02,181.75999450683597,185.66000366210935,180.0,181.4600067138672,182632200,179.58999633789062,0,NVDA,0.008559407295434696,0.006657118848329535,0.004539455973147755,179.29200134277343,180.64100189208983,-0.02922856945426322,0.018455260690633597,0.0,0.0,0.0,0.0,0.0,0.0,0.0,0.0
2025-12-03,181.0800018310547,182.4499969482422,179.11000061035156,179.58999633789062,165138000,183.3800048828125,1,NVDA,-0.01030535824307155,0.014632747671698532,0.003969093446432259,179.6459991455078,180.46400146484376,-0.09578924198471028,0.018509905337366114,0.0,0.0,0.0,0.0,0.0,0.0,0.0,0.0
2025-12-04,181.6199951171875,184.5200042724609,179.9600067138672,183.3800048828125,167364900,182.41000366210935,0,NVDA,0.021103672933937556,0.01923080674232902,0.004546709488793432,180.27000122070314,180.1500015258789,0.01348508520146785,0.01861562668620771,0.0,0.0,0.0,0.0,0.0,0.0,0.0,0.0
2025-12-05,183.88999938964844,184.66000366210935,180.91000366210935,182.41000366210935,143971100,185.5500030517578,1,NVDA,-0.0052895691726206895,0.005235296556227675,0.02581259784520018,181.352001953125,180.327001953125,-0.13977721732573556,0.014956808547778075,0.0,0.0,0.0,0.0,0.0,0.0,0.0,0.0
2025-12-08,182.63999938964844,188.0,182.3999938964844,185.5500030517578,204378100,184.97000122070312,0,NVDA,0.01721396484079296,0.03318674110696951,0.029346547798331457,182.4780029296875,180.99400177001954,0.4195772623811307,0.015396896176738502,0.0,0.0,0.0,0.0,0.0,0.0,0.0,0.0
2025-12-09,185.55999755859372,185.72000122070312,183.32000732421875,184.97000122070312,144719700,183.77999877929688,0,NVDA,-0.0031258519079242486,0.00867050003028802,0.04502825548419853,183.18000183105468,181.23600158691406,-0.2919021167140706,0.012557928552752543,0.0,0.0,0.0,0.0,0.0,0.0,0.0,0.0
2025-12-10,184.97000122070312,185.47999572753903,182.0399932861328,183.77999877929688,162785400,180.92999267578125,0,NVDA,-0.006433488855235314,0.007510526230377401,0.021453983157152967,184.01800231933595,181.83200073242188,0.12483234832576362,0.012469151526894698,0.0,0.0,0.0,0.0,0.0,0.0,0.0,0.0
2025-12-11,180.27999877929688,181.32000732421875,176.6199951171875,180.92999267578125,182136600,175.02000427246094,0,NVDA,-0.015507705530775517,-0.024899004580926087,-0.002920831138961022,183.5279998779297,181.8990005493164,0.11887552569210746,0.013944712720138943,0.0,0.0,0.0,0.0,0.0,0.0,0.0,0.0
2025-12-12,181.1100006103516,182.82000732421875,174.6199951171875,175.02000427246094,204274900,176.2899932861328,1,NVDA,-0.032664503634346365,-0.05379249003934439,-0.02544680749829431,182.05,181.7010009765625,0.12154778336698935,0.018444079050604002,0.0,0.0,0.0,0.0,0.0,0.0,0.0,0.0
2025-12-15,177.94000244140625,178.4199981689453,175.02999877929688,176.2899932861328,164775600,177.72000122070312,1,NVDA,0.007256250615185866,-0.04075528100399484,-0.03866294801993542,180.197998046875,181.33800048828124,-0.19336345287649148,0.015933520472093253,0.0,0.0,0.0,0.0,0.0,0.0,0.0,0.0
2025-12-16,176.25999450683594,178.49000549316406,174.89999389648438,177.72000122070312,148588100,170.94000244140625,0,NVDA,0.00811167955658898,-0.017741621538836294,-0.025711322554950677,178.747998046875,180.96399993896483,-0.0982396665525721,0.016748306798920653,0.0,0.0,0.0,0.0,0.0,0.0,0.0,0.0
2025-12-17,176.10000610351562,176.1300048828125,170.30999755859375,170.94000244140625,222775500,174.13999938964844,1,NVDA,-0.038149891586355955,-0.023311631421875534,-0.07873888639212911,176.17999877929688,180.0990005493164,0.49928224400204324,0.018286722946866615,0.0,0.0,0.0,0.0,0.0,0.0,0.0,0.0
2025-12-18,174.52999877929688,176.14999389648438,171.82000732421875,174.13999938964844,176096000,180.9900054931641,1,NVDA,0.018720000599854014,-0.012195779558484388,-0.05855004465363278,174.8220001220703,179.175,-0.2095360576005889,0.02153080934239212,0.0,0.0,0.0,0.0,0.0,0.0,0.0,0.0
2025-12-19,176.6699981689453,181.4499969482422,176.33999633789062,180.9900054931641,324925900,183.69000244140625,1,NVDA,0.039336201490321354,0.01839975382624548,-0.015181158475701784,176.01600036621093,179.03300018310546,0.8451634335816827,0.02815236897893849,0.0,0.0,0.0,0.0,0.0,0.0,0.0,0.0
2025-12-22,183.9199981689453,184.16000366210935,182.3500061035156,183.69000244140625,129064400,189.2100067138672,1,NVDA,0.014917933953784823,0.07458757352229695,0.015254572914126019,177.49600219726562,178.8470001220703,-0.6027882049414959,0.028039460299087746,0.0,0.0,0.0,0.0,0.0,0.0,0.0,0.0
2025-12-23,182.97000122070312,189.3300018310547,182.8999938964844,189.2100067138672,174873600,188.6100006103516,0,NVDA,0.030050651636426062,0.08653960822923135,0.08107646037601546,179.79400329589845,179.27100067138673,0.354932886218043,0.024756762985739846,0.0,0.0,0.0,0.0,0.0,0.0,0.0,0.0
2025-12-24,187.94000244140625,188.91000366210935,186.58999633789065,188.6100006103516,65528500,190.52999877929688,1,NVDA,-0.003171111898024326,0.042101745322480344,0.06988489303656853,183.3280029296875,179.75400085449218,-0.625280774227785,0.025358486322671184,0.0,0.0,0.0,0.0,0.0,0.0,0.0,0.0
2025-12-26,189.9199981689453,192.69000244140625,188.0,190.52999877929688,139740300,188.22000122070312,0,NVDA,0.01017972622200336,0.03723662827035157,0.07207966166219837,186.6060028076172,180.71400146484376,1.1325118078393372,0.025345221712853406,0.0,0.0,0.0,0.0,0.0,0.0,0.0,0.0
2025-12-29,187.7100067138672,188.75999450683597,185.91000366210935,188.22000122070312,120006100,187.5399932861328,0,NVDA,-0.012124062212741427,-0.005232310438322618,0.10108809250321626,188.052001953125,182.03400115966798,-0.14122053552196467,0.01786325166454305,0.0,0.0,0.0,0.0,0.0,0.0,0.0,0.0
2025-12-30,188.2400054931641,188.9900054931641,186.92999267578125,187.5399932861328,97687300,186.5,0,NVDA,-0.003612835671873982,-0.005673120835354317,0.07694954601728865,188.8220001220703,183.15900115966798,-0.18598054598891223,0.018844445922546315,0.0,0.0,0.0,0.0,0.0,0.0,0.0,0.0
2025-12-31,189.57000732421875,190.55999755859372,186.4900054931641,186.5,120100500,188.8500061035156,1,NVDA,-0.005545448029029565,-0.021151518422907634,0.03044363964641139,188.27999877929688,184.03700103759766,0.22943821765981864,0.014693935025679216,0.0,0.0,0.0,0.0,0.0,0.0,0.0,0.0
2026-01-02,189.83999633789065,192.92999267578125,188.25999450683597,188.8500061035156,148240500,188.1199951171875,0,NVDA,0.012600568919654664,0.003347172876031035,0.02809082472387292,188.3279998779297,185.8280014038086,0.23430377059212915,0.014441006248951867,0.0,0.0,0.0,0.0,0.0,0.0,0.0,0.0
2026-01-05,191.75999450683597,193.6300048828125,186.1499938964844,188.1199951171875,183529700,187.2400054931641,0,NVDA,-0.0038655597709006395,0.0030926834372322354,-0.005760855969568546,187.84599914550782,187.2260009765625,0.23805370327272235,0.008886456302653474,0.0,0.0,0.0,0.0,0.0,0.0,0.0,0.0
2026-01-06,190.5200042724609,192.1699981689453,186.82000732421875,187.2400054931641,176862600,189.1100006103516,1,NVDA,-0.004677810157688089,0.003967857872193559,-0.007263639853423043,187.65,187.8510009765625,-0.03632709038373627,0.008971547127071513,0.0,0.0,0.0,0.0,0.0,0.0,0.0,0.0
2026-01-07,188.57000732421875,191.3699951171875,186.55999755859372,189.1100006103516,153543200,185.0399932861328,0,NVDA,0.009987155855193386,0.0013767249056559905,-0.00745288499471497,187.96400146484376,188.39300079345702,-0.1318503742453181,0.008931736167867587,0.0,0.0,0.0,0.0,0.0,0.0,0.0,0.0
2026-01-08,189.1100006103516,189.5500030517578,183.7100067138672,185.0399932861328,172457000,184.8600006103516,0,NVDA,-0.021521904241356138,-0.016372538331908992,-0.016895164774977878,187.6720001220703,187.9759994506836,0.12318227052712194,0.011275365241876258,0.0,0.0,0.0,0.0,0.0,0.0,0.0,0.0
2026-01-09,185.0800018310547,186.33999633789065,183.6699981689453,184.8600006103516,131327500,184.94000244140625,1,NVDA,-0.0009727230993944458,-0.012710984901671551,-0.014290246196672851,186.8739990234375,187.6009994506836,-0.23849133407168166,0.011271274261910087,0.0,0.0,0.0,0.0,0.0,0.0,0.0,0.0
2026-01-12,183.22000122070312,187.1199951171875,183.0200042724609,184.94000244140625,137968500,185.80999755859372,1,NVDA,0.0004327698300903293,-0.022050648593340827,-0.008364598169403492,186.23800048828124,187.04199981689453,0.05056823589880266,0.011183954388024442,0.0,0.0,0.0,0.0,0.0,0.0,0.0,0.0
2026-01-13,185.0,188.1100006103516,183.3999938964844,185.80999755859372,160128900,183.13999938964844,0,NVDA,0.0047042019341547725,0.004161285670121195,-0.01609747655107585,185.95199890136718,186.8009994506836,0.1606192717902999,0.00988976196756173,0.0,0.0,0.0,0.0,0.0,0.0,0.0,0.0
2026-01-14,184.32000732421875,184.4600067138672,180.8000030517578,183.13999938964844,159586100,187.0500030517578,1,NVDA,-0.01436950758316069,-0.00930434499093491,-0.02647244236019053,184.75799865722655,186.36100006103516,-0.0033897691172548594,0.010915303797009055,0.0,0.0,0.0,0.0,0.0,0.0,0.0,0.0
2026-01-15,186.5,189.6999969482422,186.3300018310547,187.0500030517578,206188600,186.22999572753903,0,NVDA,0.021349807115541353,0.01140910880554391,-0.00101475344922064,185.16000061035157,186.41600036621094,0.292021046945818,0.014424943103357936,0.0,0.0,0.0,0.0,0.0,0.0,0.0,0.0
2026-01-16,189.0800018310547,190.44000244140625,186.0800018310547,186.22999572753903,187967200,178.07000732421875,0,NVDA,-0.004383893669287375,0.0022603636750646583,-0.015229257434918098,185.43399963378906,186.15399932861328,-0.08837249004067149,0.013764950108842149,0.0,0.0,0.0,0.0,0.0,0.0,0.0,0.0
2026-01-20,181.8999938964844,182.3800048828125,177.61000061035156,178.07000732421875,223345300,183.32000732421875,1,NVDA,-0.043816724429606047,-0.027683695982999246,-0.037667456846132485,184.06000061035155,185.1490005493164,0.18821422035333835,0.020118479294077073,0.0,0.0,0.0,0.0,0.0,0.0,0.0,0.0
2026-01-21,179.0500030517578,185.3800048828125,178.39999389648438,183.32000732421875,200381000,184.83999633789065,1,NVDA,0.029482786455111043,-0.019941169027978822,-0.008330592237629886,183.56200256347657,184.7570007324219,-0.10281971458544237,0.024106529075389033,0.0,0.0,0.0,0.0,0.0,0.0,0.0,0.0
2026-01-22,184.75,186.1699981689453,183.92999267578125,184.83999633789065,139636600,187.6699981689453,1,NVDA,0.00829145184891722,-0.007463885633558154,-0.0005407489034032764,183.902001953125,184.3300003051758,-0.3031445097090043,0.02436290601833407,0.0,0.0,0.0,0.0,0.0,0.0,0.0,0.0
2026-01-23,187.5,189.6000061035156,186.82000732421875,187.6699981689453,142748100,186.47000122070312,0,NVDA,0.01531054905390361,0.05391132953258948,0.010010228915508401,184.0260009765625,184.59300079345704,0.022282839885817918,0.025012354562316964,0.0,0.0,0.0,0.0,0.0,0.0,0.0,0.0
2026-01-26,187.16000366210935,189.1199951171875,185.9900054931641,186.47000122070312,124799600,188.5200042724609,1,NVDA,-0.0063941863907406304,0.017183033878638954,0.01818282102300217,184.07400207519532,184.75400085449218,-0.12573547388721806,0.02433101070677936,0.0,0.0,0.0,0.0,0.0,0.0,0.0,0.0
2026-01-27,187.2400054931641,190.0,185.6999969482422,188.5200042724609,143711600,191.5200042724609,1,NVDA,0.010993741826233139,0.019909153903266308,0.00785886766490096,186.16400146484375,185.11200103759765,0.15153894724021555,0.023311009224838797,0.0,0.0,0.0,0.0,0.0,0.0,0.0,0.0
2026-01-28,191.2700042724609,192.3500061035156,189.83999633789065,191.5200042724609,148552700,192.50999450683597,1,NVDA,0.015913430575061005,0.020514766031221043,0.028405781379393646,187.8040008544922,185.68300170898436,0.033686216004831904,0.023736697400513682,0.0,0.0,0.0,0.0,0.0,0.0,0.0,0.0
2026-01-29,191.33999633789065,193.47999572753903,186.05999755859372,192.50999450683597,171764400,191.1300048828125,0,NVDA,0.005169121826912093,0.032391233155964816,0.08109163019421795,189.33800048828124,186.62000122070313,0.15625229295731424,0.011013500598871481,0.0,0.0,0.0,0.0,0.0,0.0,0.0,0.0
2026-01-30,191.2100067138672,194.4900054931641,189.47000122070312,191.1300048828125,179489500,185.6100006103516,0,NVDA,-0.007168405087531471,0.013844687837898828,0.0426030833872979,190.03000183105468,187.0280014038086,0.044974977352699286,0.009511938405275004,0.0,0.0,0.0,0.0,0.0,0.0,0.0,0.0
2026-02-02,187.1999969482422,190.3000030517578,184.8800048828125,185.6100006103516,165794100,180.33999633789065,0,NVDA,-0.028880888041861286,-0.030858414422869407,0.004165788182842078,189.85800170898438,186.96600189208985,-0.07630195638184967,0.01611478995669304,0.0,0.0,0.0,0.0,0.0,0.0,0.0,0.0
2026-02-03,186.2400054931641,186.2700042724609,176.22999572753906,180.33999633789065,204019600,174.19000244140625,0,NVDA,-0.028392889688762968,-0.06321748748745182,-0.03905793095631627,188.2220001220703,187.19300079345703,0.23056007421253222,0.017882638205033028,0.0,0.0,0.0,0.0,0.0,0.0,0.0,0.0
2026-02-04,179.4600067138672,179.5800018310547,171.91000366210938,174.19000244140625,207014100,171.8800048828125,0,NVDA,-0.034102218151106034,-0.08863078537455527,-0.0658550903572015,184.75599975585936,186.28000030517578,0.014677511376357977,0.02091364973874121,0.0,0.0,0.0,0.0,0.0,0.0,0.0,0.0
2026-02-05,174.92999267578125,176.82000732421875,171.02999877929688,171.8800048828125,206312900,185.41000366210935,1,NVDA,-0.013261367048724715,-0.07397228426480251,-0.08826649168540879,180.6300018310547,184.98400115966797,-0.003387208890602178,0.01886184681738455,0.0,0.0,0.0,0.0,0.0,0.0,0.0,0.0
2026-02-06,176.69000244140625,187.0,174.60000610351562,185.41000366210935,231346200,190.0399932861328,1,NVDA,0.07871770069195416,0.028113604453664065,-0.031902675825232985,179.48600158691406,184.75800170898438,0.12133657178004875,0.039034849321769524,0.0,0.0,0.0,0.0,0.0,0.0,0.0,0.0
2026-02-09,184.25999450683597,193.66000366210935,183.9499969482422,190.0399932861328,196387400,188.5399932861328,0,NVDA,0.024971627919608608,0.09099254045913541,-0.012830509018665226,180.37200012207032,185.11500091552733,-0.1511103272930353,0.040499219562932745,0.0,0.0,0.0,0.0,0.0,0.0,0.0,0.0
2026-02-10,191.3800048828125,192.47999572753903,188.1199951171875,188.5399932861328,136764800,190.0500030517578,1,NVDA,-0.007893075420927542,0.09692801914148808,-0.013551046567846337,182.01199951171876,185.11699981689452,-0.3035968702676445,0.04051806140552388,0.0,0.0,0.0,0.0,0.0,0.0,0.0,0.0
2026-02-11,192.4499969482422,193.25999450683597,188.7700042724609,190.0500030517578,144192700,186.94000244140625,0,NVDA,0.008008962657240382,0.025025615112463928,0.023921138014147525,185.18399963378906,184.96999969482422,0.054311489506071675,0.03868482429040403,0.0,0.0,0.0,0.0,0.0,0.0,0.0,0.0
2026-02-12,193.02999877929688,193.6100006103516,186.50999450683597,186.94000244140625,189932500,182.80999755859372,0,NVDA,-0.01636411765541823,-0.016312307694407613,0.036597572571475556,188.1959991455078,184.41300048828126,0.3172130073159043,0.03724614982658889,0.0,0.0,0.0,0.0,0.0,0.0,0.0,0.0
2026-02-13,187.47999572753903,187.5,181.58999633789065,182.80999755859372,161888000,184.97000122070312,1,NVDA,-0.022092675879294643,-0.030391407295974115,0.049486164512151376,187.67599792480468,183.58099975585938,-0.1476550879917865,0.03533331069102762,0.0,0.0,0.0,0.0,0.0,0.0,0.0,0.0
2026-02-17,181.75,187.1499938964844,179.17999267578125,184.97000122070312,162276900,187.97999572753903,1,NVDA,0.011815566385624532,-0.026729817150653812,0.07615776103110639,186.66199951171876,183.51699981689453,0.002402278118205148,0.03413543958913402,0.0,0.0,0.0,0.0,0.0,0.0,0.0,0.0
2026-02-18,188.75,190.3699951171875,186.75999450683597,187.97999572753903,164749100,187.8999938964844,0,NVDA,0.016272879315410993,0.0055632463493668904,0.013861129468036859,186.55,184.28099975585937,0.015234454195267366,0.01769821390488645,0.0,0.0,0.0,0.0,0.0,0.0,0.0,0.0
2026-02-19,187.05999755859372,188.42999267578125,185.66000366210935,187.8999938964844,126554500,189.82000732421875,1,NVDA,-0.0004255869394240719,0.02784309614280933,-0.011260784388822498,186.1199981689453,185.6519989013672,-0.23183495387835196,0.01455232776196255,0.0,0.0,0.0,0.0,0.0,0.0,0.0,0.0
2026-02-20,186.57000732421875,190.3300018310547,185.94000244140625,189.82000732421875,178422300,191.5500030517578,1,NVDA,0.01021827296488409,0.026220501008315855,0.006789084988156002,186.6959991455078,187.4459991455078,0.4098455606082756,0.014838739674552211,0.0,0.0,0.0,0.0,0.0,0.0,0.0,0.0
2026-02-23,191.3999938964844,193.9499969482422,189.5800018310547,191.5500030517578,171584800,192.8500061035156,1,NVDA,0.009113874516842646,0.018991421456319157,0.007892659699623827,188.44400024414062,188.05999908447265,-0.038322003471539134,0.014930546876823965,0.0,0.0,0.0,0.0,0.0,0.0,0.0,0.0
2026-02-24,191.4900054931641,193.7700042724609,187.3999938964844,192.8500061035156,175123600,195.55999755859372,1,NVDA,0.006786755578419568,0.026343865714855808,0.03161444091647403,190.02000122070314,188.34100036621095,0.020624204474988472,0.012798181141789504,0.0,0.0,0.0,0.0,0.0,0.0,0.0,0.0
2026-02-25,194.4499969482422,197.6300048828125,193.7899932861328,195.55999755859372,250637100,184.88999938964844,0,NVDA,0.014052327556699717,0.03023912134072826,0.0697445444465552,191.53600158691407,189.04300079345703,0.4312011630642587,0.005450491599574011,0.0,0.0,0.0,0.0,0.0,0.0,0.0,0.0
2026-02-26,194.2700042724609,194.2899932861328,184.32000732421875,184.88999938964844,360807900,177.19000244140625,0,NVDA,-0.05456125128938161,-0.034769008384248457,-0.00043251246432784995,190.9340026855469,188.5270004272461,0.4395630176059331,0.02474071631473089,0.0,0.0,0.0,0.0,0.0,0.0,0.0,0.0
2026-02-27,181.25,182.58999633789065,176.3800048828125,177.19000244140625,311636500,182.47999572753903,1,NVDA,-0.04164636796831145,-0.08120302393821843,-0.05739968896356373,188.4080017089844,187.5520004272461,-0.13628138408277646,0.027949695602196532,0.0,0.0,0.0,0.0,0.0,0.0,0.0,0.0
2026-03-02,175.00999450683594,183.4600067138672,174.63999938964844,182.47999572753903,209095300,180.0500030517578,0,NVDA,0.02985491965260345,-0.0668848537244211,-0.02884512158063879,186.5940002441406,187.5190002441406,-0.32904104621891206,0.03145299646158202,0.0,0.0,0.0,0.0,0.0,0.0,0.0,0.0
2026-03-03,178.49000549316406,180.8999938964844,176.9199981689453,180.0500030517578,178099400,183.0399932861328,1,NVDA,-0.013316488013346062,-0.026177707576765852,-0.051469834029525985,184.03399963378905,187.0270004272461,-0.14823814786846,0.030966340205360092,0.0,0.0,0.0,0.0,0.0,0.0,0.0,0.0
2026-03-04,180.44000244140625,184.6999969482422,180.05999755859375,183.0399932861328,177731200,183.33999633789065,1,NVDA,0.016606443675068805,0.033015355065876495,-0.04442709282194868,181.52999877929688,186.53300018310546,-0.002067384842396991,0.03174010618617014,0.0,0.0,0.0,0.0,0.0,0.0,0.0,0.0
2026-03-05,181.1699981689453,184.05999755859372,177.8800048828125,183.33999633789065,198779700,177.82000732421875,0,NVDA,0.0016390027467323431,0.004712848698416705,-0.04931298659394534,181.21999816894532,186.0770004272461,0.11842884085630434,0.031451933456601,0.0,0.0,0.0,0.0,0.0,0.0,0.0,0.0
2026-03-06,179.83999633789062,182.75999450683597,176.82000732421875,177.82000732421875,189021900,182.6499938964844,1,NVDA,-0.030107936751011533,-0.01238542454730207,-0.09071379860832585,181.34599914550782,184.8770004272461,-0.04908851356552002,0.03100558910617657,0.0,0.0,0.0,0.0,0.0,0.0,0.0,0.0
2026-03-09,176.8300018310547,182.91000366210935,175.55999755859375,182.6499938964844,177213600,184.7700042724609,1,NVDA,0.027162222322143714,-0.0021306785618089297,-0.012115341557459303,181.3799987792969,183.98699951171875,-0.06247053912800582,0.028023967545910557,0.0,0.0,0.0,0.0,0.0,0.0,0.0,0.0
2026-03-10,182.3999938964844,186.44000244140625,182.00999450683597,184.7700042724609,179118500,186.02999877929688,1,NVDA,0.011606955635476313,0.007799759807646023,0.042778947607731155,182.3239990234375,183.1789993286133,0.010749175006884437,0.021819185778706167,0.0,0.0,0.0,0.0,0.0,0.0,0.0,0.0
2026-03-11,185.91000366210935,187.6199951171875,184.4499969482422,186.02999877929688,145280400,183.13999938964844,0,NVDA,0.006819258958169261,0.04617023460194147,0.019454203939473835,182.9220001220703,182.2259994506836,-0.1889146012276789,0.01924309604320381,0.0,0.0,0.0,0.0,0.0,0.0,0.0,0.0
2026-03-12,184.0500030517578,184.94000244140625,181.75,183.13999938964844,155762700,180.25,0,NVDA,-0.015535125563684415,0.00268275669060114,0.017161878842081313,182.8820007324219,182.0509994506836,0.07215219671752005,0.019570496651865842,0.0,0.0,0.0,0.0,0.0,0.0,0.0,0.0
2026-03-13,184.9199981689453,186.08999633789065,179.94000244140625,180.25,160988400,183.22000122070312,1,NVDA,-0.015780274103308733,-0.02446286825753241,-0.015242533809381342,183.3679992675781,182.35699920654298,0.03354911028121621,0.019535234520220116,0.0,0.0,0.0,0.0,0.0,0.0,0.0,0.0
2026-03-16,182.97000122070312,188.8800048828125,181.41000366210935,183.22000122070312,217307400,181.92999267578125,0,NVDA,0.01647712189016981,-0.015105077552182822,-0.0006544950342770584,183.48200073242188,182.43099975585938,0.34983265875056846,0.02076572372208057,0.0,0.0,0.0,0.0,0.0,0.0,0.0,0.0
2026-03-17,185.05999755859372,185.3999938964844,181.67999267578125,181.92999267578125,182497800,180.3999938964844,0,NVDA,-0.00704076266961684,-0.0066070040291568155,0.02311317727070361,182.91399841308595,182.6189987182617,-0.1601859853829184,0.016583777346363772,0.0,0.0,0.0,0.0,0.0,0.0,0.0,0.0
2026-03-18,182.47999572753903,183.3800048828125,180.3300018310547,180.3999938964844,156683100,178.55999755859375,0,NVDA,-0.00840982158463266,0.000832143669816432,-0.012318642623526,181.78799743652343,182.35499877929686,-0.14145211613509856,0.013186297636515831,0.0,0.0,0.0,0.0,0.0,0.0,0.0,0.0
2026-03-19,178.00999450683594,179.97999572753906,175.7899932861328,178.55999755859375,170968500,172.6999969482422,0,NVDA,-0.01019953658616235,-0.025433924413612585,-0.03360938772675415,180.8719970703125,181.8769989013672,0.09117384070139023,0.012046704781660008,0.0,0.0,0.0,0.0,0.0,0.0,0.0,0.0
2026-03-20,178.0,178.25999450683594,171.72000122070312,172.6999969482422,241323500,175.63999938964844,1,NVDA,-0.03281810422532416,-0.05073377727216155,-0.0716551197039419,179.36199645996095,181.36499786376953,0.41150855274509635,0.014694198197366835,0.0,0.0,0.0,0.0,0.0,0.0,0.0,0.0
2026-03-23,177.25999450683594,178.3699951171875,174.75999450683594,175.63999938964844,182836300,175.1999969482422,0,NVDA,0.01702375502813336,-0.026385779755443317,-0.040952277083080135,177.84599609375,180.66399841308595,-0.24236015141500933,0.01767522394997421,0.0,0.0,0.0,0.0,0.0,0.0,0.0,0.0
2026-03-24,174.8300018310547,176.22000122070312,173.97999572753906,175.1999969482422,147667800,178.67999267578125,1,NVDA,-0.002505138026276832,-0.018817207976545736,-0.028016660481319344,176.4999969482422,179.70699768066407,-0.19234965923068892,0.017132404991602214,0.0,0.0,0.0,0.0,0.0,0.0,0.0,0.0
2026-03-25,177.10000610351562,181.22000122070312,176.85000610351562,178.67999267578125,162602100,171.24000549316406,0,NVDA,0.019862989658425256,0.03462649584951216,-0.024779000735040246,176.15599670410157,178.9719970703125,0.10113443824584634,0.01783768257857551,0.0,0.0,0.0,0.0,0.0,0.0,0.0,0.0
2026-03-26,176.07000732421875,176.50999450683594,171.13999938964844,171.24000549316406,186152200,167.52000427246094,0,NVDA,-0.04163861365338872,-0.025051206512038404,-0.058758795212331405,174.69199829101564,177.78199768066406,0.1448326928127004,0.023036923532444777,0.0,0.0,0.0,0.0,0.0,0.0,0.0,0.0
2026-03-27,170.0,170.97000122070312,167.00999450683594,167.52000427246094,196212700,165.1699981689453,0,NVDA,-0.02172390271764868,-0.04383557539701377,-0.07139684068622609,173.65599975585937,176.50899810791014,0.054044486178514095,0.023582625336939052,0.0,0.0,0.0,0.0,0.0,0.0,0.0,0.0
2026-03-30,168.77999877929688,169.4499969482422,164.27000427246094,165.1699981689453,185627000,174.39999389648438,1,NVDA,-0.014028211816980884,-0.07561000145858587,-0.07498879689026972,171.56199951171874,174.70399780273436,-0.053950126571827406,0.02362466100549332,0.0,0.0,0.0,0.0,0.0,0.0,0.0,0.0
2026-03-31,166.97000122070312,174.6199951171875,166.9600067138672,174.39999389648438,226181300,175.75,1,NVDA,0.05588179348466227,0.01845356401513576,0.009843642028272148,171.4019989013672,173.95099792480468,0.21847198952738567,0.03212532162119917,0.0,0.0,0.0,0.0,0.0,0.0,0.0,0.0
2026-04-01,176.0,177.3699951171875,174.75,175.75,168132000,177.38999938964844,1,NVDA,0.0077408609562046315,0.04912843551599644,0.000626284506569208,170.81600036621094,173.48599853515626,-0.25664942238814614,0.03158101154129353,0.0,0.0,0.0,0.0,0.0,0.0,0.0,0.0
2026-04-02,172.17999267578125,177.49000549316406,171.3699951171875,177.38999938964844,143143200,177.63999938964844,1,NVDA,0.009331433227018238,0.07398438794074336,0.012500014152701189,172.0459991455078,173.3689987182617,-0.14862607950895723,0.03170911163293588,0.0,0.0,0.0,0.0,0.0,0.0,0.0,0.0
2026-04-06,177.16000366210938,177.7899932861328,175.75999450683594,177.63999938964844,107564300,178.10000610351562,1,NVDA,0.0014093240930164175,0.018578013799055437,-0.005820423823387433,174.06999816894532,173.86299896240234,-0.24855459428041293,0.03074882436764871,0.0,0.0,0.0,0.0,0.0,0.0,0.0,0.0
2026-04-07,175.72999572753906,178.22999572753906,173.66000366210938,178.10000610351562,132534900,182.0800018310547,1,NVDA,0.0025895446715138437,0.013371300731241043,0.04006073575269431,176.65599975585937,174.10899963378907,0.23214579558459447,0.024848476447381952,0.0,0.0,0.0,0.0,0.0,0.0,0.0,0.0
2026-04-08,184.5,185.25999450683597,180.3000030517578,182.0800018310547,147732700,183.91000366210935,1,NVDA,0.02234697131467711,0.026438933747918725,0.08691497843393559,178.19200134277344,174.7970001220703,0.11467017366746424,0.022120461822844495,0.0,0.0,0.0,0.0,0.0,0.0,0.0,0.0
2026-04-09,181.83999633789065,184.0800018310547,180.6199951171875,183.91000366210935,116428500,188.6300048828125,1,NVDA,0.010050537196021336,0.03529612865347875,0.11345889508332907,179.82400207519532,175.32000122070312,-0.21189756905546298,0.019020366443546294,0.0,0.0,0.0,0.0,0.0,0.0,0.0,0.0
2026-04-10,184.30999755859372,190.0,184.3000030517578,188.6300048828125,160459500,189.30999755859372,1,NVDA,0.025664733438725884,0.05912407871101699,0.0815941025478153,182.07200317382814,177.05900115966796,0.3781806001107977,0.009311125671996948,0.0,0.0,0.0,0.0,0.0,0.0,0.0,0.0
2026-04-13,186.02999877929688,189.66000366210935,185.7400054931641,189.30999755859372,133648200,196.50999450683597,1,NVDA,0.0036049019677630856,0.03970779687407666,0.07715503589527017,184.40600280761717,179.23800048828124,-0.167090761220121,0.009698154194180639,0.0,0.0,0.0,0.0,0.0,0.0,0.0,0.0
2026-04-14,190.83999633789065,196.50999450683597,190.7700042724609,196.50999450683597,161307000,198.8699951171875,1,NVDA,0.03803284053190992,0.06851172091691149,0.10778507910803503,188.08800048828124,182.37200012207032,0.20695228218561867,0.014089332426573122,0.0,0.0,0.0,0.0,0.0,0.0,0.0,0.0
2026-04-15,196.5399932861328,200.3999938964844,195.7400054931641,198.8699951171875,185338400,198.3500061035156,0,NVDA,0.01200957038482553,0.05428611551347129,0.11951134767216276,191.4459991455078,184.81900024414062,0.1489792755429089,0.012930457971286408,0.0,0.0,0.0,0.0,0.0,0.0,0.0,0.0
2026-04-16,197.42999267578125,199.8500061035156,195.80999755859372,198.3500061035156,134012900,201.67999267578125,1,NVDA,-0.0026147182905369437,0.047752409600680945,0.113700164548171,194.33399963378903,187.0790008544922,-0.2769285803697453,0.013960642875462028,0.0,0.0,0.0,0.0,0.0,0.0,0.0,0.0
2026-04-17,199.8999938964844,201.6999969482422,199.2700042724609,201.67999267578125,160324400,202.05999755859372,1,NVDA,0.016788436953855124,0.026309085102363294,0.10764493984854351,196.94399719238282,189.50800018310548,0.19633557664971057,0.013666913460487243,0.0,0.0,0.0,0.0,0.0,0.0,0.0,0.0
2026-04-20,199.97999572753903,202.1699981689453,197.83999633789065,202.05999755859372,119381400,199.8800048828125,0,NVDA,0.0018841972263623497,0.016040642227232116,0.0986895412705806,199.4939971923828,191.95,-0.25537597521026123,0.014464278227094523,0.0,0.0,0.0,0.0,0.0,0.0,0.0,0.0
2026-04-21,202.1300048828125,202.75,199.0,199.8800048828125,107945300,202.5,1,NVDA,-0.010788838474320328,0.0077136311178049866,0.05964056464393952,200.16799926757812,194.12799987792968,-0.09579465477871763,0.015898020671221112,0.0,0.0,0.0,0.0,0.0,0.0,0.0,0.0
2026-04-22,200.9900054931641,202.5,199.0,202.5,107501000,199.63999938964844,0,NVDA,0.013107839969903834,0.00406588334985214,0.06967409334693908,200.8940002441406,196.1699996948242,-0.004115973553271868,0.015824223585145673,0.0,0.0,0.0,0.0,0.0,0.0,0.0,0.0
2026-04-23,202.4600067138672,203.8300018310547,197.22000122070312,199.63999938964844,113561800,208.2700042724609,1,NVDA,-0.014123459804205263,-0.011976631684574413,0.01592796789123918,201.1519989013672,197.7429992675781,0.056379010427809906,0.012154363021386713,0.0,0.0,0.0,0.0,0.0,0.0,0.0,0.0
2026-04-24,199.9600067138672,210.9499969482422,199.80999755859372,208.2700042724609,214134400,216.6100006103516,1,NVDA,0.04322783464835034,0.041975181032076536,0.04726710607969942,202.47000122070312,199.70699920654295,0.8856199884115961,0.01969138258397825,0.0,0.0,0.0,0.0,0.0,0.0,0.0,0.0
2026-04-27,209.6499938964844,216.8300018310547,207.3800048828125,216.6100006103516,187172400,213.1699981689453,0,NVDA,0.040044155023784445,0.06967901535976084,0.09205946027199219,205.3800018310547,202.43699951171874,-0.12591157702825884,0.022673474057551195,0.0,0.0,0.0,0.0,0.0,0.0,0.0,0.0
2026-04-28,209.4900054931641,214.72999572753903,208.1999969482422,213.1699981689453,180275400,209.25,0,NVDA,-0.01588108781548969,0.06777198367392101,0.05697146921080698,208.03800048828126,204.10299987792968,-0.03684838149214309,0.024979280043380105,0.0,0.0,0.0,0.0,0.0,0.0,0.0,0.0
2026-04-29,212.6999969482422,212.72000122070312,207.5800018310547,209.25,123711800,199.57000732421875,0,NVDA,-0.01838907070702589,0.004705409840281449,0.03558350256498111,209.38800048828125,205.14100036621093,-0.31376216610807683,0.026933776892462156,0.0,0.0,0.0,0.0,0.0,0.0,0.0,0.0
2026-04-30,209.92999267578125,210.3000030517578,198.6999969482422,199.57000732421875,225239200,198.4499969482422,0,NVDA,-0.04626041900014932,-0.07866669700437878,-0.0015509183060882226,209.3740020751953,205.26300048828125,0.8206767664846846,0.03309943449501491,0.0,0.0,0.0,0.0,0.0,0.0,0.0,0.0
2026-05-01,201.27999877929688,203.0,197.1199951171875,198.4499969482422,128647000,198.47999572753903,1,NVDA,-0.005612117727474941,-0.06905287492209367,-0.02000001507040894,207.41000061035157,204.94000091552735,-0.42884275916447934,0.03264016922021562,0.0,0.0,0.0,0.0,0.0,0.0,0.0,0.0
2026-05-04,199.5,201.72999572753903,194.7400054931641,198.47999572753903,125368100,196.5,0,NVDA,0.00015116543088011802,-0.05146955446815271,-0.005810477187216168,203.78399963378905,204.58200073242185,-0.025487574525639878,0.0322310291415086,0.0,0.0,0.0,0.0,0.0,0.0,0.0,0.0
2026-05-05,199.3000030517578,200.2400054931641,196.02999877929688,196.5,113406600,207.8300018310547,1,NVDA,-0.009975794891980194,-0.015383109743696388,-0.05651319936145616,200.45,204.24400024414064,-0.09541103358828917,0.025878534319459526,0.0,0.0003318637609481,0.5,0.5,0.0,4.0,29.0,12.0
2026-05-06,199.88999938964844,208.2700042724609,198.6100006103516,207.8300018310547,188362800,211.5,1,NVDA,0.05765904239722497,0.04726633926459023,-0.04053367228917004,200.16600036621094,204.7770004272461,0.6609509499447122,0.031560384587175964,0.0,0.0003318637609481,0.5,0.5,0.0,4.0,30.0,13.0
2026-05-07,208.33999633789065,214.1999969482422,206.5,211.5,168307900,215.1999969482422,1,NVDA,0.017658654364679505,0.06559857191015883,-0.007834114478069143,202.5519989013672,205.96300048828124,-0.1064695364477487,0.03225513991798778,0.0,0.0003318637609481,0.5,0.5,0.0,4.0,31.0,14.0
2026-05-08,213.02999877929688,217.8000030517578,212.88999938964844,215.1999969482422,136421400,219.44000244140625,1,NVDA,0.01749407540540049,0.09516537887146148,0.02843487191513594,205.9019989013672,206.65599975585937,-0.18945337681713104,0.031820315346292656,0.0,0.0003318637609481,0.5,0.5,0.0,4.0,32.0,15.0
2026-05-11,214.0399932861328,222.3000030517578,213.88999938964844,219.44000244140625,160685800,220.77999877929688,1,NVDA,0.019702628035742187,0.055862967367865224,0.09956403461421415,210.09400024414063,206.93899993896486,0.17786359031647536,0.02278657811681581,0.0,0.0003318637609481,0.5,0.5,0.0,4.0,35.0,13.0
2026-05-12,218.5500030517578,223.75,214.9199981689453,220.77999877929688,159176600,225.8300018310547,1,NVDA,0.006106436032548013,0.04387706278627368,0.1125220568125207,214.95,207.7,-0.009392242500581904,0.021511672883966618,0.0,0.0003318637609481,0.5,0.5,0.0,4.0,29.0,14.0
2026-05-13,224.92999267578125,227.83999633789065,221.57000732421875,225.8300018310547,150405400,235.7400054931641,1,NVDA,0.02287346263103318,0.04939593417080368,0.13779729288718867,218.55,209.35800018310547,-0.055103576782014496,0.02049232827659133,0.0,0.0003318637609481,0.5,0.5,0.0,4.0,30.0,15.0
2026-05-14,229.8500061035156,236.5399932861328,229.3000030517578,235.7400054931641,180782900,225.32000732421875,0,NVDA,0.043882582392764435,0.07427999849804134,0.19969468444358318,223.39800109863282,212.975,0.2019708068992203,0.017830533217597356,0.0,0.0003318637609481,0.5,0.5,0.0,4.0,31.0,16.0
2026-05-15,229.75999450683597,231.5,224.2400054931641,225.32000732421875,180977600,222.32000732421875,0,NVDA,-0.044201229855521884,0.020563495651887864,0.08415534494091825,225.42200317382813,215.66200103759766,0.0010769823915868226,0.027232168216372206,0.0,0.0003318637609481,0.5,0.5,0.0,4.0,32.0,12.0
2026-05-18,229.8699951171875,230.0,218.3699951171875,222.32000732421875,146280900,220.6100006103516,0,NVDA,-0.013314396868819633,-0.015542640386027151,0.051158427064864176,225.9980041503906,218.04600219726564,-0.19171820158958897,0.02862696678570532,0.0,0.0003318637609481,0.5,0.5,0.0,4.0,35.0,15.0
2026-05-19,219.6199951171875,224.47999572753903,217.91000366210935,220.6100006103516,140948200,223.47000122070312,1,NVDA,-0.007691645634814059,-0.0641808964548074,0.0251394225782009,225.96400451660156,220.45700225830078,-0.03645520365269839,0.028744912986566208,0.0,0.0003318637609481,0.5,0.5,0.0,4.0,29.0,16.0
2026-05-20,223.17999267578125,226.1300048828125,220.5,223.47000122070312,184201600,219.50999450683597,0,NVDA,0.012964056944104518,-0.008210571823981883,0.0183649231428209,225.49200439453125,222.02100219726563,0.3068744403972523,0.028236143087441067,0.0,0.0003318637609481,0.5,0.5,0.0,4.0,30.0,12.0
2026-05-21,222.2899932861328,227.3999938964844,217.92999267578125,219.50999450683597,203381800,215.3300018310547,0,NVDA,-0.01772052934280066,-0.012639495883448815,-0.005752352022297402,222.24600219726562,222.8220016479492,0.10412613136910864,0.029210938746622596,0.0,0.0003318637609481,0.5,0.5,0.0,4.0,31.0,13.0
2026-05-22,220.8999938964844,221.00999450683597,214.8000030517578,215.3300018310547,169275700,214.8600006103516,0,NVDA,-0.0190423797566589,-0.023933632948139105,-0.04649515084295641,220.2480010986328,222.83500213623046,-0.16769494615545733,0.027897682701893002,0.0,0.0003318637609481,0.5,0.5,0.0,4.0,32.0,14.0
2026-05-26,216.5399932861328,218.17999267578125,212.0,214.8600006103516,187202600,212.6000061035156,0,NVDA,-0.002182701976995549,-0.03852866408609423,-0.08857217441363796,218.75599975585936,222.377001953125,0.1059035644218278,0.017567626771208572,0.0,0.0003318637609481,0.5,0.5,0.0,4.0,29.0,13.0
2026-05-27,214.1199951171875,214.1499938964844,208.77999877929688,212.6000061035156,167601200,214.25,1,NVDA,-0.01051845155178277,-0.0314791516388343,-0.05645304814143737,217.15400085449218,221.5590026855469,-0.10470687907112397,0.010985687279922147,0.0,0.0003318637609481,0.5,0.5,0.0,4.0,30.0,14.0
2026-05-28,211.27999877929688,215.5200042724609,211.22000122070312,214.25,143996000,211.13999938964844,0,NVDA,0.007761024690098095,-0.005015565977201986,-0.03629906017612672,215.31000061035155,220.4010025024414,-0.14084147368873257,0.01217849495543029,0.0,0.0003318637609481,0.5,0.5,0.0,4.0,31.0,15.0
2026-05-29,214.5800018310547,217.8600006103516,211.1300048828125,211.13999938964844,289410600,224.3600006103516,1,NVDA,-0.014515755474219683,-0.01731360518540337,-0.04292643667332818,213.63600158691406,217.94100189208984,1.0098516625461817,0.012673838440698993,0.0,0.0003318637609481,0.5,0.5,0.0,4.0,32.0,16.0
2026-06-01,215.72999572753903,224.8699951171875,215.6999969482422,224.3600006103516,212850700,222.82000732421875,0,NVDA,0.06261249056985307,0.05531511838767322,0.003982634737489832,215.44200134277344,217.84500122070312,-0.26453730443874546,0.028802361377417846,0.0,0.0003318637609481,0.5,0.5,0.0,4.0,35.0,14.0
2026-06-02,227.17999267578125,232.27999877929688,221.3500061035156,222.82000732421875,193362900,214.75,0,NVDA,-0.006863938678656756,0.040000034185385,0.015079098447518424,217.03400268554688,217.89500122070314,-0.0915561940834585,0.02791021969758146,0.0,0.0003318637609481,0.5,0.5,0.0,4.0,29.0,15.0
2026-06-03,221.72000122070312,222.82000732421875,214.50999450683597,214.75,160907000,218.66000366210935,1,NVDA,-0.03621760640406191,0.017097663260335016,-0.002693548628257325,217.46400146484376,217.30900115966796,-0.16784967540308926,0.03072863623857569,0.0,0.0003318637609481,0.5,0.5,0.0,4.0,30.0,16.0
2026-06-04,213.91000366210935,221.6000061035156,210.97000122070312,218.66000366210935,169022200,205.1000061035156,0,NVDA,0.018207234747889878,-0.025405584474665344,0.01768594918069022,218.34600219726562,216.8280014038086,0.05043410168606721,0.03144414001479953,0.0,0.0003318637609481,0.5,0.5,0.0,4.0,31.0,12.0
2026-06-05,214.52999877929688,214.8699951171875,204.3300018310547,205.1000061035156,219655500,208.63999938964844,1,NVDA,-0.062014073591381336,-0.07952607772299058,-0.03527751545006175,217.13800354003905,215.38700256347656,0.2995659741738068,0.03997871294894293,0.0,0.0003318637609481,0.5,0.5,0.0,4.0,32.0,13.0
2026-06-08,210.17999267578125,210.47000122070312,206.0,208.63999938964844,138372800,208.19000244140625,0,NVDA,0.017259839984335112,-0.028451690851462486,-0.02618436690945891,213.99400329589844,214.71800231933594,-0.37004627701104686,0.040617687733693,0.0,0.0003318637609481,0.5,0.5,0.0,4.0,35.0,16.0
2026-06-09,210.6199951171875,211.3999938964844,199.33999633789065,208.19000244140625,180962500,200.4199981689453,0,NVDA,-0.0021568105327770537,-0.047882562175761034,-0.013971757870464452,211.06800231933593,214.0510025024414,0.3077895366719472,0.04030495227450912,0.0,0.0003318637609481,0.5,0.5,0.0,4.0,29.0,12.0
2026-06-10,204.42999267578125,207.22000122070312,199.9199981689453,200.4199981689453,161746600,204.8699951171875,1,NVDA,-0.03732169739825886,-0.02281817550121501,-0.10670352280388484,208.202001953125,212.83300170898437,-0.10618719347931205,0.030361486405214074,0.0,0.0003318637609481,0.5,0.5,0.0,4.0,30.0,13.0
2026-06-11,201.4900054931641,205.66000366210935,199.5399932861328,204.8699951171875,158643200,205.19000244140625,1,NVDA,0.022203357892913722,-0.01806942237102016,-0.08055835031417413,205.44400024414062,211.89500122070314,-0.019186802071882836,0.033571369766259504,0.0,0.0003318637609481,0.5,0.5,0.0,4.0,31.0,14.0
2026-06-12,204.8600006103516,207.07000732421875,203.44000244140625,205.19000244140625,112001800,212.4499969482422,1,NVDA,0.0015620019126554308,-0.014409913851863854,-0.04451686872453431,205.46199951171874,211.3000015258789,-0.2940018859932225,0.0319191928809404,0.0,0.0003318637609481,0.5,0.5,0.0,4.0,32.0,15.0
2026-06-15,208.9199981689453,212.7100067138672,208.33999633789065,212.4499969482422,149936700,207.41000366210935,0,NVDA,0.03538181402824003,0.060023944163277054,-0.028400286334319014,206.2239990234375,210.10900115966797,0.3386990209085925,0.03463767718713047,0.0,0.0003318637609481,0.5,0.5,0.0,4.0,35.0,13.0
2026-06-16,211.17999267578125,211.4900054931641,207.2899932861328,207.41000366210935,125694100,204.6499938964844,0,NVDA,-0.023723197733726997,0.012398148120562613,0.011262786396153857,206.06799926757813,208.56800079345703,-0.1616855646416121,0.025757339986454394,0.0,0.0003318637609481,0.5,0.5,0.0,4.0,29.0,14.0
2026-06-17,208.52999877929688,209.2100067138672,203.0800018310547,204.6499938964844,128363500,210.69000244140625,1,NVDA,-0.013307023368657078,-0.0026317488108420495,-0.01912387607762811,206.91399841308595,207.55800018310546,0.021237273666783185,0.025303718802771272,0.0,0.0003318637609481,0.5,0.5,0.0,4.0,30.0,15.0
2026-06-18,207.3300018310547,211.38999938964844,206.5,210.69000244140625,241272000,208.6499938964844,0,NVDA,0.029513846689763312,-0.008284276451482886,0.012008261543219989,208.0779998779297,206.76100006103516,0.8795997304529715,0.028053208025533783,0.0,0.0003318637609481,0.5,0.5,0.0,4.0,31.0,16.0
2026-06-22,211.44000244140625,213.9900054931641,207.72000122070312,208.6499938964844,122041400,200.0399932861328,0,NVDA,-0.009682512322762848,0.005978449508130312,0.04106374514883271,208.7699981689453,207.11599884033203,-0.49417503896017767,0.023096201207726007,0.0,0.0003318637609481,0.5,0.5,0.0,4.0,35.0,15.0
2026-06-23,202.1699981689453,203.7700042724609,200.0,200.0399932861328,153496200,199.0,0,NVDA,-0.04126528091164572,-0.022526268008018713,-0.023575935696644512,206.28799743652343,206.25599822998046,0.25773876733633005,0.02767568248028268,0.0,0.0003318637609481,0.5,0.5,0.0,4.0,29.0,16.0
2026-06-24,200.1199951171875,201.6699981689453,196.5800018310547,199.0,151810700,195.7400054931641,0,NVDA,-0.00519892681982459,-0.05548437185412858,-0.03016717368173849,204.60599670410156,205.33699798583984,-0.010980727861666928,0.02760479620011854,0.0,0.0003318637609481,0.5,0.5,0.0,4.0,30.0,12.0
2026-06-25,200.0800018310547,200.8000030517578,192.1300048828125,195.7400054931641,149550000,192.52999877929688,0,NVDA,-0.016381881943899,-0.061873897823956914,-0.07865376180329642,202.82399902343752,204.8689987182617,-0.014891572201432446,0.021554541061609173,0.0,0.0003318637609481,0.5,0.5,0.0,4.0,31.0,13.0
2026-06-26,193.1199951171875,195.5500030517578,191.22000122070312,192.52999877929688,179304100,194.97000122070312,1,NVDA,-0.016399339040476968,-0.037542465301395045,-0.0717419826434863,199.19199829101564,203.63499908447267,0.1989575392845202,0.02103002437224836,0.0,0.0003318637609481,0.5,0.5,0.0,4.0,32.0,14.0
2026-06-29,193.8500061035156,196.17999267578125,189.8000030517578,194.97000122070312,148835700,200.08999633789065,1,NVDA,0.012673362368860186,-0.020251250147220512,-0.04730023437321762,196.45599975585938,202.61299896240234,-0.16992584107111885,0.022658660958280268,0.0,0.0003318637609481,0.5,0.5,0.0,4.0,35.0,12.0
2026-06-30,197.2400054931641,200.6300048828125,195.1100006103516,200.08999633789065,166476700,197.5800018310547,0,NVDA,0.026260425117358377,0.022223310118781425,-0.05031091167443269,196.46600036621095,201.3769989013672,0.11852667068451983,0.02181006025666004,0.0,0.0003318637609481,0.5,0.5,0.0,4.0,29.0,13.0
2026-07-01,196.1999969482422,199.8500061035156,193.4499969482422,197.5800018310547,146147600,194.8300018310547,0,NVDA,-0.012544327816355949,0.02622969450878565,-0.0530553193829556,196.18200073242187,200.3939987182617,-0.1221137852924764,0.02189228627294718,0.0,0.0003318637609481,0.5,0.5,0.0,4.0,30.0,14.0
2026-07-02,197.13999938964844,200.05999755859372,192.3500061035156,194.8300018310547,142068700,195.5500030517578,1,NVDA,-0.013918412665829716,-0.0007180560536077518,-0.026044749199855555,196.0,199.41199951171876,-0.02790945591990568,0.01669670853211733,0.0,0.0003318637609481,0.5,0.5,0.0,4.0,31.0,15.0
2026-07-06,194.4199981689453,197.5500030517578,193.9900054931641,195.5500030517578,108999000,196.92999267578125,1,NVDA,0.0036955356666652506,-0.022689756455721022,-0.017336668081619044,196.6040008544922,197.89799957275392,-0.23277259523033578,0.016895919631188822,0.0,0.0003318637609481,0.5,0.5,0.0,4.0,35.0,14.0
2026-07-07,192.3699951171875,198.41000366210935,191.13999938964844,196.92999267578125,124154600,204.1199951171875,1,NVDA,0.007056965494693257,-0.003289852967150231,0.00607942755298807,196.99599914550782,196.7259994506836,0.13904347746309598,0.015953315467930277,0.0,0.0003318637609481,0.5,0.5,0.0,4.0,29.0,15.0
2026-07-08,195.17999267578125,205.16000366210935,195.05999755859372,204.1199951171875,147419100,202.77999877929688,0,NVDA,0.03651044893523969,0.04768256017463135,0.060198391998000256,197.8019989013672,197.13399963378907,0.18738331080765436,0.018654942450927,0.0,0.0003318637609481,0.5,0.5,0.0,4.0,30.0,16.0
2026-07-09,204.4600067138672,204.58999633789065,198.9600067138672,202.77999877929688,132037400,210.9600067138672,1,NVDA,-0.006564748040099211,0.036972618842789906,0.04005743196233014,198.8419982910156,197.51199951171876,-0.10433993966860466,0.01934763124540735,0.0,0.0003318637609481,0.5,0.5,0.0,4.0,31.0,12.0
2026-07-10,202.0,211.0,201.9199981689453,210.9600067138672,148421000,203.52999877929688,0,NVDA,0.04033932332484791,0.07124366302691376,0.05432560635175587,202.06799926757813,199.03399963378905,0.12408302496110957,0.022332424807482258,0.0,0.0003318637609481,0.5,0.5,0.0,4.0,32.0,13.0
2026-07-13,208.5399932861328,210.57000732421875,203.0,203.52999877929688,121411000,211.8000030517578,1,NVDA,-0.03521998340020871,-0.002890438722340294,0.030114368322204266,203.66399841308595,200.13399963378907,-0.18198233403628872,0.026943249218531633,0.0,0.0003318637609481,0.5,0.5,0.0,4.0,35.0,16.0
2026-07-14,208.1999969482422,212.5500030517578,203.8000030517578,211.8000030517578,124379600,212.5,1,NVDA,0.040632851776453593,0.04448172564730202,0.08710158117956879,206.63800048828125,201.81699981689454,0.02445083229690881,0.02855006187620205,0.0,0.0003318637609481,0.5,0.5,0.0,4.0,29.0,12.0
2026-07-15,211.9600067138672,213.80999755859372,206.0399932861328,212.5,124797200,207.3999938964844,0,NVDA,0.0033049902651376417,0.007299930020487455,0.08667858186509925,208.31400146484376,203.05800018310546,0.003357463764154245,0.028570167720796208,0.0,0.0003318637609481,0.5,0.5,0.0,4.0,30.0,13.0
2026-07-16,210.1699981689453,211.0800018310547,205.8500061035156,207.3999938964844,122986100,202.80999755859372,0,NVDA,-0.024000028722426348,0.019014372035564442,0.05316610780532849,209.23800048828124,204.03999938964844,-0.014512344828249368,0.03175316863205961,0.0,0.0003318637609481,0.5,0.5,0.0,4.0,31.0,14.0
2026-07-17,202.63999938964844,206.6499938964844,197.97000122070312,202.80999755859372,144281900,203.27999877929688,1,NVDA,-0.02213113053504523,-0.042445728817894324,-0.00641778164771023,207.60799865722657,204.83799896240234,0.17315615341896362,0.03065031973962447,0.0,0.0003318637609481,0.5,0.5,0.0,4.0,32.0,15.0
2026-07-20,205.8699951171875,207.7400054931641,202.27999877929688,203.27999877929688,88701500,207.2899932861328,1,NVDA,0.002317446015290159,-0.04338824103860295,0.002465726417841596,207.55799865722656,205.61099853515626,-0.38522087663109505,0.030542022977769968,0.0,0.0003318637609481,0.5,0.5,0.0,4.0,35.0,13.0
2026-07-21,207.5399932861328,208.6499938964844,204.00999450683597,207.2899932861328,108685600,212.05999755859372,1,NVDA,0.019726458731385677,-0.0005303790433403011,-0.017396725971440374,206.65599670410157,206.6469985961914,0.2252960772929431,0.026860582665481466,0.0,0.0003318637609481,0.5,0.5,0.0,4.0,29.0,14.0
2026-07-22,205.80999755859372,214.38999938964844,204.9499969482422,212.05999755859372,137645600,208.75999450683597,0,NVDA,0.02301126164771805,0.04560919141733932,0.041910277749996894,206.5679962158203,207.44099884033204,0.2664566419102439,0.023767321796140942,0.0,0.0003318637609481,0.5,0.5,0.0,4.0,30.0,15.0
2026-07-23,209.4600067138672,210.8699951171875,205.9600067138672,208.75999450683597,110505300,206.83999633789065,0,NVDA,-0.015561648070121947,0.026957869738521545,-0.014353203499147038,206.83999633789062,208.03899841308595,-0.19717520937828747,0.019224566907337932,0.0,0.0003318637609481,0.5,0.5,0.0,4.0,31.0,16.0
2026-07-24,207.4499969482422,211.91000366210935,204.80999755859372,206.83999633789065,114836800,196.50999450683597,0,NVDA,-0.009197155678610791,-0.002170857073746979,-0.026635311351102753,207.64599609375,207.6269973754883,0.03919721497520934,0.01924064565411842,0.0,0.0003318637609481,0.5,0.5,0.0,4.0,32.0,12.0
2026-07-27,208.1999969482422,208.75,195.44000244140625,196.50999450683597,154353700,197.00999450683597,1,NVDA,-0.049941993879074276,-0.07332831854560962,-0.05250723100350596,206.2919952392578,206.92499694824218,0.3441135594164937,0.025337021648265286,0.0,0.0003318637609481,0.5,0.5,0.0,4.0,35.0,15.0
2026-07-28,195.0,198.6999969482422,192.7400054931641,197.00999450683597,134111500,190.00999450683597,0,NVDA,0.002544399847217882,-0.05628473035630033,-0.02859821074689417,204.23599548339845,205.44599609375,-0.13114165711609116,0.024652673723215116,0.0,0.0003318637609481,0.5,0.5,0.0,4.0,29.0,16.0
2026-07-29,195.8500061035156,197.07000732421875,190.00999450683597,190.00999450683597,147680800,195.0399932861328,1,NVDA,-0.03553119230079016,-0.08136725067216422,-0.06527943896176569,199.8259948730469,203.1969955444336,0.10117924264511235,0.027098294697627586,0.0,0.0003318637609481,0.5,0.5,0.0,4.0,30.0,12.0
2026-07-30,193.4499969482422,197.25,191.5200042724609,195.0399932861328,129010200,200.75,1,NVDA,0.02647228527295109,-0.007480541762734716,-0.05909595444431659,197.08199462890627,201.96099548339845,-0.12642537147686095,0.02839083273420466,0.0,0.0003318637609481,0.5,0.5,0.0,4.0,31.0,13.0
2026-07-31,198.44000244140625,202.0,194.9499969482422,200.75,139961200,206.63999938964844,1,NVDA,0.029276081370092744,0.01898383634051748,-0.05333395118741657,195.86399536132814,201.75499572753907,0.0848847610499015,0.02961526201358692,0.0,0.0003318637609481,0.5,0.5,0.0,4.0,32.0,14.0
2026-08-03,197.69000244140625,208.7400054931641,196.8500061035156,206.63999938964844,128406900,211.94000244140625,1,NVDA,0.029339972053043173,0.08752173761161908,-0.010155179023623284,197.88999633789064,202.09099578857422,-0.08255359342446333,0.03229901804878601,0.0,0.0003318637609481,0.5,0.5,0.0,4.0,35.0,12.0
2026-08-04,211.3000030517578,213.05999755859372,209.0500030517578,211.94000244140625,134922000,219.22000122070312,1,NVDA,0.025648485614655492,0.08664894245807497,0.024656769453738958,200.8759979248047,202.55599670410157,0.05073792763472995,0.033489357473302284,0.0,0.0003318637609481,0.5,0.5,0.0,4.0,29.0,13.0
2026-08-05,216.8600006103516,222.22000122070312,216.3999938964844,219.22000122070312,158187400,218.9900054931641,0,NVDA,0.0343493379986608,0.09200498740076268,0.11556667522616593,206.71799926757814,203.2719970703125,0.17243592594239643,0.02493386243041513,0.0,0.0003318637609481,0.5,0.5,0.0,4.0,30.0,14.0
2026-08-06,221.52999877929688,223.6300048828125,217.0,218.9900054931641,113940600,223.9600067138672,1,NVDA,-0.0010491548501885273,0.05976580594267222,0.11156799958981489,211.50800170898438,204.29499816894534,-0.27971127915371263,0.025291838936631166,0.0,0.0003318637609481,0.5,0.5,0.0,4.0,31.0,15.0
2026-08-07,221.5399932861328,224.75999450683597,220.66000366210935,223.9600067138672,105669400,217.5500030517578,0,NVDA,0.022695105237842572,0.05671418389166072,0.17867487599874554,216.1500030517578,206.00699920654296,-0.07259221032713536,0.011555836138701453,0.0,0.0003318637609481,0.5,0.5,0.0,4.0,32.0,16.0
2026-08-10,223.3999938964844,224.13999938964844,216.7700042724609,217.5500030517578,115846600,217.5,0,NVDA,-0.028621197847608748,-0.007617909678159451,0.11541227717641367,218.33200378417968,208.11100006103516,0.09631170423982716,0.022768880179101503,0.0,0.0003318637609481,0.5,0.5,0.0,4.0,35.0,14.0
2026-08-11,222.1699981689453,222.1999969482422,216.1999969482422,217.5,101273100,224.08999633789065,1,NVDA,-0.00022984624709898593,-0.006803988564722863,0.083437110834371,219.44400329589843,210.16000061035157,-0.1257999803188009,0.022621034300475,0.0,0.0003318637609481,0.5,0.5,0.0,4.0,29.0,15.0
2026-08-12,221.0399932861328,225.1000061035156,220.1999969482422,224.08999633789065,108783600,225.3000030517578,1,NVDA,0.030298833737428366,0.0005804144495742403,0.08444636565904085,220.41800231933593,213.56800079345703,0.07416085811533368,0.02274796717311587,0.0,0.0003318637609481,0.5,0.5,0.0,4.0,30.0,16.0
2026-08-13,225.05999755859372,227.22999572753903,223.7100067138672,225.3000030517578,98867200,225.16000366210935,0,NVDA,0.005399646274448999,0.03562399398429883,0.06303671065609762,221.68000183105468,216.59400177001953,-0.09115712294867973,0.021978300960808217,0.0,0.0003318637609481,0.5,0.5,0.0,4.0,31.0,12.0
2026-08-14,226.7700042724609,227.4900054931641,224.5,225.16000366210935,75680900,225.00999450683597,0,NVDA,-0.0006213909798141737,0.035218407641882,0.027096078862922868,221.9200012207031,219.03500213623047,-0.23451963846452617,0.01902619970956937,0.0,0.0003318637609481,0.5,0.5,0.0,4.0,32.0,13.0
2026-08-17,225.97999572753903,227.9199981689453,224.8600006103516,225.00999450683597,93678700,219.7400054931641,0,NVDA,-0.000666233579825759,0.004105485224597416,0.027489788860979747,223.41199951171876,220.87200164794922,0.23781165393117676,0.01900986796808057,0.0,0.0003318637609481,0.5,0.5,0.0,4.0,35.0,16.0
2026-08-18,220.4499969482422,221.63999938964844,218.69000244140625,219.7400054931641,103128200,217.55999755859372,0,NVDA,-0.023421133026656604,-0.024678195664810665,-0.01884265535897489,223.86000061035156,221.652001953125,0.10087138271560137,0.01945167305841064,0.0,0.0003318637609481,0.5,0.5,0.0,4.0,29.0,12.0
2026-08-19,221.6699981689453,222.8699951171875,216.75999450683597,217.55999755859372,96797300,216.8500061035156,0,NVDA,-0.009920851370135209,-0.0337538016517388,4.5941193728804564e-05,222.5540008544922,221.48600158691406,-0.061388640546426676,0.016304041048353028,0.0,0.0003318637609481,0.5,0.5,0.0,4.0,30.0,13.0
2026-08-20,218.3600006103516,219.8600006103516,215.66000366210935,216.8500061035156,92457000,214.72000122070312,0,NVDA,-0.003263428309640881,-0.0362650042332785,-0.0029884776849857797,220.86400146484374,221.27200164794922,-0.044839060593632296,0.016355122625211112,0.0,0.0003318637609481,0.5,0.5,0.0,4.0,31.0,14.0
2026-08-21,218.4199981689453,218.7400054931641,214.5,214.72000122070312,98869300,208.47999572753903,0,NVDA,-0.009822480160760039,-0.022845199540222683,-0.04181353594677706,218.7760009765625,220.3480010986328,0.06935440258714864,0.009383365702867207,0.0,0.0003318637609481,0.5,0.5,0.0,4.0,32.0,15.0
2026-08-24,215.52999877929688,215.58999633789065,207.25,208.47999572753903,135187300,213.0500030517578,1,NVDA,-0.029061128249297186,-0.04173562204885228,-0.07465604570078388,215.47000122070312,219.44100036621094,0.36733343919700046,0.011235284319536885,0.0,0.0003318637609481,0.5,0.5,0.0,4.0,35.0,13.0
2026-08-25,211.02999877929688,214.72999572753903,210.1100006103516,213.0500030517578,122309000,209.66000366210935,0,NVDA,0.02192060350092917,-0.01752364742818502,-0.05378397767538079,214.1320007324219,218.99600067138672,-0.0952626467131158,0.01663034434383765,0.0,0.0003318637609481,0.5,0.5,0.0,4.0,29.0,14.0
2026-08-26,212.63999938964844,213.6000061035156,209.22999572753903,209.66000366210935,179900000,227.97999572753903,1,NVDA,-0.015911754710582704,-0.023565562266333884,-0.06821915123534783,212.55200195312494,217.5530014038086,0.4708647769174794,0.016546438521337192,0.0,0.0003318637609481,0.5,0.5,0.0,4.0,30.0,15.0
2026-08-27,222.8600006103516,230.47000122070312,220.8999938964844,227.97999572753903,298909800,217.5500030517578,0,NVDA,0.0873795275466771,0.09353415387385366,0.03749881691265955,214.7779998779297,217.8210006713867,0.6615330739299612,0.03910471062136155,0.0,0.0003318637609481,0.5,0.5,0.0,4.0,31.0,16.0
2026-08-28,227.3600006103516,229.25999450683597,216.80999755859372,217.5500030517578,195116400,220.77999877929688,1,NVDA,-0.0457495958910632,0.021121802091252695,-4.593908323247131e-05,215.34400024414063,217.06000061035155,-0.3472398696864405,0.043606719562640395,0.0,0.0003318637609481,0.5,0.5,0.0,4.0,32.0,12.0
2026-08-31,218.8699951171875,221.3000030517578,216.2100067138672,220.77999877929688,124702700,217.44000244140625,0,NVDA,0.014847141724795065,0.05303822819305415,0.018123092299592747,217.8040008544922,216.63700103759766,-0.3608804795496432,0.04386302685046791,0.0,0.0003318637609481,0.5,0.5,0.0,4.0,35.0,15.0
2026-09-01,216.75,220.41000366210935,215.1000061035156,217.44000244140625,109484400,224.72999572753903,1,NVDA,-0.015128165397036097,-0.04623209704209852,0.012667665821719742,218.68200073242187,216.40700073242186,-0.12203665197305269,0.044173763957230563,0.0,0.0003318637609481,0.5,0.5,0.0,4.0,29.0,16.0
