date,Open,High,Low,Close,Volume,next_day_close,target,ticker,daily_return,3_day_return,7_day_return,5_day_moving_average,10_day_moving_average,volume_change_percent,volatility,average_sentiment,weighted_sentiment,positive_ratio,negative_ratio,sentiment_momentum,post_count,avg_score,avg_num_comments
2020-01-02,28.299999237060547,28.71333312988281,28.11400032043457,28.68400001525879,142981500,29.53400039672852,1,TSLA,0.02963325829792085,0.09017801233446265,0.2198670135677494,30.48013343811035,32.17853298187256,0.8651189139853757,0.039117847197651365,0.0,0.0,0.0,0.0,0.0,0.0,0.0,0.0
2020-01-03,29.36666679382324,30.26666641235352,29.12800025939941,29.53400039672852,266677500,30.1026668548584,1,TSLA,0.02963325829792085,0.09017801233446265,0.2198670135677494,30.48013343811035,32.17853298187256,0.8651189139853757,0.039117847197651365,0.0,0.0,0.0,0.0,0.0,0.0,0.0,0.0
2020-01-06,29.36466789245605,30.10400009155273,29.333332061767575,30.1026668548584,151995000,31.270666122436523,1,TSLA,0.01925463704513497,0.09017801233446265,0.2198670135677494,30.48013343811035,32.17853298187256,-0.4300419045476278,0.039117847197651365,0.0,0.0,0.0,0.0,0.0,0.0,0.0,0.0
2020-01-07,30.76000022888184,31.441999435424805,30.224000930786133,31.270666122436523,268231500,32.80933380126953,1,TSLA,0.03880052465815398,0.09017801233446265,0.2198670135677494,30.48013343811035,32.17853298187256,0.7647389716766999,0.039117847197651365,0.0,0.0,0.0,0.0,0.0,0.0,0.0,0.0
2020-01-08,31.57999992370605,33.232666015625,31.215333938598636,32.80933380126953,467164500,32.089332580566406,0,TSLA,0.04920482578812169,0.11090043206283084,0.2198670135677494,30.48013343811035,32.17853298187256,0.7416466746075685,0.039117847197651365,0.0,0.0,0.0,0.0,0.0,0.0,0.0,0.0
2020-01-09,33.13999938964844,33.25333404541016,31.524667739868164,32.089332580566406,426606000,31.87666702270508,0,TSLA,-0.021945011900097344,0.06599633631421509,0.2198670135677494,31.161199951171874,32.17853298187256,-0.086818454741317,0.039117847197651365,0.0,0.0,0.0,0.0,0.0,0.0,0.0,0.0
2020-01-10,32.11933135986328,32.3293342590332,31.57999992370605,31.87666702270508,194392500,34.990665435791016,1,TSLA,-0.006627297633174156,0.019379213026541775,0.2198670135677494,31.629733276367187,32.17853298187256,-0.5443277872322471,0.039117847197651365,0.0,0.0,0.0,0.0,0.0,0.0,0.0,0.0
2020-01-13,32.900001525878906,35.04199981689453,32.79999923706055,34.990665435791016,397764000,35.861331939697266,1,TSLA,0.0976889588509331,0.06648509377648737,0.2198670135677494,32.60733299255371,32.17853298187256,1.0461900536286124,0.039117847197651365,0.0,0.0,0.0,0.0,0.0,0.0,0.0,0.0
2020-01-14,36.28400039672852,36.49399948120117,34.99333190917969,35.861331939697266,434943000,34.56666564941406,0,TSLA,0.024882822120200876,0.11754683116766396,0.21423889273292018,33.52546615600586,32.17853298187256,0.09346999728482208,0.03915492174335905,0.0,0.0,0.0,0.0,0.0,0.0,0.0,0.0
2020-01-15,35.31733322143555,35.85599899291992,34.452667236328125,34.56666564941406,260532000,34.232666015625,0,TSLA,-0.03610201351305786,0.08438770040772936,0.1482924691051153,33.876932525634764,32.17853298187256,-0.40099737206944364,0.046326114281111025,0.0,0.0,0.0,0.0,0.0,0.0,0.0,0.0
2020-01-16,32.91666793823242,34.297332763671875,32.81133270263672,34.232666015625,326050500,34.03333282470703,0,TSLA,-0.009662477636014799,-0.021662903826649704,0.09472135584164154,34.305599212646484,32.73339958190918,0.2514796646861037,0.04681393395253751,0.0,0.0,0.0,0.0,0.0,0.0,0.0,0.0
2020-01-17,33.840667724609375,34.37799835205078,33.54399871826172,34.03333282470703,204436500,36.47999954223633,1,TSLA,-0.005822894156913949,-0.050974099848385745,0.03730642721523769,34.736932373046876,33.18333282470703,-0.3729913004273878,0.04446243320024911,0.0,0.0,0.0,0.0,0.0,0.0,0.0,0.0
2020-01-21,35.349998474121094,36.571998596191406,35.227333068847656,36.47999954223633,267052500,37.97066879272461,1,TSLA,0.07189030619278935,0.05535199467104812,0.1368263721486358,35.03479919433594,33.82106609344483,0.30628581491074236,0.048568065274194314,0.0,0.0,0.0,0.0,0.0,0.0,0.0,0.0
2020-01-22,38.1259994506836,39.633331298828125,37.27333450317383,37.97066879272461,470535000,38.14666748046875,1,TSLA,0.04086264444061727,0.1091940305027208,0.19117437107458257,35.45666656494141,34.49106636047363,0.7619569185834245,0.04762371800513632,0.0,0.0,0.0,0.0,0.0,0.0,0.0,0.0
2020-01-23,37.61666870117188,38.79999923706055,37.040000915527344,38.14666748046875,294765000,37.654666900634766,0,TSLA,0.004635122144013071,0.12086194076107581,0.09019554230739324,36.17266693115234,35.02479972839355,-0.3735535082406197,0.03590369159389776,0.0,0.0,0.0,0.0,0.0,0.0,0.0,0.0
2020-01-24,38.04199981689453,38.25733184814453,36.95066833496094,37.654666900634766,215304000,37.20133209228516,0,TSLA,-0.012897603180825445,0.03220031176366689,0.05000748337939842,36.8570671081543,35.58133316040039,-0.269574067477482,0.0366438031028624,0.0,0.0,0.0,0.0,0.0,0.0,0.0,0.0
2020-01-27,36.13266754150391,37.62933349609375,35.95199966430664,37.20133209228516,204121500,37.79333114624024,1,TSLA,-0.012039272835579373,-0.0202613418435984,0.07621986076391374,37.49066696166992,36.1137996673584,-0.05193818972243902,0.032791690270977863,0.0,0.0,0.0,0.0,0.0,0.0,0.0,0.0
2020-01-28,37.89933395385742,38.45399856567383,37.2053337097168,37.79333114624024,176827500,38.732666015625,1,TSLA,0.015913383222044608,-0.009262574100592613,0.10401366720868399,37.753333282470706,36.39406623840332,-0.1337144788765514,0.03150602166791806,0.0,0.0,0.0,0.0,0.0,0.0,0.0,0.0
2020-01-29,38.37933349609375,39.31999969482422,37.82866668701172,38.732666015625,267022500,42.72066879272461,1,TSLA,0.024854513769903663,0.028628565957970586,0.13808031129723553,37.90573272705078,36.681199645996095,0.510073376595835,0.030294110128706635,0.0,0.0,0.0,0.0,0.0,0.0,0.0,0.0
2020-01-30,42.16133117675781,43.391998291015625,41.20000076293945,42.72066879272461,435085500,43.37133407592773,1,TSLA,0.10296225866535558,0.14836395338606834,0.17107097940784977,38.820532989501956,37.496599960327146,0.6293963991798444,0.04003916050982388,0.0,0.0,0.0,0.0,0.0,0.0,0.0,0.0
2020-01-31,42.66666793823242,43.53333282470703,42.167999267578125,43.37133407592773,235789500,52.0,1,TSLA,0.015230690473505115,0.1475922539906196,0.14223255620501263,39.96386642456055,38.41046676635742,-0.45806169132274,0.039349585608396825,0.0,0.0,0.0,0.0,0.0,0.0,0.0,0.0
2020-02-03,44.91266632080078,52.40933227539063,44.90133285522461,52.0,705975000,59.137332916259766,1,TSLA,0.19894859376394924,0.3425360386765752,0.3631597052776423,42.92360000610351,40.20713348388672,1.9940900676238762,0.07719816816710098,0.0,0.0,0.0,0.0,0.0,0.0,0.0,0.0
2020-02-04,58.86399841308594,64.59933471679688,55.59199905395508,59.137332916259766,914082000,48.97999954223633,0,TSLA,0.13725640223576474,0.38427919289341594,0.5705180203111253,47.19240036010742,42.47286682128906,0.2947795601827261,0.07844798851957754,0.0,0.0,0.0,0.0,0.0,0.0,0.0,0.0
2020-02-05,54.88399887084961,56.39866638183594,46.94066619873047,48.97999954223633,726357000,49.93066787719727,1,TSLA,-0.1717583947927872,0.1293173379562138,0.3166195076222509,49.24186706542969,43.57379989624023,-0.205369977748167,0.11880181270874696,0.0,0.0,0.0,0.0,0.0,0.0,0.0,0.0
2020-02-06,46.66133117675781,53.05533218383789,45.79999923706055,49.93066787719727,598212000,49.87133407592773,0,TSLA,0.01940931694254444,-0.03979484851543702,0.32115022314365316,50.68386688232422,44.75219993591308,-0.17642151173596454,0.11866053288363364,0.0,0.0,0.0,0.0,0.0,0.0,0.0,0.0
2020-02-07,48.70333480834961,51.31666564941406,48.66666793823242,49.87133407592773,255952500,51.41866683959961,1,TSLA,-0.001188323805631386,-0.15668611321131054,0.2875781402656177,51.98386688232422,45.973866653442386,-0.5721374696595856,0.11986181899639911,0.0,0.0,0.0,0.0,0.0,0.0,0.0,0.0
2020-02-10,53.33333206176758,54.66600036621094,50.15999984741211,51.41866683959961,370338000,51.62533187866211,1,TSLA,0.031026496329857656,0.04978904287780517,0.20360163575801238,51.86760025024414,47.395600128173825,0.4469012805110324,0.1169094446048216,0.0,0.0,0.0,0.0,0.0,0.0,0.0,0.0
2020-02-11,51.25266647338867,52.23400115966797,50.53333282470703,51.62533187866211,175462500,51.15266799926758,0,TSLA,0.004019260937028868,0.033940343150081764,0.19030998189459836,50.36520004272461,48.77880020141602,-0.5262098407400807,0.11726497077994633,0.0,0.0,0.0,0.0,0.0,0.0,0.0,0.0
2020-02-12,51.858001708984375,52.650001525878906,50.891334533691406,51.15266799926758,180337500,53.59999847412109,1,TSLA,-0.009155657933695438,0.025692794208974856,-0.0162948461679312,50.79973373413086,50.02080039978027,0.02778371446890371,0.09107490795443471,0.0,0.0,0.0,0.0,0.0,0.0,0.0,0.0
2020-02-13,49.45600128173828,54.53333282470703,49.0,53.59999847412109,394339500,53.33533477783203,0,TSLA,0.0478436525517798,0.04242295198601975,-0.09363517374007568,51.533599853515625,51.108733367919925,1.1866749844042421,0.07339495413791448,0.0,0.0,0.0,0.0,0.0,0.0,0.0,0.0
2020-02-14,52.4813346862793,54.198001861572266,52.36666870117188,53.33533477783203,235405500,57.22666549682617,1,TSLA,-0.00493775566834842,0.033123329903022025,0.08892068755206939,52.226399993896486,52.10513343811035,-0.40303849855264307,0.021104684160381446,0.0,0.0,0.0,0.0,0.0,0.0,0.0,0.0
2020-02-18,56.106666564941406,57.33333206176758,55.490665435791016,57.22666549682617,245725500,61.16133117675781,1,TSLA,0.0729597130158357,0.11874253553393466,0.14612257215491598,53.3879997253418,52.62779998779297,0.043839247596169084,0.03129912393877256,0.0,0.0,0.0,0.0,0.0,0.0,0.0,0.0
2020-02-19,61.56666564941406,62.98533248901367,60.06800079345703,61.16133117675781,381345000,59.96066665649414,0,TSLA,0.06875580895325561,0.14106964399052102,0.22638249627815,55.29519958496094,52.830199813842775,0.5519146364540921,0.03438937104216594,0.0,0.0,0.0,0.0,0.0,0.0,0.0,0.0
2020-02-20,60.79666519165039,60.79999923706055,57.3293342590332,59.96066665649414,264523500,60.06666564941406,1,TSLA,-0.019631105097986157,0.12422031109882181,0.1661264350462699,57.05679931640625,53.928266525268555,-0.30634071510049954,0.03915518380338693,0.0,0.0,0.0,0.0,0.0,0.0,0.0,0.0
2020-02-21,60.46533203125,60.87066650390625,58.6966667175293,60.06666564941406,214722000,55.58599853515625,0,TSLA,0.0017678087791648256,0.04962721710118512,0.16351146740503464,58.35013275146484,54.94186630249023,-0.1882687171461137,0.0393443062574827,0.0,0.0,0.0,0.0,0.0,0.0,0.0,0.0
2020-02-24,55.93333435058594,57.56666564941406,54.81333160400391,55.58599853515625,227883000,53.32733154296875,0,TSLA,-0.07459490327646512,-0.09115780402961982,0.08666860809590915,58.80026550292969,55.513332748413085,0.06129320703048591,0.05339061331527071,0.0,0.0,0.0,0.0,0.0,0.0,0.0,0.0
2020-02-25,56.59999847412109,57.106666564941406,52.46666717529297,53.32733154296875,259357500,51.91999816894531,0,TSLA,-0.040633739641448896,-0.11062810811505475,-0.005087069755869145,58.020398712158205,55.70419921875,0.13811692842379641,0.05427849096153471,0.0,0.0,0.0,0.0,0.0,0.0,0.0,0.0
2020-02-26,52.16666793823242,54.22066879272461,51.740665435791016,51.91999816894531,211282500,45.26666641235352,0,TSLA,-0.026390470576789893,-0.13562709686630026,-0.02653656557669115,56.172132110595705,55.73366584777832,-0.1853619039356872,0.055235630315261276,0.0,0.0,0.0,0.0,0.0,0.0,0.0,0.0
2020-02-27,48.66666793823242,49.31800079345703,44.59999847412109,45.26666641235352,364158000,44.53266525268555,0,TSLA,-0.12814583958462689,-0.18564624896098791,-0.2089934645088828,53.23333206176758,55.14506568908691,0.7235596890419225,0.06138076254384041,0.0,0.0,0.0,0.0,0.0,0.0,0.0,0.0
2020-02-28,41.97999954223633,46.03466796875,40.76800155639648,44.53266525268555,363343500,49.574668884277344,1,TSLA,-0.016215047800994253,-0.1649185518160956,-0.2718820144057198,50.126531982421874,54.23833236694336,-0.0022366665019030174,0.04433972687844633,0.0,0.0,0.0,0.0,0.0,0.0,0.0,0.0
2020-03-02,47.41733169555664,49.5793342590332,45.77799987792969,49.574668884277344,302925000,49.70066833496094,1,TSLA,0.11322034293215233,-0.04517198319299576,-0.17321351398103446,48.9242660522461,53.86226577758789,-0.16628479661807627,0.07443265973512299,0.0,0.0,0.0,0.0,0.0,0.0,0.0,0.0
2020-03-03,53.66666793823242,53.79866790771485,47.740665435791016,49.70066833496094,386760000,49.96666717529297,1,TSLA,0.0025416095259802596,0.09795291489362579,-0.17257487497234236,48.19893341064453,53.10966606140137,0.27675167120574407,0.07447860766235562,0.0,0.0,0.0,0.0,0.0,0.0,0.0,0.0
2020-03-04,50.93066787719727,51.10133361816406,48.31533432006836,49.96666717529297,225735000,48.30266571044922,0,TSLA,0.0053520173720666975,0.12202283181960971,-0.10109256841557401,47.808267211914064,51.990199661254884,-0.41634346881787154,0.07155611599706395,0.0,0.0,0.0,0.0,0.0,0.0,0.0,0.0
2020-03-05,48.2513313293457,49.71666717529297,47.87133407592773,48.30266571044922,162790500,46.89866638183594,0,TSLA,-0.033302230445070524,-0.025658329192220664,-0.094223087620105,48.4154670715332,50.82439956665039,-0.2788424480031896,0.07113486945566642,0.0,0.0,0.0,0.0,0.0,0.0,0.0,0.0
2020-03-06,46.0,47.133331298828125,45.61800003051758,46.89866638183594,189943500,40.53333282470703,0,TSLA,-0.029066704869448956,-0.056377550785448705,-0.09671286525801082,48.888667297363284,49.507599639892575,0.16679720253946018,0.07123317616478156,0.0,0.0,0.0,0.0,0.0,0.0,0.0,0.0
2020-03-09,40.35933303833008,44.20000076293945,40.33333206176758,40.53333282470703,256105500,43.02199935913086,1,TSLA,-0.13572525720249962,-0.18879254678908108,-0.10456554376080007,47.08040008544922,48.002333068847655,0.34832463337782027,0.07331594816665202,0.0,0.0,0.0,0.0,0.0,0.0,0.0,0.0
2020-03-10,43.96200180053711,44.53333282470703,40.53333282470703,43.02199935913086,233916000,42.28200149536133,0,TSLA,0.061398023823663106,-0.10932453258321939,-0.033922647229464586,45.744666290283206,46.97179985046387,-0.08664202838283441,0.07849016728438368,0.0,0.0,0.0,0.0,0.0,0.0,0.0,0.0
2020-03-11,42.68000030517578,43.571998596191406,40.86666870117188,42.28200149536133,199837500,37.369998931884766,0,TSLA,-0.017200452670558586,-0.09843915067620479,-0.14710471200401487,44.207733154296875,46.008000183105466,-0.14568691325091054,0.059764351592033235,0.0,0.0,0.0,0.0,0.0,0.0,0.0,0.0
2020-03-12,38.72600173950195,39.633331298828125,36.41666793823242,37.369998931884766,283636500,36.44133377075195,0,TSLA,-0.11617242301113506,-0.07804277794038339,-0.24809866378401213,42.021199798583986,45.2183334350586,0.41933571026459004,0.06825781638894482,0.0,0.0,0.0,0.0,0.0,0.0,0.0,0.0
2020-03-13,39.66666793823242,40.50466537475586,33.46666717529297,36.44133377075195,339604500,29.67133331298828,0,TSLA,-0.0248505535904755,-0.15296047804394397,-0.27068712341952816,39.92973327636719,44.409200286865236,0.19732298205625853,0.06599121794234952,0.0,0.0,0.0,0.0,0.0,0.0,0.0,0.0
2020-03-16,31.299999237060547,32.9913330078125,29.47800064086914,29.67133331298828,307342500,28.68000030517578,0,TSLA,-0.18577806455584012,-0.2982514482848343,-0.3857205833969213,37.75733337402344,42.41886672973633,-0.0949987411827582,0.08501391582943937,0.0,0.0,0.0,0.0,0.0,0.0,0.0,0.0
2020-03-17,29.333999633789062,31.456666946411133,26.399999618530277,28.68000030517578,359919000,24.08133316040039,0,TSLA,-0.03341046380880208,-0.23253944006122296,-0.38846874510948415,34.88893356323242,40.31679992675781,0.17106810805534534,0.0847325545211343,0.0,0.0,0.0,0.0,0.0,0.0,0.0,0.0
2020-03-18,25.933332443237305,26.99066734313965,23.367332458496094,24.08133316040039,356793000,28.50933265686035,1,TSLA,-0.1603440409986845,-0.339175308129687,-0.40588815470605344,31.248799896240236,37.72826652526855,-0.008685287523025997,0.0886024940849105,0.0,0.0,0.0,0.0,0.0,0.0,0.0,0.0
2020-03-19,24.979999542236328,30.13333320617676,23.8973331451416,28.50933265686035,452932500,28.50200080871582,0,TSLA,0.1838768421567878,-0.039162401091671795,-0.33733129372078763,29.47666664123535,35.74893321990967,0.26945455768470783,0.12360557231238692,0.0,0.0,0.0,0.0,0.0,0.0,0.0,0.0
2020-03-20,29.21333312988281,31.799999237060547,28.38599967956543,28.50200080871582,424282500,28.952667236328125,1,TSLA,-0.0002571736151377735,-0.006206397997416957,-0.32590701005857736,27.888800048828124,33.90926666259766,-0.06325445844579491,0.12453000414307397,0.0,0.0,0.0,0.0,0.0,0.0,0.0,0.0
2020-03-23,28.906667709350582,29.46666717529297,27.36666679382324,28.952667236328125,246817500,33.66666793823242,1,TSLA,0.015811747064244486,0.2022867273784581,-0.22524302745898184,27.745066833496093,32.751200103759764,-0.4182708454862032,0.12248641913323888,0.0,0.0,0.0,0.0,0.0,0.0,0.0,0.0
2020-03-24,31.81999969482422,34.24599838256836,31.600000381469727,33.66666793823242,343428000,35.95000076293945,1,TSLA,0.16281749323562988,0.1808998949026972,-0.07614062234863905,28.74240036010742,31.815666961669923,0.39142483819016083,0.14251759629701904,0.0,0.0,0.0,0.0,0.0,0.0,0.0,0.0
2020-03-25,36.34999847412109,37.133331298828125,34.07400131225586,35.95000076293945,318340500,35.21066665649414,0,TSLA,0.06782176450892674,0.2613149864182889,0.21160718946198354,31.116133880615234,31.182466888427733,-0.07305024633984414,0.118334740238072,0.0,0.0,0.0,0.0,0.0,0.0,0.0,0.0
2020-03-26,36.49266815185547,37.33333206176758,34.150001525878906,35.21066665649414,260710500,34.29066848754883,0,TSLA,-0.020565621439638027,0.21614586901734012,0.22770802935241918,32.45640068054199,30.966533660888672,-0.18103257361221714,0.11721384338362194,0.0,0.0,0.0,0.0,0.0,0.0,0.0,0.0
2020-03-27,33.66666793823242,35.0533332824707,32.935333251953125,34.29066848754883,215661000,33.47533416748047,0,TSLA,-0.026128393930185068,0.01853466908163437,0.42395224795680253,33.61413421630859,30.751467132568358,-0.17279511181943186,0.08687052369630756,0.0,0.0,0.0,0.0,0.0,0.0,0.0,0.0
2020-03-30,34.017333984375,34.44333267211914,32.7486686706543,33.47533416748047,179971500,34.93333435058594,1,TSLA,-0.02377714859552571,-0.06883634333632882,0.17418862694511805,34.51866760253906,31.13186721801758,-0.16548889228928731,0.06906420673278349,0.0,0.0,0.0,0.0,0.0,0.0,0.0,0.0
2020-03-31,33.41666793823242,36.19733428955078,33.133331298828125,34.93333435058594,266572500,32.104000091552734,0,TSLA,0.04355446239344318,-0.00787637191348245,0.2256449848918478,34.77200088500977,31.757200622558592,0.4811928555354599,0.06836455783262645,0.0,0.0,0.0,0.0,0.0,0.0,0.0,0.0
2020-04-01,33.599998474121094,34.26333236694336,31.67333221435547,32.104000091552734,200298000,30.29800033569336,0,TSLA,-0.08099239055277141,-0.06376861380786691,0.1088443019602181,34.00280075073242,32.55946731567383,-0.24861716793742794,0.0807106597169277,0.0,0.0,0.0,0.0,0.0,0.0,0.0,0.0
2020-04-02,32.06866836547852,32.95066833496094,29.76000022888184,30.29800033569336,297876000,32.000667572021484,1,TSLA,-0.05625466454987249,-0.0949156718164661,-0.10005942995961137,33.020267486572266,32.73833408355713,0.48716412545307497,0.05254547174110101,0.0,0.0,0.0,0.0,0.0,0.0,0.0,0.0
2020-04-03,33.96666717529297,34.36600112915039,31.22599983215332,32.000667572021484,338431500,34.41600036621094,1,TSLA,0.05619734693587186,-0.08395038243794961,-0.10985627558009126,32.5622673034668,33.0882007598877,0.1361489344559481,0.04964075741768226,0.0,0.0,0.0,0.0,0.0,0.0,0.0,0.0
2020-04-06,34.08000183105469,34.733333587646484,33.19733428955078,34.41600036621094,223527000,36.36333465576172,1,TSLA,0.0754775752334993,0.07201595651834491,-0.022568907826590046,32.75040054321289,33.63453407287598,-0.3395207006440003,0.06014439394007864,0.0,0.0,0.0,0.0,0.0,0.0,0.0,0.0
2020-04-07,36.33333206176758,37.66666793823242,35.48933410644531,36.36333465576172,268797000,36.589332580566406,1,TSLA,0.05658223700690801,0.20018926176203555,0.06044402922519554,33.036400604248044,33.90420074462891,0.20252586935806405,0.06261977506952705,0.0,0.0,0.0,0.0,0.0,0.0,0.0,0.0
2020-04-08,36.9466667175293,37.14733123779297,35.55533218383789,36.589332580566406,189840000,38.20000076293945,1,TSLA,0.006214994497730331,0.14339279011031758,0.09302366923377936,33.933467102050784,33.9681339263916,-0.2937421176575632,0.060917425335530406,0.0,0.0,0.0,0.0,0.0,0.0,0.0,0.0
2020-04-09,37.4726676940918,38.345333099365234,37.14066696166992,38.20000076293945,204750000,43.39666748046875,1,TSLA,0.04402015748241661,0.10994887135239528,0.09351144037868586,35.5138671875,34.26706733703613,0.07853982300884965,0.06095481803040767,0.0,0.0,0.0,0.0,0.0,0.0,0.0,0.0
2020-04-13,39.34400177001953,43.46666717529297,38.70199966430664,43.39666748046875,337131000,47.32600021362305,1,TSLA,0.13603839302984921,0.19341825746425623,0.35175265875629513,37.793067169189456,35.177667236328126,0.6465494505494505,0.05948754914718851,0.0,0.0,0.0,0.0,0.0,0.0,0.0,0.0
2020-04-14,46.59799957275391,49.45866775512695,46.1619987487793,47.32600021362305,458647500,48.65533447265625,1,TSLA,0.09054457315006381,0.29343709971794296,0.5620172846149654,40.375067138671874,36.562733840942386,0.36044297320626106,0.04049368794697261,0.0,0.0,0.0,0.0,0.0,0.0,0.0,0.0
2020-04-15,49.46666717529297,50.20866775512695,47.33333206176758,48.65533447265625,353655000,49.68066787719727,1,TSLA,0.028088878270565276,0.27369982986650254,0.5204474832642589,42.83346710205078,37.93493385314942,-0.22891763282259248,0.04299500323608121,0.0,0.0,0.0,0.0,0.0,0.0,0.0,0.0
2020-04-16,47.79600143432617,50.630001068115234,47.11466598510742,49.68066787719727,309868500,50.25933456420898,1,TSLA,0.02107340162500071,0.1448037547942298,0.44353403499998034,45.451734161376955,39.692600631713866,-0.12381134156169149,0.04510736982387375,0.0,0.0,0.0,0.0,0.0,0.0,0.0,0.0
2020-04-17,51.48533248901367,51.663333892822266,49.84400177001953,50.25933456420898,196923000,49.75733184814453,0,TSLA,0.011647723586206249,0.0619814549580624,0.3821431681113838,47.86360092163086,41.68873405456543,-0.3644949389821811,0.04789785828416177,0.0,0.0,0.0,0.0,0.0,0.0,0.0,0.0
2020-04-20,48.8466682434082,51.03799819946289,47.48066711425781,49.75733184814453,221199000,45.78133392333984,0,TSLA,-0.009988248360572882,0.022649055595488576,0.3598862930495761,49.13573379516602,43.46440048217774,0.12327661065492612,0.0505831167128327,0.0,0.0,0.0,0.0,0.0,0.0,0.0,0.0
2020-04-21,48.67466735839844,50.22200012207031,44.91933441162109,45.78133392333984,303136500,48.80733489990234,1,TSLA,-0.0799077799617377,-0.0784879535737315,0.19846421489487454,48.82680053710938,44.60093383789062,0.3704243690070932,0.06950584685001504,0.0,0.0,0.0,0.0,0.0,0.0,0.0,0.0
2020-04-22,46.93199920654297,48.93333435058594,45.91400146484375,48.80733489990234,212482500,47.04199981689453,0,TSLA,0.06609682849410836,-0.02889014900210496,0.1246793298556561,48.857200622558594,45.845333862304685,-0.2990533967371135,0.05491892889587074,0.0,0.0,0.0,0.0,0.0,0.0,0.0,0.0
2020-04-23,48.50666809082031,48.93333435058594,46.87533187866211,47.04199981689453,198550500,48.34333419799805,1,TSLA,-0.036169462779073736,-0.054571495906110434,-0.00600093807730584,48.32946701049805,46.8906005859375,-0.0655677526384526,0.047488035088945446,0.0,0.0,0.0,0.0,0.0,0.0,0.0,0.0
2020-04-24,47.387332916259766,48.71533203125,46.54533386230469,48.34333419799805,198180000,53.25,1,TSLA,0.02766324531628772,0.05596167815791997,-0.006412457709720321,47.94626693725586,47.90493392944336,-0.0018660240090052627,0.047446509097207844,0.0,0.0,0.0,0.0,0.0,0.0,0.0,0.0
2020-04-27,49.17399978637695,53.29933166503906,49.0,53.25,310221000,51.27466583251953,0,TSLA,0.10149622245552825,0.09102453779148179,0.07184549393791473,48.64480056762695,48.89026718139648,0.5653496821071753,0.06114313047323664,0.0,0.0,0.0,0.0,0.0,0.0,0.0,0.0
2020-04-28,53.042667388916016,53.66666793823242,50.44599914550781,51.27466583251953,228330000,53.367332458496094,1,TSLA,-0.037095477323576875,0.08997631971642694,0.020201844634719857,49.74346694946289,49.28513374328613,-0.26397632655429515,0.06384576904430256,0.0,0.0,0.0,0.0,0.0,0.0,0.0,0.0
2020-04-29,52.678001403808594,53.54666519165039,52.21066665649414,53.367332458496094,243240000,52.12533187866211,0,TSLA,0.040812876924676944,0.10392328836735665,0.072552134052706,50.65546646118164,49.75633354187012,0.065300223360925,0.06479337530350222,0.0,0.0,0.0,0.0,0.0,0.0,0.0,0.0
2020-04-30,57.01266860961914,57.98799896240234,50.900001525878906,52.12533187866211,427078500,46.75466537475586,0,TSLA,-0.023272674923369818,-0.02112052810024212,0.13857171496892606,51.672132873535155,50.0007999420166,0.755790577207696,0.054076871477655976,0.0,0.0,0.0,0.0,0.0,0.0,0.0,0.0
2020-05-01,50.33333206176758,51.51800155639648,45.5359992980957,46.75466537475586,487977000,50.74599838256836,1,TSLA,-0.1030337133662409,-0.08815270434969835,-0.04205657877768254,51.35439910888672,49.65033302307129,0.14259322349404147,0.06639420165616014,0.0,0.0,0.0,0.0,0.0,0.0,0.0,0.0
2020-05-04,46.73333358764648,50.79999923706055,46.53333282470703,50.74599838256836,288556500,51.2140007019043,1,TSLA,0.08536758793631605,-0.04911870155710618,0.07873811870437497,50.85359878540039,49.74919967651367,-0.4086678265573992,0.07227975371271235,0.0,0.0,0.0,0.0,0.0,0.0,0.0,0.0
2020-05-05,52.65266799926758,53.26133346557617,50.8120002746582,51.2140007019043,254875500,52.172000885009766,1,TSLA,0.009222447764407393,-0.01748346041957527,0.059380813333001825,50.84146575927734,50.29246635437012,-0.11672237499415195,0.07199745131431692,0.0,0.0,0.0,0.0,0.0,0.0,0.0,0.0
2020-05-06,51.76666641235352,52.6533317565918,50.740665435791016,52.172000885009766,166848000,52.00266647338867,0,TSLA,0.018705825945557253,0.11586727157240828,-0.020244114835497373,50.60239944458008,50.62893295288086,-0.3453745063766427,0.06042843967232705,0.0,0.0,0.0,0.0,0.0,0.0,0.0,0.0
2020-05-07,51.81399917602539,53.09333419799805,51.4900016784668,52.00266647338867,172915500,54.62799835205078,1,TSLA,-0.003245695176505081,0.02476388544662056,0.01419805724813572,50.57786636352539,51.124999618530275,0.03636543440736473,0.05840980003537306,0.0,0.0,0.0,0.0,0.0,0.0,0.0,0.0
2020-05-08,52.917999267578125,54.93333435058594,52.46733474731445,54.62799835205078,241297500,54.08599853515625,0,TSLA,0.05048456274844226,0.06666141296045125,0.023622426594679613,52.152532958984374,51.753466033935545,0.3954648368711886,0.05954271178975653,0.0,0.0,0.0,0.0,0.0,0.0,0.0,0.0
2020-05-11,52.70066833496094,54.93333435058594,52.33333206176758,54.08599853515625,247794000,53.96066665649414,0,TSLA,-0.0099216488475673,0.036686299503157827,0.03761446854781081,52.820532989501956,51.837065887451175,0.026923196469089028,0.058698094665317516,0.0,0.0,0.0,0.0,0.0,0.0,0.0,0.0
2020-05-12,55.133331298828125,56.21933364868164,53.86666870117188,53.96066665649414,238603500,52.73066711425781,0,TSLA,-0.002317270311292141,0.03765191894741471,0.154123684213747,53.36986618041992,52.10566596984863,-0.03708927576938914,0.03474659961890466,0.0,0.0,0.0,0.0,0.0,0.0,0.0,0.0
2020-05-13,54.72200012207031,55.06666564941406,50.88666534423828,52.73066711425781,285982500,53.55533218383789,1,TSLA,-0.02279437261341355,-0.03473184621493164,0.03910985683496193,53.48159942626953,52.041999435424806,0.19856791706743615,0.023760877031739513,0.0,0.0,0.0,0.0,0.0,0.0,0.0,0.0
2020-05-14,52.0,53.55733489990234,50.93333435058594,53.55533218383789,205233000,53.27799987792969,0,TSLA,0.01563919280204029,-0.009811529151549703,0.04571662923897568,53.79213256835938,52.18499946594238,-0.2823581862526553,0.024040052557295317,0.0,0.0,0.0,0.0,0.0,0.0,0.0,0.0
2020-05-15,52.68999862670898,53.66999816894531,52.436668395996094,53.27799987792969,157776000,54.242000579833984,1,TSLA,-0.005178425650618879,-0.012651192449311455,0.021199090971373957,53.522132873535156,52.83733291625977,-0.23123474295069502,0.02373683357224828,0.0,0.0,0.0,0.0,0.0,0.0,0.0,0.0
2020-05-18,55.185333251953125,55.64799880981445,53.59199905395508,54.242000579833984,174987000,53.867332458496094,0,TSLA,0.018093785504579962,0.028661375785392407,0.043061909288656386,53.5533332824707,53.18693313598633,0.10908503194402197,0.02413235804579412,0.0,0.0,0.0,0.0,0.0,0.0,0.0,0.0
2020-05-19,54.34466552734375,54.80466842651367,53.73866653442383,53.867332458496094,144547500,54.37066650390625,1,TSLA,-0.006907343337870575,0.005825755567852919,-0.013924469438776899,53.53466644287109,53.45226631164551,-0.17395292221707903,0.014400758186384586,0.0,0.0,0.0,0.0,0.0,0.0,0.0,0.0
2020-05-20,54.70000076293945,55.06666564941406,54.119998931884766,54.37066650390625,109639500,55.17333221435547,1,TSLA,0.00934395713390801,0.02050877714028454,0.005263246985538483,53.862666320800784,53.672132873535155,-0.2414984693612826,0.014455801658204091,0.0,0.0,0.0,0.0,0.0,0.0,0.0,0.0
2020-05-21,54.400001525878906,55.5,53.06666564941406,55.17333221435547,183819000,54.45866775512695,0,TSLA,0.01476284478490908,0.017169935189811802,0.022473138917667335,54.186266326904295,53.98919944763183,0.6765764163462986,0.015253551630713463,0.0,0.0,0.0,0.0,0.0,0.0,0.0,0.0
2020-05-22,54.81133270263672,55.45199966430664,54.133331298828125,54.45866775512695,149812500,54.5913314819336,1,TSLA,-0.012953077701596039,0.01097762353624021,0.032770316315643644,54.42239990234375,53.972266387939456,-0.18499991839798935,0.012687461496445618,0.0,0.0,0.0,0.0,0.0,0.0,0.0,0.0
2020-05-26,55.633331298828125,55.63999938964844,54.38066864013672,54.5913314819336,121345500,54.68199920654297,1,TSLA,0.0024360442933193394,0.004058529943006928,0.019344465916847797,54.49226608276367,54.02279968261719,-0.19001752190237797,0.01173323354158432,0.0,0.0,0.0,0.0,0.0,0.0,0.0,0.0
2020-05-27,54.7239990234375,55.18066787719727,52.33333206176758,54.68199920654297,173242500,53.72066879272461,0,TSLA,0.0016608447192640874,-0.008905262526171298,0.02635232801212739,54.655199432373045,54.09493293762207,0.42767964201391884,0.01123222382148198,0.0,0.0,0.0,0.0,0.0,0.0,0.0,0.0
2020-05-28,54.23400115966797,54.98333358764648,53.44599914550781,53.72066879272461,108834000,55.66666793823242,1,TSLA,-0.017580381620416863,-0.01355154271714376,-0.009611219747363009,54.52519989013672,54.19393310546875,-0.37178232823931767,0.011735402945357973,0.0,0.0,0.0,0.0,0.0,0.0,0.0,0.0
2020-05-29,53.91666793823242,55.66666793823242,53.61399841308594,55.66666793823242,176467500,59.87333297729492,1,TSLA,0.03622440280883765,0.019697934216070356,0.033403092331009576,54.62386703491211,54.405066680908206,0.6214372346876895,0.017976291539138118,0.0,0.0,0.0,0.0,0.0,0.0,0.0,0.0
2020-06-01,57.20000076293945,59.93333435058594,56.93999862670898,59.87333297729492,224092500,58.77066802978516,0,TSLA,0.07556883131087,0.09493679540031863,0.10120652968256949,55.706800079345705,55.06459999084473,0.2698797228951506,0.0323891802081674,0.0,0.0,0.0,0.0,0.0,0.0,0.0,0.0
2020-06-02,59.64666748046875,60.57733154296875,58.06666564941406,58.77066802978516,203484000,58.86399841308594,1,TSLA,-0.018416628784101774,0.09400477228877091,0.06520062629992296,56.542667388916016,55.51746673583985,-0.09196425583185519,0.03465889561165828,0.0,0.0,0.0,0.0,0.0,0.0,0.0,0.0
2020-06-03,59.20800018310547,59.86266708374024,58.67333221435547,58.86399841308594,119242500,57.62533187866211,0,TSLA,0.0015880436011630472,0.057437073086559876,0.08089310369779024,57.37906723022461,56.01713333129883,-0.4139956949932181,0.03350089087912341,0.0,0.0,0.0,0.0,0.0,0.0,0.0,0.0
2020-06-04,59.32533264160156,59.71666717529297,57.22933197021485,57.62533187866211,133315500,59.04399871826172,1,TSLA,-0.021042854169221026,-0.037545948869846524,0.055576596400338296,58.15999984741211,56.342599868774414,0.11802000125794065,0.035680458732371814,0.0,0.0,0.0,0.0,0.0,0.0,0.0,0.0
2020-06-05,58.52266693115234,59.10133361816406,57.74666595458984,59.04399871826172,117178500,63.32799911499024,1,TSLA,0.024618805538279664,0.004650801116264924,0.07977030055618028,58.83546600341797,56.729666519165036,-0.1210436895934831,0.03602346816394426,0.0,0.0,0.0,0.0,0.0,0.0,0.0,0.0
2020-06-08,61.26666641235352,63.33333206176758,60.61066818237305,63.32799911499024,212620500,62.711334228515625,0,TSLA,0.0725560681818036,0.07583583892105983,0.17883862092883618,59.52639923095703,57.61659965515137,0.8145009536732422,0.03978234544609134,0.0,0.0,0.0,0.0,0.0,0.0,0.0,0.0
2020-06-09,62.66733169555664,63.62933349609375,61.595333099365234,62.711334228515625,170823000,68.336669921875,1,TSLA,-0.00973763414433615,0.08825983615266253,0.12655088855147478,60.31453247070313,58.42859992980957,-0.19658264372438217,0.0412784861131928,0.0,0.0,0.0,0.0,0.0,0.0,0.0,0.0
2020-06-10,66.12533569335938,68.49866485595703,65.5,68.336669921875,278451000,64.85600280761719,0,TSLA,0.08970205725269786,0.15738553291342638,0.14135403064649044,62.209066772460936,59.794067001342775,0.6300556716601395,0.0447687654228541,0.0,0.0,0.0,0.0,0.0,0.0,0.0,0.0
2020-06-11,66.01333618164062,67.9306640625,64.80000305175781,64.85600280761719,238747500,62.35200119018555,0,TSLA,-0.0509341048991272,0.02412840629706947,0.10354374013152201,63.65520095825195,60.90760040283203,-0.14258702608358387,0.05070076711226329,0.0,0.0,0.0,0.0,0.0,0.0,0.0,0.0
2020-06-12,65.33333587646484,65.8653335571289,60.84000015258789,62.35200119018555,251451000,66.05999755859375,1,TSLA,-0.03860863311078977,-0.0057299536479433755,0.05925528117580603,64.31680145263672,61.576133728027344,0.053208934124964635,0.0546301042070082,0.0,0.0,0.0,0.0,0.0,0.0,0.0,0.0
2020-06-15,61.18600082397461,66.5893325805664,60.56666564941406,66.05999755859375,235458000,65.47533416748047,0,TSLA,0.059468762792361796,-0.033315529800969634,0.14637079570651257,64.86320114135742,62.194800186157224,-0.06360284906403235,0.05559293785129257,0.0,0.0,0.0,0.0,0.0,0.0,0.0,0.0
2020-06-16,67.4566650390625,67.52532958984375,64.15933227539062,65.47533416748047,210766500,66.11933135986328,1,TSLA,-0.008850490655781473,0.00954932979296319,0.10892445614848922,65.41600112915039,62.86526679992676,-0.10486583594526411,0.056659805618901465,0.0,0.0,0.0,0.0,0.0,0.0,0.0,0.0
2020-06-17,65.84733581542969,67.0,65.50466918945312,66.11933135986328,148362000,66.9306640625,1,TSLA,0.009835722116904755,0.060420356969564715,0.0440773794195608,64.97253341674805,63.59080009460449,-0.2960835806449317,0.05093792699950756,0.0,0.0,0.0,0.0,0.0,0.0,0.0,0.0
2020-06-18,66.86666870117188,67.94667053222656,66.2979965209961,66.9306640625,146278500,66.72666931152344,0,TSLA,0.012270733625858066,0.013179935453887737,0.06728177427400017,65.38746566772461,64.52133331298828,-0.014043353419339155,0.050389609948933094,0.0,0.0,0.0,0.0,0.0,0.0,0.0,0.0
2020-06-19,67.51866912841797,67.73133087158203,66.0893325805664,66.72666931152344,130195500,66.28800201416016,0,TSLA,-0.0030478518902198326,0.019111550325839666,-0.02355983415920293,66.26239929199218,65.28960037231445,-0.10994780504311985,0.0362858956415364,0.0,0.0,0.0,0.0,0.0,0.0,0.0,0.0
2020-06-22,66.663330078125,67.2586669921875,66.00133514404297,66.28800201416016,95436000,66.78533172607422,1,TSLA,-0.0065740925163715325,0.0025510036297684557,0.02207967103354669,66.30800018310546,65.58560066223144,-0.26697927347719386,0.029775837108299813,0.0,0.0,0.0,0.0,0.0,0.0,0.0,0.0
2020-06-23,66.59200286865234,67.46666717529297,66.267333984375,66.78533172607422,95479500,64.0566635131836,0,TSLA,0.0075025599927995845,-0.0021713864409005357,0.07110165594150164,66.56999969482422,65.99300041198731,0.00045580284169499663,0.023305273180834696,0.0,0.0,0.0,0.0,0.0,0.0,0.0,0.0
2020-06-24,66.27400207519531,66.72533416748047,63.542667388916016,64.0566635131836,164394000,65.73200225830078,1,TSLA,-0.040857298187609414,-0.040014072722175276,-0.030325978193281644,66.15746612548828,65.56499977111817,0.7217727365560147,0.018154751958067275,0.0,0.0,0.0,0.0,0.0,0.0,0.0,0.0
2020-06-25,63.61800003051758,65.73200225830078,62.47666549682617,65.73200225830078,138817500,63.982666015625,0,TSLA,0.02615401198303724,-0.008387637867567688,0.003920073018089276,65.91773376464843,65.65259971618653,-0.15558049563852694,0.021234687229990765,0.0,0.0,0.0,0.0,0.0,0.0,0.0,0.0
2020-06-26,66.31866455078125,66.33333587646484,63.65800094604492,63.982666015625,132823500,67.29000091552734,1,TSLA,-0.026613159231048233,-0.041965288455024674,-0.03231528964818464,65.36893310546876,65.81566619873047,-0.04317899400291747,0.02302978838024008,0.0,0.0,0.0,0.0,0.0,0.0,0.0,0.0
2020-06-29,64.60066986083984,67.33333587646484,63.23466873168945,67.29000091552734,135396000,71.98733520507812,1,TSLA,0.05169110801188981,0.050476206923863565,0.0053687925864860375,65.56933288574218,65.93866653442383,0.019367807654518954,0.031178632881375627,0.0,0.0,0.0,0.0,0.0,0.0,0.0,0.0
2020-06-30,67.0999984741211,72.51266479492188,66.91533660888672,71.98733520507812,253777500,74.64199829101562,1,TSLA,0.0698073149894527,0.09516419296336598,0.07883903014841764,66.60973358154297,66.5898666381836,0.8743352831693698,0.04034498503313845,0.0,0.0,0.0,0.0,0.0,0.0,0.0,0.0
2020-07-01,72.19999694824219,75.68866729736328,72.03333282470703,74.64199829101562,199903500,80.57733154296875,1,TSLA,0.03687680726581788,0.16659718856959693,0.12602576670014765,68.72680053710937,67.44213333129883,-0.21228832343292847,0.040427561776486286,0.0,0.0,0.0,0.0,0.0,0.0,0.0,0.0
2020-07-02,81.43199920654297,81.86666870117188,79.04000091552734,80.57733154296875,258751500,91.43866729736328,1,TSLA,0.0795173412803385,0.19746367137253706,0.20651241014214916,71.69586639404297,68.8068000793457,0.29438203933397866,0.04613248904805143,0.0,0.0,0.0,0.0,0.0,0.0,0.0,0.0
2020-07-06,85.11266326904297,91.85266876220705,84.40266418457031,91.43866729736328,308548500,92.65733337402344,1,TSLA,0.1347939370342961,0.2702049191968565,0.4274653452492754,77.18706665039062,71.27799987792969,0.19245105825473474,0.04999386778491751,0.0,0.0,0.0,0.0,0.0,0.0,0.0,0.0
2020-07-07,93.6673355102539,95.3000030517578,89.11399841308594,92.65733337402344,322345500,91.05867004394533,0,TSLA,0.013327688522591696,0.24135654853142174,0.4096228654334422,82.26053314208984,73.91493301391601,0.044715822634042945,0.051365523305527114,0.0,0.0,0.0,0.0,0.0,0.0,0.0,0.0
2020-07-08,93.66666412353516,94.48400115966795,87.42266845703125,91.05867004394533,244669500,92.9520034790039,1,TSLA,-0.01725350030984485,0.13007800457362229,0.42317717773292207,86.07480010986328,76.34226684570312,-0.24097125599705904,0.049068496602722146,0.0,0.0,0.0,0.0,0.0,0.0,0.0,0.0
2020-07-09,93.1326675415039,93.90399932861328,90.08533477783205,92.9520034790039,175764000,102.97666931152344,1,TSLA,0.02079245649145589,0.016550286945009596,0.38136427722287314,89.73680114746094,79.23180084228515,-0.2816268476454973,0.05054001435249461,0.0,0.0,0.0,0.0,0.0,0.0,0.0,0.0
2020-07-10,93.06666564941406,103.2613296508789,91.73400115966795,102.97666931152344,350064000,99.8040008544922,0,TSLA,0.10784776505418647,0.11137095750257187,0.4304831400990554,94.21666870117187,82.95626754760742,0.991670649279716,0.05508325693555144,0.0,0.0,0.0,0.0,0.0,0.0,0.0,0.0
2020-07-13,110.5999984741211,119.66600036621094,98.0739974975586,99.8040008544922,584781000,101.12000274658205,1,TSLA,-0.03080958510547016,0.09604061652038554,0.3371024776878895,95.88973541259767,86.53840103149415,0.6704973947621007,0.0637827001828033,0.0,0.0,0.0,0.0,0.0,0.0,0.0,0.0
2020-07-14,103.73332977294922,106.0,95.4000015258789,101.12000274658205,351271500,103.06732940673828,1,TSLA,0.013185863099901995,0.0878732997877032,0.25494355310908623,97.58226928710938,89.92140121459961,-0.39931102412698083,0.06254727540780343,0.0,0.0,0.0,0.0,0.0,0.0,0.0,0.0
2020-07-15,102.86666870117188,103.33333587646484,97.13333129882812,103.06732940673828,245517000,100.04266357421876,0,TSLA,0.019257581163604653,0.000880394518690153,0.12717444876529083,99.98400115966797,93.02940063476562,-0.30106199905201536,0.044257154172049645,0.0,0.0,0.0,0.0,0.0,0.0,0.0,0.0
2020-07-16,98.47733306884766,102.11399841308594,97.73332977294922,100.04266357421876,214512000,100.05599975585938,1,TSLA,-0.029346504366899562,0.0023913141525711,0.07970583580668644,101.40213317871094,95.56946716308595,-0.12628453426850283,0.04781235234070815,0.0,0.0,0.0,0.0,0.0,0.0,0.0,0.0
2020-07-17,100.89666748046876,102.50066375732422,99.33333587646484,100.05599975585938,139950000,109.53333282470705,1,TSLA,0.0001333049437524103,-0.010522181188910573,0.0988080509804492,100.81799926757813,97.51733398437501,-0.347588946072947,0.046475101957267145,0.0,0.0,0.0,0.0,0.0,0.0,0.0,0.0
2020-07-20,101.267333984375,110.0,99.1999969482422,109.53333282470705,256821000,104.55733489990234,0,TSLA,0.09472028755869455,0.06273572290256735,0.17838592741520132,102.7638656616211,99.32680053710939,0.8350911039657021,0.05565342862737289,0.0,0.0,0.0,0.0,0.0,0.0,0.0,0.0
2020-07-21,109.32866668701172,111.66666412353516,103.86666870117188,104.55733489990234,241608000,106.15533447265624,1,TSLA,-0.045429074387502655,0.04512746026933079,0.015349744742637839,103.45133209228516,100.51680068969728,-0.059235810155711555,0.04712320214757834,0.0,0.0,0.0,0.0,0.0,0.0,0.0,0.0
2020-07-22,106.5999984741211,108.4280014038086,104.13333129882812,106.15533447265624,212416500,100.87133026123048,0,TSLA,0.015283476518254124,0.06095921015910566,0.06363806624770363,104.06893310546874,102.02646713256837,-0.12082174431310222,0.04475579630091893,0.0,0.0,0.0,0.0,0.0,0.0,0.0,0.0
2020-07-23,111.93000030517578,112.5999984741211,98.71800231933594,100.87133026123048,364927500,94.46666717529295,0,TSLA,-0.049776153385742705,-0.07908097325349261,-0.0024591819481528665,104.23466644287109,102.81839981079102,0.7179809478077268,0.049959521524211604,0.0,0.0,0.0,0.0,0.0,0.0,0.0,0.0
2020-07-24,94.40066528320312,97.66666412353516,91.10266876220705,94.46666717529295,290949000,102.63999938964844,1,TSLA,-0.0634933937061315,-0.09650846336385355,-0.0834470271127743,103.1167999267578,101.96739959716798,-0.20272108843537417,0.054425078261896874,0.0,0.0,0.0,0.0,0.0,0.0,0.0,0.0
2020-07-27,95.66666412353516,103.1959991455078,94.1999969482422,102.63999938964844,240730500,98.43267059326172,0,TSLA,0.08652080631985237,-0.03311501113411586,0.025962281716967572,101.73813323974609,102.25099945068361,-0.17260241485621186,0.06462509697120433,0.0,0.0,0.0,0.0,0.0,0.0,0.0,0.0
2020-07-28,100.26667022705078,104.3133316040039,98.29467010498048,98.43267059326172,237130500,99.94066619873048,1,TSLA,-0.040991122577997974,-0.02417594436053605,-0.01622420611016473,100.51320037841796,101.98226623535156,-0.014954482294516014,0.06701129965268267,0.0,0.0,0.0,0.0,0.0,0.0,0.0,0.0
2020-07-29,100.06666564941406,102.32066345214844,99.13333129882812,99.94066619873048,141403500,99.16600036621094,0,TSLA,0.01532007204904584,0.05794635491140965,-0.08757760198284392,99.27026672363282,101.66959991455079,-0.403689107896285,0.053593260230609056,0.0,0.0,0.0,0.0,0.0,0.0,0.0,0.0
2020-07-30,99.1999969482422,100.8826675415039,98.06666564941406,99.16600036621094,114315000,95.38400268554688,0,TSLA,-0.007751257440881343,-0.03384644431114314,-0.05156342727033725,98.9292007446289,101.58193359375,-0.1915688084099757,0.051503604696844625,0.0,0.0,0.0,0.0,0.0,0.0,0.0,0.0
2020-07-31,101.0,101.13666534423828,94.73200225830078,95.38400268554688,183123000,99.0,1,TSLA,-0.03813804798718812,-0.030972114129793282,-0.10146764494330585,99.11266784667968,101.11473388671875,0.6019157590867341,0.05171045589517863,0.0,0.0,0.0,0.0,0.0,0.0,0.0,0.0
2020-08-03,96.61333465576172,100.65399932861328,96.29199981689452,99.0,132139500,99.13333129882812,1,TSLA,0.03790989277703116,-0.00941224663101592,-0.018551656415992768,98.38466796875,100.06140060424805,-0.27841123179502303,0.05223005051395791,0.0,0.0,0.0,0.0,0.0,0.0,0.0,0.0
2020-08-04,99.6673355102539,101.82733154296876,97.46666717529295,99.13333129882812,126225000,99.00133514404295,0,TSLA,0.0013467807962437295,-0.0003294381871020713,0.049400113956340475,98.52480010986328,99.51900024414063,-0.044759515512015735,0.044599075240192465,0.0,0.0,0.0,0.0,0.0,0.0,0.0,0.0
2020-08-05,99.5326690673828,99.98933410644533,97.88733673095705,99.00133514404295,74217000,99.30533599853516,1,TSLA,-0.001331501252462508,0.03792389034481358,-0.03545074305575702,98.33693389892578,98.8036003112793,-0.4120261437908497,0.02801397918508998,0.0,0.0,0.0,0.0,0.0,0.0,0.0,0.0
2020-08-06,99.38866424560548,101.15399932861328,98.48400115966795,99.30533599853516,89884500,96.84733581542967,0,TSLA,0.003070674289896047,0.0030842020054056007,0.008865607323399916,98.36480102539062,98.64700088500976,0.21110392497675745,0.023035995093786982,0.0,0.0,0.0,0.0,0.0,0.0,0.0,0.0
2020-08-07,99.96932983398438,99.98332977294922,94.33399963378906,96.84733581542967,133446000,94.5713348388672,0,TSLA,-0.024751944680412197,-0.02305980696348775,-0.030951668634565332,98.65746765136718,98.88506774902343,0.4846386195617709,0.023985680429719318,0.0,0.0,0.0,0.0,0.0,0.0,0.0,0.0
2020-08-10,96.53333282470705,97.16666412353516,92.38933563232422,94.5713348388672,112834500,91.6259994506836,0,TSLA,-0.023500914685975927,-0.04474687436013136,-0.04633307293201361,97.77173461914063,98.07820129394531,-0.1544557349040061,0.025084028195368653,0.0,0.0,0.0,0.0,0.0,0.0,0.0,0.0
2020-08-11,93.06666564941406,94.66666412353516,91.0,91.6259994506836,129387000,103.65066528320312,1,TSLA,-0.031144060652225525,-0.07733055299228675,-0.03939867408639075,96.27026824951172,97.3975341796875,0.14669715379604642,0.023715033171507017,0.0,0.0,0.0,0.0,0.0,0.0,0.0,0.0
2020-08-12,98.0,105.66666412353516,95.66666412353516,103.65066528320312,327441000,108.06666564941406,1,TSLA,0.1312363947417745,0.07024797750491696,0.046976417002051685,97.20013427734375,97.76853408813477,1.5307101949964061,0.056184131086051824,0.0,0.0,0.0,0.0,0.0,0.0,0.0,0.0
2020-08-13,107.4000015258789,110.07866668701172,104.48400115966795,108.06666564941406,306379500,110.04733276367188,1,TSLA,0.042604650478076156,0.14270001405331234,0.09011433625343668,98.95240020751953,98.65860061645508,-0.06432151135624431,0.05753643760935948,0.0,0.0,0.0,0.0,0.0,0.0,0.0,0.0
2020-08-14,110.99933624267578,111.25333404541016,108.44266510009766,110.04733276367188,188664000,122.3759994506836,1,TSLA,0.01832819678811437,0.2010491937160621,0.11157422880769685,101.59239959716797,100.12493362426758,-0.384214674937455,0.057156682274654785,0.0,0.0,0.0,0.0,0.0,0.0,0.0,0.0
2020-08-17,111.8000030517578,123.05733489990234,111.52200317382812,122.3759994506836,303634500,125.80599975585938,1,TSLA,0.11203058154519474,0.18065811846279534,0.23232048127291716,107.15333251953125,102.46253356933593,0.6093928889454268,0.06688341585280275,0.0,0.0,0.0,0.0,0.0,0.0,0.0,0.0
2020-08-18,126.59933471679688,128.25999450683594,123.00733184814452,125.80599975585938,247117500,125.23533630371094,0,TSLA,0.028028374195693928,0.16415176687318755,0.2990135319325533,113.98933258056641,105.12980041503906,-0.18613497478053387,0.062216375947490535,0.0,0.0,0.0,0.0,0.0,0.0,0.0,0.0
2020-08-19,124.33333587646484,127.4000015258789,122.74732971191406,125.23533630371094,183079500,133.45533752441406,1,TSLA,-0.004536059116861502,0.13801337259718505,0.32424202869812246,118.30626678466797,107.75320053100586,-0.2591398828492518,0.05935496830263482,0.0,0.0,0.0,0.0,0.0,0.0,0.0,0.0
2020-08-20,124.04533386230467,134.79933166503906,123.8040008544922,133.45533752441406,309177000,136.6653289794922,1,TSLA,0.06563643667445929,0.0905352203329326,0.45652258446844574,123.38400115966797,111.16820068359375,0.6887581624376296,0.04989685421696285,0.0,0.0,0.0,0.0,0.0,0.0,0.0,0.0
2020-08-21,136.3173370361328,139.69932556152344,135.00332641601562,136.6653289794922,322344000,134.27999877929688,0,TSLA,0.024052926729070556,0.08631805513812174,0.31851858939914757,128.70760040283204,115.15,0.0425872558437399,0.03807400191976093,0.0,0.0,0.0,0.0,0.0,0.0,0.0,0.0
2020-08-24,141.7519989013672,141.93333435058594,128.50132751464844,134.27999877929688,300954000,134.8893280029297,1,TSLA,-0.017453806448256226,0.0722213293990086,0.24256631748890212,131.0884002685547,119.12086639404296,-0.06635767999404363,0.04393573415629812,0.0,0.0,0.0,0.0,0.0,0.0,0.0,0.0
2020-08-25,131.65933227539062,135.19667053222656,131.1999969482422,134.8893280029297,159883500,143.54466247558594,1,TSLA,0.004537751185374361,0.010745096487829064,0.22573918527045378,132.90506591796876,123.44719924926758,-0.46874439283079805,0.04496369449236383,0.0,0.0,0.0,0.0,0.0,0.0,0.0,0.0
2020-08-26,137.3333282470703,144.39999389648438,136.90866088867188,143.54466247558594,213591000,149.25,1,TSLA,0.06416619165356252,0.050337079253846895,0.1729805118644454,136.56693115234376,127.43659896850586,0.3359164641754777,0.03233375797673642,0.0,0.0,0.0,0.0,0.0,0.0,0.0,0.0
2020-08-27,145.36399841308594,153.0399932861328,142.8333282470703,149.25,355395000,147.55999755859375,0,TSLA,0.039746079206424145,0.11148347748578602,0.18635041484218817,139.72586364746093,131.55493240356446,0.6639043779934548,0.032906113109329824,0.0,0.0,0.0,0.0,0.0,0.0,0.0,0.0
2020-08-28,153.00799560546875,154.5659942626953,145.76800537109375,147.55999755859375,301218000,166.10667419433594,1,TSLA,-0.011323299439907841,0.09393381776940024,0.17826167848300245,141.90479736328126,135.30619888305665,-0.15244164943232175,0.03400863907087413,0.0,0.0,0.0,0.0,0.0,0.0,0.0,0.0
2020-08-31,148.20333862304688,166.7133331298828,146.70333862304688,166.10667419433594,355123200,158.35000610351562,0,TSLA,0.1256890549105465,0.15717764303906012,0.244661152379527,148.27013244628907,139.67926635742188,0.17895743282273968,0.0500133886033604,0.0,0.0,0.0,0.0,0.0,0.0,0.0,0.0
2020-09-01,167.3800048828125,167.49667358398438,156.836669921875,158.35000610351562,269523300,149.1233367919922,0,TSLA,-0.04669690804684601,0.06097156518268432,0.15866992225422005,152.96226806640624,142.9336669921875,-0.24104282682742217,0.05849852222977196,0.0,0.0,0.0,0.0,0.0,0.0,0.0,0.0
2020-09-02,159.663330078125,159.67999267578125,135.0399932861328,149.1233367919922,288528300,135.6666717529297,0,TSLA,-0.05826756524083643,0.010594600564273193,0.11054020068239567,154.0780029296875,145.3224670410156,0.07051338418607966,0.06485262179244472,0.0,0.0,0.0,0.0,0.0,0.0,0.0,0.0
2020-09-03,135.7433319091797,143.93333435058594,134.0,135.6666717529297,262788300,139.44000244140625,1,TSLA,-0.09023849203316048,-0.18325574567698033,0.0057628261739366415,151.36133728027343,145.5436004638672,-0.08921135292447913,0.07666554738087125,0.0,0.0,0.0,0.0,0.0,0.0,0.0,0.0
2020-09-04,134.27000427246094,142.6666717529297,124.00666809082033,139.44000244140625,330965700,110.06999969482422,0,TSLA,0.027813247275265907,-0.11941902704915364,-0.028595002861062868,149.73733825683593,145.8210678100586,0.25943849098304606,0.07299862209745447,0.0,0.0,0.0,0.0,0.0,0.0,0.0,0.0
2020-09-08,118.66666412353516,122.913330078125,109.95999908447266,110.06999969482422,346397100,122.09333038330078,1,TSLA,-0.21062824320390794,-0.26188615368527013,-0.26251256485879926,138.5300033569336,143.40006790161132,0.04662537537877798,0.10396484175823212,0.0,0.0,0.0,0.0,0.0,0.0,0.0,0.0
2020-09-09,118.86666870117188,123.0,113.836669921875,122.09333038330078,238397400,123.77999877929688,1,TSLA,0.10923349433825735,-0.10004919553380132,-0.1725851693998609,131.27866821289064,142.12046813964844,-0.31178003510999375,0.11808262567438456,0.0,0.0,0.0,0.0,0.0,0.0,0.0,0.0
2020-09-10,128.73666381835938,132.99667358398438,120.1866683959961,123.77999877929688,254791800,124.23999786376952,1,TSLA,0.013814582587770685,-0.11230639262710729,-0.2548162234921344,126.21000061035156,140.14400177001954,0.06876920637557293,0.10140039173126761,0.0,0.0,0.0,0.0,0.0,0.0,0.0,0.0
2020-09-11,127.3133316040039,127.5,120.16666412353516,124.23999786376952,182152500,139.8733367919922,1,TSLA,0.003716263443279244,0.1287362424659988,-0.21540894805806265,123.92466583251954,137.64300155639648,-0.28509276986151044,0.1023351537972096,0.0,0.0,0.0,0.0,0.0,0.0,0.0,0.0
2020-09-14,126.98332977294922,140.0,124.43333435058594,139.8733367919922,249061800,149.9199981689453,1,TSLA,0.1258317707423402,0.14562635283084435,-0.06202919139948271,124.01133270263672,136.87433547973632,0.367325729814304,0.11632660687276883,0.0,0.0,0.0,0.0,0.0,0.0,0.0,0.0
2020-09-15,145.52000427246094,153.97999572753906,143.56666564941406,149.9199981689453,291894600,147.25332641601562,0,TSLA,0.07182685140266343,0.21118112495910402,0.10506137013498185,131.98133239746093,135.25566787719725,0.17197659376106644,0.11210299299638572,0.0,0.0,0.0,0.0,0.0,0.0,0.0,0.0
2020-09-16,146.6233367919922,152.59666442871094,145.10333251953125,147.25332641601562,216837900,141.14332580566406,0,TSLA,-0.01778729846250804,0.18523284729512368,0.05603359034573008,137.0133316040039,134.14599990844727,-0.25713630879091287,0.1129108870924599,0.0,0.0,0.0,0.0,0.0,0.0,0.0,0.0
2020-09-17,138.53334045410156,145.92999267578125,136.0,141.14332580566406,230337600,147.38333129882812,1,TSLA,-0.04149312452942333,0.009079564717616506,0.2823051348868224,140.48599700927736,133.34799880981444,0.06225710542299101,0.06471021304504915,0.0,0.0,0.0,0.0,0.0,0.0,0.0,0.0
2020-09-18,149.31333923339844,150.3333282470703,142.93333435058594,147.38333129882812,259220400,149.79666137695312,1,TSLA,0.04421041843491591,-0.016920136746924275,0.20713662929933774,145.11466369628906,134.5196647644043,0.12539333569508404,0.05696329028276353,0.0,0.0,0.0,0.0,0.0,0.0,0.0,0.0
2020-09-21,151.0433349609375,151.89332580566406,135.69000244140625,149.79666137695312,328430400,141.41000366210938,0,TSLA,0.016374511668703073,0.017271833668138337,0.2101847055601016,147.09932861328124,135.555330657959,0.2669928755607198,0.05686075882392209,0.0,0.0,0.0,0.0,0.0,0.0,0.0,0.0
2020-09-22,143.1999969482422,145.9199981689453,139.1999969482422,141.41000366210938,238742400,126.7866668701172,0,TSLA,-0.055986946823462835,0.0018894117374879116,0.13820030661274596,145.39732971191407,138.6893310546875,-0.2730806892419215,0.06515073515570982,0.0,0.0,0.0,0.0,0.0,0.0,0.0,0.0
2020-09-23,135.05332946777344,137.38333129882812,125.2933349609375,126.7866668701172,285222600,129.26333618164062,1,TSLA,-0.10341090738483927,-0.13974894071942234,-0.09356086171974565,141.3039978027344,139.15866470336914,0.1946876633559853,0.06080717324651337,0.0,0.0,0.0,0.0,0.0,0.0,0.0,0.0
2020-09-24,121.26667022705078,133.1666717529297,117.0999984741211,129.26333618164062,289683300,135.77999877929688,1,TSLA,0.0195341463945935,-0.1370746517750605,-0.13778456669954486,138.9279998779297,139.7069984436035,0.015639363781130955,0.051198999617382314,0.0,0.0,0.0,0.0,0.0,0.0,0.0,0.0
2020-09-25,131.1566619873047,136.2433319091797,130.43333435058594,135.77999877929688,201625500,140.39999389648438,1,TSLA,0.05041385121376596,-0.03981334231675049,-0.07791557526045045,136.60733337402343,140.86099853515626,-0.30397955284270783,0.05771868419217163,0.0,0.0,0.0,0.0,0.0,0.0,0.0,0.0
2020-09-28,141.5399932861328,142.69332885742188,138.51666259765625,140.39999389648438,149158800,139.69000244140625,0,TSLA,0.034025594039789775,0.10737191348608399,-0.0052665041363922915,134.72799987792968,140.91366424560547,-0.26021857354352496,0.05791965036341475,0.0,0.0,0.0,0.0,0.0,0.0,0.0,0.0
2020-09-29,138.6666717529297,142.8333282470703,137.1999969482422,139.69000244140625,150657900,143.00332641601562,1,TSLA,-0.005056919415549199,0.08066220915971178,-0.05219945016592964,134.38399963378907,139.89066467285156,0.010050362432521665,0.05465805417050973,0.0,0.0,0.0,0.0,0.0,0.0,0.0,0.0
2020-09-30,140.44000244140625,144.64332580566406,140.1566619873047,143.00332641601562,144436800,149.3866729736328,1,TSLA,0.02371912031427703,0.05319876050713401,-0.04535037629338434,137.62733154296876,139.46566467285157,-0.041292889387147924,0.05523335229479994,0.0,0.0,0.0,0.0,0.0,0.0,0.0,0.0
2020-10-01,146.9199981689453,149.6266632080078,144.80667114257812,149.3866729736328,152224500,138.3633270263672,0,TSLA,0.04463774876849502,0.06400768851723915,0.05640809776501521,141.6519989013672,140.28999938964844,0.053917699644411954,0.05287210998719042,0.0,0.0,0.0,0.0,0.0,0.0,0.0,0.0
2020-10-02,140.4633331298828,146.3766632080078,138.3333282470703,138.3633270263672,214290000,141.89332580566406,1,TSLA,-0.0737906918190171,-0.009497282495900428,0.09130818280844433,142.16866455078124,139.38799896240235,0.40772346107229773,0.04254058748287393,0.0,0.0,0.0,0.0,0.0,0.0,0.0,0.0
2020-10-05,141.11666870117188,144.54666137695312,139.77667236328125,141.89332580566406,134168400,137.9933319091797,0,TSLA,0.025512531789757986,-0.007762061472069703,0.09770743968943973,142.4673309326172,138.59766540527343,-0.3738933221335573,0.04274484575634495,0.0,0.0,0.0,0.0,0.0,0.0,0.0,0.0
2020-10-06,141.26333618164062,142.92666625976562,135.35000610351562,137.9933319091797,147438900,141.76666259765625,1,TSLA,-0.02748539351192436,-0.07626745303086091,0.016300877520852408,142.12799682617188,138.25599822998046,0.09890928117201958,0.041879637138886656,0.0,0.0,0.0,0.0,0.0,0.0,0.0,0.0
2020-10-07,139.9566650390625,143.3000030517578,137.9499969482422,141.76666259765625,129383100,141.97332763671875,1,TSLA,0.027344297266189477,0.02459709262874621,0.009734107981368645,141.8806640625,139.75399780273438,-0.12246293210272186,0.04112618198497913,0.0,0.0,0.0,0.0,0.0,0.0,0.0,0.0
2020-10-08,146.14666748046875,146.3333282470703,141.76666259765625,141.97332763671875,121263300,144.6666717529297,1,TSLA,0.0014577830589765917,0.0005638167306349917,0.016345659355759823,140.3979949951172,141.02499694824218,-0.06275780994581204,0.04101009760372852,0.0,0.0,0.0,0.0,0.0,0.0,0.0,0.0
2020-10-09,143.3766632080078,144.8633270263672,142.15333557128906,144.6666717529297,86777100,147.43333435058594,1,TSLA,0.01897077543397918,0.04835987182440138,0.011631515004589366,141.65866394042968,141.91366424560547,-0.2843910729792114,0.0406490422343565,0.0,0.0,0.0,0.0,0.0,0.0,0.0,0.0
2020-10-12,147.3333282470703,149.5800018310547,146.19332885742188,147.43333435058594,116373300,148.88333129882812,1,TSLA,0.01912439516394837,0.03997182164760482,-0.01307572211204977,142.76666564941405,142.61699829101562,0.34106002620507025,0.03722821662947408,0.0,0.0,0.0,0.0,0.0,0.0,0.0,0.0
2020-10-13,147.78334045410156,149.6300048828125,145.53334045410156,148.88333129882812,103391100,153.76666259765625,1,TSLA,0.009834932884270176,0.04867113969315895,0.07603173831210497,144.94466552734374,143.5363311767578,-0.11155651682989143,0.019061777878096882,0.0,0.0,0.0,0.0,0.0,0.0,0.0,0.0
2020-10-14,149.92666625976562,155.3000030517578,149.11666870117188,153.76666259765625,143639100,149.6266632080078,0,TSLA,0.032799718116372834,0.06290316030957066,0.08367790891203586,147.34466552734375,144.61266479492187,0.3892791545887413,0.0201734208056656,0.0,0.0,0.0,0.0,0.0,0.0,0.0,0.0
2020-10-15,150.10333251953125,152.19000244140625,147.5,149.6266632080078,107017200,146.55667114257812,0,TSLA,-0.02692390743031925,0.01487675000421751,0.08430357567193614,148.87533264160157,144.63666381835938,-0.2549577378304375,0.019991848592510304,0.0,0.0,0.0,0.0,0.0,0.0,0.0,0.0
2020-10-16,151.47999572753906,151.98333740234375,146.28334045410156,146.55667114257812,98327700,143.61000061035156,0,TSLA,-0.02051768046956881,-0.01562740527064166,0.033787975657692204,149.25333251953126,145.45599822998048,-0.08119722810912633,0.021884956690185305,0.0,0.0,0.0,0.0,0.0,0.0,0.0,0.0
2020-10-19,148.74667358398438,149.0,142.9566650390625,143.61000061035156,108863400,140.64666748046875,0,TSLA,-0.020106014344170586,-0.06605243175421238,0.011528031362487479,148.48866577148436,145.6276657104492,0.10714885022226706,0.023886815139246138,0.0,0.0,0.0,0.0,0.0,0.0,0.0,0.0
2020-10-20,143.9166717529297,143.9166717529297,139.68333435058594,140.64666748046875,94968900,140.8800048828125,1,TSLA,-0.020634587544658856,-0.06001601275472712,-0.027788046989333792,146.8413330078125,145.89299926757812,-0.12763242742739989,0.023855326319985205,0.0,0.0,0.0,0.0,0.0,0.0,0.0,0.0
2020-10-21,140.89999389648438,144.31666564941406,140.4166717529297,140.8800048828125,97111500,141.92999267578125,1,TSLA,0.0016590325709362475,-0.03873359169193369,-0.044449442160685915,144.26400146484374,145.80433349609376,0.02256106999238705,0.021893828100080406,0.0,0.0,0.0,0.0,0.0,0.0,0.0,0.0
2020-10-22,147.30667114257812,148.41000366210938,141.50332641601562,141.92999267578125,119979600,140.2100067138672,0,TSLA,0.007453064711647084,-0.011698404898197734,-0.04670327136280039,142.72466735839845,145.8,0.23548292426746564,0.02161859709001387,0.0,0.0,0.0,0.0,0.0,0.0,0.0,0.0
2020-10-23,140.6133270263672,140.9633331298828,135.7933349609375,140.2100067138672,101151000,140.0933380126953,0,TSLA,-0.012118551755604834,-0.003104664862835782,-0.08816381688182451,141.45533447265626,145.35433349609374,-0.1569316783853255,0.012865717001791604,0.0,0.0,0.0,0.0,0.0,0.0,0.0,0.0
2020-10-26,137.2100067138672,141.9199981689453,136.6666717529297,140.0933380126953,84717600,141.55999755859375,1,TSLA,-0.0008320996760948773,-0.00558394976470622,-0.06371408003705514,140.752001953125,144.62033386230468,-0.16246403891212147,0.01191283842834891,0.0,0.0,0.0,0.0,0.0,0.0,0.0,0.0
2020-10-27,141.25332641601562,143.5,140.03334045410156,141.55999755859375,68059500,135.33999633789062,0,TSLA,0.010469159823756513,-0.0026068846352490516,-0.034093798289968946,140.93466796875,143.88800048828125,-0.19663092438879293,0.012775500331400739,0.0,0.0,0.0,0.0,0.0,0.0,0.0,0.0
2020-10-28,138.82666015625,139.53334045410156,135.3333282470703,135.33999633789062,76354200,136.94332885742188,1,TSLA,-0.043938975190562446,-0.03473368620482997,-0.057586548550330074,139.82666625976563,142.0453338623047,0.12187424239084921,0.019114779143044682,0.0,0.0,0.0,0.0,0.0,0.0,0.0,0.0
2020-10-29,136.65333557128906,139.35333251953125,135.48666381835938,136.94332885742188,67965900,129.34666442871094,0,TSLA,0.011846701366300838,-0.022485074593539767,-0.02633079538525962,138.82933349609374,140.7770004272461,-0.1098603613160769,0.01955257714696793,0.0,0.0,0.0,0.0,0.0,0.0,0.0,0.0
2020-10-30,135.63333129882812,135.8633270263672,126.37000274658205,129.34666442871094,127533900,133.50332641601562,1,TSLA,-0.05547305218949494,-0.08627672605622594,-0.081866411515923,136.6566650390625,139.05599975585938,0.8764395086359482,0.027344737417404296,0.0,0.0,0.0,0.0,0.0,0.0,0.0,0.0
2020-11-02,131.3333282470703,135.66000366210938,130.76666259765625,133.50332641601562,87063300,141.3000030517578,1,TSLA,0.03213582666134873,-0.01357078448036575,-0.059371991084471776,135.33866271972656,138.0453323364258,-0.31733209758346603,0.03151456327106412,0.0,0.0,0.0,0.0,0.0,0.0,0.0,0.0
2020-11-03,136.57666015625,142.58999633789062,135.56333923339844,141.3000030517578,103055100,140.32666015625,0,TSLA,0.05840061701119437,0.0318137015558595,0.0077740267149051245,135.2866638183594,138.11066589355468,0.18368014995985682,0.04016459274743392,0.0,0.0,0.0,0.0,0.0,0.0,0.0,0.0
2020-11-04,143.5399932861328,145.13333129882812,139.03334045410156,140.32666015625,96429300,146.02999877929688,1,TSLA,-0.006888484603579825,0.0848881242978683,0.001665476366431884,136.28399658203125,138.05533142089843,-0.06429376129856745,0.0402957877431533,0.0,0.0,0.0,0.0,0.0,0.0,0.0,0.0
2020-11-05,142.76666259765625,146.6666717529297,141.3333282470703,146.02999877929688,85243500,143.31666564941406,0,TSLA,0.040643300543862226,0.0938304138149062,0.03157672575441328,138.10133056640626,138.46533203125,-0.11600001244435043,0.04300818726218415,0.0,0.0,0.0,0.0,0.0,0.0,0.0,0.0
2020-11-06,145.36666870117188,145.52333068847656,141.42666625976562,143.31666564941406,65118000,140.4199981689453,0,TSLA,-0.01858065570474754,0.01427220491225012,0.05893800448766706,140.89533081054688,138.7759979248047,-0.23609424765524645,0.039061662334877664,0.0,0.0,0.0,0.0,0.0,0.0,0.0,0.0
2020-11-09,146.5,150.8333282470703,140.3333282470703,140.4199981689453,104499000,136.7866668701172,0,TSLA,-0.02021165833954497,0.0006651481093569167,0.025387650063210865,142.2786651611328,138.80866394042968,0.6047636598175619,0.04050697568032539,0.0,0.0,0.0,0.0,0.0,0.0,0.0,0.0
2020-11-10,140.02999877929688,140.02999877929688,132.00999450683594,136.7866668701172,90852600,139.0433349609375,1,TSLA,-0.02587474253102262,-0.06329748672496838,0.057519863185237385,141.3759979248047,138.33133087158203,-0.13058880946229146,0.034297869386256175,0.0,0.0,0.0,0.0,0.0,0.0,0.0,0.0
2020-11-11,138.81666564941406,139.56666564941406,136.86000061035156,139.0433349609375,52073100,137.25332641601562,0,TSLA,0.0164977197153513,-0.029817402387312897,0.0414971573641425,141.11933288574218,138.70166473388673,-0.42683973821332577,0.032987354795513485,0.0,0.0,0.0,0.0,0.0,0.0,0.0,0.0
2020-11-12,138.35000610351562,141.0,136.5066680908203,137.25332641601562,59565300,136.1666717529297,0,TSLA,-0.012873745767280065,-0.02255142995458337,-0.028638899846731736,139.36399841308594,138.7326644897461,0.1438785092494974,0.023993446624697743,0.0,0.0,0.0,0.0,0.0,0.0,0.0,0.0
2020-11-13,136.9499969482422,137.50999450683594,133.8866729736328,136.1666717529297,59313300,136.02999877929688,0,TSLA,-0.007917146283160204,-0.004532569813812337,-0.029645032516902203,137.93399963378906,139.41466522216797,-0.004230651066980284,0.02401795021276621,0.0,0.0,0.0,0.0,0.0,0.0,0.0,0.0
2020-11-16,136.30999755859375,137.48333740234375,134.69667053222656,136.02999877929688,80515800,147.20333862304688,1,TSLA,-0.0010037182511209997,-0.021671921077606404,-0.06847908021360427,137.05599975585938,139.6673324584961,0.3574662006666296,0.014292024657512864,0.0,0.0,0.0,0.0,0.0,0.0,0.0,0.0
2020-11-17,153.38999938964844,154.0,144.336669921875,147.20333862304688,183564900,162.2133331298828,1,TSLA,0.08213879250177958,0.07249377823363434,0.027119476691848998,139.13933410644532,140.257666015625,1.2798618407815607,0.03694875441504404,0.0,0.0,0.0,0.0,0.0,0.0,0.0,0.0
2020-11-18,149.4499969482422,165.3333282470703,147.8333282470703,162.2133331298828,234132000,166.42333984375,1,TSLA,0.10196775866118779,0.19128514372602123,0.1552010770910066,143.77333374023436,142.4463333129883,0.27547259851965156,0.0499566572665297,0.0,0.0,0.0,0.0,0.0,0.0,0.0,0.0
2020-11-19,164.0,169.5366668701172,162.52333068847656,166.42333984375,187425900,163.20333862304688,0,TSLA,0.025953518324515645,0.22343116472246005,0.21666346327287633,149.60733642578126,144.48566741943358,-0.19948618727897083,0.04533151663836212,0.0,0.0,0.0,0.0,0.0,0.0,0.0,0.0
2020-11-20,165.99667358398438,167.5,163.02000427246094,163.20333862304688,98735700,173.9499969482422,1,TSLA,-0.019348255020757876,0.10869318691862162,0.17375880454030268,155.0146697998047,146.47433471679688,-0.47320140919691467,0.04889686617609541,0.0,0.0,0.0,0.0,0.0,0.0,0.0,0.0
2020-11-23,167.8333282470703,175.3333282470703,167.26333618164062,173.9499969482422,150780900,185.1266632080078,1,TSLA,0.06584827501609536,0.07235326216348636,0.2673645258039048,162.59866943359376,149.82733459472655,0.527116331782729,0.04801230447323127,0.0,0.0,0.0,0.0,0.0,0.0,0.0,0.0
2020-11-24,180.13333129882812,186.663330078125,175.39999389648438,185.1266632080078,160945500,191.3333282470703,1,TSLA,0.06425217853318599,0.1123840164595773,0.35955928734099163,170.18333435058594,154.6613342285156,0.06741304767381018,0.04480777034872337,0.0,0.0,0.0,0.0,0.0,0.0,0.0,0.0
2020-11-25,183.35333251953125,191.3333282470703,181.7899932861328,191.3333282470703,146790600,195.2533264160156,1,TSLA,0.03352658623835669,0.17236160645583176,0.4065524514008181,176.00733337402343,159.8903335571289,-0.0879484048948247,0.04050502041837999,0.0,0.0,0.0,0.0,0.0,0.0,0.0,0.0
2020-11-27,193.72000122070312,199.5933380126953,192.8166656494141,195.2533264160156,112683300,189.1999969482422,0,TSLA,0.020487795852708768,0.12246812211277058,0.326419144038665,181.77333068847656,165.6903335571289,-0.23235343407547893,0.03919068219658122,0.0,0.0,0.0,0.0,0.0,0.0,0.0,0.0
2020-11-30,200.73666381835935,202.6000061035156,184.836669921875,189.1999969482422,189009300,194.9199981689453,1,TSLA,-0.03100243964538618,0.022002955542160807,0.16636526293896803,186.97266235351563,170.99366607666016,0.6773497048808474,0.03735631057933071,0.0,0.0,0.0,0.0,0.0,0.0,0.0,0.0
2020-12-01,199.19667053222656,199.2833404541016,190.68333435058597,194.9199981689453,120310500,189.60667419433597,0,TSLA,0.030232565079099327,0.01874566211090789,0.17122993897340355,191.16666259765626,176.882666015625,-0.3634678293607775,0.03745108451751266,0.0,0.0,0.0,0.0,0.0,0.0,0.0,0.0
2020-12-02,185.47999572753903,190.51333618164065,180.40333557128903,189.60667419433597,143327100,197.7933349609375,1,TSLA,-0.027258998689319025,-0.028919621116459848,0.1617818348206299,192.0626647949219,181.1229995727539,0.19130998541274447,0.03904255764935212,0.0,0.0,0.0,0.0,0.0,0.0,0.0,0.0
2020-12-03,196.67333984375,199.6566619873047,194.1433258056641,197.7933349609375,127656000,199.67999267578125,1,TSLA,0.0431770706457868,0.04541933483775962,0.13707006858867476,193.35466613769532,184.68099975585938,-0.10933801074604876,0.03561790402978137,0.0,0.0,0.0,0.0,0.0,0.0,0.0,0.0
2020-12-04,197.0033264160156,199.67999267578125,195.1666717529297,199.67999267578125,88203900,213.9199981689453,1,TSLA,0.00953853028069096,0.024420247032375997,0.07861282224603894,194.23999938964843,188.0066650390625,-0.3090501034028953,0.029530772669738244,0.0,0.0,0.0,0.0,0.0,0.0,0.0,0.0
2020-12-07,201.63999938964844,216.26333618164065,201.01666259765625,213.9199981689453,168929100,216.6266632080078,1,TSLA,0.07131413268972531,0.1282303171970074,0.11804880063921042,199.18399963378906,193.07833099365234,0.9152112321564012,0.03683385052037927,0.0,0.0,0.0,0.0,0.0,0.0,0.0,0.0
2020-12-08,208.5033264160156,217.0933380126953,206.1666717529297,216.6266632080078,192795000,201.4933319091797,0,TSLA,0.01265269756091203,0.0952172036069352,0.10946464874279904,203.52533264160155,197.34599761962892,0.14127761291571428,0.036816522257792916,0.0,0.0,0.0,0.0,0.0,0.0,0.0,0.0
2020-12-09,217.89666748046875,218.10667419433597,196.0,201.4933319091797,213873600,209.02333068847656,1,TSLA,-0.06985904262531573,0.009081226461895575,0.06497534439337471,205.9026641845703,198.9826644897461,0.10933167353925155,0.0466233866838114,0.0,0.0,0.0,0.0,0.0,0.0,0.0,0.0
2020-12-10,191.4566650390625,209.25,188.77999877929688,209.02333068847656,201249600,203.3300018310547,0,TSLA,0.03737095767859411,-0.022890181013378474,0.07235446671463275,208.14866333007814,200.7516647338867,-0.059025517875979094,0.04721473701287518,0.0,0.0,0.0,0.0,0.0,0.0,0.0,0.0
2020-12-11,205.0033264160156,208.0,198.93333435058597,203.3300018310547,139425000,213.27667236328125,1,TSLA,-0.027237767375868138,-0.06138053912682717,0.07237787221906067,208.8786651611328,201.55933227539063,-0.30720359195744984,0.04721187094390486,0.0,0.0,0.0,0.0,0.0,0.0,0.0,0.0
2020-12-14,206.3333282470703,214.25,203.3999938964844,213.27667236328125,156121800,211.0833282470703,0,TSLA,0.048918853305726984,0.058480051634724806,0.07828037989956327,208.75,203.96699981689454,0.11975470683162981,0.04790894421991038,0.0,0.0,0.0,0.0,0.0,0.0,0.0,0.0
2020-12-15,214.4266662597656,215.63333129882807,207.93333435058597,211.0833282470703,135214500,207.58999633789065,0,TSLA,-0.010284031966116491,0.009855347495461686,0.05710805283233644,207.6413330078125,205.58333282470704,-0.13391659588859472,0.048646026721167274,0.0,0.0,0.0,0.0,0.0,0.0,0.0,0.0
2020-12-16,209.41000366210935,210.8333282470703,201.6666717529297,207.58999633789065,126287400,218.63333129882807,1,TSLA,-0.016549539644792555,0.020951135929146103,-0.029590509934725562,208.86066589355468,207.3816650390625,-0.06602176541717053,0.04054290877549567,0.0,0.0,0.0,0.0,0.0,0.0,0.0,0.0
2020-12-17,209.39666748046875,219.60667419433597,206.5,218.63333129882807,168810300,231.6666717529297,1,TSLA,0.05319781856425476,0.025116009529737138,0.00926325532186878,210.782666015625,209.46566467285157,0.3367153017640714,0.04580193872771352,0.0,0.0,0.0,0.0,0.0,0.0,0.0,0.0
2020-12-18,222.96665954589844,231.6666717529297,209.51333618164065,231.6666717529297,666378600,216.6199951171875,0,TSLA,0.0596127789695875,0.09751288117727053,0.14974857757253335,216.45,212.6643325805664,2.9474996490143077,0.037171007277497815,0.0,0.0,0.0,0.0,0.0,0.0,0.0,0.0
2020-12-21,222.0800018310547,222.8333282470703,215.35667419433597,216.6199951171875,174135900,213.44667053222656,0,TSLA,-0.06494968189377415,0.04349920005104124,0.036343619650922365,217.11866455078126,212.93433227539063,-0.7386832350258546,0.048055832797601915,0.0,0.0,0.0,0.0,0.0,0.0,0.0,0.0
2020-12-22,216.0,216.6266632080078,204.7433319091797,213.44667053222656,155148000,215.32666015625,1,TSLA,-0.01464926902636221,-0.023723101760327547,0.049754923572851384,217.5913330078125,212.6163330078125,-0.10904069752417511,0.04681992968391546,0.0,0.0,0.0,0.0,0.0,0.0,0.0,0.0
2020-12-23,210.73333740234372,217.1666717529297,207.52333068847656,215.32666015625,99519000,220.58999633789065,1,TSLA,0.008807772074100217,-0.07053242260978376,0.009611870676024648,219.13866577148437,213.99966583251953,-0.3585544125609096,0.043284013068044365,0.0,0.0,0.0,0.0,0.0,0.0,0.0,0.0
2020-12-24,214.3300018310547,222.02999877929688,213.6666717529297,220.58999633789065,68596800,221.22999572753903,1,TSLA,0.02444349518922251,0.018327030330489436,0.04503751276696244,219.52999877929688,215.15633239746094,-0.31071654658909353,0.043607712864875615,0.0,0.0,0.0,0.0,0.0,0.0,0.0,0.0
2020-12-28,224.836669921875,227.13333129882807,220.26666259765625,221.22999572753903,96835800,221.9966735839844,1,TSLA,0.002901307404113096,0.03646496418006828,0.06570643879894278,217.44266357421876,216.9463317871094,0.4116664334196347,0.04245171825663964,0.0,0.0,0.0,0.0,0.0,0.0,0.0,0.0
2020-12-29,220.3333282470703,223.3000030517578,218.3333282470703,221.9966735839844,68732400,231.5933380126953,1,TSLA,0.003465523985226593,0.030976254509749834,0.015383483685565302,218.51799926757812,217.81833190917968,-0.29021704782735314,0.03791915850322907,0.0,0.0,0.0,0.0,0.0,0.0,0.0,0.0
2020-12-30,224.0,232.1999969482422,222.7866668701172,231.5933380126953,128538000,235.22332763671875,1,TSLA,0.04322886588244468,0.04988141736921836,-0.00031654851204743206,222.14733276367187,219.86933288574218,0.8701223876948863,0.03414620225119479,0.0,0.0,0.0,0.0,0.0,0.0,0.0,0.0
2020-12-31,233.3300018310547,239.5733337402344,230.3733367919922,235.22332763671875,148949700,243.2566680908203,1,TSLA,0.01567398119122254,0.06325241684863347,0.08588003387899246,226.1266662597656,222.632666015625,0.1587989543948094,0.018346551759494838,0.0,0.0,0.0,0.0,0.0,0.0,0.0,0.0
2021-01-04,239.82000732421875,248.163330078125,239.06333923339844,243.2566680908203,145914600,245.0366668701172,1,TSLA,0.03415197180829077,0.09576717598335072,0.13966016656180624,230.66000061035157,225.09499969482422,-0.020376677495825724,0.01560805512007082,0.0,0.0,0.0,0.0,0.0,0.0,0.0,0.0
2021-01-05,241.22000122070312,246.94667053222656,239.73333740234372,245.0366668701172,96735600,251.9933319091797,1,TSLA,0.007317368906131216,0.05804713111689308,0.1379764432899686,235.42133483886718,226.43199920654297,-0.33703961084086176,0.015778751834949246,0.0,0.0,0.0,0.0,0.0,0.0,0.0,0.0
2021-01-06,252.8300018310547,258.0,249.6999969482422,251.9933319091797,134100000,272.0133361816406,1,TSLA,0.028390302267496503,0.07129396748591499,0.14236065140137488,241.42066650390626,229.96933288574218,0.3862528376316474,0.016084072718882812,0.0,0.0,0.0,0.0,0.0,0.0,0.0,0.0
2021-01-07,259.2099914550781,272.3299865722656,258.3999938964844,272.0133361816406,154496700,293.3399963378906,1,TSLA,0.07944656360858104,0.1182153332795135,0.22954997710457392,249.50466613769532,235.82599945068358,0.15210067114093961,0.02602309847704718,0.0,0.0,0.0,0.0,0.0,0.0,0.0,0.0
2021-01-08,285.3333435058594,294.8299865722656,279.4633178710937,293.3399963378906,225166500,270.39666748046875,0,TSLA,0.07840299470467449,0.1971269446518258,0.32137113409006135,261.1279998779297,243.62733306884766,0.4574194788626553,0.028471902645450842,0.0,0.0,0.0,0.0,0.0,0.0,0.0,0.0
2021-01-11,283.1333312988281,284.8099975585937,267.8733215332031,270.39666748046875,177904800,283.14666748046875,1,TSLA,-0.07821411721500826,0.0730310418607496,0.1675494200340355,266.5559997558594,248.60800018310547,-0.20989667645942,0.05315160420502238,0.0,0.0,0.0,0.0,0.0,0.0,0.0,0.0
2021-01-12,277.0,289.3333435058594,275.7799987792969,283.14666748046875,138812100,284.8033447265625,1,TSLA,0.047152947996006445,0.04092935829952715,0.20373548969498168,274.17799987792966,254.79966735839844,-0.21973943367463944,0.053698533848332335,0.0,0.0,0.0,0.0,0.0,0.0,0.0,0.0
2021-01-13,284.2533264160156,286.8233337402344,277.3333435058594,284.8033447265625,99937500,281.6666564941406,0,TSLA,0.005850950889994211,-0.029101560366473156,0.1707935776717564,280.74000244140626,261.08033447265626,-0.2800519551249495,0.05422906312302471,0.0,0.0,0.0,0.0,0.0,0.0,0.0,0.0
2021-01-14,281.1300048828125,287.6666564941406,279.5833435058594,281.6666564941406,93798900,275.3866577148437,0,TSLA,-0.011013523157297866,0.04167946712762616,0.1494877892843658,282.67066650390626,266.0876663208008,-0.06142439024390245,0.05559706031807028,0.0,0.0,0.0,0.0,0.0,0.0,0.0,0.0
2021-01-15,284.0,286.6333312988281,273.0333251953125,275.3866577148437,116332800,281.51666259765625,1,TSLA,-0.02229585445953408,-0.02740632561448153,0.09283311438611852,279.0799987792969,270.10399932861327,0.2402362927497017,0.05779674082082446,0.0,0.0,0.0,0.0,0.0,0.0,0.0,0.0
2021-01-19,279.26666259765625,283.3333435058594,277.6666564941406,281.51666259765625,76101000,283.4833374023437,1,TSLA,0.022259629183488006,-0.011540180934538458,0.034936987095623984,281.3039978027344,273.92999877929685,-0.34583367717445124,0.05063313554956469,0.0,0.0,0.0,0.0,0.0,0.0,0.0,0.0
2021-01-20,286.2466735839844,286.5,279.09332275390625,283.4833374023437,76997700,281.663330078125,0,TSLA,0.006985997867906768,0.006449754936615593,-0.03360148312060829,281.3713317871094,277.77466583251953,0.011783025190207796,0.03961345884699374,0.0,0.0,0.0,0.0,0.0,0.0,0.0,0.0
2021-01-21,285.0,285.239990234375,280.47332763671875,281.663330078125,61563300,282.2133178710937,1,TSLA,-0.006420156263489907,0.022792216643192198,0.041667165141634266,280.7433288574219,280.7416656494141,-0.2004527407961536,0.02310581485765153,0.0,0.0,0.0,0.0,0.0,0.0,0.0,0.0
2021-01-22,278.10333251953125,282.6666564941406,276.2066650390625,282.2133178710937,60199500,293.6000061035156,1,TSLA,0.0019526425140827808,0.002474650228548203,-0.00329634679327262,280.85266113281244,281.76166381835935,-0.022152808572639904,0.014381334108347936,0.0,0.0,0.0,0.0,0.0,0.0,0.0,0.0
2021-01-25,285.0,300.1333312988281,279.6066589355469,293.6000061035156,123520200,294.36334228515625,1,TSLA,0.04034780611460387,0.035686995905560126,0.03088679097290359,284.4953308105468,281.78766479492185,1.051847606707697,0.021178060830379392,0.0,0.0,0.0,0.0,0.0,0.0,0.0,0.0
2021-01-26,297.1266784667969,298.6333312988281,290.5333251953125,294.36334228515625,69394800,288.0533447265625,0,TSLA,0.0025999188207492807,0.04508933485771349,0.04507699260199716,287.0646667480468,284.1843322753906,-0.43819067650473364,0.020109268798297494,0.0,0.0,0.0,0.0,0.0,0.0,0.0,0.0
2021-01-27,290.1166687011719,297.1666564941406,286.2200012207031,288.0533447265625,82002000,278.4766540527344,0,TSLA,-0.02143608477064074,0.02069366144561746,0.045996008364482366,287.9786682128906,284.675,0.1816735547908488,0.01990574182947336,0.0,0.0,0.0,0.0,0.0,0.0,0.0,0.0
2021-01-28,273.3333435058594,282.6666564941406,267.0,278.4766540527344,79134000,264.510009765625,0,TSLA,-0.033246240146660666,-0.051510053598054606,-0.010798680677976957,287.3413330078125,284.0423309326172,-0.0349747567132509,0.023385268897295235,0.0,0.0,0.0,0.0,0.0,0.0,0.0,0.0
2021-01-29,276.6666564941406,280.8033447265625,260.0333251953125,264.510009765625,104972400,279.9366760253906,1,TSLA,-0.05015373491403896,-0.1014166108041118,-0.06692925168222541,283.80067138671876,282.3266662597656,0.32651451967548706,0.029243054738416444,0.0,0.0,0.0,0.0,0.0,0.0,0.0,0.0
2021-02-01,271.42999267578125,280.6666564941406,265.1866760253906,279.9366760253906,76174200,290.92999267578125,1,TSLA,0.058321672867634566,-0.02817765823506302,-0.006130205349256679,281.06800537109376,282.7816680908203,-0.27434068383689425,0.03898670406632214,0.0,0.0,0.0,0.0,0.0,0.0,0.0,0.0
2021-02-02,281.5599975585937,293.5,280.7333374023437,290.92999267578125,73038600,284.89666748046875,0,TSLA,0.039270726531715816,0.044719506794593356,0.030886830112918595,280.38133544921874,283.72300109863284,-0.041163543561993476,0.04178599527006863,0.0,0.0,0.0,0.0,0.0,0.0,0.0,0.0
2021-02-03,292.3399963378906,292.6933288574219,284.35333251953125,284.89666748046875,55030500,283.3299865722656,0,TSLA,-0.020738065332563282,0.0770732938723484,-0.029643523304213826,279.75,283.8643341064453,-0.24655593069965742,0.03951500986559775,0.0,0.0,0.0,0.0,0.0,0.0,0.0,0.0
2021-02-04,285.0,285.5,277.8066711425781,283.3299865722656,47438100,284.07666015625,1,TSLA,-0.005499119810906672,0.012121707648508506,-0.03748209823695492,280.7206665039063,284.0309997558594,-0.13796712732030425,0.039420790527912815,0.0,0.0,0.0,0.0,0.0,0.0,0.0,0.0
2021-02-05,281.6666564941406,288.25665283203125,279.6566772460937,284.07666015625,55699800,287.8066711425781,1,TSLA,0.0026353496607176563,-0.023556637995618246,-0.013805375438661893,284.6339965820313,284.217333984375,0.17415748101209783,0.038770525086617165,0.0,0.0,0.0,0.0,0.0,0.0,0.0,0.0
2021-02-08,289.8900146484375,292.5899963378906,284.9166564941406,287.8066711425781,60485100,283.1533203125,0,TSLA,0.0131302972383458,0.010214242545707908,0.03350376756565354,286.20799560546874,283.63800048828125,0.085912337207674,0.03629379653079171,0.0,0.0,0.0,0.0,0.0,0.0,0.0,0.0
2021-02-09,285.0400085449219,286.6000061035156,280.5833435058594,283.1533203125,45473100,268.2733459472656,0,TSLA,-0.016168321643152184,-0.0006235353409038691,0.07048243869256332,284.6526611328125,282.5169982910156,-0.24819335671099163,0.029227553067764308,0.0,0.0,0.0,0.0,0.0,0.0,0.0,0.0
2021-02-10,281.2133178710937,281.6066589355469,266.67333984375,268.2733459472656,108648300,270.5533447265625,1,TSLA,-0.052550944303998315,-0.05563045623069529,-0.041664172925548026,281.3279968261719,280.53899841308595,1.389287292927027,0.028801634320675198,0.0,0.0,0.0,0.0,0.0,0.0,0.0,0.0
2021-02-11,270.8133239746094,276.6266784667969,267.24334716796875,270.5533447265625,64868400,272.0400085449219,1,TSLA,0.008498789811735685,-0.05994762507596085,-0.07003969498575191,278.7726684570313,279.7466674804688,-0.4029506214087105,0.022438785419127517,0.0,0.0,0.0,0.0,0.0,0.0,0.0,0.0
2021-02-12,267.086669921875,272.4433288574219,261.77667236328125,272.0400085449219,71304900,265.4066772460937,0,TSLA,0.005494900903412869,-0.039248389371923986,-0.04512744585342776,276.36533813476564,280.4996673583984,0.09922396729378247,0.02255606867775861,0.0,0.0,0.0,0.0,0.0,0.0,0.0,0.0
2021-02-16,272.6666564941406,273.6666564941406,264.14666748046875,265.4066772460937,59406900,266.04998779296875,1,TSLA,-0.024383660823671938,-0.01068562622592939,-0.06325948602549503,271.8853393554688,279.0466674804687,-0.16686090296739775,0.023544818804286913,0.0,0.0,0.0,0.0,0.0,0.0,0.0,0.0
2021-02-17,259.6966552734375,266.61334228515625,254.0033264160156,266.04998779296875,77989500,262.4599914550781,0,TSLA,0.002423867227268506,-0.0166449871028026,-0.0634570694873915,268.4646728515625,276.5586669921875,0.3128020482469207,0.023527456250524083,0.0,0.0,0.0,0.0,0.0,0.0,0.0,0.0
2021-02-18,260.29998779296875,264.89666748046875,258.75665283203125,262.4599914550781,53871300,260.4333190917969,0,TSLA,-0.013493691045324274,-0.035215471213535854,-0.0880684231080362,267.302001953125,274.31499938964845,-0.3092493220241186,0.021393946369173487,0.0,0.0,0.0,0.0,0.0,0.0,0.0,0.0
2021-02-19,265.0,265.5966796875,259.1233215332031,260.4333190917969,56874900,238.1666717529297,0,TSLA,-0.007721833533733569,-0.018738632373161312,-0.08023921879364992,265.2779968261719,272.02533264160155,0.05575510522300364,0.021415934045339736,0.0,0.0,0.0,0.0,0.0,0.0,0.0,0.0
2021-02-22,254.2133331298828,256.1666564941406,236.73333740234372,238.1666717529297,111809100,232.94667053222656,0,TSLA,-0.08549845855559934,-0.10480480105015799,-0.11222387407899248,258.5033294677734,267.43433380126953,0.9658777422026237,0.032597968655316126,0.0,0.0,0.0,0.0,0.0,0.0,0.0,0.0
2021-02-23,220.7100067138672,237.8699951171875,206.3333282470703,232.94667053222656,199820700,247.33999633789065,1,TSLA,-0.021917429429917368,-0.1124488374751128,-0.13899911025806577,252.011328125,261.9483337402344,0.7871595424701567,0.030700531971544525,0.0,0.0,0.0,0.0,0.0,0.0,0.0,0.0
2021-02-24,237.2833404541016,248.3333282470703,231.38999938964844,247.33999633789065,110301000,227.4066619873047,0,TSLA,0.06178807266392283,-0.0502751445151729,-0.0907955132744841,248.2693298339844,258.36700134277345,-0.44800013211844414,0.04344287356037993,0.0,0.0,0.0,0.0,0.0,0.0,0.0,0.0
2021-02-25,242.0500030517578,245.73666381835935,223.52667236328125,227.4066619873047,117071700,225.1666717529297,0,TSLA,-0.08059082496045278,-0.045178486504557025,-0.143176560789969,241.2586639404297,254.28033294677735,0.061383849647781874,0.05057435220055244,0.0,0.0,0.0,0.0,0.0,0.0,0.0,0.0
2021-02-26,233.3333282470703,235.5666656494141,219.836669921875,225.1666717529297,123267600,239.47666931152344,1,TSLA,-0.009850152211020369,-0.03339819694147794,-0.15366779896961735,234.20533447265626,249.74166564941407,0.05292397735746546,0.04984590941996833,0.0,0.0,0.0,0.0,0.0,0.0,0.0,0.0
2021-03-01,230.0366668701172,239.6666717529297,228.3500061035156,239.47666931152344,81408600,228.81333923339844,0,TSLA,0.06355291148192554,-0.0317915708853862,-0.0875688596046017,234.467333984375,246.4853317260742,-0.33957828334452844,0.05969213324336528,0.0,0.0,0.0,0.0,0.0,0.0,0.0,0.0
2021-03-02,239.4266662597656,240.3699951171875,228.3333282470703,228.81333923339844,71196600,217.73333740234372,0,TSLA,-0.044527636486599076,0.00618573455061,-0.12141295886665371,233.6406677246094,242.82599792480468,-0.1254412924433045,0.06091618443967075,0.0,0.0,0.0,0.0,0.0,0.0,0.0,0.0
2021-03-03,229.3300018310547,233.5666656494141,217.23666381835935,217.73333740234372,90624000,207.14666748046875,0,TSLA,-0.048423758283395735,-0.033012587043709574,-0.08579426416044966,227.7193359375,237.99433288574218,0.2728697718711286,0.05529167573553397,0.0,0.0,0.0,0.0,0.0,0.0,0.0,0.0
2021-03-04,218.6000061035156,222.8166656494141,200.0,207.14666748046875,197758500,199.3166656494141,0,TSLA,-0.04862218183112743,-0.13500272040696448,-0.11075497663396983,223.6673370361328,232.46300048828124,1.1821868379237288,0.05703029192601442,0.0,0.0,0.0,0.0,0.0,0.0,0.0,0.0
2021-03-05,208.6866607666016,209.27999877929688,179.8300018310547,199.3166656494141,268189500,187.6666717529297,0,TSLA,-0.03779931353128296,-0.12891151225189978,-0.19415917926541892,218.4973358154297,226.35133514404296,0.3561465120336167,0.04595958372016993,0.0,0.0,0.0,0.0,0.0,0.0,0.0,0.0
2021-03-08,200.18333435058597,206.7100067138672,186.26333618164065,187.6666717529297,155361000,224.52667236328125,1,TSLA,-0.0584496728285433,-0.13808939874859227,-0.174752972877257,208.13533630371094,221.30133514404298,-0.42070438999289683,0.042485224935416226,0.0,0.0,0.0,0.0,0.0,0.0,0.0,0.0
2021-03-09,202.72666931152344,226.02999877929688,198.40333557128903,224.52667236328125,202569900,222.6866607666016,0,TSLA,0.1964120760817838,0.08390192849446265,-0.0028423362332712365,207.2780029296875,220.45933532714844,0.30386583505512976,0.0949416267098276,0.0,0.0,0.0,0.0,0.0,0.0,0.0,0.0
2021-03-10,233.43333435058597,239.2833404541016,218.35333251953125,222.6866607666016,181817100,233.1999969482422,1,TSLA,-0.008195069108326458,0.1172505823386285,-0.07011124963944004,208.26866760253907,217.99400177001954,-0.1024475995693338,0.0911319302986757,0.0,0.0,0.0,0.0,0.0,0.0,0.0,0.0
2021-03-11,233.13333129882807,234.1666717529297,225.72666931152344,233.1999969482422,108761700,231.2433319091797,0,TSLA,0.04721134236531421,0.2426287244826233,0.019171337342221983,213.47933349609374,218.57333526611328,-0.40180709075219,0.09144606726410018,0.0,0.0,0.0,0.0,0.0,0.0,0.0,0.0
2021-03-12,223.3333282470703,231.6266632080078,222.04666137695312,231.2433319091797,100751400,235.97999572753903,1,TSLA,-0.008390501992574073,0.029914751219538793,0.062048350831417354,219.8646667480469,219.18100128173828,-0.0736500073095584,0.08868386045515246,0.0,0.0,0.0,0.0,0.0,0.0,0.0,0.0
2021-03-15,231.3633270263672,237.72666931152344,228.01333618164065,235.97999572753903,88006800,225.6266632080078,0,TSLA,0.020483461206222575,0.05969524584532793,0.13919281732972544,229.52733154296874,218.83133392333986,-0.1264955127174412,0.08459694008879345,0.0,0.0,0.0,0.0,0.0,0.0,0.0,0.0
2021-03-16,234.4499969482422,235.97332763671875,223.6666717529297,225.6266632080078,96587100,233.9366607666016,1,TSLA,-0.04387377195940423,-0.0324757025700787,0.13200099185319214,229.74732971191406,218.51266632080078,0.09749587531872539,0.08533585044617069,0.0,0.0,0.0,0.0,0.0,0.0,0.0,0.0
2021-03-17,218.9566650390625,234.57666015625,217.0033264160156,233.9366607666016,121117500,217.72000122070312,0,TSLA,0.03683074261011732,0.011647163337361377,0.24655410884351436,231.99732971191406,220.13299865722655,0.25397180368807004,0.07787142973593743,0.0,0.0,0.0,0.0,0.0,0.0,0.0,0.0
2021-03-18,228.0966644287109,229.7433319091797,217.3333282470703,217.72000122070312,99674400,218.2899932861328,1,TSLA,-0.0693207276395118,-0.0773794170583797,-0.030315646114262185,228.90133056640624,221.19033203125,-0.17704377980060682,0.04239045580217153,0.0,0.0,0.0,0.0,0.0,0.0,0.0,0.0
2021-03-19,215.5333404541016,219.07666015625,208.2066650390625,218.2899932861328,128682000,223.3333282470703,1,TSLA,0.0026180050626212203,-0.032516856906717795,-0.019743739770191837,226.31066284179687,223.08766479492186,0.2910235727528834,0.04239244942908524,0.0,0.0,0.0,0.0,0.0,0.0,0.0,0.0
2021-03-22,228.19667053222656,233.2066650390625,222.9166717529297,223.3333282470703,118536600,220.72000122070312,0,TSLA,0.023103830299388672,-0.045325655606028414,-0.042309900644474485,223.7813293457031,226.65433044433593,-0.07884086352403596,0.038525098854072584,0.0,0.0,0.0,0.0,0.0,0.0,0.0,0.0
2021-03-23,225.2566680908203,225.93333435058597,219.1699981689453,220.72000122070312,91475700,210.08999633789065,0,TSLA,-0.01170146456365928,0.01377916582390104,-0.0455076070803615,222.79999694824218,226.27366333007814,-0.22829151502573886,0.038586677808430975,0.0,0.0,0.0,0.0,0.0,0.0,0.0,0.0
2021-03-24,222.6366729736328,222.67333984375,210.0366668701172,210.08999633789065,101385600,213.4633331298828,1,TSLA,-0.04816058727810213,-0.03756469467427059,-0.10971268691580449,218.0306640625,225.01399688720704,0.10833368861894477,0.03945321117822463,0.0,0.0,0.0,0.0,0.0,0.0,0.0,0.0
2021-03-25,204.3333282470703,215.1666717529297,203.1666717529297,213.4633331298828,117674700,206.23666381835935,0,TSLA,0.016056627401557888,-0.04419400899389492,-0.05390909879703132,217.17933044433593,223.0403305053711,0.16066482814127458,0.038840068998755486,0.0,0.0,0.0,0.0,0.0,0.0,0.0,0.0
2021-03-26,213.9566650390625,214.60667419433597,199.9633331298828,206.23666381835935,101558400,203.76333618164065,0,TSLA,-0.03385438241576766,-0.06561859968395678,-0.11840810609790875,214.76866455078124,220.53966369628907,-0.13695637210037503,0.03441361297926389,0.0,0.0,0.0,0.0,0.0,0.0,0.0,0.0
2021-03-29,205.2133331298828,205.4933319091797,198.67333984375,203.76333618164065,85911000,211.8733367919922,1,TSLA,-0.011992667021112458,-0.030114047629734575,-0.0641037339739613,210.85466613769532,217.31799774169923,-0.15407292749787316,0.02569335419690874,0.0,0.0,0.0,0.0,0.0,0.0,0.0,0.0
2021-03-30,200.5833282470703,212.55332946777344,197.0033264160156,211.8733367919922,118297200,222.6433258056641,1,TSLA,0.0398010788512122,-0.007448568869311112,-0.029395101431560877,209.08533325195313,215.94266510009766,0.3769738450256661,0.03167499866874243,0.0,0.0,0.0,0.0,0.0,0.0,0.0,0.0
2021-03-31,215.5399932861328,224.0,213.70333862304688,222.6433258056641,100011900,220.5833282470703,0,TSLA,0.05083220558444035,0.07955259595236042,-0.003089563240838311,211.59599914550782,214.8133316040039,-0.15457086051064606,0.036905344169690726,0.0,0.0,0.0,0.0,0.0,0.0,0.0,0.0
2021-04-01,229.4566650390625,230.80667114257807,219.80667114257807,220.5833282470703,105895200,230.3500061035156,1,TSLA,-0.009252455923120073,0.08254670531324537,-0.0006192142663870026,213.0199981689453,215.09966430664062,0.05882599970603497,0.03678579241501878,0.0,0.0,0.0,0.0,0.0,0.0,0.0,0.0
2021-04-05,235.90333557128903,236.05332946777344,228.23333740234372,230.3500061035156,125528400,230.5399932861328,1,TSLA,0.04427659122771899,0.08720620343872243,0.09643490941396604,217.84266662597656,216.3056655883789,0.18540217120322744,0.032784386872136785,0.0,0.0,0.0,0.0,0.0,0.0,0.0,0.0
2021-04-06,230.1000061035156,232.18333435058597,227.1233367919922,230.5399932861328,84815400,223.6566619873047,0,TSLA,0.0008247761127986308,0.03546779339507977,0.07999809571913508,223.197998046875,217.02633209228514,-0.3243329796285144,0.03310545278230773,0.0,0.0,0.0,0.0,0.0,0.0,0.0,0.0
2021-04-07,229.0,230.4600067138672,222.6133270263672,223.6566619873047,78928200,227.93333435058597,1,TSLA,-0.029857428208930892,0.013932756227125198,0.08446605878132218,225.5546630859375,217.31999816894532,-0.06941192283476827,0.03221491972447774,0.0,0.0,0.0,0.0,0.0,0.0,0.0,0.0
2021-04-08,225.7933349609375,229.8500061035156,223.88333129882807,227.93333435058597,71772900,225.67333984375,0,TSLA,0.01912159613436426,-0.010491303186002998,0.11861799390347372,226.61266479492187,219.10433197021484,-0.09065581123096689,0.030435605551853942,0.0,0.0,0.0,0.0,0.0,0.0,0.0,0.0
2021-04-09,225.92333984375,226.9900054931641,223.1433258056641,225.67333984375,64311300,233.9933319091797,1,TSLA,-0.00991515573303492,-0.021109801267073847,0.0651332690592683,227.63066711425782,220.32533264160156,-0.10396124442512422,0.029897535094250204,0.0,0.0,0.0,0.0,0.0,0.0,0.0,0.0
2021-04-12,228.5666656494141,234.93333435058597,227.3633270263672,233.9933319091797,87407100,254.10667419433597,1,TSLA,0.03686741230129442,0.04621668690763947,0.0509784250771681,228.3593322753906,223.1009994506836,0.3591250682228473,0.027000202341515803,0.0,0.0,0.0,0.0,0.0,0.0,0.0,0.0
2021-04-13,237.5666656494141,254.3333282470703,236.8866729736328,254.10667419433597,133958400,244.07666015625,0,TSLA,0.08595690364784803,0.11482892538873934,0.151975882373653,233.07266845703126,228.1353332519531,0.532580305261243,0.038656081759934784,0.0,0.0,0.0,0.0,0.0,0.0,0.0,0.0
2021-04-14,256.8999938964844,260.2633361816406,242.6766662597656,244.07666015625,147052200,246.2833404541016,1,TSLA,-0.03947166704647509,0.08154849095263961,0.0595904219189205,237.15666809082032,231.3556655883789,0.09774527017342693,0.042983299935658636,0.0,0.0,0.0,0.0,0.0,0.0,0.0,0.0
2021-04-15,247.6999969482422,247.89666748046875,240.4366607666016,246.2833404541016,83546700,246.5933380126953,1,TSLA,0.009040931223980753,0.05252290073672716,0.06828900679470862,240.82666931152343,233.71966705322265,-0.43185685083256153,0.042832371776791126,0.0,0.0,0.0,0.0,0.0,0.0,0.0,0.0
2021-04-16,242.88333129882807,249.80332946777344,241.5333404541016,246.5933380126953,83938500,238.2100067138672,0,TSLA,0.0012587029151958085,-0.029567645971764533,0.10255306424403576,245.0106689453125,236.32066802978517,0.0046895927666801285,0.03945812059151153,0.0,0.0,0.0,0.0,0.0,0.0,0.0,0.0
2021-04-19,239.86666870117188,241.8000030517578,230.6000061035156,238.2100067138672,119058600,239.663330078125,1,TSLA,-0.03399658468630862,-0.024036109960809737,0.045086307329995856,245.85400390625,237.1066680908203,0.41840275916295866,0.04337772621185048,0.0,0.0,0.0,0.0,0.0,0.0,0.0,0.0
2021-04-20,239.13999938964844,245.75,236.89666748046875,239.663330078125,106827000,248.0399932861328,1,TSLA,0.006101017267521991,-0.026879651558121997,0.06199221513742503,242.9653350830078,238.01900177001954,-0.10273596363471438,0.042748127259258514,0.0,0.0,0.0,0.0,0.0,0.0,0.0,0.0
2021-04-21,234.92333984375,248.27999877929688,232.6666717529297,248.0399932861328,93646500,239.89666748046875,0,TSLA,0.034951793439894185,0.005866562678035647,0.06003017804971078,243.75800170898438,240.45733489990235,-0.12338172933808866,0.042548603181481674,0.0,0.0,0.0,0.0,0.0,0.0,0.0,0.0
2021-04-22,247.1666717529297,251.2566680908203,239.3466644287109,239.89666748046875,106770900,243.13333129882807,1,TSLA,-0.03283069676699324,0.007080562189091921,-0.05592142260301147,242.4806671142578,241.65366821289064,0.14014832374941943,0.027995551306279353,0.0,0.0,0.0,0.0,0.0,0.0,0.0,0.0
2021-04-23,239.93333435058597,245.7866668701172,238.48666381835935,243.13333129882807,85110000,246.0666656494141,1,TSLA,0.013491908213451254,0.01447864894296469,-0.003864887600551592,241.78866577148438,243.39966735839843,-0.20287269284046494,0.025024206079870732,0.0,0.0,0.0,0.0,0.0,0.0,0.0,0.0
2021-04-26,247.0,249.76666259765625,244.20333862304688,246.0666656494141,93115500,234.913330078125,0,TSLA,0.012064715006025795,-0.007955683317739548,-0.0008797785684081516,243.35999755859376,244.60700073242188,0.09406062742333443,0.025237178912554874,0.0,0.0,0.0,0.0,0.0,0.0,0.0,0.0
2021-04-27,239.32000732421875,241.3333282470703,234.4499969482422,234.913330078125,88311000,231.46665954589844,0,TSLA,-0.045326479073682924,-0.02077284963847803,-0.047365464244492284,242.40999755859374,242.6876663208008,-0.05159720991671635,0.03049105008316196,0.0,0.0,0.0,0.0,0.0,0.0,0.0,0.0
2021-04-28,232.1366729736328,236.1666717529297,231.1999969482422,231.46665954589844,66813000,225.6666717529297,0,TSLA,-0.014672094304228334,-0.04798466623480124,-0.028308412652322867,239.09533081054687,241.42666625976562,-0.243435132656181,0.028389676870480156,0.0,0.0,0.0,0.0,0.0,0.0,0.0,0.0
2021-04-29,233.1699981689453,234.0833282470703,222.8333282470703,225.6666717529297,86536200,236.47999572753903,1,TSLA,-0.02505755171974844,-0.08290433749994197,-0.058401334574766595,236.24933166503905,239.36499938964843,0.29520003592115307,0.02902408911283633,0.0,0.0,0.0,0.0,0.0,0.0,0.0,0.0
2021-04-30,222.52999877929688,238.4900054931641,222.04666137695312,236.47999572753903,122276100,228.3000030517578,0,TSLA,0.04791723957558203,0.006669121964653968,-0.04660537764673478,234.91866455078124,238.35366516113282,0.4130051932023824,0.03244831560254863,0.0,0.0,0.0,0.0,0.0,0.0,0.0,0.0
2021-05-03,234.6000061035156,235.3333282470703,226.8333282470703,228.3000030517578,81129300,224.5333404541016,0,TSLA,-0.034590632711300584,-0.013680832048784564,-0.048340248118098894,231.36533203125,237.36266479492187,-0.33650729782843913,0.03269363161959789,0.0,0.0,0.0,0.0,0.0,0.0,0.0,0.0
2021-05-04,226.31333923339844,227.8166656494141,219.23333740234372,224.5333404541016,89217900,223.64666748046875,0,TSLA,-0.01649874089928194,-0.005022147444390557,-0.07650119687565904,229.28933410644532,235.84966583251952,0.09970010834556686,0.031568134122975766,0.0,0.0,0.0,0.0,0.0,0.0,0.0,0.0
2021-05-05,227.0200042724609,228.43333435058597,222.44667053222656,223.64666748046875,65705700,221.17999267578125,0,TSLA,-0.003948959080373626,-0.05426813463687741,-0.09111351230681708,227.72533569335937,233.41033325195312,-0.26353680147145364,0.030177838868388367,0.0,0.0,0.0,0.0,0.0,0.0,0.0,0.0
2021-05-06,226.9199981689453,227.0066680908203,216.6666717529297,221.17999267578125,83353800,224.1233367919922,1,TSLA,-0.011029338520784915,-0.031187079635572212,-0.058461294630562044,226.8279998779297,231.53866577148438,0.2685931357553455,0.026666420232490433,0.0,0.0,0.0,0.0,0.0,0.0,0.0,0.0
2021-05-07,221.93333435058597,230.0,220.0733337402344,224.1233367919922,70407600,209.67999267578125,0,TSLA,0.013307460953421169,-0.0018260257531473867,-0.03172518568468008,224.3566680908203,229.63766632080078,-0.15531625432793705,0.027626291810755602,0.0,0.0,0.0,0.0,0.0,0.0,0.0,0.0
2021-05-10,221.63333129882807,221.68333435058597,209.20333862304688,209.67999267578125,94177200,205.73333740234372,0,TSLA,-0.06444373139784076,-0.06244973360001982,-0.07084200317648759,220.632666015625,225.9989990234375,0.33759991819064994,0.0354642991007489,0.0,0.0,0.0,0.0,0.0,0.0,0.0,0.0
2021-05-11,199.7466735839844,209.0333404541016,198.5333404541016,205.73333740234372,139511700,196.6300048828125,0,TSLA,-0.018822278764288547,-0.06983748885497143,-0.13001800947518682,216.87266540527344,223.08099975585938,0.48137447280233436,0.024654335172926593,0.0,0.0,0.0,0.0,0.0,0.0,0.0,0.0
2021-05-12,200.8300018310547,206.80332946777344,195.58999633789065,196.6300048828125,101470800,190.56333923339844,0,TSLA,-0.0442482129268541,-0.12267054516815501,-0.13872097129041838,211.46933288574218,219.5973342895508,-0.27267175441199554,0.025883545243430103,0.0,0.0,0.0,0.0,0.0,0.0,0.0,0.0
2021-05-13,200.51333618164065,202.15333557128903,186.5500030517578,190.56333923339844,132554700,196.5800018310547,1,TSLA,-0.030853203980896415,-0.09117061288695305,-0.15129156833457968,205.34600219726562,216.08700103759764,0.30633344765193526,0.02605293993549355,0.0,0.0,0.0,0.0,0.0,0.0,0.0,0.0
2021-05-14,194.47000122070312,197.6233367919922,190.15333557128903,196.5800018310547,100112700,192.27667236328125,0,TSLA,0.03157303299711356,-0.044491260808102506,-0.12102422966699389,199.83733520507812,212.0970016479492,-0.2447442452059414,0.032908429020172845,0.0,0.0,0.0,0.0,0.0,0.0,0.0,0.0
2021-05-17,191.8500061035156,196.57666015625,187.0666656494141,192.27667236328125,97171200,192.6233367919922,1,TSLA,-0.02189098294684022,-0.022139716276393107,-0.13067782471115374,196.35667114257814,208.49466857910156,-0.029381886613786268,0.0327925009401201,0.0,0.0,0.0,0.0,0.0,0.0,0.0,0.0
2021-05-18,189.3333282470703,198.75,187.7933349609375,192.6233367919922,110491800,187.82000732421875,0,TSLA,0.0018029458511532592,0.010810041253898728,-0.14054761298344853,193.73467102050782,205.3036682128906,0.13708382730685642,0.031129716013573915,0.0,0.0,0.0,0.0,0.0,0.0,0.0,0.0
2021-05-19,184.18333435058597,188.73666381835935,182.32666015625,187.82000732421875,118735200,195.5933380126953,1,TSLA,-0.02493638386588848,-0.044561982018722746,-0.10425403526870403,191.97267150878906,201.72100219726562,0.07460644138298056,0.024893740018431587,0.0,0.0,0.0,0.0,0.0,0.0,0.0,0.0
2021-05-20,191.6666717529297,196.2833404541016,190.35667419433597,195.5933380126953,92463300,193.6266632080078,0,TSLA,0.04138712802336375,0.01724944377624582,-0.0492870991044978,192.97867126464843,199.16233673095704,-0.22126462919168033,0.032675332584290756,0.0,0.0,0.0,0.0,0.0,0.0,0.0,0.0
2021-05-21,198.70333862304688,198.8933258056641,193.3333282470703,193.6266632080078,78091800,202.14666748046875,1,TSLA,-0.010054917128925145,0.005208747977920591,-0.015274076184835672,192.38800354003905,196.1126693725586,-0.1554292351668175,0.028410740163995005,0.0,0.0,0.0,0.0,0.0,0.0,0.0,0.0
2021-05-24,193.86666870117188,204.82666015625,191.21665954589844,202.14666748046875,103674300,201.56333923339844,0,TSLA,0.0440022264046771,0.07627866892539847,0.06078466243123115,194.36200256347655,195.35933685302734,0.32759521486250787,0.02973287725890887,0.0,0.0,0.0,0.0,0.0,0.0,0.0,0.0
2021-05-25,202.4366607666016,204.663330078125,198.57000732421875,201.56333923339844,84017700,206.3766632080078,1,TSLA,-0.002885668382965889,0.030522518207218408,0.02535017476816659,196.1500030517578,194.9423370361328,-0.18959954395640966,0.028152458745619245,0.0,0.0,0.0,0.0,0.0,0.0,0.0,0.0
2021-05-26,202.5200042724609,208.72332763671875,200.5,206.3766632080078,85917900,210.2833404541016,1,TSLA,0.023879957500782645,0.06584836916960679,0.07333178108099614,199.86133422851563,195.91700286865233,0.022616662917456676,0.02642120562084392,0.0,0.0,0.0,0.0,0.0,0.0,0.0,0.0
2021-05-27,206.7466735839844,210.3766632080078,205.40333557128903,210.2833404541016,79111800,208.4066619873047,0,TSLA,0.018929840154243704,0.04025133372242706,0.0916815374306379,202.79933471679686,197.88900299072264,-0.07921632162797276,0.026278923144463062,0.0,0.0,0.0,0.0,0.0,0.0,0.0,0.0
2021-05-28,209.5,211.8633270263672,207.4600067138672,208.4066619873047,68211000,207.96665954589844,0,TSLA,-0.008924522802159496,0.03395122734091083,0.10960842221430034,205.75533447265624,199.07166900634766,-0.137789811380856,0.022918266036754193,0.0,0.0,0.0,0.0,0.0,0.0,0.0,0.0
2021-06-01,209.26666259765625,211.26666259765625,206.8500061035156,207.96665954589844,54254700,201.7066650390625,0,TSLA,-0.002111268599623961,0.007704341727281738,0.06326044464970493,206.9193328857422,200.6406677246094,-0.20460482913313105,0.02038902745121784,0.0,0.0,0.0,0.0,0.0,0.0,0.0,0.0
2021-06-02,206.7100067138672,207.7866668701172,199.7133331298828,201.7066650390625,69908400,190.94667053222656,0,TSLA,-0.030100952337768105,-0.04078628100789139,0.04172979948724609,206.947998046875,201.54900054931642,0.288522469021117,0.02450075410491343,0.0,0.0,0.0,0.0,0.0,0.0,0.0,0.0
2021-06-03,200.6000061035156,201.51666259765625,190.4066619873047,190.94667053222656,90335700,199.68333435058597,1,TSLA,-0.05334476431283097,-0.08377847084438073,-0.05540530095221241,203.86199951171875,201.86166687011718,0.2922009372264278,0.026918205442959076,0.0,0.0,0.0,0.0,0.0,0.0,0.0,0.0
2021-06-04,193.23666381835935,200.20333862304688,192.3999938964844,199.68333435058597,72110700,201.7100067138672,1,TSLA,0.045754470575515516,-0.03983006321012883,-0.009327117173007049,201.74199829101562,202.27066650390626,-0.20174748189254077,0.0337957014246698,0.0,0.0,0.0,0.0,0.0,0.0,0.0,0.0
2021-06-07,197.27667236328125,203.3333282470703,194.2933349609375,201.7100067138672,67631100,201.19667053222656,0,TSLA,0.010149431698305733,1.6567002404377362e-05,-0.022612326517931325,200.4026672363281,203.0790008544922,-0.0621211553902542,0.03249489536797784,0.0,0.0,0.0,0.0,0.0,0.0,0.0,0.0
2021-06-08,207.6699981689453,207.69667053222656,198.5,201.19667053222656,78160200,199.5933380126953,0,TSLA,-0.002544921741878703,0.053679909534060544,-0.04321155400257859,199.04866943359374,202.98400115966797,0.1556842931728155,0.031083797004913847,0.0,0.0,0.0,0.0,0.0,0.0,0.0,0.0
2021-06-09,200.72332763671875,203.92999267578125,199.2100067138672,199.5933380126953,49753800,203.3733367919922,1,TSLA,-0.007968981371759054,-0.00045069528803365344,-0.042289070275240315,198.62600402832032,202.78700103759766,-0.36343816929844086,0.031070266263325343,0.0,0.0,0.0,0.0,0.0,0.0,0.0,0.0
2021-06-10,201.2933349609375,205.52999877929688,200.1666717529297,203.3733367919922,71758800,203.29666137695312,0,TSLA,0.018938501740255687,0.008246145569190677,-0.022086822781766657,201.11133728027343,202.4866683959961,0.4422777757678811,0.032467040174572144,0.0,0.0,0.0,0.0,0.0,0.0,0.0,0.0
2021-06-11,203.41000366210935,204.1866607666016,200.5066680908203,203.29666137695312,48615900,205.89666748046875,1,TSLA,-0.0003770180312155924,0.010437502962506562,0.007882715911160965,201.83400268554686,201.78800048828126,-0.32250957373869127,0.030152017400513452,0.0,0.0,0.0,0.0,0.0,0.0,0.0,0.0
2021-06-14,204.07666015625,208.4966735839844,203.05999755859372,205.89666748046875,61272000,199.7866668701172,0,TSLA,0.012789221849023313,0.03158086101737778,0.07829409597230463,202.67133483886718,201.53700103759766,0.26032841107538895,0.01801634401416436,0.0,0.0,0.0,0.0,0.0,0.0,0.0,0.0
2021-06-15,205.56333923339844,205.5966644287109,199.41000366210935,199.7866668701172,53292300,201.6233367919922,1,TSLA,-0.029675082579620482,-0.01763589061600246,0.0005174819414313081,202.38933410644532,200.71900177001953,-0.13023403838621228,0.01620560797276,0.0,0.0,0.0,0.0,0.0,0.0,0.0,0.0
2021-06-16,199.17999267578125,202.8333282470703,197.8333282470703,201.6233367919922,66432300,205.5333404541016,1,TSLA,0.009193155632698069,-0.008230949655677056,-0.0004296758662942768,202.7953338623047,200.7106689453125,0.24656470071661385,0.016111388946381578,0.0,0.0,0.0,0.0,0.0,0.0,0.0,0.0
2021-06-17,200.6300048828125,207.1566619873047,200.44667053222656,205.5333404541016,68104200,207.7700042724609,1,TSLA,0.019392614586788648,-0.0017646085816401813,0.021554382139640893,203.22733459472659,202.16933593750002,0.025166974498850747,0.017588267387593146,0.0,0.0,0.0,0.0,0.0,0.0,0.0,0.0
2021-06-18,204.4566650390625,209.4499969482422,203.93333435058597,207.7700042724609,73682700,206.94332885742188,0,TSLA,0.010882243306208572,0.039959310235320844,0.04096662915295046,204.12200317382812,202.9780029296875,0.08191124776445502,0.0170301993490285,0.0,0.0,0.0,0.0,0.0,0.0,0.0,0.0
2021-06-21,208.16000366210935,210.4633331298828,202.9600067138672,206.94332885742188,74438100,207.90333557128903,1,TSLA,-0.003978800587379094,0.02638579516674766,0.017553884504934114,204.33133544921876,203.50133514404297,0.01025206731023709,0.016287528520862096,0.0,0.0,0.0,0.0,0.0,0.0,0.0,0.0
2021-06-22,206.0833282470703,209.52333068847656,205.1666717529297,207.90333557128903,57476700,218.85667419433597,1,TSLA,0.004638983624973836,0.011530952165479391,0.02265986152027466,205.9546691894531,204.1720016479492,-0.22785912053101842,0.016244815913922708,0.0,0.0,0.0,0.0,0.0,0.0,0.0,0.0
2021-06-23,210.6666717529297,219.0666656494141,210.01333618164065,218.85667419433597,93297600,226.60667419433597,1,TSLA,0.052684766182075515,0.05336030078401732,0.06294422766748564,209.40133666992188,206.09833526611328,0.6232247154064168,0.024843417667786027,0.0,0.0,0.0,0.0,0.0,0.0,0.0,0.0
2021-06-24,224.9966735839844,232.5399932861328,222.5366668701172,226.60667419433597,137947200,223.9566650390625,0,TSLA,0.035411302984154513,0.09501801988727832,0.1342432292624145,213.61600341796876,208.42166900634766,0.4785717960590625,0.01956709179788138,0.0,0.0,0.0,0.0,0.0,0.0,0.0,0.0
2021-06-25,229.8600006103516,231.2700042724609,222.8999938964844,223.9566650390625,97490100,229.5733337402344,1,TSLA,-0.011694312026312326,0.07721535310465888,0.11076757582933383,216.85333557128905,210.4876693725586,-0.29327960263057173,0.02255499062331013,0.0,0.0,0.0,0.0,0.0,0.0,0.0,0.0
2021-06-28,223.8800048828125,231.5666656494141,223.44000244140625,229.5733337402344,64884600,226.9199981689453,0,TSLA,0.025079265670402195,0.04896656492359219,0.1169639593898455,221.37933654785155,212.85533599853517,-0.3344493440872458,0.02282632143384893,0.0,0.0,0.0,0.0,0.0,0.0,0.0,0.0
2021-06-29,228.21665954589844,229.1699981689453,225.29666137695312,226.9199981689453,52143900,226.5666656494141,0,TSLA,-0.011557681931349095,0.0013826776096659277,0.09216919431436255,225.18266906738282,215.56866912841798,-0.19635938265782638,0.02514659056117846,0.0,0.0,0.0,0.0,0.0,0.0,0.0,0.0
2021-06-30,226.58999633789065,230.9366607666016,226.04666137695312,226.5666656494141,56774700,225.97332763671875,0,TSLA,-0.0015570796861551495,0.011654043026120053,0.09482468896357688,226.72466735839848,218.06300201416016,0.08880808685196162,0.024890377491701816,0.0,0.0,0.0,0.0,0.0,0.0,0.0,0.0
2021-07-01,227.97332763671875,229.3300018310547,224.26666259765625,225.97332763671875,55903500,226.3000030517578,1,TSLA,-0.0026188230779432553,-0.015681290352254518,0.08691535427161834,226.597998046875,220.10700073242188,-0.01534486311684602,0.02545538409114967,0.0,0.0,0.0,0.0,0.0,0.0,0.0,0.0
2021-07-02,226.32666015625,233.3333282470703,224.4199981689453,226.3000030517578,81163500,219.8600006103516,0,TSLA,0.0014456370513082906,-0.0027322189414346054,0.03401006108140203,227.06666564941406,221.96000061035156,0.4518500630550859,0.018232397273132986,0.0,0.0,0.0,0.0,0.0,0.0,0.0,0.0
2021-07-06,227.23666381835935,228.0,217.13333129882807,219.8600006103516,69853500,214.88333129882807,0,TSLA,-0.028457809785947363,-0.029601287637962992,-0.02977261639786688,225.1239990234375,223.25166778564454,-0.1393483523997856,0.016316530863112758,0.0,0.0,0.0,0.0,0.0,0.0,0.0,0.0
2021-07-07,221.42333984375,221.8999938964844,212.77333068847656,214.88333129882807,56376000,217.60333251953125,1,TSLA,-0.022635628571399224,-0.04907657223917716,-0.04051379198137217,222.71666564941407,223.94966735839844,-0.19293950911550606,0.01762622819783069,0.0,0.0,0.0,0.0,0.0,0.0,0.0,0.0
2021-07-08,209.4566650390625,218.1433258056641,206.82000732421875,217.60333251953125,68319900,218.98333740234372,1,TSLA,0.012658037290573354,-0.038429829496014256,-0.05214020733892111,220.9239990234375,223.82433319091797,0.2118614303959132,0.01431950755214823,0.0,0.0,0.0,0.0,0.0,0.0,0.0,0.0
2021-07-09,217.72666931152344,219.6366729736328,214.89666748046875,218.98333740234372,54421500,228.5666656494141,1,TSLA,0.006341837079579582,-0.003987370169990734,-0.034975589770156024,219.5260009765625,223.06199951171874,-0.2034312111112575,0.01505984335611963,0.0,0.0,0.0,0.0,0.0,0.0,0.0,0.0
2021-07-12,220.73333740234372,229.0800018310547,220.72000122070312,228.5666656494141,77781000,222.8466644287109,0,TSLA,0.043762819403298625,0.06367797012397047,0.008827423903102982,219.97933349609374,223.52299957275392,0.4292329318376009,0.02391323788468374,0.0,0.0,0.0,0.0,0.0,0.0,0.0,0.0
2021-07-13,228.77333068847656,231.0933380126953,222.1000061035156,222.8466644287109,62898300,217.7933349609375,0,TSLA,-0.025025526817094024,0.024095825410711758,-0.013836425921179285,220.57666625976563,222.85033264160157,-0.19134107301268943,0.025967763580920008,0.0,0.0,0.0,0.0,0.0,0.0,0.0,0.0
2021-07-14,223.5833282470703,226.20333862304688,217.6133270263672,217.7933349609375,64923600,216.86666870117188,0,TSLA,-0.02267626253562338,-0.005434214564096207,-0.03759022525896616,221.1586669921875,221.9376663208008,0.03219959839932085,0.02705814731981444,0.0,0.0,0.0,0.0,0.0,0.0,0.0,0.0
2021-07-15,219.4633331298828,222.04666137695312,212.6266632080078,216.86666870117188,60628800,214.7400054931641,0,TSLA,-0.004254796226577984,-0.051188553304567175,-0.013614718006321969,221.01133422851564,220.96766662597656,-0.06615159972644769,0.025055281996752946,0.0,0.0,0.0,0.0,0.0,0.0,0.0,0.0
2021-07-16,218.22666931152344,218.8999938964844,214.0666656494141,214.7400054931641,49113000,215.4066619873047,1,TSLA,-0.009806316575730611,-0.03637774411534955,-0.0006669935950716077,220.16266784667968,219.8443344116211,-0.18993943472409147,0.023700363502410865,0.0,0.0,0.0,0.0,0.0,0.0,0.0,0.0
2021-07-19,209.9633331298828,215.73333740234372,207.0966644287109,215.4066619873047,63891300,220.1666717529297,1,TSLA,0.003104482057777691,-0.010958429807142012,-0.010094838653398774,217.53066711425782,218.75500030517577,0.30090403762751206,0.023127709459311415,0.0,0.0,0.0,0.0,0.0,0.0,0.0,0.0
2021-07-20,217.3300018310547,220.79666137695312,213.5,220.1666717529297,46461300,218.42999267578125,0,TSLA,0.02209778342837665,0.0152167369541929,0.005403764344004802,216.99466857910156,218.7856674194336,-0.27280709580177587,0.024699800974326624,0.0,0.0,0.0,0.0,0.0,0.0,0.0,0.0
2021-07-21,219.8699951171875,221.6199951171875,216.76333618164065,218.42999267578125,41859900,216.4199981689453,0,TSLA,-0.007888019850240235,0.01718351070236257,-0.04434886839177554,217.12200012207032,219.1403335571289,-0.09903726327072204,0.015982736891056507,0.0,0.0,0.0,0.0,0.0,0.0,0.0,0.0
2021-07-22,218.81333923339844,220.72332763671875,214.86666870117188,216.4199981689453,45317100,214.4600067138672,0,TSLA,-0.009202007847976312,0.00470429360119029,-0.028838960979025607,217.032666015625,219.02200012207032,0.08258978162871866,0.01388206718904851,0.0,0.0,0.0,0.0,0.0,0.0,0.0,0.0
2021-07-23,215.45333862304688,216.26666259765625,212.43333435058597,214.4600067138672,43814700,219.2066650390625,1,TSLA,-0.009056424875986235,-0.025919749767878142,-0.015305005764607804,216.97666625976564,218.56966705322264,-0.03315304818710818,0.011611546259095067,0.0,0.0,0.0,0.0,0.0,0.0,0.0,0.0
2021-07-26,216.9900054931641,222.73333740234372,215.70333862304688,219.2066650390625,76009800,214.9266662597656,0,TSLA,0.022133069927244398,0.003555703837952784,0.01079002297543008,217.73666687011718,217.6336669921875,0.7348013337989305,0.014687830189616061,0.0,0.0,0.0,0.0,0.0,0.0,0.0,0.0
2021-07-27,221.13333129882807,222.1666717529297,209.0800018310547,214.9266662597656,98439900,215.66000366210935,1,TSLA,-0.01952494819687267,-0.0069001567406630215,0.0008692407647696854,216.68866577148438,216.84166717529297,0.2950948430333984,0.01631751277726153,0.0,0.0,0.0,0.0,0.0,0.0,0.0,0.0
2021-07-28,215.6666717529297,218.3233337402344,213.13333129882807,215.66000366210935,48019800,225.7833404541016,1,TSLA,0.0034120354402995545,0.005595434629651841,0.001176108818860877,216.13466796875,216.62833404541016,-0.5121917027546756,0.016326929644848744,0.0,0.0,0.0,0.0,0.0,0.0,0.0,0.0
2021-07-29,216.5966644287109,227.89666748046875,216.26666259765625,225.7833404541016,91183800,229.0666656494141,1,TSLA,0.04694118807423009,0.030002169021033698,0.025510985184328483,218.00733642578126,217.52000122070314,0.8988792123249161,0.023138749483676342,0.0,0.0,0.0,0.0,0.0,0.0,0.0,0.0
2021-07-30,223.9199981689453,232.50999450683597,223.0,229.0666656494141,88969200,236.55667114257807,1,TSLA,0.014541928508582602,0.06578987910489675,0.04869602769900294,220.9286682128906,218.95266723632812,-0.024287208912109337,0.022795981504749388,0.0,0.0,0.0,0.0,0.0,0.0,0.0,0.0
2021-08-02,233.3333282470703,242.31333923339844,232.8000030517578,236.55667114257807,100847400,236.5800018310547,1,TSLA,0.032697928666004294,0.09689635131977958,0.0930444189261721,224.39866943359374,221.06766815185546,0.13350912450600871,0.02331697291315786,0.0,0.0,0.0,0.0,0.0,0.0,0.0,0.0
2021-08-03,239.6666717529297,240.88333129882807,233.6699981689453,236.5800018310547,64860900,236.97332763671875,1,TSLA,9.862621233192037e-05,0.047818680312013084,0.10314275121095196,228.72933654785157,222.70900115966796,-0.3568411282789641,0.02209711390551187,0.0,0.0,0.0,0.0,0.0,0.0,0.0,0.0
2021-08-04,237.0,241.63333129882807,236.30999755859372,236.97332763671875,51007800,238.2100067138672,1,TSLA,0.001662548831768751,0.03451685981846775,0.08104982845521702,232.99200134277345,224.5633346557617,-0.21358168018020096,0.022246154764239745,0.0,0.0,0.0,0.0,0.0,0.0,0.0,0.0
2021-08-05,238.6666717529297,240.3166656494141,237.1366729736328,238.2100067138672,38758800,233.0333404541016,0,TSLA,0.005218642492307302,0.006989173305928853,0.10833155726689014,235.47733459472656,226.7423355102539,-0.2401397433333725,0.018090210826523803,0.0,0.0,0.0,0.0,0.0,0.0,0.0,0.0
2021-08-06,237.3000030517578,238.77667236328125,232.5433349609375,233.0333404541016,46869000,237.9199981689453,1,TSLA,-0.021731523084098203,-0.014991382828231647,0.0805589191179481,236.27066955566406,228.59966888427735,0.20924796433326098,0.022675522449648773,0.0,0.0,0.0,0.0,0.0,0.0,0.0,0.0
2021-08-09,236.72332763671875,239.6766662597656,235.0433349609375,237.9199981689453,44145900,236.663330078125,0,TSLA,0.020969779282746792,0.003994840017091716,0.05375355723958264,236.5433349609375,230.47100219726562,-0.05810023683031429,0.01738951280633777,0.0,0.0,0.0,0.0,0.0,0.0,0.0,0.0
2021-08-10,237.9966735839844,238.8633270263672,233.9600067138672,236.663330078125,40296900,235.94000244140625,0,TSLA,-0.005281893495678203,-0.0064929121033946435,0.0331635526591092,236.56000061035155,232.64466857910156,-0.08718816469932655,0.017689187329103444,0.0,0.0,0.0,0.0,0.0,0.0,0.0,0.0
2021-08-11,237.57000732421875,238.3933258056641,234.73666381835935,235.94000244140625,29401800,240.75,1,TSLA,-0.0030563570472872392,0.012473159341236606,-0.0026068539863758344,236.35333557128905,234.67266845703125,-0.27037067367464995,0.012771037004291164,0.0,0.0,0.0,0.0,0.0,0.0,0.0,0.0
2021-08-12,235.44667053222656,240.93333435058597,233.13333129882807,240.75,52377300,239.05667114257807,0,TSLA,0.020386528392057013,0.011894762326978281,0.017626165088641566,236.86133422851563,236.1693344116211,0.7814317490765872,0.014987144342412335,0.0,0.0,0.0,0.0,0.0,0.0,0.0,0.0
2021-08-13,241.23666381835935,243.3000030517578,238.1133270263672,239.05667114257807,50194500,228.72332763671875,0,TSLA,-0.007033557040174165,0.010112851296662617,0.008791468333740449,238.06600036621094,237.1683349609375,-0.04167454221580724,0.015431192493239774,0.0,0.0,0.0,0.0,0.0,0.0,0.0,0.0
2021-08-16,235.02333068847656,236.5,225.46665954589844,228.72332763671875,68032200,221.90333557128903,0,TSLA,-0.04322549735370618,-0.030586906544089354,-0.039824855420719785,236.22666625976564,236.38500061035157,0.3553716044586559,0.022604483042494086,0.0,0.0,0.0,0.0,0.0,0.0,0.0,0.0
2021-08-17,224.22000122070312,224.8600006103516,216.27999877929688,221.90333557128903,71163900,229.663330078125,1,TSLA,-0.02981764971635037,-0.07828313366027395,-0.047761427017799285,233.27466735839843,234.917333984375,0.04603261396809155,0.023745979364952853,0.0,0.0,0.0,0.0,0.0,0.0,0.0,0.0
2021-08-18,223.25,231.92333984375,223.11666870117188,229.663330078125,61048200,224.4900054931641,0,TSLA,0.03497015710402862,-0.039293365123664326,-0.03470354805970244,232.0193328857422,234.18633422851562,-0.14214650967695697,0.026853452966229267,0.0,0.0,0.0,0.0,0.0,0.0,0.0,0.0
2021-08-19,226.07000732421875,228.8500061035156,222.52999877929688,224.4900054931641,42940500,226.7533264160156,1,TSLA,-0.022525688289902868,-0.01850848440906927,-0.05143730792997114,228.767333984375,232.8143341064453,-0.29661316795581194,0.02769117208517712,0.0,0.0,0.0,0.0,0.0,0.0,0.0,0.0
2021-08-20,227.61666870117188,230.7100067138672,224.5666656494141,226.7533264160156,44525700,235.43333435058597,1,TSLA,0.010082056516856452,0.021856322403808415,-0.03893649203327476,226.3066650390625,232.18633270263672,0.03691619799489998,0.02845252898001478,0.0,0.0,0.0,0.0,0.0,0.0,0.0,0.0
2021-08-23,228.47999572753903,237.3766632080078,226.9166717529297,235.43333435058597,60794700,236.163330078125,1,TSLA,0.03827951753459824,0.025123750798606626,-0.022083761783651235,227.64866638183594,231.9376663208008,0.3653844858138109,0.03175752779524654,0.0,0.0,0.0,0.0,0.0,0.0,0.0,0.0
2021-08-24,236.8933258056641,238.4066619873047,234.2133331298828,236.163330078125,39249300,237.0666656494141,1,TSLA,0.0031006472789956163,0.051999306424874936,-0.012103159684372145,230.50066528320312,231.88766632080078,-0.35439602465346487,0.03176085835022201,0.0,0.0,0.0,0.0,0.0,0.0,0.0,0.0
2021-08-25,235.6766662597656,238.9900054931641,234.6666717529297,237.0666656494141,37936800,233.72000122070312,0,TSLA,0.0038250458739308435,0.04548263699769062,0.03647786213545756,231.98133239746093,232.00033264160157,-0.033440086829574,0.025836895710564713,0.0,0.0,0.0,0.0,0.0,0.0,0.0,0.0
2021-08-26,236.10333251953125,238.46665954589844,232.5399932861328,233.72000122070312,39642900,237.30667114257807,1,TSLA,-0.014116975997208181,-0.007277359999206867,0.05325141066037675,233.82733154296875,231.29733276367188,0.04497216423103678,0.02276756801698546,0.0,0.0,0.0,0.0,0.0,0.0,0.0,0.0
2021-08-27,235.0,238.3333282470703,234.0333404541016,237.30667114257807,41501400,243.6366729736328,1,TSLA,0.015346011908018209,0.004841314966531174,0.033280633272421145,235.93800048828126,231.12233276367186,0.046881030398886026,0.019867722323911995,0.0,0.0,0.0,0.0,0.0,0.0,0.0,0.0
2021-08-30,238.2400054931641,243.6666717529297,237.57666015625,243.6366729736328,55812600,245.2400054931641,1,TSLA,0.026674352644943333,0.027713754298694937,0.08528962097179749,237.57866821289062,232.6136672973633,0.3448365597305152,0.017072664225188546,0.0,0.0,0.0,0.0,0.0,0.0,0.0,0.0
2021-08-31,244.3333282470703,246.79666137695312,242.14666748046875,245.2400054931641,62566200,244.69667053222656,0,TSLA,0.006580834075438302,0.049289766439726046,0.08152770841046753,239.39400329589844,234.94733428955078,0.12100493436965842,0.01718518346820887,0.0,0.0,0.0,0.0,0.0,0.0,0.0,0.0
2021-09-01,244.69332885742188,247.3300018310547,243.7566680908203,244.69667053222656,39612900,244.1300048828125,0,TSLA,-0.0022155233598405433,0.031141136294514205,0.03934589894499174,240.92000427246094,236.45066833496094,-0.3668642174209078,0.012905514922843161,0.0,0.0,0.0,0.0,0.0,0.0,0.0,0.0
2021-09-02,244.8333282470703,246.9900054931641,243.51333618164065,244.1300048828125,38331900,244.52333068847656,1,TSLA,-0.002315788147756681,0.0020248672055749317,0.03373375029075021,243.00200500488282,238.41466827392577,-0.03233795051611976,0.013238372521497956,0.0,0.0,0.0,0.0,0.0,0.0,0.0,0.0
2021-09-03,244.0833282470703,244.6666717529297,241.3999938964844,244.52333068847656,45738300,250.97332763671875,1,TSLA,0.0016111325842673718,-0.0029223405180012207,0.0314538740342758,244.4453369140625,240.19166870117186,0.19321765944291824,0.013292590331560963,0.0,0.0,0.0,0.0,0.0,0.0,0.0,0.0
2021-09-07,246.6666717529297,253.3999938964844,246.4199981689453,250.97332763671875,60119400,251.2899932861328,1,TSLA,0.02637783858939624,0.025650766276632098,0.07382049600334883,245.91266784667968,241.74566802978515,0.31442139301198346,0.012630672721066381,0.0,0.0,0.0,0.0,0.0,0.0,0.0,0.0
2021-09-08,253.8600006103516,254.8166656494141,246.92333984375,251.2899932861328,56379000,251.6199951171875,1,TSLA,0.0012617502122473923,0.02932858829359075,0.05892511186570615,247.12266540527344,243.25833435058593,-0.06221618978233312,0.01281228229081561,0.0,0.0,0.0,0.0,0.0,0.0,0.0,0.0
2021-09-09,251.1366729736328,254.0333404541016,250.5433349609375,251.6199951171875,42233100,245.42333984375,0,TSLA,0.001313231087076927,0.02902244300668433,0.03276732540350635,248.50733032226563,244.7136672973633,-0.25090725270047354,0.010027737435961567,0.0,0.0,0.0,0.0,0.0,0.0,0.0,0.0
2021-09-10,253.1999969482422,254.20333862304688,244.83999633789065,245.42333984375,45552600,247.6666717529297,1,TSLA,-0.024627038366134335,-0.022113855066711707,0.0007475711404312246,248.76599731445313,245.88400115966797,0.07859948713213094,0.014822184375708225,0.0,0.0,0.0,0.0,0.0,0.0,0.0,0.0
2021-09-13,246.73666381835935,248.25999450683597,236.2833404541016,247.6666717529297,68857500,248.163330078125,1,TSLA,0.00914066245943812,-0.014418885073061438,0.012137481128138061,249.39466552734376,246.9200012207031,0.5116041674898908,0.015131876576207147,0.0,0.0,0.0,0.0,0.0,0.0,0.0,0.0
2021-09-14,247.52333068847656,251.4900054931641,245.46665954589844,248.163330078125,55574700,251.94332885742188,1,TSLA,0.0020053498586631857,-0.013737640514032368,0.016521218673012372,248.832666015625,247.37266693115234,-0.19290273390698176,0.015022635039063138,0.0,0.0,0.0,0.0,0.0,0.0,0.0,0.0
2021-09-15,248.3333282470703,252.2866668701172,246.1199951171875,251.94332885742188,46073100,252.3300018310547,1,TSLA,0.015231899000174076,0.026566295682484142,0.030344745215328484,248.9633331298828,248.04299926757812,-0.1709698837780501,0.015761281886406103,0.0,0.0,0.0,0.0,0.0,0.0,0.0,0.0
2021-09-16,250.94332885742188,252.97000122070312,249.20333862304688,252.3300018310547,41770200,253.163330078125,1,TSLA,0.0015347617076681974,0.018829057802242755,0.005405650899683367,249.10533447265624,248.80633239746095,-0.09339289086256408,0.012428732159720289,0.0,0.0,0.0,0.0,0.0,0.0,0.0,0.0
2021-09-17,252.38333129882807,253.67999267578125,250.0,253.163330078125,84612600,243.38999938964844,0,TSLA,0.0033025333532406,0.020148021057043053,0.007454880186411161,250.65333251953126,249.70966491699218,1.0256690176250052,0.012464234349355867,0.0,0.0,0.0,0.0,0.0,0.0,0.0,0.0
2021-09-20,244.85333251953125,247.3333282470703,239.5399932861328,243.38999938964844,74273100,246.4600067138672,1,TSLA,-0.03860484330594227,-0.03394941833373122,-0.03270803547908063,249.797998046875,249.59633178710936,-0.1221981123378788,0.019507403880691075,0.0,0.0,0.0,0.0,0.0,0.0,0.0,0.0
2021-09-21,244.92999267578125,248.2466735839844,243.47999572753903,246.4600067138672,48992100,250.64666748046875,1,TSLA,0.012613531089680885,-0.023263167576552002,0.004223994632202466,249.45733337402345,249.1449996948242,-0.3403789528106407,0.018158481765078553,0.0,0.0,0.0,0.0,0.0,0.0,0.0,0.0
2021-09-22,247.8433380126953,251.22332763671875,246.3733367919922,250.64666748046875,45378900,251.2133331298828,1,TSLA,0.0169871810945057,-0.00994086543607886,0.01203228398252909,249.1980010986328,249.0806671142578,-0.07375066592368973,0.018986349093261207,0.0,0.0,0.0,0.0,0.0,0.0,0.0,0.0
2021-09-23,251.6666717529297,252.73333740234372,249.30667114257807,251.2133331298828,35842500,258.1300048828125,1,TSLA,0.00226081461648886,0.032143201281289446,0.01229030514217233,248.97466735839845,249.04000091552734,-0.21015053251621352,0.018986904409435845,0.0,0.0,0.0,0.0,0.0,0.0,0.0,0.0
2021-09-24,248.6300048828125,258.26666259765625,248.1866607666016,258.1300048828125,64119000,263.78668212890625,1,TSLA,0.027533059916662994,0.04735047411766824,0.02455582393646849,249.96800231933594,250.3106674194336,0.7889098137685708,0.020899049329347632,0.0,0.0,0.0,0.0,0.0,0.0,0.0,0.0
2021-09-27,257.7066650390625,266.3333435058594,256.4366760253906,263.78668212890625,84212100,259.1866760253906,0,TSLA,0.02191406322043732,0.052424453835842044,0.045403559682618555,254.0473388671875,251.92266845703125,0.3133720114162728,0.0219466927413579,0.0,0.0,0.0,0.0,0.0,0.0,0.0,0.0
2021-09-28,262.3999938964844,265.2133178710937,255.3933258056641,259.1866760253906,76144200,260.4366760253906,1,TSLA,-0.01743835612317879,0.03173933005930629,0.023792331793893062,256.59267272949216,253.0250030517578,-0.09580452215299229,0.023784836420668233,0.0,0.0,0.0,0.0,0.0,0.0,0.0,0.0
2021-09-29,259.9333190917969,264.5,256.8933410644531,260.4366760253906,62828700,258.49334716796875,0,TSLA,0.004822778775393388,0.00893608297735593,0.07003852532351496,258.55067443847656,253.87433776855468,-0.17487215047239313,0.014968424127432484,0.0,0.0,0.0,0.0,0.0,0.0,0.0,0.0
2021-09-30,260.3333435058594,263.0433349609375,258.3333435058594,258.49334716796875,53868000,258.4066772460937,0,TSLA,-0.0074618094773734045,-0.020066725576201705,0.0488247185194306,260.0066772460938,254.49067230224608,-0.1426211269690444,0.016213862873471596,0.0,0.0,0.0,0.0,0.0,0.0,0.0,0.0
2021-10-01,259.4666748046875,260.260009765625,254.52999877929688,258.4066772460937,51094200,260.510009765625,1,TSLA,-0.00033528879108346565,-0.003009409246100714,0.030959955875853096,260.06201171875,255.01500701904297,-0.05149253731343284,0.015740817265502187,0.0,0.0,0.0,0.0,0.0,0.0,0.0,0.0
2021-10-04,265.5,268.989990234375,258.7066650390625,260.510009765625,91449900,260.1966552734375,0,TSLA,0.008139621398127517,0.00028157992704236356,0.03700709878697239,259.40667724609375,256.7270080566406,0.7898293739798254,0.01576007379460907,0.0,0.0,0.0,0.0,0.0,0.0,0.0,0.0
2021-10-05,261.6000061035156,265.7699890136719,258.0666809082031,260.1966552734375,55297800,260.9166564941406,1,TSLA,-0.001202850103416031,0.006589369220252772,0.008006238529159937,259.6086730957031,258.10067291259764,-0.39532137268602807,0.012388846737951938,0.0,0.0,0.0,0.0,0.0,0.0,0.0,0.0
2021-10-06,258.7333374023437,262.2200012207031,257.739990234375,260.9166564941406,43898400,264.53668212890625,1,TSLA,0.0027671424905384434,0.009713290983021095,-0.010880100585832886,259.7046691894531,259.12767181396487,-0.20614563328016666,0.008584106725633851,0.0,0.0,0.0,0.0,0.0,0.0,0.0,0.0
2021-10-07,261.82000732421875,268.3333435058594,261.1266784667969,264.53668212890625,57587400,261.8299865722656,0,TSLA,0.013874260399496352,0.015456881549019696,0.02064151670740788,260.9133361816406,260.4600067138672,0.31183368869936023,0.006907207968963511,0.0,0.0,0.0,0.0,0.0,0.0,0.0,0.0
2021-10-08,265.4033203125,265.4599914550781,260.3033447265625,261.8299865722656,50215800,263.9800109863281,1,TSLA,-0.010231834522373306,0.006277295521388115,0.00534990143530778,261.597998046875,260.8300048828125,-0.12800716823471803,0.008405700116813441,0.0,0.0,0.0,0.0,0.0,0.0,0.0,0.0
2021-10-11,262.54998779296875,267.0799865722656,261.8333435058594,263.9800109863281,42600900,268.5733337402344,1,TSLA,0.008211528565575943,0.011740739488804053,0.021225551367069162,262.2919982910156,260.8493377685547,-0.1516435066254047,0.00791351131218586,0.0,0.0,0.0,0.0,0.0,0.0,0.0,0.0
2021-10-12,266.9766540527344,270.7733459472656,265.5233459472656,268.5733337402344,66060000,270.3599853515625,1,TSLA,0.01740026730336086,0.015259326528338057,0.03934362920683543,263.967333984375,261.7880035400391,0.5506714646873658,0.009362353074138605,0.0,0.0,0.0,0.0,0.0,0.0,0.0,0.0
2021-10-13,270.1566772460937,271.8033447265625,268.59332275390625,270.3599853515625,42360300,272.7733459472656,1,TSLA,0.006652379022320076,0.03257838756731779,0.037810353601380964,265.8559997558594,262.78033447265625,-0.3587602179836512,0.009310934399979159,0.0,0.0,0.0,0.0,0.0,0.0,0.0,0.0
2021-10-14,271.8299865722656,273.4166564941406,271.1166687011719,272.7733459472656,36741600,281.010009765625,1,TSLA,0.008926471099504285,0.03331060911802486,0.04833532798725426,267.5033325195312,264.2083343505859,-0.13264070367773595,0.008900320576310862,0.0,0.0,0.0,0.0,0.0,0.0,0.0,0.0
2021-10-15,274.5799865722656,281.07000732421875,274.1166687011719,281.010009765625,56773800,290.03668212890625,1,TSLA,0.030195999501915205,0.046306443950312026,0.077010619181898,271.33933715820314,266.4686676025391,0.5452184989222026,0.012240124962419092,0.0,0.0,0.0,0.0,0.0,0.0,0.0,0.0
2021-10-18,283.92999267578125,291.7533264160156,283.8233337402344,290.03668212890625,72621600,288.0899963378906,0,TSLA,0.03212224493643445,0.07277961918720033,0.09639494906636092,276.55067138671876,269.4213348388672,0.2791393213066591,0.01471687135234776,0.0,0.0,0.0,0.0,0.0,0.0,0.0,0.0
2021-10-19,292.510009765625,292.6499938964844,287.5033264160156,288.0899963378906,52143300,288.6000061035156,1,TSLA,-0.006711860640270406,0.05615156545972089,0.10029412638867918,280.45400390625,272.2106689453125,-0.28198635116824744,0.013810002700320862,0.0,0.0,0.0,0.0,0.0,0.0,0.0,0.0
2021-10-20,288.45001220703125,289.8299865722656,285.7933349609375,288.6000061035156,42096300,298.0,1,TSLA,0.0017703140411262641,0.027009700986171392,0.09326461888230853,284.1020080566406,274.97900390625,-0.19268055531583161,0.014446539072498963,0.0,0.0,0.0,0.0,0.0,0.0,0.0,0.0
2021-10-21,285.3333435058594,300.0,285.1666564941406,298.0,94444500,303.2266540527344,1,TSLA,0.03257101073349511,0.027456243853853257,0.10956659713740335,289.1473388671875,278.32533569335936,1.2435344673997477,0.01625725732247941,0.0,0.0,0.0,0.0,0.0,0.0,0.0,0.0
2021-10-22,298.5,303.3333435058594,296.9866638183594,303.2266540527344,68642400,341.6199951171875,1,TSLA,0.01753910755951127,0.05254142076176249,0.12156632076464158,293.5906677246094,282.4650024414062,-0.27319854517732634,0.015832379144966324,0.0,0.0,0.0,0.0,0.0,0.0,0.0,0.0
2021-10-25,316.84332275390625,348.3399963378906,314.7333374023437,341.6199951171875,188556300,339.4766540527344,0,TSLA,0.12661598362581983,0.18371444176149665,0.25239507522568494,303.90733032226564,290.2290008544922,1.7469362959337085,0.043899047659327624,0.0,0.0,0.0,0.0,0.0,0.0,0.0,0.0
2021-10-26,341.5633239746094,364.9800109863281,333.8133239746094,339.4766540527344,187245000,345.9533386230469,1,TSLA,-0.006274050392506725,0.13918340286152464,0.20805893831281375,314.1846618652344,297.3193328857422,-0.006954421570639635,0.04643933125707486,0.0,0.0,0.0,0.0,0.0,0.0,0.0,0.0
2021-10-27,346.5533447265625,356.9599914550781,343.59332275390625,345.9533386230469,115579500,359.0133361816406,1,TSLA,0.019078438805710585,0.14090675736863778,0.19279167063871094,325.65532836914065,304.8786682128906,-0.3827365216694705,0.046518901842400165,0.0,0.0,0.0,0.0,0.0,0.0,0.0,0.0
2021-10-28,356.10333251953125,360.3333435058594,351.3999938964844,359.0133361816406,81639600,371.3333435058594,1,TSLA,0.03775074872979922,0.050914294576014596,0.24618466710161813,337.8579956054688,313.50266723632814,-0.29364982544482365,0.04422811524104291,0.0,0.0,0.0,0.0,0.0,0.0,0.0,0.0
2021-10-29,360.6199951171875,371.7366638183594,357.7366638183594,371.3333435058594,89755200,402.86334228515625,1,TSLA,0.03431629436179362,0.09384058983972543,0.2866712947076959,351.4793334960938,322.5350006103516,0.09940764040980121,0.042091160219035244,0.0,0.0,0.0,0.0,0.0,0.0,0.0,0.0
2021-11-01,381.6666564941406,403.25,372.88665771484375,402.86334228515625,168146100,390.6666564941406,0,TSLA,0.0849102277797451,0.16450196401809802,0.3518904103528733,363.7280029296875,333.8176666259766,0.8733856088560885,0.045598945468209764,0.0,0.0,0.0,0.0,0.0,0.0,0.0,0.0
2021-11-02,386.4533386230469,402.86334228515625,382.0,390.6666564941406,128213400,404.6199951171875,1,TSLA,-0.03027499529203259,0.0881675334101939,0.28836515943680685,373.96600341796875,344.07533264160156,-0.23748811301600214,0.05330210078276858,0.0,0.0,0.0,0.0,0.0,0.0,0.0,0.0
2021-11-03,392.4433288574219,405.1300048828125,384.2066650390625,404.6199951171875,103885500,409.9700012207031,1,TSLA,0.03571673801973452,0.08964089057303548,0.18441543498760615,385.6993347167969,355.6773315429688,-0.1897453776282354,0.03656480067381674,0.0,0.0,0.0,0.0,0.0,0.0,0.0,0.0
2021-11-04,411.4700012207031,414.4966735839844,405.6666564941406,409.9700012207031,76192200,407.36334228515625,0,TSLA,0.013222297879683653,0.017640371286292478,0.20765300448913426,395.8906677246094,366.87433166503905,-0.2665752198333743,0.034464983216724226,0.0,0.0,0.0,0.0,0.0,0.0,0.0,0.0
2021-11-05,409.3333435058594,413.2900085449219,402.6666564941406,407.36334228515625,64886400,387.6466674804688,0,TSLA,-0.006358169933862068,0.042738957915815945,0.177509498554145,403.09666748046874,377.2880004882812,-0.1483852677833164,0.03680163961295249,0.0,0.0,0.0,0.0,0.0,0.0,0.0,0.0
2021-11-08,383.2633361816406,399.0,377.6666564941406,387.6466674804688,100337100,341.1666564941406,0,TSLA,-0.048400709533862996,-0.041948810838680406,0.07975562023228377,400.05333251953124,381.8906677246094,0.5463502367214086,0.045000428915058344,0.0,0.0,0.0,0.0,0.0,0.0,0.0,0.0
2021-11-09,391.2000122070313,391.5,337.17333984375,341.1666564941406,177317400,355.9833374023437,1,TSLA,-0.11990303254359858,-0.16782531531989564,-0.08123883173783109,390.15333251953126,382.05966796875,0.7672167124622897,0.06533848663047546,0.0,0.0,0.0,0.0,0.0,0.0,0.0,0.0
2021-11-10,336.8033447265625,359.3666687011719,329.10333251953125,355.9833374023437,128408100,354.5033264160156,0,TSLA,0.043429451929624774,-0.12612819944619935,-0.11636701571529373,380.4260009765625,383.0626678466797,-0.2758291064497901,0.05657261382778975,0.0,0.0,0.0,0.0,0.0,0.0,0.0,0.0
2021-11-11,367.5899963378906,368.3233337402344,351.5599975585937,354.5033264160156,67189800,344.47332763671875,0,TSLA,-0.004157528824601409,-0.08549884171549871,-0.09256825346359543,369.332666015625,382.6116668701172,-0.4767479621612656,0.056341263828661635,0.0,0.0,0.0,0.0,0.0,0.0,0.0,0.0
2021-11-12,349.1666564941406,351.5,339.7333374023437,344.47332763671875,76719300,337.7966613769531,0,TSLA,-0.02829310201599211,0.009692245943837996,-0.148649765721659,356.7546630859375,379.9256652832031,0.14182956341587571,0.052288397414008515,0.0,0.0,0.0,0.0,0.0,0.0,0.0,0.0
2021-11-15,339.2099914550781,343.99334716796875,326.20001220703125,337.7966613769531,104326800,351.57666015625,1,TSLA,-0.01938224449936754,-0.05108855981322358,-0.1760454170521033,346.7846618652344,373.4189971923828,0.3598507807031608,0.05008626892613512,0.0,0.0,0.0,0.0,0.0,0.0,0.0,0.0
2021-11-16,334.4366760253906,352.3999938964844,334.0599975585937,351.57666015625,79627200,363.0033264160156,1,TSLA,0.04079376842602822,-0.00825568067119098,-0.13694575907582596,348.8666625976563,369.50999755859374,-0.23675220556942222,0.05601212541391242,0.0,0.0,0.0,0.0,0.0,0.0,0.0,0.0
2021-11-17,354.5033264160156,373.21331787109375,351.8333435058594,363.0033264160156,94336200,365.4599914550781,1,TSLA,0.032501208284666294,0.05379225993032066,-0.06357165721202751,350.2706604003906,365.34833068847655,0.18472331062752434,0.057364982634284876,0.0,0.0,0.0,0.0,0.0,0.0,0.0,0.0
2021-11-18,368.8500061035156,370.6666564941406,358.3399963378906,365.4599914550781,62696700,379.0199890136719,1,TSLA,0.006767610267700563,0.08189343839385965,0.07120665076293808,352.4619934082031,360.89732971191404,-0.3353908679806903,0.029189774075734226,0.0,0.0,0.0,0.0,0.0,0.0,0.0,0.0
2021-11-19,366.2900085449219,379.5733337402344,364.23333740234375,379.0199890136719,64926900,385.6233215332031,1,TSLA,0.03710391800920432,0.07805788030759864,0.06471272441971476,359.37132568359374,358.0629943847656,0.03557125016149176,0.028067282623445454,0.0,0.0,0.0,0.0,0.0,0.0,0.0,0.0
2021-11-22,387.4433288574219,400.6499938964844,377.4766540527344,385.6233215332031,99217500,369.6766662597656,0,TSLA,0.017422122080461122,0.0623134651148185,0.08778477604655155,368.93665771484376,357.86065979003905,0.5281416485308863,0.02751827130325423,0.0,0.0,0.0,0.0,0.0,0.0,0.0,0.0
2021-11-23,389.1700134277344,393.5,354.2333374023437,369.6766662597656,108515100,372.0,1,TSLA,-0.041352932727292124,0.01153799294937552,0.07316484790261124,372.55665893554686,360.71166076660154,0.09370927507748128,0.03096513591698146,0.0,0.0,0.0,0.0,0.0,0.0,0.0,0.0
2021-11-24,360.1300048828125,377.5899963378906,354.0,372.0,67680600,360.6400146484375,0,TSLA,0.006284772484400847,-0.01852142160612713,0.10125422342430657,374.3559936523437,362.3133270263672,-0.3763024685043833,0.028228684524285334,0.0,0.0,0.0,0.0,0.0,0.0,0.0,0.0
2021-11-26,366.489990234375,369.5933227539063,360.3333435058594,360.6400146484375,35042700,378.9966735839844,1,TSLA,-0.030537595031082,-0.06478681524093066,0.02577917000565244,373.3919982910156,362.9269958496094,-0.48223420005141804,0.02986344014343197,0.0,0.0,0.0,0.0,0.0,0.0,0.0,0.0
2021-11-29,366.9966735839844,380.8900146484375,366.7300109863281,378.9966735839844,58393500,381.586669921875,1,TSLA,0.050900227900227524,0.025211240456463502,0.04405840388812243,373.3873352050781,366.37933044433595,0.6663527639137394,0.033388890856482244,0.0,0.0,0.0,0.0,0.0,0.0,0.0,0.0
2021-11-30,381.4566650390625,389.3333435058594,372.6666564941406,381.586669921875,81276000,365.0,0,TSLA,0.006833823403773698,0.025770618069556495,0.04412706956673573,372.5800048828125,370.7583312988281,0.3918672454982146,0.033388937307392154,0.0,0.0,0.0,0.0,0.0,0.0,0.0,0.0
2021-12-01,386.8999938964844,390.9466552734375,363.586669921875,365.0,68450400,361.5333251953125,0,TSLA,-0.04346763456194869,0.012089577347130342,-0.03699010453289353,371.64467163085936,372.1006652832031,-0.15780304148826219,0.034995876905480276,0.0,0.0,0.0,0.0,0.0,0.0,0.0,0.0
2021-12-02,366.3533325195313,371.0,352.2166748046875,361.5333251953125,73114800,338.3233337402344,0,TSLA,-0.00949773919092467,-0.04607784079878485,-0.062470278618292574,369.55133666992185,371.9536651611328,0.06814277199256691,0.03359203538884029,0.0,0.0,0.0,0.0,0.0,0.0,0.0,0.0
2021-12-03,361.5966796875,363.5266723632813,333.4033203125,338.3233337402344,92322000,336.336669921875,0,TSLA,-0.06419876077133224,-0.1133774829988119,-0.08481285236839853,365.08800048828124,369.23999938964846,0.26269920727404017,0.03810139215366454,0.0,0.0,0.0,0.0,0.0,0.0,0.0,0.0
2021-12-06,333.836669921875,340.5466613769531,316.8333435058594,336.336669921875,81663000,350.5833435058594,1,TSLA,-0.005872086315763081,-0.0785296714469178,-0.09586916687668012,356.5559997558594,364.97166748046874,-0.11545460453629686,0.03740210237372819,0.0,0.0,0.0,0.0,0.0,0.0,0.0,0.0
2021-12-07,348.0666809082031,352.5566711425781,342.2699890136719,350.5833435058594,56084700,356.32000732421875,1,TSLA,0.04235837141187604,-0.030287613689658044,-0.027885622044413583,350.35533447265624,361.46766967773436,-0.31321773630652805,0.041817396707801255,0.0,0.0,0.0,0.0,0.0,0.0,0.0,0.0
2021-12-08,350.9033203125,357.4599914550781,344.3333435058594,356.32000732421875,41906400,334.6000061035156,0,TSLA,0.016363195584229162,0.05319371083580737,-0.05983341765330974,348.6193359375,360.1320037841797,-0.25280156620254723,0.035991399376678314,0.0,0.0,0.0,0.0,0.0,0.0,0.0,0.0
2021-12-09,353.5466613769531,354.163330078125,334.1199951171875,334.6000061035156,59438400,339.010009765625,1,TSLA,-0.06095644581905246,-0.005163468552991213,-0.12313497174306243,343.2326721191406,356.3920043945312,0.4183609186186359,0.0401485640765619,0.0,0.0,0.0,0.0,0.0,0.0,0.0,0.0
2021-12-10,336.25,340.32666015625,327.510009765625,339.010009765625,59664300,322.1366577148437,0,TSLA,0.013179927022311633,-0.033011647457349746,-0.0712054526969178,343.37000732421876,354.22900390625,0.0038005733667123565,0.03984305139779003,0.0,0.0,0.0,0.0,0.0,0.0,0.0,0.0
2021-12-13,333.6966552734375,335.0,317.1400146484375,322.1366577148437,78595500,319.5033264160156,0,TSLA,-0.04977243020772959,-0.09593440981906842,-0.10897105393862483,340.5300048828125,348.5430023193359,0.31729526701897104,0.042603841562890855,0.0,0.0,0.0,0.0,0.0,0.0,0.0,0.0
2021-12-14,315.0,322.1366577148437,310.0,319.5033264160156,70806300,325.3299865722656,1,TSLA,-0.008174578197676308,-0.04511858760346088,-0.05562728150068652,334.3140014648437,342.33466796875,-0.09910491058648396,0.03681169155695736,0.0,0.0,0.0,0.0,0.0,0.0,0.0,0.0
2021-12-15,317.7366638183594,326.25,309.4166564941406,325.3299865722656,75169200,308.97332763671875,0,TSLA,0.018236618133556703,-0.04035285920559417,-0.03272519571584631,328.1159973144531,338.36766662597654,0.06161739845183267,0.03810046133820817,0.0,0.0,0.0,0.0,0.0,0.0,0.0,0.0
2021-12-16,331.5,331.6600036621094,307.2833251953125,308.97332763671875,82771500,310.8566589355469,1,TSLA,-0.050277132790258694,-0.04086256488628859,-0.11868794293829643,322.99066162109375,333.1116668701172,0.10113583755048605,0.03525191148977861,0.0,0.0,0.0,0.0,0.0,0.0,0.0,0.0
2021-12-17,304.92333984375,320.2200012207031,303.0133361816406,310.8566589355469,100437300,299.9800109863281,0,TSLA,0.006095449446181567,-0.02706284024476846,-0.12759134332668653,317.3599914550781,330.36499938964846,0.213428535184212,0.033799350043947046,0.0,0.0,0.0,0.0,0.0,0.0,0.0,0.0
2021-12-20,303.5666809082031,307.2300109863281,297.7966613769531,299.9800109863281,56480100,312.84332275390625,1,TSLA,-0.03498927121736173,-0.07792080850901373,-0.10346680958062227,312.928662109375,326.7293334960938,-0.43765812103670654,0.029562036810915446,0.0,0.0,0.0,0.0,0.0,0.0,0.0,0.0
2021-12-21,305.6233215332031,313.1666564941406,295.3733215332031,312.84332275390625,71517900,336.2900085449219,1,TSLA,0.04288056302579579,0.012525337208840526,-0.07718558820669963,311.59666137695314,322.95533142089846,0.26624952859502726,0.035775851529843715,0.0,0.0,0.0,0.0,0.0,0.0,0.0,0.0
2021-12-22,321.8866577148437,338.5533447265625,319.01666259765625,336.2900085449219,93634200,355.6666564941406,1,TSLA,0.07494705523716627,0.08181696894145785,0.043935859180009196,313.7886657714844,320.95233154296875,0.30924146262683894,0.04340760738780081,0.0,0.0,0.0,0.0,0.0,0.0,0.0,0.0
2021-12-23,335.6000061035156,357.6600036621094,332.5199890136719,355.6666564941406,92713200,364.6466674804688,1,TSLA,0.05761886305530961,0.1856345205292711,0.11318608317410073,323.12733154296876,323.0589965820312,-0.009836149612000744,0.04659079825302036,0.0,0.0,0.0,0.0,0.0,0.0,0.0,0.0
2021-12-27,357.8900146484375,372.3333435058594,356.9066772460937,364.6466674804688,71145900,362.8233337402344,0,TSLA,0.02524839149906688,0.16558878185587145,0.12085169683388464,333.8853332519531,325.62266235351564,-0.23262383349943694,0.0467131117729148,0.0,0.0,0.0,0.0,0.0,0.0,0.0,0.0
2021-12-28,369.8299865722656,373.0,359.47332763671875,362.8233337402344,60324000,362.0633239746094,0,TSLA,-0.00500027534279357,0.07890012941543634,0.17428690856717188,346.45399780273436,329.6913299560547,-0.15210855439315552,0.038133498184683964,0.0,0.0,0.0,0.0,0.0,0.0,0.0,0.0
2021-12-29,366.21331787109375,368.0,354.7133178710937,362.0633239746094,56154000,356.7799987792969,0,TSLA,-0.0020947102761840197,0.01798500748853349,0.16472757963238527,356.297998046875,333.94732971191405,-0.06912671573503082,0.03888648900611637,0.0,0.0,0.0,0.0,0.0,0.0,0.0,0.0
2021-12-30,353.77667236328125,365.1833190917969,351.04998779296875,356.7799987792969,47040900,352.260009765625,0,TSLA,-0.014592268383646134,-0.0215734007814381,0.18934590876975954,360.39599609375,337.0923309326172,-0.16228763756811626,0.03434595540939129,0.0,0.0,0.0,0.0,0.0,0.0,0.0,0.0
2021-12-31,357.8133239746094,360.6666564941406,351.5299987792969,352.260009765625,40733700,399.9266662597656,1,TSLA,-0.012668840823859995,-0.029114235475748762,0.12599497622241196,359.71466674804685,341.42099914550784,-0.1340790673647826,0.03605523872957415,0.0,0.0,0.0,0.0,0.0,0.0,0.0,0.0
2022-01-03,382.5833435058594,400.3566589355469,378.6799926757813,399.9266662597656,103931400,383.1966552734375,0,TSLA,0.1353166841897706,0.10457657480880744,0.189231485021486,366.7706665039062,350.3279998779297,1.5514843974399577,0.054533352013379596,0.0,0.0,0.0,0.0,0.0,0.0,0.0,0.0
2022-01-04,396.51666259765625,402.6666564941406,374.3500061035156,383.1966552734375,100248300,362.7066650390625,0,TSLA,-0.041832696836128,0.07404186497147758,0.07740393505161314,370.8453308105469,358.6496643066406,-0.03543779839394057,0.057855904572348626,0.0,0.0,0.0,0.0,0.0,0.0,0.0,0.0
2022-01-05,382.2166748046875,390.11334228515625,360.336669921875,362.7066650390625,80119800,354.8999938964844,0,TSLA,-0.05347121367683638,0.029656092045157623,-0.005320225342550833,370.9739990234375,363.63599853515626,-0.20078644725147454,0.062340467703208856,0.0,0.0,0.0,0.0,0.0,0.0,0.0,0.0
2022-01-06,359.0,362.6666564941406,340.1666564941406,354.8999938964844,90336600,342.32000732421875,0,TSLA,-0.02152337383085412,-0.11258732203177202,-0.02183801069812885,370.597998046875,365.4969970703125,0.1275190402372448,0.06290728502325722,0.0,0.0,0.0,0.0,0.0,0.0,0.0,0.0
2022-01-07,360.1233215332031,360.30999755859375,336.6666564941406,342.32000732421875,84164700,352.7066650390625,1,TSLA,-0.035446567451716815,-0.1066727681118469,-0.05453000992659274,368.60999755859376,364.16233215332034,-0.06832114558218927,0.06420484994662298,0.0,0.0,0.0,0.0,0.0,0.0,0.0,0.0
2022-01-10,333.3333435058594,353.0333251953125,326.6666564941406,352.7066650390625,91815000,354.79998779296875,1,TSLA,0.03034195341380186,-0.02757048867277645,-0.011416934116741606,359.16599731445314,362.9683319091797,0.09089677739004598,0.06547330937286784,0.0,0.0,0.0,0.0,0.0,0.0,0.0,0.0
2022-01-11,351.22332763671875,358.6166687011719,346.2733459472656,354.79998779296875,66063300,368.739990234375,1,TSLA,0.005935024657598653,-0.00028178671523104715,0.007210520515893215,353.4866638183594,362.16599731445314,-0.2804737787943147,0.06524569143223091,0.0,0.0,0.0,0.0,0.0,0.0,0.0,0.0
2022-01-12,359.6166687011719,371.61334228515625,357.5299987792969,368.739990234375,83739000,343.85333251953125,0,TSLA,0.039289748931841784,0.07717919591282696,-0.07798098665702335,354.6933288574219,362.8336639404297,0.267557024853436,0.036487061653137635,0.0,0.0,0.0,0.0,0.0,0.0,0.0,0.0
2022-01-13,369.6900024414063,371.8666687011719,342.17999267578125,343.85333251953125,97209900,349.8699951171875,1,TSLA,-0.06749107331435766,-0.025101120554528622,-0.10267136263449916,352.48399658203124,361.54099731445314,0.16086769605560125,0.04110254840050724,0.0,0.0,0.0,0.0,0.0,0.0,0.0,0.0
2022-01-14,339.9599914550781,350.6666564941406,337.7933349609375,349.8699951171875,72924300,343.5033264160156,0,TSLA,0.017497758575059086,-0.013895132033256985,-0.035391326267722456,353.993994140625,361.3019958496094,-0.24982640656970123,0.03859977122685774,0.0,0.0,0.0,0.0,0.0,0.0,0.0,0.0
2022-01-18,342.2033386230469,356.92999267578125,338.6866760253906,343.5033264160156,66743400,331.8833312988281,0,TSLA,-0.01819724123253097,-0.06844026817465254,-0.03211233495764132,352.1533264160156,355.6596618652344,-0.08475775564523758,0.038374892858318486,0.0,0.0,0.0,0.0,0.0,0.0,0.0,0.0
2022-01-19,347.2366638183594,351.5566711425781,331.6666564941406,331.8833312988281,75442500,332.0899963378906,1,TSLA,-0.0338278969185718,-0.03481135731038232,-0.030488069064294576,347.5699951171875,350.52832946777346,0.1303364827084026,0.03815815661815784,0.0,0.0,0.0,0.0,0.0,0.0,0.0,0.0
2022-01-20,336.57666015625,347.2200012207031,331.3333435058594,332.0899963378906,70488600,314.6333312988281,0,TSLA,0.0006227038828787723,-0.050818872802572135,-0.05845273351692559,340.2399963378906,347.46666259765624,-0.06566457898399447,0.03527331285086162,0.0,0.0,0.0,0.0,0.0,0.0,0.0,0.0
2022-01-21,332.11334228515625,334.8500061035156,313.5,314.6333312988281,103416000,310.0,0,TSLA,-0.05256606712507206,-0.08404575122577751,-0.11320929502843868,334.39599609375,343.43999633789065,0.46713085520211783,0.03822176546732417,0.0,0.0,0.0,0.0,0.0,0.0,0.0,0.0
2022-01-24,301.586669921875,311.1700134277344,283.8233337402344,310.0,151565700,306.1333312988281,0,TSLA,-0.014726129872195681,-0.06593681946359742,-0.1592992129685724,326.4219970703125,340.20799560546874,0.46559236481782307,0.02958612227219516,0.0,0.0,0.0,0.0,0.0,0.0,0.0,0.0
2022-01-25,304.7333374023437,317.086669921875,301.07000732421875,306.1333312988281,86595900,312.4700012207031,1,TSLA,-0.012473124842489969,-0.0781615385145551,-0.10969793703703767,318.947998046875,335.5506622314453,-0.428657671227725,0.022626740584500926,0.0,0.0,0.0,0.0,0.0,0.0,0.0,0.0
2022-01-26,317.4766540527344,329.2300109863281,302.0,312.4700012207031,104867400,276.3666687011719,0,TSLA,0.02069905258271132,-0.006875718059477731,-0.10689683144722772,315.06533203125,331.3176635742187,0.21099728740044266,0.023439995732449617,0.0,0.0,0.0,0.0,0.0,0.0,0.0,0.0
2022-01-27,311.1199951171875,311.7966613769531,276.3333435058594,276.3666687011719,147109500,282.1166687011719,1,TSLA,-0.11554175561970448,-0.1084946170929939,-0.19544689250995717,303.92066650390626,322.08033142089846,0.40281441134232376,0.044514445926830494,0.0,0.0,0.0,0.0,0.0,0.0,0.0,0.0
2022-01-28,277.1866760253906,285.8333435058594,264.0033264160156,282.1166687011719,134789100,312.239990234375,1,TSLA,0.020805692766870276,-0.07845164228201174,-0.14995228113112524,297.417333984375,315.9066650390625,-0.08374985979831351,0.0482963802167329,0.0,0.0,0.0,0.0,0.0,0.0,0.0,0.0
2022-01-31,290.9033203125,312.663330078125,287.3500061035156,312.239990234375,104436000,310.4166564941406,0,TSLA,0.10677611383930952,-0.000736105819533317,-0.05977297215336441,297.86533203125,312.14366455078124,-0.22518957393439087,0.0688380575024896,0.0,0.0,0.0,0.0,0.0,0.0,0.0,0.0
2022-02-01,311.7366638183594,314.5666809082031,301.6666564941406,310.4166564941406,73138200,301.8866577148437,0,TSLA,-0.0058395266373975074,0.12320584082368535,-0.013401869367370534,298.7219970703125,308.8349975585937,-0.2996840170056302,0.0658519657942454,0.0,0.0,0.0,0.0,0.0,0.0,0.0,0.0
2022-02-02,309.3933410644531,310.5,296.4700012207031,301.8866577148437,66792900,297.0466613769531,0,TSLA,-0.027479191598914543,0.07007735170236584,-0.026172071887600956,296.60532836914064,305.8353302001953,-0.08675767246117627,0.06649913426648767,0.0,0.0,0.0,0.0,0.0,0.0,0.0,0.0
2022-02-03,294.0,312.3333435058594,293.50665283203125,297.0466613769531,78855600,307.7733459472656,1,TSLA,-0.016032495024878912,-0.04865913826738655,-0.029682066579692856,300.7413269042969,302.33099670410155,0.18059853667081383,0.06660729086327215,0.0,0.0,0.0,0.0,0.0,0.0,0.0,0.0
2022-02-04,299.0733337402344,312.1666564941406,293.72332763671875,307.7733459472656,73625400,302.4466552734375,0,TSLA,0.03611110968421327,-0.008515363114623642,-0.015030739767303847,305.87266235351564,301.64499816894534,-0.06632629768843301,0.06774211648982692,0.0,0.0,0.0,0.0,0.0,0.0,0.0,0.0
2022-02-07,307.92999267578125,315.92333984375,300.9033203125,302.4466552734375,60994500,307.3333435058594,1,TSLA,-0.01730718642133755,0.0018549927407616185,0.0943673370411584,303.91399536132815,300.88966369628906,-0.1715562835651827,0.04679514503149103,0.0,0.0,0.0,0.0,0.0,0.0,0.0,0.0
2022-02-08,301.84332275390625,308.7633361816406,298.26666259765625,307.3333435058594,50729100,310.6666564941406,1,TSLA,0.0161571905234128,0.03462985270133179,0.08938385286052664,303.2973327636719,301.00966491699216,-0.16830042052971994,0.046713096608484765,0.0,0.0,0.0,0.0,0.0,0.0,0.0,0.0
2022-02-09,311.6666564941406,315.42333984375,306.6666564941406,310.6666564941406,52259400,301.51666259765625,0,TSLA,0.010845920427172029,0.009400783352339959,-0.005038860458115524,305.05333251953124,300.82933044433594,0.030166117672105308,0.0224599355189689,0.0,0.0,0.0,0.0,0.0,0.0,0.0,0.0
2022-02-10,302.7900085449219,314.60333251953125,298.8999938964844,301.51666259765625,66126900,286.6666564941406,0,TSLA,-0.029452771017468238,-0.003074898199619591,-0.028671122216833655,305.94733276367185,303.3443298339844,0.2653589593451131,0.025021629048626728,0.0,0.0,0.0,0.0,0.0,0.0,0.0,0.0
2022-02-11,303.2099914550781,305.32000732421875,283.5666809082031,286.6666564941406,79645800,291.9200134277344,1,TSLA,-0.04925102969626416,-0.06724518327873763,-0.0504162765453503,301.7259948730469,303.79932861328126,0.20443873824419412,0.02941201542239593,0.0,0.0,0.0,0.0,0.0,0.0,0.0,0.0
2022-02-14,287.19000244140625,299.6266784667969,284.3833312988281,291.9200134277344,67756500,307.4766540527344,1,TSLA,0.01832566437213501,-0.06034327364887271,-0.017258729404512674,299.62066650390625,301.7673309326172,-0.14927717469094415,0.030498274155923405,0.0,0.0,0.0,0.0,0.0,0.0,0.0,0.0
2022-02-15,300.0,307.6666564941406,297.7933349609375,307.4766540527344,57286200,307.7966613769531,1,TSLA,0.053290764282768466,0.019766706767483377,-0.000963994765752374,299.6493286132812,301.47333068847655,-0.15452834783378722,0.03451115906152198,0.0,0.0,0.0,0.0,0.0,0.0,0.0,0.0
2022-02-16,304.6833190917969,308.8099975585937,300.4033203125,307.7966613769531,51294300,292.1166687011719,0,TSLA,0.0010407532409399955,0.07370932197426461,0.01768908999399832,299.07532958984376,302.0643310546875,-0.10459587125695191,0.03363009049171821,0.0,0.0,0.0,0.0,0.0,0.0,0.0,0.0
2022-02-17,304.4200134277344,306.1666564941406,291.3666687011719,292.1166687011719,55178400,285.6600036621094,0,TSLA,-0.05094269900666093,0.0006736614976423638,-0.049511955426331355,297.19533081054686,301.5713317871094,0.07572186383282342,0.038467665242462215,0.0,0.0,0.0,0.0,0.0,0.0,0.0,0.0
2022-02-18,295.3333435058594,295.6233215332031,279.2033386230469,285.6600036621094,68501700,273.84332275390625,0,TSLA,-0.022103035296720752,-0.07095384349695466,-0.08049352033536594,296.99400024414064,299.35999755859376,0.24145861424035497,0.037991213697154164,0.0,0.0,0.0,0.0,0.0,0.0,0.0,0.0
2022-02-22,278.0433349609375,285.57666015625,267.0333251953125,273.84332275390625,83288100,254.67999267578125,0,TSLA,-0.04136624223452856,-0.11031093862796915,-0.09178046614517388,293.378662109375,296.4996643066406,0.21585449704167936,0.039188008234549675,0.0,0.0,0.0,0.0,0.0,0.0,0.0,0.0
2022-02-23,276.8099975585937,278.4333190917969,253.5200042724609,254.67999267578125,95256900,266.92333984375,1,TSLA,-0.06997917599526948,-0.1281565895977248,-0.11158138937240913,282.8193298339844,291.2343292236328,0.14370360231533685,0.042983088438356964,0.0,0.0,0.0,0.0,0.0,0.0,0.0,0.0
2022-02-24,233.4633331298828,267.49334716796875,233.3333282470703,266.92333984375,135322200,269.9566650390625,1,TSLA,0.04807345500262783,-0.06559078477266245,-0.0856285024465182,274.64466552734376,286.85999755859376,0.4206026020162319,0.04810362416851504,0.0,0.0,0.0,0.0,0.0,0.0,0.0,0.0
2022-02-25,269.74334716796875,273.1666564941406,260.79998779296875,269.9566650390625,76067700,290.1433410644531,1,TSLA,0.011364031324829549,-0.014192997936767537,-0.12202548882698894,270.21266479492186,283.70399780273436,-0.43787715541130723,0.040701654612906174,0.0,0.0,0.0,0.0,0.0,0.0,0.0,0.0
2022-02-28,271.6700134277344,292.28668212890625,271.57000732421875,290.1433410644531,99006900,288.1233215332031,0,TSLA,0.07477746853358713,0.13924669942101908,-0.05735383949106676,271.1093322753906,284.0516662597656,0.3015629498459924,0.05379615460745246,0.0,0.0,0.0,0.0,0.0,0.0,0.0,0.0
2022-03-01,289.8933410644531,296.6266784667969,284.59332275390625,288.1233215332031,74766900,293.2966613769531,1,TSLA,-0.006962143345558558,0.07942348429276747,-0.013670384458799423,273.96533203125,283.6719970703125,-0.2448314208403657,0.0502852712888995,0.0,0.0,0.0,0.0,0.0,0.0,0.0,0.0
2022-03-02,290.7099914550781,295.49334716796875,281.42333984375,293.2966613769531,74643300,279.7633361816406,0,TSLA,0.01795529711451649,0.08645830742691007,0.026733381001691425,281.68866577148435,282.2539978027344,-0.0016531379527571222,0.049744633885262866,0.0,0.0,0.0,0.0,0.0,0.0,0.0,0.0
2022-03-03,292.92333984375,295.4800109863281,277.5333251953125,279.7633361816406,61623600,279.42999267578125,0,TSLA,-0.04614210448825773,-0.0357754372191732,0.021618250057002353,284.2566650390625,279.45066528320314,-0.17442556800141473,0.05051080368062388,0.0,0.0,0.0,0.0,0.0,0.0,0.0,0.0
2022-03-04,283.0333251953125,285.2166748046875,275.0533447265625,279.42999267578125,66999600,268.1933288574219,0,TSLA,-0.0011915196265851469,-0.0301722498934196,0.09718077867038355,286.1513305664063,278.18199768066404,0.08723930442233163,0.03908272834040204,0.0,0.0,0.0,0.0,0.0,0.0,0.0,0.0
2022-03-07,285.4333190917969,288.7133178710937,268.19000244140625,268.1933288574219,72494100,274.79998779296875,1,TSLA,-0.04021280504200253,-0.08559024300405427,0.004757879226354955,281.761328125,276.4353302001953,0.08200795228628222,0.040468351671708154,0.0,0.0,0.0,0.0,0.0,0.0,0.0,0.0
2022-03-08,265.1766662597656,283.3299865722656,260.72332763671875,274.79998779296875,80399100,286.3233337402344,1,TSLA,0.02463394210323222,-0.017741239636380857,0.017941111967750167,279.09666137695314,276.53099670410154,0.109043356631781,0.04131647412284794,0.0,0.0,0.0,0.0,0.0,0.0,0.0,0.0
2022-03-09,279.82666015625,286.85333251953125,277.336669921875,286.3233337402344,59184000,279.4333190917969,0,TSLA,0.04193357517885765,0.024669295512781186,-0.013165931398612218,277.7019958496094,279.69533081054686,-0.2638723567801132,0.03283661099062422,0.0,0.0,0.0,0.0,0.0,0.0,0.0,0.0
2022-03-10,283.8166809082031,284.8166809082031,270.1199951171875,279.4333190917969,58648500,265.1166687011719,0,TSLA,-0.024063755330148706,0.04191002916538045,-0.030160704781424075,277.6359924316406,280.9463287353516,-0.009048053527980549,0.03393493312053316,0.0,0.0,0.0,0.0,0.0,0.0,0.0,0.0
2022-03-11,280.0666809082031,281.26666259765625,264.5899963378906,265.1166687011719,67037100,255.4566650390625,0,TSLA,-0.0512345859010529,-0.035237698405911844,-0.09608016860295432,274.77332763671876,280.4623291015625,0.14303179109440145,0.03649817139785101,0.0,0.0,0.0,0.0,0.0,0.0,0.0,0.0
2022-03-14,260.2033386230469,266.8999938964844,252.01333618164065,255.4566650390625,71152200,267.2966613769531,1,TSLA,-0.036436802368687404,-0.10780353908974649,-0.08688297571200199,272.2259948730469,276.99366149902346,0.06138541195845293,0.035224899113051586,0.0,0.0,0.0,0.0,0.0,0.0,0.0,0.0
2022-03-15,258.42333984375,268.5233459472656,252.19000244140625,267.2966613769531,66841200,280.07666015625,1,TSLA,0.046348355546253384,-0.04343310867254424,-0.043421721421673776,270.72532958984374,274.91099548339844,-0.06058842874851378,0.04172237605976993,0.0,0.0,0.0,0.0,0.0,0.0,0.0,0.0
2022-03-16,269.6666564941406,280.6666564941406,267.4200134277344,280.07666015625,84028800,290.5333251953125,1,TSLA,0.047812040425278646,0.05642795501455389,0.044308825090670245,269.4759948730469,273.5889953613281,0.2571408053715374,0.042794481730655656,0.0,0.0,0.0,0.0,0.0,0.0,0.0,0.0
2022-03-17,276.9966735839844,291.6666564941406,275.239990234375,290.5333251953125,66582900,301.7966613769531,1,TSLA,0.037335010469022656,0.13730962999492036,0.057253777660998484,271.69599609375,274.66599426269534,-0.2076181023649034,0.04392122470645021,0.0,0.0,0.0,0.0,0.0,0.0,0.0,0.0
2022-03-18,291.4966735839844,302.6166687011719,289.1300048828125,301.7966613769531,100414200,307.0533447265625,1,TSLA,0.03876779427650434,0.12907007450926078,0.05404144829759794,279.03199462890626,276.9026611328125,0.5081079376236242,0.043537975582398546,0.0,0.0,0.0,0.0,0.0,0.0,0.0,0.0
2022-03-21,304.99334716796875,314.2833251953125,302.36334228515625,307.0533447265625,81981600,331.32666015625,1,TSLA,0.017417963888751054,0.09631893123569335,0.09884299311383171,289.35133056640626,280.7886627197266,-0.18356567099075627,0.04114641379772517,0.0,0.0,0.0,0.0,0.0,0.0,0.0,0.0
2022-03-22,310.0,332.6199951171875,307.25,331.32666015625,105868500,333.03668212890625,1,TSLA,0.07905243778179138,0.14040845377553146,0.24973907442125864,302.15733032226564,286.4413299560547,0.29136903890629107,0.03567132522694516,0.0,0.0,0.0,0.0,0.0,0.0,0.0,0.0
2022-03-23,326.64666748046875,346.8999938964844,325.4666748046875,333.03668212890625,120676200,337.97332763671875,1,TSLA,0.005161136057840299,0.10351347363956886,0.3036914972564164,312.74933471679685,291.1126647949219,0.13986879950126818,0.0236267953408325,0.0,0.0,0.0,0.0,0.0,0.0,0.0,0.0
2022-03-24,336.57666015625,341.4966735839844,329.6000061035156,337.97332763671875,68920800,336.8800048828125,0,TSLA,0.014823128420135223,0.10069905910873933,0.2644128284120031,322.2373352050781,296.96666564941404,-0.42887827094323483,0.024926368511845053,0.0,0.0,0.0,0.0,0.0,0.0,0.0,0.0
2022-03-25,336.0,340.6000061035156,332.44000244140625,336.8800048828125,62031600,363.9466552734375,1,TSLA,-0.003234937980317265,0.01676093533778289,0.20281356074038048,329.25400390625,304.14299926757815,-0.09995821290524776,0.027646319562029415,0.0,0.0,0.0,0.0,0.0,0.0,0.0,0.0
2022-03-28,355.0333251953125,365.9599914550781,351.20001220703125,363.9466552734375,102506100,366.5233459472656,1,TSLA,0.0803450783611821,0.09281251826958559,0.2526847136340471,340.632666015625,314.99199829101565,0.6524819608070724,0.0342942386270308,0.0,0.0,0.0,0.0,0.0,0.0,0.0,0.0
2022-03-29,369.3299865722656,371.5899963378906,357.7033386230469,366.5233459472656,73614900,364.663330078125,0,TSLA,0.007079858095940583,0.08447417584749406,0.2144711749791921,347.6720031738281,324.9146667480469,-0.2818485924252313,0.03550533672297494,0.0,0.0,0.0,0.0,0.0,0.0,0.0,0.0
2022-03-30,363.7233276367188,371.3166809082031,361.3333435058594,364.663330078125,59865000,359.20001220703125,0,TSLA,-0.00507475414515135,0.08247246732550129,0.1876220739522163,353.99733276367186,333.3733337402344,-0.18678148037965137,0.03764595542609244,0.0,0.0,0.0,0.0,0.0,0.0,0.0,0.0
2022-03-31,364.8566589355469,367.71331787109375,358.8800048828125,359.20001220703125,48992700,361.5299987792969,1,TSLA,-0.014981813142339484,-0.013042139548830378,0.08412649932135396,358.2426696777344,340.24000244140626,-0.18161363066900527,0.031627162567909796,0.0,0.0,0.0,0.0,0.0,0.0,0.0,0.0
2022-04-01,360.3833312988281,364.9166564941406,355.5466613769531,361.5299987792969,54263100,381.8166809082031,1,TSLA,0.006486599368272561,-0.0136235446477867,0.08555609090340965,363.17266845703125,346.2133361816406,0.10757521018437433,0.031583214023416364,0.0,0.0,0.0,0.0,0.0,0.0,0.0,0.0
2022-04-04,363.1266784667969,383.3033447265625,357.510009765625,381.8166809082031,82035900,363.7533264160156,0,TSLA,0.05611341298759176,0.047038869596247146,0.12972429977850441,366.7466735839844,353.6896697998047,0.511817422889588,0.03573616039412739,0.0,0.0,0.0,0.0,0.0,0.0,0.0,0.0
2022-04-05,378.76666259765625,384.2900085449219,362.4333190917969,363.7533264160156,80075100,348.586669921875,0,TSLA,-0.047308971544201106,0.01267626407083755,0.07977119788558329,366.1926696777344,356.9323364257813,-0.023901730827601053,0.04322135112699882,0.0,0.0,0.0,0.0,0.0,0.0,0.0,0.0
2022-04-06,357.8233337402344,359.6666564941406,342.5666809082031,348.586669921875,89348400,352.4200134277344,1,TSLA,-0.041694894294368345,-0.035801534868821205,-0.042203947004327724,362.9773376464844,358.4873352050781,0.11580753567588431,0.03475192889871378,0.0,0.0,0.0,0.0,0.0,0.0,0.0,0.0
2022-04-07,350.7966613769531,358.86334228515625,340.5133361816406,352.4200134277344,79447200,341.8299865722656,0,TSLA,0.010996816105212748,-0.07699157462304884,-0.0384786744841088,361.621337890625,359.9320037841797,-0.11081563855648224,0.03502110115238418,0.0,0.0,0.0,0.0,0.0,0.0,0.0,0.0
2022-04-08,347.7366638183594,349.4800109863281,340.8133239746094,341.8299865722656,55013700,325.3099975585937,0,TSLA,-0.03004944796541842,-0.06026979893147921,-0.0626148604000506,357.68133544921875,360.427001953125,-0.3075438781983506,0.036271938771643746,0.0,0.0,0.0,0.0,0.0,0.0,0.0,0.0
2022-04-11,326.79998779296875,336.1566772460937,324.8800048828125,325.3099975585937,59357100,328.9833374023437,1,TSLA,-0.04832808607380468,-0.06677441902324621,-0.09434858991292139,346.37999877929684,356.5633361816406,0.07895124305400292,0.039307316389213746,0.0,0.0,0.0,0.0,0.0,0.0,0.0,0.0
2022-04-12,332.5466613769531,340.39666748046875,325.5333251953125,328.9833374023437,65976000,340.7900085449219,1,TSLA,0.011291813566499442,-0.06650211433067921,-0.0900247876714152,339.4260009765625,352.80933532714846,0.1115098278049298,0.03975189678400741,0.0,0.0,0.0,0.0,0.0,0.0,0.0,0.0
2022-04-13,327.02667236328125,342.0799865722656,324.3666687011719,340.7900085449219,55121100,328.3333435058594,0,TSLA,0.035888356035912894,-0.003042383840494045,-0.10745123095642051,337.8666687011719,350.4220031738281,-0.164528010185522,0.0342732344974717,0.0,0.0,0.0,0.0,0.0,0.0,0.0,0.0
2022-04-14,333.0966796875,337.57000732421875,327.39666748046875,328.3333435058594,58422300,334.7633361816406,1,TSLA,-0.03655231880843268,0.009293738188052902,-0.09737363300328228,333.04933471679686,347.33533630371096,0.05988995139792208,0.032825174796369455,0.0,0.0,0.0,0.0,0.0,0.0,0.0,0.0
2022-04-18,329.6766662597656,338.3066711425781,324.4700012207031,334.7633361816406,51715200,342.7166748046875,1,TSLA,0.019583733431163042,0.01756927516431639,-0.03965537105401207,331.63600463867186,344.65867004394534,-0.11480376500069323,0.03239653651471887,0.0,0.0,0.0,0.0,0.0,0.0,0.0,0.0
2022-04-19,335.0199890136719,344.9800109863281,331.77667236328125,342.7166748046875,49847700,325.7333374023437,0,TSLA,0.023758093445249484,0.005653529186468775,-0.027533449444796076,335.1173400878906,340.74866943359376,-0.03611124002227584,0.03379592628604502,0.0,0.0,0.0,0.0,0.0,0.0,0.0,0.0
2022-04-20,343.3333435058594,344.6666564941406,325.0833435058594,325.7333374023437,70711200,336.260009765625,1,TSLA,-0.049555036713700984,-0.007918800069933396,-0.04708963462021776,334.46734008789065,336.94667053222656,0.41854488772801957,0.03700302232942212,0.0,0.0,0.0,0.0,0.0,0.0,0.0,0.0
2022-04-21,358.24334716796875,364.0733337402344,332.1400146484375,336.260009765625,105416400,335.01666259765625,0,TSLA,0.032316840662455215,0.004470840806689358,0.03366023881592817,333.56134033203125,335.71400451660156,0.4908020228761498,0.03417322911826841,0.0,0.0,0.0,0.0,0.0,0.0,0.0,0.0
2022-04-22,338.3033447265625,344.95001220703125,331.3333435058594,335.01666259765625,69696600,332.67333984375,0,TSLA,-0.003697576672395231,-0.02246757386817977,0.018339303269739426,334.89800415039065,333.9736694335937,-0.33884480972600084,0.034200965961459454,0.0,0.0,0.0,0.0,0.0,0.0,0.0,0.0
2022-04-25,326.3233337402344,336.2066650390625,325.1000061035156,332.67333984375,68341200,292.1400146484375,0,TSLA,-0.006994645387893739,0.021305778821263388,-0.02381721440668927,334.4800048828125,333.05800476074216,-0.01944714663269087,0.03104531721048367,0.0,0.0,0.0,0.0,0.0,0.0,0.0,0.0
2022-04-26,331.8099975585937,333.3333435058594,291.6666564941406,292.1400146484375,136133700,293.836669921875,1,TSLA,-0.12184121881948873,-0.13120797548283947,-0.11023348549056511,324.3646728515625,329.7410064697266,0.9919711681972221,0.054371780152200413,0.0,0.0,0.0,0.0,0.0,0.0,0.0,0.0
2022-04-27,299.52667236328125,306.0,292.4533386230469,293.836669921875,76956300,292.5033264160156,0,TSLA,0.005807678470473254,-0.12291923737905852,-0.12225552154719554,317.98533935546874,326.22633972167966,-0.4347005921384639,0.05313807264673027,0.0,0.0,0.0,0.0,0.0,0.0,0.0,0.0
2022-04-28,299.99334716796875,300.0,273.8999938964844,292.5033264160156,124948500,290.2533264160156,0,TSLA,-0.004537702888526063,-0.12074912118476766,-0.146515626697441,309.2340026855469,321.3976715087891,0.6236292545249706,0.05051713827002202,0.0,0.0,0.0,0.0,0.0,0.0,0.0,0.0
2022-04-29,300.75,311.4666748046875,290.0,290.2533264160156,88133100,300.9800109863281,1,TSLA,-0.007692220213591394,-0.006458164365783059,-0.10892348713605382,300.2813354492188,317.5896697998047,-0.2946445935725519,0.049059825768726265,0.0,0.0,0.0,0.0,0.0,0.0,0.0,0.0
2022-05-02,286.92333984375,302.1199951171875,282.6766662597656,300.9800109863281,75781500,303.0833435058594,1,TSLA,0.03695628471433299,0.024310584061384866,-0.10491880614613447,293.9426696777344,314.2113372802734,-0.14014711839252225,0.04983450711662068,0.0,0.0,0.0,0.0,0.0,0.0,0.0,0.0
2022-05-03,301.0599975585937,308.02667236328125,296.1966552734375,303.0833435058594,63709500,317.5400085449219,1,TSLA,0.006988279761963367,0.03617058725272826,-0.09531859951141508,296.13133544921874,310.2480041503906,-0.15930009303062098,0.05038375173315329,0.0,0.0,0.0,0.0,0.0,0.0,0.0,0.0
2022-05-04,301.3133239746094,318.5,295.09332275390625,317.5400085449219,81643800,291.09332275390625,0,TSLA,0.04769864576468552,0.09400988600487792,-0.04549006333340677,300.87200317382815,309.4286712646484,0.2815011889906529,0.055463139426199924,0.0,0.0,0.0,0.0,0.0,0.0,0.0,0.0
2022-05-05,313.00665283203125,315.20001220703125,285.8999938964844,291.09332275390625,92519100,288.54998779296875,0,TSLA,-0.08328615317548016,-0.0328483217208434,-0.0035828433013219696,300.5900024414062,304.91200256347656,0.1332042359615795,0.042307017730345495,0.0,0.0,0.0,0.0,0.0,0.0,0.0,0.0
2022-05-06,295.6666564941406,296.0,281.03668212890625,288.54998779296875,72903000,262.3699951171875,0,TSLA,-0.008737180698190294,-0.0479516806987107,-0.01799190730793354,300.24933471679685,300.2653350830078,-0.21202216623378312,0.042347235832026556,0.0,0.0,0.0,0.0,0.0,0.0,0.0,0.0
2022-05-09,278.8166809082031,281.8766784667969,260.3833312988281,262.3699951171875,90810300,266.67999267578125,1,TSLA,-0.09072948807249681,-0.17374192839681035,-0.10301876449764102,292.52733154296874,293.23500061035156,0.24563186700135797,0.05415895216126388,0.0,0.0,0.0,0.0,0.0,0.0,0.0,0.0
2022-05-10,273.10333251953125,275.1199951171875,258.0833435058594,266.67999267578125,84401700,244.6666717529297,0,TSLA,0.016427173986372612,-0.08386770897786733,-0.08121641199194074,285.2466613769531,290.6889984130859,-0.07057128982064809,0.05538892278096209,0.0,0.0,0.0,0.0,0.0,0.0,0.0,0.0
2022-05-11,265.0,269.92333984375,242.3999938964844,244.6666717529297,97224600,242.6666717529297,0,TSLA,-0.08254582843646041,-0.15208219683420965,-0.18709993081884913,270.6719940185547,285.7719985961914,0.15192703464503676,0.05666512545542131,0.0,0.0,0.0,0.0,0.0,0.0,0.0,0.0
2022-05-12,233.6666717529297,253.22000122070312,226.6666717529297,242.6666717529297,140313000,256.5299987792969,1,TSLA,-0.008174386751047313,-0.07509747200878414,-0.19934012557097736,260.9866638183594,280.7883331298828,0.44318413241093313,0.05539180891495093,0.0,0.0,0.0,0.0,0.0,0.0,0.0,0.0
2022-05-13,257.82666015625,262.45001220703125,250.52333068847656,256.5299987792969,92150700,241.4566650390625,0,TSLA,0.05712909369145702,-0.03806057512842487,-0.19213330013182894,254.582666015625,277.41600036621094,-0.34324902182976635,0.05766201920475029,0.0,0.0,0.0,0.0,0.0,0.0,0.0,0.0
2022-05-16,255.72000122070312,256.586669921875,239.69667053222656,241.4566650390625,86098500,253.8699951171875,1,TSLA,-0.05875856161837267,-0.013119918176304535,-0.17051802234847957,250.4,271.4636657714844,-0.06567720049874826,0.054437251562562065,0.0,0.0,0.0,0.0,0.0,0.0,0.0,0.0
2022-05-17,249.1199951171875,254.82666015625,242.9499969482422,253.8699951171875,80236200,236.60333251953125,0,TSLA,0.05141017778952928,0.0461675403685613,-0.12018712231124318,247.83800048828124,266.5423309326172,-0.0680882942211537,0.06170412623815954,0.0,0.0,0.0,0.0,0.0,0.0,0.0,0.0
2022-05-18,248.17333984375,253.5,233.60333251953125,236.60333251953125,87811800,236.47332763671875,0,TSLA,-0.06801379812405906,-0.07767772328611489,-0.09820735250670554,246.22533264160157,258.44866333007815,0.09441623606302385,0.057608823645339875,0.0,0.0,0.0,0.0,0.0,0.0,0.0,0.0
2022-05-19,235.6666717529297,244.6666717529297,231.3699951171875,236.47332763671875,90296700,221.3000030517578,0,TSLA,-0.0005494634476534976,-0.02063864089872003,-0.11326933354084245,244.98666381835938,252.98666381835938,0.02829801917282193,0.05649947183175392,0.0,0.0,0.0,0.0,0.0,0.0,0.0,0.0
2022-05-20,237.9966735839844,240.52667236328125,211.0,221.3000030517578,144973200,224.96665954589844,1,TSLA,-0.06416505716141863,-0.12829397995771508,-0.0955040935234861,237.94066467285157,246.26166534423828,0.6055204675253913,0.05320289478676408,0.0,0.0,0.0,0.0,0.0,0.0,0.0,0.0
2022-05-23,218.33999633789065,226.65333557128903,212.6866607666016,224.96665954589844,88903500,209.3866729736328,0,TSLA,0.01656871415985961,-0.04918220233720594,-0.07293960921445553,234.64266357421874,242.52133178710938,-0.3867590699522394,0.05438705834093657,0.0,0.0,0.0,0.0,0.0,0.0,0.0,0.0
2022-05-24,217.8433380126953,217.97332763671875,206.85667419433597,209.3866729736328,89092500,219.6000061035156,1,TSLA,-0.06925464690507588,-0.11454422760395921,-0.1837731494561904,225.74599914550782,236.79199981689453,0.002125900555096205,0.04933124729949139,0.0,0.0,0.0,0.0,0.0,0.0,0.0,0.0
2022-05-25,207.9499969482422,223.10667419433597,207.6699981689453,219.6000061035156,92139300,235.91000366210935,1,TSLA,0.048777379117957986,-0.007681865905101781,-0.09052000669358606,222.3453338623047,234.28533325195312,0.034198164828689315,0.05446504241022224,0.0,0.0,0.0,0.0,0.0,0.0,0.0,0.0
2022-05-26,220.47332763671875,239.55667114257807,217.8866729736328,235.91000366210935,106003200,253.2100067138672,1,TSLA,0.07427138936829314,0.04864429306236029,-0.07074483712337787,222.2326690673828,233.6096664428711,0.1504667389485268,0.059377180514636245,0.0,0.0,0.0,0.0,0.0,0.0,0.0,0.0
2022-05-27,241.0833282470703,253.26666259765625,240.1766662597656,253.2100067138672,89295000,252.7533264160156,0,TSLA,0.073333062537426,0.2092938061332723,0.07018782879131713,228.6146697998047,233.2776672363281,-0.15761976996920846,0.059958657680924995,0.0,0.0,0.0,0.0,0.0,0.0,0.0,0.0
2022-05-31,257.9466552734375,259.6000061035156,244.7433319091797,252.7533264160156,101914500,246.7899932861328,0,TSLA,-0.001803563389055407,0.15097139977706608,0.06884496844526566,234.17200317382807,234.40733337402344,0.14132370233495717,0.06000176412664639,0.0,0.0,0.0,0.0,0.0,0.0,0.0,0.0
2022-06-01,251.72000122070312,257.32666015625,243.63999938964844,246.7899932861328,77247900,258.3333435058594,1,TSLA,-0.02359349020027346,0.04611923807863061,0.11518296377254633,241.65266723632809,233.69933319091797,-0.242032291773987,0.05307952073749795,0.0,0.0,0.0,0.0,0.0,0.0,0.0,0.0
2022-06-02,244.1566619873047,264.2099914550781,242.0666656494141,258.3333435058594,93473100,234.51666259765625,0,TSLA,0.04677398003874078,0.020233547869937363,0.1483183509383681,249.3993347167969,235.8723342895508,0.21004066129953047,0.0542626807979139,0.0,0.0,0.0,0.0,0.0,0.0,0.0,0.0
2022-06-03,243.22666931152344,247.79666137695312,233.4166717529297,234.51666259765625,112393800,238.27999877929688,1,TSLA,-0.09219359988526965,-0.07215202298996837,0.1200171399026333,249.12066650390625,235.67666778564453,0.20241866376529716,0.060920998099872545,0.0,0.0,0.0,0.0,0.0,0.0,0.0,0.0
2022-06-06,244.35333251953125,244.86666870117188,234.3500061035156,238.27999877929688,84204600,238.8866729736328,1,TSLA,0.0160472016783606,-0.034482737300330024,0.08506371656008005,246.1346649169922,237.37466735839843,-0.2508074288795289,0.059396506919080584,0.0,0.0,0.0,0.0,0.0,0.0,0.0,0.0
2022-06-07,234.0,239.9966735839844,230.0933380126953,238.8866729736328,72808500,241.86666870117188,1,TSLA,0.0025460558898939833,-0.07527743135405784,0.012617817240963225,243.36133422851563,238.76666870117188,-0.1353382119266643,0.052955081964361286,0.0,0.0,0.0,0.0,0.0,0.0,0.0,0.0
2022-06-08,240.086669921875,249.9633331298828,239.1766662597656,241.86666870117188,76210500,239.7066650390625,0,TSLA,0.012474516432601446,0.031341082642496465,-0.04479814269549598,242.37666931152344,242.0146682739258,0.04672531366530008,0.04366781541085921,0.0,0.0,0.0,0.0,0.0,0.0,0.0,0.0
2022-06-09,249.33999633789065,255.54666137695312,239.32666015625,239.7066650390625,96491400,232.22999572753903,0,TSLA,-0.008930555308462429,0.005987352136454627,-0.051618158945529125,238.65133361816407,244.02533416748048,0.2661168736591415,0.04364549285963704,0.0,0.0,0.0,0.0,0.0,0.0,0.0,0.0
2022-06-10,235.1566619873047,239.5,227.913330078125,232.22999572753903,97536600,215.73666381835935,0,TSLA,-0.031190911234383334,-0.027865419042562123,-0.05899751997526359,238.19400024414062,243.65733337402344,0.010832053426522936,0.04422630346046641,0.0,0.0,0.0,0.0,0.0,0.0,0.0,0.0
2022-06-13,223.1666717529297,226.63333129882807,214.68333435058597,215.73666381835935,102767400,220.88999938964844,1,TSLA,-0.07102153990705962,-0.10803474915800138,-0.1648903664908974,233.68533325195312,239.90999908447264,0.05362909923044268,0.04238012145483935,0.0,0.0,0.0,0.0,0.0,0.0,0.0,0.0
2022-06-14,218.2866668701172,226.3300018310547,211.73666381835935,220.88999938964844,97988700,233.0,1,TSLA,0.023887157055640706,-0.07849871694784838,-0.05810530926489488,230.08599853515625,236.72366638183593,-0.046500154718325026,0.033256271458075665,0.0,0.0,0.0,0.0,0.0,0.0,0.0,0.0
2022-06-15,220.9166717529297,235.663330078125,218.1499938964844,233.0,119131800,213.1000061035156,0,TSLA,0.05482367080362738,0.003315696880795471,-0.022158799758041803,228.3126647949219,235.34466705322265,0.2157707980614092,0.040397410928543494,0.0,0.0,0.0,0.0,0.0,0.0,0.0,0.0
2022-06-16,222.73666381835935,225.1666717529297,208.69332885742188,213.1000061035156,107390700,216.75999450683597,1,TSLA,-0.08540769912654256,-0.012221648690478037,-0.10794518818956234,222.9913330078125,230.8213333129883,-0.0985555493999083,0.05088717383756216,0.0,0.0,0.0,0.0,0.0,0.0,0.0,0.0
2022-06-17,213.43333435058597,220.97000122070312,213.19667053222656,216.75999450683597,92641800,237.0366668701172,1,TSLA,0.017174980283869656,-0.0186971112056874,-0.10380377887188497,219.89733276367187,229.04566650390626,-0.13733870810042215,0.05133994774918936,0.0,0.0,0.0,0.0,0.0,0.0,0.0,0.0
2022-06-21,224.60333251953125,243.57666015625,224.3333282470703,237.0366668701172,122793000,236.086669921875,0,TSLA,0.09354434802147837,0.017324750515524512,-0.011138606298286335,224.15733337402344,228.92133331298828,0.32545999753890786,0.06574280096742685,0.0,0.0,0.0,0.0,0.0,0.0,0.0,0.0
2022-06-22,234.5033264160156,246.8333282470703,233.82666015625,236.086669921875,101107500,235.07000732421875,0,TSLA,-0.004007805884153504,0.10786796414821964,0.016607132004001546,227.19666748046876,228.6413330078125,-0.176602086438152,0.06436389654441814,0.0,0.0,0.0,0.0,0.0,0.0,0.0,0.0
2022-06-23,237.9066619873047,239.3166656494141,228.6366729736328,235.07000732421875,104202600,245.7066650390625,1,TSLA,-0.004306310889948484,0.08447136594112314,0.08961547454973728,227.6106689453125,227.9616668701172,0.03061197240560798,0.05574085017263201,0.0,0.0,0.0,0.0,0.0,0.0,0.0,0.0
2022-06-24,237.47000122070312,246.0666656494141,236.086669921875,245.7066650390625,95770800,244.9199981689453,0,TSLA,0.04524889345059324,0.036576611894800104,0.11234852513914695,234.1320007324219,228.5616668701172,-0.08091736674516758,0.056964593436441655,0.0,0.0,0.0,0.0,0.0,0.0,0.0,0.0
2022-06-27,249.36666870117188,252.07000732421875,242.5666656494141,244.9199981689453,89178300,232.663330078125,0,TSLA,-0.0032016505127857586,0.037415616264965035,0.051158790424657985,239.76400146484374,229.8306671142578,-0.06883622147878055,0.054672173548285546,0.0,0.0,0.0,0.0,0.0,0.0,0.0,0.0
2022-06-28,244.48333740234372,249.97000122070312,232.3433380126953,232.663330078125,90391200,228.4900054931641,0,TSLA,-0.0500435578248114,-0.010238129795837159,0.09180348857008624,238.88933410644532,231.52333374023436,0.013600842357389675,0.04540358103569905,0.0,0.0,0.0,0.0,0.0,0.0,0.0,0.0
2022-06-29,230.5,231.17333984375,222.27333068847656,228.4900054931641,82897200,224.47332763671875,0,TSLA,-0.0179371823809088,-0.07006997365399636,0.05411520245244428,237.37000122070313,232.28333435058593,-0.08290630061333404,0.04684489407288616,0.0,0.0,0.0,0.0,0.0,0.0,0.0,0.0
2022-06-30,224.50999450683597,229.4566650390625,218.8633270263672,224.47332763671875,94600500,227.26333618164065,1,TSLA,-0.017579227799377484,-0.08348305848884785,-0.0530016701605176,235.25066528320312,231.4306671142578,0.14117847164922348,0.028412825230195258,0.0,0.0,0.0,0.0,0.0,0.0,0.0,0.0
2022-07-01,227.0,230.22999572753903,222.1199951171875,227.26333618164065,74460300,233.0666656494141,1,TSLA,0.012429131666980009,-0.023209475660264545,-0.03737328220671732,231.56199951171874,232.8470001220703,-0.21289739483406533,0.029402236969115748,0.0,0.0,0.0,0.0,0.0,0.0,0.0,0.0
2022-07-05,223.0,233.14666748046875,216.1666717529297,233.0666656494141,84581100,231.73333740234372,0,TSLA,0.025535704813974602,0.02003002339805593,-0.008522319361829789,229.19133300781255,234.47766723632813,0.13592209539848743,0.03160960004683015,0.0,0.0,0.0,0.0,0.0,0.0,0.0,0.0
2022-07-06,230.77999877929688,234.56333923339844,227.1866607666016,231.73333740234372,71853600,244.5433349609375,1,TSLA,-0.005720802000385605,0.03234241609931665,-0.056869957656611736,229.00533447265624,233.94733428955078,-0.1504768795865743,0.02424989176047839,0.0,0.0,0.0,0.0,0.0,0.0,0.0,0.0
2022-07-07,233.9199981689453,245.3633270263672,232.2100067138672,244.5433349609375,81930600,250.76333618164065,1,TSLA,0.0552790448805931,0.07603513646163229,-0.001537903032924226,232.21600036621095,234.79300079345703,0.14024349510671708,0.034228727726358384,0.0,0.0,0.0,0.0,0.0,0.0,0.0,0.0
2022-07-08,242.3333282470703,254.97999572753903,241.16000366210935,250.76333618164065,101854200,234.3433380126953,0,TSLA,0.025435169687600512,0.07592965078432301,0.0777948381355924,237.4740020751953,236.36233367919922,0.24317654209782424,0.02682047472765516,0.0,0.0,0.0,0.0,0.0,0.0,0.0,0.0
2022-07-11,252.10333251953125,253.06333923339844,233.6266632080078,234.3433380126953,99241200,233.07000732421875,0,TSLA,-0.06548005948146862,0.011262948350931445,0.02561745537577287,238.89000244140624,235.2260009765625,-0.02565431764227688,0.038753417837580295,0.0,0.0,0.0,0.0,0.0,0.0,0.0,0.0
2022-07-12,236.8466644287109,239.77333068847656,228.3699951171875,233.07000732421875,87930900,237.0399932861328,1,TSLA,-0.005433611636988744,-0.04691735981498513,0.03829710985267987,238.8906707763672,234.04100189208984,-0.11396778757209702,0.03787398156141595,0.0,0.0,0.0,0.0,0.0,0.0,0.0,0.0
2022-07-13,225.5,242.05999755859372,225.0333404541016,237.0399932861328,97954500,238.31333923339844,1,TSLA,0.017033448479672808,-0.05472627340372971,0.04301906884213902,239.952001953125,234.47866821289062,0.11399405669679252,0.03804371816476531,0.0,0.0,0.0,0.0,0.0,0.0,0.0,0.0
2022-07-14,234.89666748046875,238.65333557128903,229.3333282470703,238.31333923339844,78557400,240.0666656494141,1,TSLA,0.005371861218914864,0.01694096044875848,0.022511471425418428,238.70600280761718,235.46100158691405,-0.1980215304044225,0.03712904870028453,0.0,0.0,0.0,0.0,0.0,0.0,0.0,0.0
2022-07-15,240.0,243.6233367919922,236.88999938964844,240.0666656494141,69683100,240.54666137695312,1,TSLA,0.0073572315408600986,0.030019556808364545,0.03596085198825638,236.56666870117186,237.02033538818358,-0.11296580589479799,0.03689941670638899,0.0,0.0,0.0,0.0,0.0,0.0,0.0,0.0
2022-07-18,244.9366607666016,250.51666259765625,239.60333251953125,240.54666137695312,82537500,245.52999877929688,1,TSLA,0.001999426810217919,0.014793571507519365,-0.016343416534426503,237.80733337402344,238.34866790771486,0.18446940506378162,0.02976114467210673,0.0,0.0,0.0,0.0,0.0,0.0,0.0,0.0
2022-07-19,245.0,247.13999938964844,236.97666931152344,245.52999877929688,80890200,247.5,1,TSLA,0.020716718219316865,0.030282230818941436,-0.020869627442478333,240.29933166503906,239.59500122070312,-0.01995820081781008,0.029082975412290105,0.0,0.0,0.0,0.0,0.0,0.0,0.0,0.0
2022-07-20,246.7833404541016,250.663330078125,243.48333740234372,247.5,88864200,271.7066650390625,1,TSLA,0.008023464466653252,0.030963625584908616,0.05614267552420005,242.3913330078125,241.17166748046876,0.09857807249827544,0.008822167001550786,0.0,0.0,0.0,0.0,0.0,0.0,0.0,0.0
2022-07-21,255.10667419433597,273.26666259765625,254.86666870117188,271.7066650390625,142032300,272.24334716796875,1,TSLA,0.09780470722853529,0.12953829200430889,0.16577275711454842,249.06999816894532,243.88800048828125,0.5983073048539231,0.03380406623532453,0.0,0.0,0.0,0.0,0.0,0.0,0.0,0.0
2022-07-22,276.2200012207031,280.78668212890625,270.7133178710937,272.24334716796875,103472700,268.4333190917969,0,TSLA,0.0019752262198982073,0.10879871511213612,0.14851229699176405,255.50533447265624,246.03600158691407,-0.2714847256574737,0.0346860948047117,0.0,0.0,0.0,0.0,0.0,0.0,0.0,0.0
2022-07-25,272.2166748046875,274.14666748046875,267.3999938964844,268.4333190917969,64073400,258.8599853515625,0,TSLA,-0.013994935471540293,0.08457906703756324,0.12638814073642624,261.082666015625,249.44499969482422,-0.38077000020295204,0.036798592148483036,0.0,0.0,0.0,0.0,0.0,0.0,0.0,0.0
2022-07-26,266.5133361816406,267.3099975585937,256.2633361816406,258.8599853515625,66820800,274.82000732421875,1,TSLA,-0.0356637312112531,-0.04728143008804386,0.07828375360364936,263.7486633300781,252.02399749755858,0.04287894820627591,0.04203353732891688,0.0,0.0,0.0,0.0,0.0,0.0,0.0,0.0
2022-07-27,263.8099975585937,275.9266662597656,261.7900085449219,274.82000732421875,88110000,280.8999938964844,1,TSLA,0.061655036992220635,0.009464547740298812,0.1424810710365958,269.21266479492186,255.8019989013672,0.3186013935780476,0.04566476875685898,0.0,0.0,0.0,0.0,0.0,0.0,0.0,0.0
2022-07-28,280.0666809082031,283.29998779296875,272.79998779296875,280.8999938964844,84723000,297.1499938964844,1,TSLA,0.02212352234272652,0.04644235241313033,0.1440556970351352,271.05133056640625,260.06066436767577,-0.03844058563159691,0.0456711651718567,0.0,0.0,0.0,0.0,0.0,0.0,0.0,0.0
2022-07-29,280.70001220703125,298.32000732421875,279.1000061035156,297.1499938964844,95313000,297.27667236328125,1,TSLA,0.05784976985791013,0.14791783478207154,0.2006060359453914,276.03265991210935,265.7689971923828,0.1249955738111257,0.0472973813509635,0.0,0.0,0.0,0.0,0.0,0.0,0.0,0.0
2022-08-01,301.27667236328125,311.8766784667969,295.0,297.27667236328125,117042900,300.586669921875,1,TSLA,0.00042631152414229767,0.08171408354766996,0.09410887038984717,281.80133056640625,271.44199829101564,0.22798464008057673,0.03614083130869045,0.0,0.0,0.0,0.0,0.0,0.0,0.0,0.0
2022-08-02,294.0033264160156,307.8333435058594,292.6666564941406,300.586669921875,95577600,307.39666748046875,1,TSLA,0.011134400598203698,0.0700842878360668,0.1041102493366679,290.14666748046875,276.9476654052734,-0.18339685704985098,0.03581919057173486,0.0,0.0,0.0,0.0,0.0,0.0,0.0,0.0
2022-08-03,305.0,309.54998779296875,301.1499938964844,307.39666748046875,80091000,308.6333312988281,1,TSLA,0.02265568716125621,0.03448316942437479,0.14515093923697098,296.66199951171876,282.9373321533203,-0.16203168943350743,0.033514881351967465,0.0,0.0,0.0,0.0,0.0,0.0,0.0,0.0
2022-08-04,311.0,313.6066589355469,305.0,308.6333312988281,72256200,288.1700134277344,0,TSLA,0.004023022853486102,0.03820232124257861,0.19227902636117178,302.2086669921875,286.6299987792969,-0.09782372551222984,0.024729330173137467,0.0,0.0,0.0,0.0,0.0,0.0,0.0,0.0
2022-08-05,302.6700134277344,304.6066589355469,285.5433349609375,288.1700134277344,113172900,290.42333984375,1,TSLA,-0.0663030068235908,-0.0413080742980646,0.04857727147851354,300.4126708984375,288.22266540527346,0.5662725136389679,0.0376404280185906,0.0,0.0,0.0,0.0,0.0,0.0,0.0,0.0
2022-08-08,295.0,305.20001220703125,289.086669921875,290.42333984375,98994000,283.3333435058594,0,TSLA,0.007819434052879659,-0.05521636840060151,0.03390297669702025,299.04200439453126,290.4216674804687,-0.12528529356409535,0.03709317893691179,0.0,0.0,0.0,0.0,0.0,0.0,0.0,0.0
2022-08-09,290.2933349609375,292.39666748046875,279.35333251953125,283.3333435058594,86244600,294.3566589355469,1,TSLA,-0.024412625864385085,-0.08197425626875188,-0.046497225894065464,295.5913391113281,292.86900329589844,-0.12878962361355228,0.030060883737777645,0.0,0.0,0.0,0.0,0.0,0.0,0.0,0.0
2022-08-10,297.0666809082031,297.510009765625,283.3699951171875,294.3566589355469,94918800,286.6300048828125,0,TSLA,0.03890581776676605,0.02146873449538833,-0.009822544784698128,292.98333740234375,294.8226684570312,0.10057673176059723,0.03467674468694885,0.0,0.0,0.0,0.0,0.0,0.0,0.0,0.0
2022-08-11,296.5133361816406,298.2366638183594,285.8333435058594,286.6300048828125,70155000,300.0299987792969,1,TSLA,-0.026249292544206493,-0.013061398450201489,-0.046431417077443804,288.5826721191406,295.3956695556641,-0.2608945751526568,0.03538898558803812,0.0,0.0,0.0,0.0,0.0,0.0,0.0,0.0
2022-08-12,289.4166564941406,300.1600036621094,285.0333251953125,300.0299987792969,79657200,309.32000732421875,1,TSLA,0.046750143628413676,0.05892936943756566,-0.02396469929733358,290.9546691894531,295.6836700439453,0.1354457985888391,0.039588555242428804,0.0,0.0,0.0,0.0,0.0,0.0,0.0,0.0
2022-08-15,301.78668212890625,313.1333312988281,301.2300109863281,309.32000732421875,89359200,306.5633239746094,0,TSLA,0.03096359891583922,0.05083407469965984,0.002224892633925446,294.7340026855469,296.88800354003905,0.12179689971528007,0.04161777809707307,0.0,0.0,0.0,0.0,0.0,0.0,0.0,0.0
2022-08-16,311.6666564941406,314.6666564941406,302.8833312988281,306.5633239746094,88136400,303.9966735839844,0,TSLA,-0.008912075793144236,0.06954372798460695,0.06382798240555854,299.3799987792969,297.4856689453125,-0.013684097440442633,0.030228260660690273,0.0,0.0,0.0,0.0,0.0,0.0,0.0,0.0
2022-08-17,303.39666748046875,309.6566772460937,300.0333251953125,303.9966735839844,68766000,302.8699951171875,0,TSLA,-0.008372333511224461,0.013220927310023445,0.04673637369343986,301.30800170898436,297.1456695556641,-0.21977752665187145,0.03096790073880272,0.0,0.0,0.0,0.0,0.0,0.0,0.0,0.0
2022-08-18,306.0,306.5,301.85333251953125,302.8699951171875,47500500,296.6666564941406,0,TSLA,-0.0037062197211366055,-0.020852230875161526,0.06895288556436396,304.5559997558594,296.5693359375,-0.3092443940319344,0.02835083119631799,0.0,0.0,0.0,0.0,0.0,0.0,0.0,0.0
2022-08-19,299.0,300.3599853515625,292.5,296.6666564941406,61395300,289.913330078125,0,TSLA,-0.020481852686155544,-0.032282620608877655,0.00784761441085502,303.8833312988281,297.41900024414065,0.2925190261155146,0.027085809285369463,0.0,0.0,0.0,0.0,0.0,0.0,0.0,0.0
2022-08-22,291.913330078125,292.3999938964844,286.2966613769531,289.913330078125,55843200,296.4533386230469,1,TSLA,-0.022764022407583906,-0.046327294768798155,0.011454924953355317,300.0019958496094,297.3679992675781,-0.0904320037527303,0.026518347507162355,0.0,0.0,0.0,0.0,0.0,0.0,0.0,0.0
2022-08-23,291.4533386230469,298.82666015625,287.92333984375,296.4533386230469,63984900,297.0966796875,1,TSLA,0.0225584954757323,-0.021186174258225443,-0.0119210084684932,297.97999877929686,298.67999877929685,0.14579572803850782,0.020624397013498788,0.0,0.0,0.0,0.0,0.0,0.0,0.0,0.0
2022-08-24,297.5633239746094,303.64666748046875,296.5,297.0966796875,57259800,296.07000732421875,0,TSLA,0.002170125887066332,0.0014495164318133469,-0.03951677016451982,296.6,298.95400085449216,-0.10510448558956875,0.015229234329380949,0.0,0.0,0.0,0.0,0.0,0.0,0.0,0.0
2022-08-25,302.3599853515625,302.9599914550781,291.6000061035156,296.07000732421875,53230000,288.0899963378906,0,TSLA,-0.003455684406709514,0.021236268247598833,-0.0342288715895438,295.24000244140626,299.8980010986328,-0.07037747250252357,0.015173620311245627,0.0,0.0,0.0,0.0,0.0,0.0,0.0,0.0
2022-08-26,297.42999267578125,302.0,287.4700012207031,288.0899963378906,57163900,284.82000732421875,0,TSLA,-0.026953121859416895,-0.028211327705067957,-0.05232516875451687,293.52467041015626,298.70400085449216,0.0739038136389254,0.01735758274240621,0.0,0.0,0.0,0.0,0.0,0.0,0.0,0.0
2022-08-29,282.8299865722656,287.739990234375,280.70001220703125,284.82000732421875,41864700,277.70001220703125,0,TSLA,-0.01135058160727187,-0.04132214596337602,-0.059596487218830596,292.506005859375,296.2540008544922,-0.267637442511795,0.01731815680582593,0.0,0.0,0.0,0.0,0.0,0.0,0.0,0.0
2022-08-30,287.8699951171875,288.4800109863281,272.6499938964844,277.70001220703125,50541800,275.6099853515625,0,TSLA,-0.0249982267189629,-0.06204611971070406,-0.06393251102516129,288.7553405761719,293.3676696777344,0.20726530943730648,0.0179082006431337,0.0,0.0,0.0,0.0,0.0,0.0,0.0,0.0
2022-08-31,280.6199951171875,281.25,271.8099975585937,275.6099853515625,52107300,277.1600036621094,1,TSLA,-0.007526203685978228,-0.043319834582839056,-0.04933662319945098,284.4580017089844,290.5290008544922,0.030974361815368612,0.01688974881104292,0.0,0.0,0.0,0.0,0.0,0.0,0.0,0.0
2022-09-01,272.5799865722656,277.5799865722656,266.1499938964844,277.1600036621094,54287000,270.2099914550781,0,TSLA,0.005623955563764049,-0.026894190945616292,-0.06508051166011597,280.6760009765625,287.9580017089844,0.04183099105115784,0.01260678801482775,0.0,0.0,0.0,0.0,0.0,0.0,0.0,0.0
2022-09-02,281.07000732421875,282.3500061035156,269.0799865722656,270.2099914550781,50890100,274.4200134277344,1,TSLA,-0.02507581222110289,-0.026971625576916236,-0.09049811078569625,277.1,285.3123352050781,-0.06257299169230202,0.012609730844861862,0.0,0.0,0.0,0.0,0.0,0.0,0.0,0.0
2022-09-06,272.67999267578125,275.989990234375,265.739990234375,274.4200134277344,55860000,283.70001220703125,1,TSLA,0.015580556255471167,-0.004317593654345364,-0.07312457648834392,275.02000122070314,283.76300354003905,0.09765946618301014,0.016547390980941885,0.0,0.0,0.0,0.0,0.0,0.0,0.0,0.0
2022-09-07,273.1000061035156,283.8399963378906,272.2699890136719,283.70001220703125,50028900,289.260009765625,1,TSLA,0.03381677109982606,0.023596509086841078,-0.015238238698543793,276.2200012207031,282.4876708984375,-0.10438775510204079,0.021715681296231987,0.0,0.0,0.0,0.0,0.0,0.0,0.0,0.0
2022-09-08,281.29998779296875,289.5,279.760009765625,289.260009765625,53713100,299.67999267578125,1,TSLA,0.01959815762903916,0.07050079165453038,0.015588801092726756,278.95000610351565,281.70400390625,0.07364143525042532,0.022623795824529808,0.0,0.0,0.0,0.0,0.0,0.0,0.0,0.0
2022-09-09,291.6700134277344,299.8500061035156,291.25,299.67999267578125,54338100,304.4200134277344,1,TSLA,0.03602289482946186,0.09204860437301465,0.07915008823393022,283.45400390625,282.06500244140625,0.011635895154068487,0.022041974405929032,0.0,0.0,0.0,0.0,0.0,0.0,0.0,0.0
2022-09-12,300.7200012207031,305.489990234375,300.3999938964844,304.4200134277344,48674600,292.1300048828125,0,TSLA,0.01581694096302666,0.0730348971771726,0.1045318733260785,290.29600830078124,283.6980041503906,-0.10422705247331066,0.020454392078482105,0.0,0.0,0.0,0.0,0.0,0.0,0.0,0.0
2022-09-13,292.8999938964844,297.3999938964844,290.3999938964844,292.1300048828125,68229600,302.6099853515625,1,TSLA,-0.04037188096320543,0.009921852382957841,0.05401212665213162,293.8380065917969,284.42900390625,0.4017495778085489,0.02926508048503714,0.0,0.0,0.0,0.0,0.0,0.0,0.0,0.0
2022-09-14,292.239990234375,306.0,291.6400146484375,302.6099853515625,72628700,303.75,1,TSLA,0.03587437200418364,0.009777071367427448,0.11990672040663908,297.6200012207031,286.9200012207031,0.06447494928887165,0.02677561505772512,0.0,0.0,0.0,0.0,0.0,0.0,0.0,0.0
2022-09-15,301.8299865722656,309.1199951171875,300.7200012207031,303.75,64795500,303.3500061035156,0,TSLA,0.003767273730617582,-0.002200950654295375,0.10687991085602566,300.51799926757815,289.7340026855469,-0.10785268082727628,0.027220610693343764,0.0,0.0,0.0,0.0,0.0,0.0,0.0,0.0
2022-09-16,299.6099853515625,303.7099914550781,295.6000061035156,303.3500061035156,87087800,309.07000732421875,1,TSLA,-0.0013168523341049454,0.03840756181551441,0.0692632818152461,301.252001953125,292.3530029296875,0.3440408670355195,0.02638442416100135,0.0,0.0,0.0,0.0,0.0,0.0,0.0,0.0
2022-09-19,300.0899963378906,309.8399963378906,297.79998779296875,309.07000732421875,60231200,308.7300109863281,0,TSLA,0.018856110452001085,0.02134768277772192,0.06848508915783058,302.1820007324219,296.23900451660154,-0.30838533066629314,0.02634047991888195,0.0,0.0,0.0,0.0,0.0,0.0,0.0,0.0
2022-09-20,306.9100036621094,313.3299865722656,305.5799865722656,308.7300109863281,61642800,300.79998779296875,0,TSLA,-0.0011000625419275156,0.016395097897376587,0.030198940642453653,305.502001953125,299.6700042724609,0.02343635856499615,0.02379685288506312,0.0,0.0,0.0,0.0,0.0,0.0,0.0,0.0
2022-09-21,308.2900085449219,313.79998779296875,300.6300048828125,300.79998779296875,62555700,288.5899963378906,0,TSLA,-0.025685948599634356,-0.008406191723222545,-0.011891549422143988,305.14000244140624,301.3800018310547,0.014809515466526424,0.02560955792598762,0.0,0.0,0.0,0.0,0.0,0.0,0.0,0.0
2022-09-22,299.8599853515625,301.2900085449219,285.82000732421875,288.5899963378906,70545400,275.3299865722656,0,TSLA,-0.040591728559117746,-0.0662633400232987,-0.01211792176685833,302.1080017089844,301.31300048828126,0.12772137471085765,0.02566535538636339,0.0,0.0,0.0,0.0,0.0,0.0,0.0,0.0
2022-09-23,283.0899963378906,284.5,272.82000732421875,275.3299865722656,63748400,276.010009765625,1,TSLA,-0.04594757245188685,-0.10818522082565407,-0.09014903704384991,296.5039978027344,298.8779998779297,-0.09634930130100616,0.02443252179054199,0.0,0.0,0.0,0.0,0.0,0.0,0.0,0.0
2022-09-26,271.8299865722656,284.0899963378906,270.3099975585937,276.010009765625,58076900,282.94000244140625,1,TSLA,0.0024698479153155706,-0.08241349412688781,-0.0913250707304527,289.8919982910156,296.03699951171876,-0.08896693877807127,0.02428732633914942,0.0,0.0,0.0,0.0,0.0,0.0,0.0,0.0
2022-09-27,283.8399963378906,288.6700134277344,277.510009765625,282.94000244140625,61925200,287.8099975585937,1,TSLA,0.02510775852537339,-0.019577927052846222,-0.06728202819005258,284.73399658203124,295.1179992675781,0.06626214553462728,0.0282036826978877,0.0,0.0,0.0,0.0,0.0,0.0,0.0,0.0
2022-09-28,283.0799865722656,289.0,277.57000732421875,287.8099975585937,54664800,268.2099914550781,0,TSLA,0.0172121123742337,0.04532746738449589,-0.06878703614654857,282.13599853515626,293.63800048828125,-0.11724467583471676,0.027933206678174612,0.0,0.0,0.0,0.0,0.0,0.0,0.0,0.0
2022-09-29,282.760009765625,283.6499938964844,265.7799987792969,268.2099914550781,77620600,265.25,0,TSLA,-0.06810050474193585,-0.02825991099804781,-0.13124742684326984,278.05999755859375,290.08399963378906,0.4199375100613192,0.035035179723939484,0.0,0.0,0.0,0.0,0.0,0.0,0.0,0.0
2022-09-30,266.1499938964844,275.57000732421875,262.4700012207031,265.25,67726600,242.3999938964844,0,TSLA,-0.011036096899372572,-0.06252209757815941,-0.1181848046398084,276.04400024414065,286.2739990234375,-0.12746616233319508,0.03503203303161689,0.0,0.0,0.0,0.0,0.0,0.0,0.0,0.0
2022-10-03,254.5,255.16000366210935,241.00999450683597,242.3999938964844,98363500,249.44000244140625,1,TSLA,-0.08614516909902203,-0.15777771462877865,-0.16005406641789988,269.3219970703125,279.60699768066405,0.452361406005912,0.04333387908396487,0.0,0.0,0.0,0.0,0.0,0.0,0.0,0.0
2022-10-04,250.5200042724609,257.5,242.00999450683597,249.44000244140625,109578500,240.80999755859372,0,TSLA,0.029042940273044104,-0.06998243768564316,-0.09403256235609503,262.6219970703125,273.67799682617186,0.11401586970776756,0.04611942378493832,0.0,0.0,0.0,0.0,0.0,0.0,0.0,0.0
2022-10-05,245.00999450683597,246.6699981689453,233.2700042724609,240.80999755859372,86982700,238.1300048828125,0,TSLA,-0.034597517632881436,-0.09213950025035356,-0.12753165088802942,253.2219970703125,267.6789978027344,-0.2062065094886314,0.04616655256065296,0.0,0.0,0.0,0.0,0.0,0.0,0.0,0.0
2022-10-06,239.44000244140625,244.5800018310547,235.3500061035156,238.1300048828125,69298400,223.07000732421875,0,TSLA,-0.01112907563204113,-0.017615466671568436,-0.15837278989164283,247.20599975585938,262.63299865722655,-0.20330824405312775,0.04235444345511974,0.0,0.0,0.0,0.0,0.0,0.0,0.0,0.0
2022-10-07,233.94000244140625,234.57000732421875,222.0200042724609,223.07000732421875,83916800,222.9600067138672,0,TSLA,-0.06324275500689214,-0.10571678503483761,-0.22494003260326245,238.77000122070314,257.40700073242186,0.21094859332971616,0.04032135213587036,0.0,0.0,0.0,0.0,0.0,0.0,0.0,0.0
2022-10-10,223.92999267578125,226.9900054931641,218.3600006103516,222.9600067138672,67925000,216.5,0,TSLA,-0.0004931214719139376,-0.07412479143596717,-0.16871103308166557,234.8820037841797,252.10200042724608,-0.19056732382550334,0.03915994057548713,0.0,0.0,0.0,0.0,0.0,0.0,0.0,0.0
2022-10-11,220.9499969482422,225.75,215.0,216.5,77013200,217.2400054931641,1,TSLA,-0.02897383620084637,-0.09083275706250027,-0.1837888784165881,228.29400329589845,245.45800018310547,0.13379757085020239,0.03864908609273765,0.0,0.0,0.0,0.0,0.0,0.0,0.0,0.0
2022-10-12,215.3300018310547,219.3000030517578,211.50999450683597,217.2400054931641,66860700,221.72000122070312,1,TSLA,0.003418039229395431,-0.026135301204258776,-0.10379533431038268,223.5800048828125,238.4010009765625,-0.13182805025631972,0.030030530711015874,0.0,0.0,0.0,0.0,0.0,0.0,0.0,0.0
2022-10-13,208.3000030517578,222.9900054931641,206.22000122070312,221.72000122070312,91483000,204.9900054931641,0,TSLA,0.020622332969329582,-0.005561560171441049,-0.11112893260660783,220.29800415039062,233.752001953125,0.3682626714946149,0.02807041925470805,0.0,0.0,0.0,0.0,0.0,0.0,0.0,0.0
2022-10-14,224.00999450683597,226.25999450683597,204.16000366210935,204.9900054931641,94124500,219.3500061035156,1,TSLA,-0.07545550981161042,-0.05316394691379178,-0.1487479441409567,216.6820037841797,227.72600250244142,0.02887421706765192,0.035707909836107755,0.0,0.0,0.0,0.0,0.0,0.0,0.0,0.0
2022-10-17,210.0399932861328,221.8600006103516,209.4499969482422,219.3500061035156,79428800,220.19000244140625,1,TSLA,0.07005219876844371,0.009712762644990436,-0.07886447904176896,215.9600036621094,225.42100372314454,-0.15613044425202793,0.05015535532592825,0.0,0.0,0.0,0.0,0.0,0.0,0.0,0.0
2022-10-18,229.5,229.82000732421875,217.25,220.19000244140625,75891900,222.0399932861328,1,TSLA,0.0038294794370521412,-0.006900589801882129,-0.012910766971135579,216.69800415039063,222.49600372314453,-0.04452918840521325,0.04450692559225715,0.0,0.0,0.0,0.0,0.0,0.0,0.0,0.0
2022-10-19,219.8000030517578,222.92999267578125,217.77999877929688,222.0399932861328,66571500,207.27999877929688,0,TSLA,0.008401793106927569,0.08317472723584718,-0.004126360782340077,217.6580017089844,220.61900329589844,-0.12281152534064899,0.044650557322613665,0.0,0.0,0.0,0.0,0.0,0.0,0.0,0.0
2022-10-20,208.27999877929688,215.5500030517578,202.0,207.27999877929688,117798100,214.44000244140625,1,TSLA,-0.0664744863679374,-0.05502624567296632,-0.042586610719183016,214.77000122070314,217.53400268554688,0.7694974576207536,0.050597770842103526,0.0,0.0,0.0,0.0,0.0,0.0,0.0,0.0
2022-10-21,206.4199981689453,214.66000366210935,203.8000030517578,214.44000244140625,75713800,211.25,0,TSLA,0.03454266549727758,-0.026113810510221103,-0.012888984445574181,216.66000061035157,216.67100219726564,-0.3572578844650296,0.05278977819916818,0.0,0.0,0.0,0.0,0.0,0.0,0.0,0.0
2022-10-24,205.82000732421875,213.5,198.58999633789065,211.25,100446800,222.4199981689453,1,TSLA,-0.014875967194030837,-0.048594819007349854,-0.0472217263352851,215.03999938964844,215.5000015258789,0.3266643597336285,0.05210743084841763,0.0,0.0,0.0,0.0,0.0,0.0,0.0,0.0
2022-10-25,210.1000061035156,224.3500061035156,210.0,222.4199981689453,96507900,224.63999938964844,1,TSLA,0.05287573097725584,0.07304129428217943,0.08502849996929474,215.48599853515626,216.09200134277344,-0.03921379277388626,0.045655625945199826,0.0,0.0,0.0,0.0,0.0,0.0,0.0,0.0
2022-10-26,219.3999938964844,230.6000061035156,218.1999969482422,224.63999938964844,85012500,225.08999633789065,1,TSLA,0.009981122376490958,0.04756573788525875,0.02411667717773569,216.00599975585936,216.83200073242188,-0.1191135647962498,0.03807845917364243,0.0,0.0,0.0,0.0,0.0,0.0,0.0,0.0
2022-10-27,229.7700042724609,233.80999755859372,222.8500061035156,225.08999633789065,61638800,228.5200042724609,1,TSLA,0.00200319154854367,0.06551477556397933,0.022253480367657952,219.56799926757813,217.16900024414062,-0.27494427290104395,0.03808639802896147,0.0,0.0,0.0,0.0,0.0,0.0,0.0,0.0
2022-10-28,225.3999938964844,228.8600006103516,216.3500061035156,228.5200042724609,69152400,227.5399932861328,0,TSLA,0.01523838460338034,0.02742561889098738,0.02918398118476606,222.38399963378907,219.52200012207032,0.12189724653951739,0.03831168342211845,0.0,0.0,0.0,0.0,0.0,0.0,0.0,0.0
2022-10-31,226.19000244140625,229.8500061035156,221.94000244140625,227.5399932861328,61554300,227.82000732421875,1,TSLA,-0.004288512900427088,0.012909517024411121,0.09774215855919577,225.64199829101562,220.34099884033202,-0.10987471150675898,0.023317781119943152,0.0,0.0,0.0,0.0,0.0,0.0,0.0,0.0
2022-11-01,234.0500030517578,237.3999938964844,227.27999877929688,227.82000732421875,62688800,214.97999572753903,0,TSLA,0.0012306146011606955,0.012128530946484029,0.06239509760530093,226.7220001220703,221.10399932861327,0.018430881351912065,0.021682655000754027,0.0,0.0,0.0,0.0,0.0,0.0,0.0,0.0
2022-11-02,226.0399932861328,227.8699951171875,214.82000732421875,214.97999572753903,63070300,215.30999755859372,1,TSLA,-0.05636033352596037,-0.059250867721752365,0.017656784509060497,224.78999938964844,220.39799957275392,0.006085616569466934,0.03231868403297443,0.0,0.0,0.0,0.0,0.0,0.0,0.0,0.0
2022-11-03,211.3600006103516,221.1999969482422,210.13999938964844,215.30999755859372,56538800,207.47000122070312,0,TSLA,0.0015350350619269815,-0.05374877423047031,-0.031966552778005974,222.83399963378906,221.20099945068358,-0.10355904443137265,0.02380580483836737,0.0,0.0,0.0,0.0,0.0,0.0,0.0,0.0
2022-11-04,222.6000061035156,223.8000030517578,203.0800018310547,207.47000122070312,98622200,197.0800018310547,0,TSLA,-0.0364125977743186,-0.08932492954648541,-0.07643339661501314,218.6239990234375,220.50399932861328,0.7443277890581335,0.025536426521522125,0.0,0.0,0.0,0.0,0.0,0.0,0.0,0.0
2022-11-07,208.6499938964844,208.8999938964844,196.66000366210935,197.0800018310547,93916500,191.3000030517578,0,TSLA,-0.05007952633400592,-0.083263532664548,-0.12443909086385674,212.53200073242186,219.08699951171874,-0.04771440912897906,0.028526182155309436,0.0,0.0,0.0,0.0,0.0,0.0,0.0,0.0
2022-11-08,194.0200042724609,195.1999969482422,186.75,191.3000030517578,128803400,177.58999633789062,0,TSLA,-0.02932818513088775,-0.11151360725969961,-0.16287414897965025,205.22799987792968,215.975,0.37146720757268414,0.02443464934730077,0.0,0.0,0.0,0.0,0.0,0.0,0.0,0.0
2022-11-09,190.77999877929688,195.88999938964844,177.1199951171875,177.58999633789062,127062700,190.72000122070312,1,TSLA,-0.07166757185130745,-0.14402084497520506,-0.21952183537875813,197.75,211.2699996948242,-0.013514394806348307,0.028010728890351024,0.0,0.0,0.0,0.0,0.0,0.0,0.0,0.0
2022-11-10,189.8999938964844,191.0,180.02999877929688,190.72000122070312,132703000,195.97000122070312,1,TSLA,0.07393437216942544,-0.0322711617173802,-0.16284788390300287,192.83200073242188,207.83300018310547,0.044389895697163784,0.04903255924171828,0.0,0.0,0.0,0.0,0.0,0.0,0.0,0.0
2022-11-11,186.0,196.5200042724609,182.58999633789065,195.97000122070312,114403600,190.9499969482422,0,TSLA,0.027527264924482875,0.024411908491615675,-0.088426806608224,190.53200073242186,204.5779998779297,-0.13789741000580247,0.05006128591321112,0.0,0.0,0.0,0.0,0.0,0.0,0.0,0.0
2022-11-14,192.7700042724609,195.72999572753903,186.33999633789065,190.9499969482422,92226600,194.4199981689453,1,TSLA,-0.02561618738169713,0.07522946610648185,-0.11313919876722067,189.30599975585938,200.91900024414062,-0.19384879496799057,0.04988298678203336,0.0,0.0,0.0,0.0,0.0,0.0,0.0,0.0
2022-11-15,195.8800048828125,200.82000732421875,192.05999755859372,194.4199981689453,91293800,186.9199981689453,0,TSLA,0.018172303095892017,0.019400151659817233,-0.06290067467573512,189.92999877929688,197.5789993286133,-0.010114218674438846,0.05041449090404134,0.0,0.0,0.0,0.0,0.0,0.0,0.0,0.0
2022-11-16,191.50999450683597,192.57000732421875,185.66000366210935,186.9199981689453,66567600,183.1699981689453,0,TSLA,-0.03857627852399581,-0.046180553122340484,-0.05155268706978677,191.7959991455078,194.77299957275392,-0.2708420506102276,0.048987276962098564,0.0,0.0,0.0,0.0,0.0,0.0,0.0,0.0
2022-11-17,183.9600067138672,186.16000366210935,180.8999938964844,183.1699981689453,64336000,180.19000244140625,0,TSLA,-0.020062058831236462,-0.04074364442857614,-0.04249871799851912,190.28599853515624,191.55899963378906,-0.03352381639115731,0.048389394617900885,0.0,0.0,0.0,0.0,0.0,0.0,0.0,0.0
2022-11-18,185.0500030517578,185.19000244140625,176.5500030517578,180.19000244140625,76048900,167.8699951171875,0,TSLA,-0.016269016527425406,-0.07319203714410905,0.0146404986605706,187.12999877929687,188.83099975585938,0.1820582566525739,0.039398788577010325,0.0,0.0,0.0,0.0,0.0,0.0,0.0,0.0
2022-11-21,175.85000610351562,176.77000427246094,167.5399932861328,167.8699951171875,92882700,169.91000366210938,1,TSLA,-0.06837231343190053,-0.10191527518922672,-0.11980917553095738,182.51399841308594,185.90999908447264,0.22135494398998534,0.03267530231727918,0.0,0.0,0.0,0.0,0.0,0.0,0.0,0.0
2022-11-22,168.6300048828125,170.9199981689453,166.19000244140625,169.91000366210938,78452300,183.1999969482422,1,TSLA,0.012152311933396831,-0.07239173794501919,-0.1329795243979447,177.61199951171875,183.7709991455078,-0.15536154741410402,0.029498668739004554,0.0,0.0,0.0,0.0,0.0,0.0,0.0,0.0
2022-11-23,173.57000732421875,183.6199951171875,172.5,183.1999969482422,109536700,182.8600006103516,0,TSLA,0.07821783885404354,0.01670455888813649,-0.04058654162796693,176.8679992675781,184.33199920654297,0.39622037849750735,0.04699934257106605,0.0,0.0,0.0,0.0,0.0,0.0,0.0,0.0
2022-11-25,185.05999755859372,185.1999969482422,180.6300048828125,182.8600006103516,50672700,182.9199981689453,1,TSLA,-0.0018558752377416665,0.0892953233405398,-0.05945889140760319,176.80599975585938,183.5459991455078,-0.5373906644987478,0.045954250557886205,0.0,0.0,0.0,0.0,0.0,0.0,0.0,0.0
2022-11-28,179.9600067138672,188.5,179.0,182.9199981689453,92905200,180.8300018310547,0,TSLA,0.00032810652079984237,0.07656991481624709,-0.021399529419985575,177.35199890136718,182.24099884033203,0.8334369394170826,0.0439227778490502,0.0,0.0,0.0,0.0,0.0,0.0,0.0,0.0
2022-11-29,184.9900054931641,186.3800048828125,178.75,180.8300018310547,83357100,194.6999969482422,1,TSLA,-0.011425739989130657,-0.012936654785300372,-0.012774997877831207,179.94400024414062,181.22899932861327,-0.10277250358429879,0.04345842077273764,0.0,0.0,0.0,0.0,0.0,0.0,0.0,0.0
2022-11-30,182.42999267578125,194.75999450683597,180.6300048828125,194.6999969482422,109186400,194.6999969482422,0,TSLA,0.07670184691003823,0.06474896805409025,0.08052607975048032,184.9019989013672,181.25699920654296,0.30986322700765734,0.05149014666508781,0.0,0.0,0.0,0.0,0.0,0.0,0.0,0.0
2022-12-01,197.0800018310547,198.9199981689453,191.8000030517578,194.6999969482422,80046200,194.8600006103516,1,TSLA,0.0,0.06439973156142753,0.15982607143298644,187.20199890136718,182.03499908447264,-0.2668848867624539,0.03849191746227589,0.0,0.0,0.0,0.0,0.0,0.0,0.0,0.0
2022-12-02,191.77999877929688,196.25,191.1100006103516,194.8600006103516,73645900,182.4499969482422,0,TSLA,0.0008217959148295595,0.07758667608931846,0.1468424248748701,189.60199890136718,183.2039993286133,-0.07995757450072583,0.039207459167153104,0.0,0.0,0.0,0.0,0.0,0.0,0.0,0.0
2022-12-05,189.44000244140625,191.2700042724609,180.5500030517578,182.4499969482422,93122700,179.82000732421875,0,TSLA,-0.06368676805520934,-0.06291730966619613,-0.004093886531078339,189.50799865722655,183.42999877929688,0.26446550317125594,0.04097527929094604,0.0,0.0,0.0,0.0,0.0,0.0,0.0,0.0
2022-12-06,181.22000122070312,183.6499938964844,175.3300018310547,179.82000732421875,92150800,174.0399932861328,0,TSLA,-0.01441485156488942,-0.0764252175513852,-0.016624703467056356,189.30599975585938,184.625,-0.010436767834265948,0.04134977218643329,0.0,0.0,0.0,0.0,0.0,0.0,0.0,0.0
2022-12-07,175.02999877929688,179.3800048828125,172.22000122070312,174.0399932861328,84213300,173.44000244140625,0,TSLA,-0.032143331123685615,-0.10684597792776951,-0.04854583955665093,185.1739990234375,185.03799896240236,-0.08613598579719328,0.042881540684895234,0.0,0.0,0.0,0.0,0.0,0.0,0.0,0.0
2022-12-08,172.1999969482422,175.1999969482422,169.05999755859375,173.44000244140625,97624500,179.0500030517578,1,TSLA,-0.003447430865732959,-0.04938336342856675,-0.04086710896874701,180.9220001220703,184.06199951171874,0.15925275461239496,0.04282880072759239,0.0,0.0,0.0,0.0,0.0,0.0,0.0,0.0
2022-12-09,173.83999633789062,182.5,173.36000061035156,179.0500030517578,104872300,167.82000732421875,0,TSLA,0.0323454827685834,-0.004282083422856298,-0.08038004181707648,177.76000061035157,183.68099975585938,0.0742416094320586,0.03008169164401108,0.0,0.0,0.0,0.0,0.0,0.0,0.0,0.0
2022-12-12,176.10000610351562,177.3699951171875,167.52000427246094,167.82000732421875,109794500,160.9499969482422,0,TSLA,-0.0627198857086465,-0.03573883131383493,-0.1380585004896998,174.83400268554686,182.1710006713867,0.04693517735379116,0.03501965336179608,0.0,0.0,0.0,0.0,0.0,0.0,0.0,0.0
2022-12-13,174.8699951171875,175.0500030517578,156.91000366210938,160.9499969482422,175862700,156.8000030517578,0,TSLA,-0.04093677795344208,-0.07201340704191694,-0.17402239328694735,171.06000061035155,180.18300018310546,0.6017441675129447,0.034339556817355975,0.0,0.0,0.0,0.0,0.0,0.0,0.0,0.0
2022-12-14,159.25,161.6199951171875,155.30999755859375,156.8000030517578,140682300,157.6699981689453,1,TSLA,-0.025784367661833008,-0.1242669624170194,-0.1405864309428343,167.61200256347655,176.39300079345702,-0.20004469395727464,0.030227702289275418,0.0,0.0,0.0,0.0,0.0,0.0,0.0,0.0
2022-12-15,153.44000244140625,160.92999267578125,153.27999877929688,157.6699981689453,122334500,150.22999572753906,0,TSLA,0.005548438139381551,-0.060481520154293644,-0.12317878018621453,164.45800170898437,172.69000091552735,-0.13042010259997172,0.03185221874391356,0.0,0.0,0.0,0.0,0.0,0.0,0.0,0.0
2022-12-16,159.63999938964844,160.99000549316406,150.0399932861328,150.22999572753906,139032200,149.8699951171875,0,TSLA,-0.047187179094365206,-0.06660454441729768,-0.13680762167951022,158.69400024414062,168.22700042724608,0.1364921587941259,0.033421596657234834,0.0,0.0,0.0,0.0,0.0,0.0,0.0,0.0
2022-12-19,154.0,155.25,145.82000732421875,149.8699951171875,139390600,137.8000030517578,0,TSLA,-0.00239632976495896,-0.0441964783143709,-0.1358971805375837,155.10399780273437,164.96900024414063,0.0025778201021058322,0.033512231029610214,0.0,0.0,0.0,0.0,0.0,0.0,0.0,0.0
2022-12-20,146.0500030517578,148.47000122070312,137.66000366210938,137.8000030517578,159563300,137.57000732421875,0,TSLA,-0.08053641461716088,-0.12602267614601326,-0.23038257077312585,150.4739990234375,160.76699981689453,0.14472066265587502,0.0311079549786213,0.0,0.0,0.0,0.0,0.0,0.0,0.0,0.0
2022-12-21,139.33999633789062,141.25999450683594,135.88999938964844,137.57000732421875,145417400,125.3499984741211,0,TSLA,-0.0016690545895901021,-0.08427071000042352,-0.1802526437837576,146.62799987792968,157.12000122070313,-0.08865384458706982,0.03102025549335714,0.0,0.0,0.0,0.0,0.0,0.0,0.0,0.0
2022-12-22,136.0,136.6300048828125,122.26000213623048,125.3499984741211,210090300,123.1500015258789,0,TSLA,-0.08882756559936855,-0.16360844359735616,-0.22118669865877183,140.16399993896485,152.3110008239746,0.44473976291695494,0.03877305063438277,0.0,0.0,0.0,0.0,0.0,0.0,0.0,0.0
2022-12-23,126.37000274658205,128.6199951171875,121.0199966430664,123.1500015258789,166989700,109.0999984741211,0,TSLA,-0.017550833466474902,-0.1063135065416243,-0.21460459739131155,134.7480010986328,146.72100067138672,-0.20515273670416956,0.03920076747641945,0.0,0.0,0.0,0.0,0.0,0.0,0.0,0.0
2022-12-27,117.5,119.66999816894533,108.76000213623048,109.0999984741211,208643400,112.70999908447266,1,TSLA,-0.1140885333144338,-0.20694924281715588,-0.30804845727708374,126.59400177001953,140.84899978637696,0.24943873783832182,0.045110079483172714,0.0,0.0,0.0,0.0,0.0,0.0,0.0,0.0
2022-12-28,110.3499984741211,116.2699966430664,108.23999786376952,112.70999908447266,221070500,121.81999969482422,1,TSLA,0.03308891531476843,-0.10083765092552444,-0.24975036750392798,121.5760009765625,136.025,0.05956143352725274,0.055130913593745105,0.0,0.0,0.0,0.0,0.0,0.0,0.0,0.0
2022-12-29,120.38999938964844,123.56999969482422,117.5,121.81999969482422,221923300,123.18000030517578,1,TSLA,0.0808269069678893,-0.010799852331103699,-0.18716218280003416,118.42599945068359,132.52699966430663,0.003857592939808807,0.07099467454392813,0.0,0.0,0.0,0.0,0.0,0.0,0.0,0.0
2022-12-30,119.9499969482422,124.4800033569336,119.75,123.18000030517578,157777300,108.0999984741211,0,TSLA,0.011164017515666869,0.12905593059558584,-0.10609580858347833,117.99199981689453,129.0779998779297,-0.2890458099712828,0.06785296413358159,0.0,0.0,0.0,0.0,0.0,0.0,0.0,0.0
2023-01-03,118.47000122070312,118.8000030517578,104.63999938964844,108.0999984741211,231402800,113.63999938964844,1,TSLA,-0.12242248574195735,-0.040901434192156416,-0.2142182691074812,114.98199920654297,124.8650001525879,0.4666419060283069,0.07871577523116412,0.0,0.0,0.0,0.0,0.0,0.0,0.0,0.0
2023-01-04,109.11000061035156,114.58999633789062,107.5199966430664,113.63999938964844,180389000,110.33999633789062,0,TSLA,0.05124885285593783,-0.06714825419198656,-0.09341842223388797,115.88999938964844,121.24200057983398,-0.22045454938315356,0.07940112227494468,0.0,0.0,0.0,0.0,0.0,0.0,0.0,0.0
2023-01-05,110.51000213623048,111.75,107.16000366210938,110.33999633789062,157986300,113.05999755859376,1,TSLA,-0.029039097760312105,-0.10423773287444649,-0.10401952926729252,115.41599884033204,118.49599990844726,-0.1241910537782237,0.07967482258934167,0.0,0.0,0.0,0.0,0.0,0.0,0.0,0.0
2023-01-06,103.0,114.38999938964844,101.80999755859376,113.05999755859376,220911100,119.7699966430664,1,TSLA,0.024651090365942707,0.045883433436496146,0.0362969673680793,113.66399841308593,116.04499893188476,0.39829276335986097,0.06641644215134845,0.0,0.0,0.0,0.0,0.0,0.0,0.0,0.0
2023-01-09,118.95999908447266,123.5199966430664,117.11000061035156,119.7699966430664,190284000,118.8499984741211,0,TSLA,0.05934901140427806,0.05394224996780794,0.06263860896052798,112.98199768066407,115.4869987487793,-0.1386399325339469,0.06882859022546563,0.0,0.0,0.0,0.0,0.0,0.0,0.0,0.0
2023-01-10,121.06999969482422,122.76000213623048,114.91999816894533,118.8499984741211,167642500,123.22000122070312,1,TSLA,-0.007681374256751861,0.0771252711498247,-0.02438024321247234,115.13199768066406,115.05699844360352,-0.11898793382522965,0.061573058203928464,0.0,0.0,0.0,0.0,0.0,0.0,0.0,0.0
2023-01-11,122.08999633789062,125.9499969482422,120.51000213623048,123.22000122070312,183810800,123.55999755859376,1,TSLA,0.036769060182475055,0.08986382346986965,0.0003247354718967088,117.047998046875,116.46899871826172,0.0964451138583593,0.06321161131160818,0.0,0.0,0.0,0.0,0.0,0.0,0.0,0.0
2023-01-12,122.55999755859376,124.12999725341795,117.0,123.55999755859376,169400900,122.4000015258789,0,TSLA,0.0027592625752508315,0.031643992834216705,0.14301571972893012,119.69199829101562,117.55399856567382,-0.078395284716676,0.03239203788947273,0.0,0.0,0.0,0.0,0.0,0.0,0.0,0.0
2023-01-13,116.5500030517578,122.62999725341795,115.5999984741211,122.4000015258789,180714100,131.49000549316406,1,TSLA,-0.009388119582672938,0.029869609569501243,0.07708555247518256,121.55999908447265,117.6119987487793,0.0667835885169441,0.03061510172470552,0.0,0.0,0.0,0.0,0.0,0.0,0.0,0.0
2023-01-17,125.6999969482422,131.6999969482422,125.0199966430664,131.49000549316406,186477000,128.77999877929688,0,TSLA,0.07426473736900463,0.06711576197478109,0.19168035034645503,123.90400085449218,118.44299926757813,0.031889597989310126,0.03287878441391289,0.0,0.0,0.0,0.0,0.0,0.0,0.0,0.0
2023-01-18,136.55999755859375,136.67999267578125,127.01000213623048,128.77999877929688,195680300,127.16999816894533,0,TSLA,-0.020609982513142944,0.042246692488219884,0.13904123085228415,125.89000091552734,120.5109992980957,0.04935353957860755,0.03729968813700845,0.0,0.0,0.0,0.0,0.0,0.0,0.0,0.0
2023-01-19,127.26000213623048,129.99000549316406,124.30999755859376,127.16999816894533,170291900,133.4199981689453,1,TSLA,-0.012501946153228083,0.03897056032354618,0.061785102557296634,126.68000030517578,121.86399917602539,-0.1297442818720127,0.034217383373594375,0.0,0.0,0.0,0.0,0.0,0.0,0.0,0.0
2023-01-20,128.67999267578125,133.50999450683594,127.3499984741211,133.4199981689453,138858100,143.75,1,TSLA,0.049146812062518475,0.014677865960554648,0.12259150089931858,128.6520004272461,124.17199935913087,-0.18458775784403136,0.03625648062774284,0.0,0.0,0.0,0.0,0.0,0.0,0.0,0.0
2023-01-23,135.8699951171875,145.3800048828125,134.27000427246094,143.75,203119200,143.88999938964844,1,TSLA,0.07742468874848996,0.1162447690837356,0.16661255133835762,132.9220001220703,127.24099960327149,0.46278250962673395,0.04261195258645323,0.0,0.0,0.0,0.0,0.0,0.0,0.0,0.0
2023-01-24,143.0,146.5,141.10000610351562,143.88999938964844,158699100,144.42999267578125,1,TSLA,0.0009739087975544347,0.13147756122863652,0.164535466435356,135.4019989013672,129.6529998779297,-0.2186898136660641,0.0427584798539494,0.0,0.0,0.0,0.0,0.0,0.0,0.0,0.0
2023-01-25,141.91000366210938,146.41000366210938,138.07000732421875,144.42999267578125,192734300,160.27000427246094,1,TSLA,0.003752820129427681,0.08252132107582821,0.17998358558226468,138.53199768066406,132.21099929809571,0.21446372411689785,0.04137806359271731,0.0,0.0,0.0,0.0,0.0,0.0,0.0,0.0
2023-01-26,159.97000122070312,161.4199981689453,154.75999450683594,160.27000427246094,234815100,177.89999389648438,1,TSLA,0.10967259156647335,0.1149217688519022,0.21887594172161706,145.1519989013672,135.91599960327147,0.2183358125668342,0.049769439476099235,0.0,0.0,0.0,0.0,0.0,0.0,0.0,0.0
2023-01-27,162.42999267578125,180.67999267578125,161.1699981689453,177.89999389648438,306590600,166.66000366210938,0,TSLA,0.11000180416824756,0.2363610720070839,0.38142565291811614,154.047998046875,141.34999923706056,0.3056681618856709,0.05219153729052297,0.0,0.0,0.0,0.0,0.0,0.0,0.0,0.0
2023-01-30,178.0500030517578,179.77000427246094,166.5,166.66000366210938,230878800,173.22000122070312,1,TSLA,-0.06318150994943417,0.153915475411194,0.3105292605312582,158.62999877929687,145.7759994506836,-0.2469475580790801,0.06417870921578572,0.0,0.0,0.0,0.0,0.0,0.0,0.0,0.0
2023-01-31,164.57000732421875,174.3000030517578,162.77999877929688,173.22000122070312,196813500,181.41000366210935,1,TSLA,0.03936155894904236,0.08080112686730234,0.29830612800159373,164.49599914550782,149.9489990234375,-0.14754624504285363,0.06408105192165992,0.0,0.0,0.0,0.0,0.0,0.0,0.0,0.0
2023-02-01,173.88999938964844,183.80999755859372,169.92999267578125,181.41000366210935,213806300,188.2700042724609,1,TSLA,0.04728092820511631,0.019730241068290022,0.2619826341711955,171.89200134277343,155.21199951171874,0.0863396057689132,0.06210704569488677,0.0,0.0,0.0,0.0,0.0,0.0,0.0,0.0
2023-02-02,187.3300018310547,196.75,182.6100006103516,188.2700042724609,217448300,189.97999572753903,1,TSLA,0.03781489703913388,0.12966518742051747,0.30843008597583754,177.49200134277345,161.3220001220703,0.017034109846155054,0.060235425593586224,0.0,0.0,0.0,0.0,0.0,0.0,0.0,0.0
2023-02-03,183.9499969482422,199.0,183.69000244140625,189.97999572753903,232662000,194.75999450683597,1,TSLA,0.009082654784473565,0.09675553855632213,0.3153777287381656,179.90800170898436,166.97799987792968,0.06996467666107309,0.05972247356254381,0.0,0.0,0.0,0.0,0.0,0.0,0.0,0.0
2023-02-06,193.00999450683597,198.1699981689453,189.9199981689453,194.75999450683597,186188100,196.80999755859372,1,TSLA,0.025160537355481294,0.07359015806863689,0.21519928442593428,185.5279998779297,172.0789993286133,-0.19974856229208038,0.0516212391555092,0.0,0.0,0.0,0.0,0.0,0.0,0.0,0.0
2023-02-07,196.42999267578125,197.5,189.5500030517578,196.80999755859372,186010300,201.2899932861328,1,TSLA,0.01052579127940878,0.04536034998848715,0.10629569595776722,190.2459991455078,177.37099914550782,-0.0009549482485722294,0.03747560535744516,0.0,0.0,0.0,0.0,0.0,0.0,0.0,0.0
2023-02-08,196.1000061035156,203.0,194.30999755859372,201.2899932861328,180673600,207.32000732421875,1,TSLA,0.02276304955598274,0.05953257086506136,0.2077882447082693,194.22199707031248,183.05699920654297,-0.02869034671735915,0.014683186028126518,0.0,0.0,0.0,0.0,0.0,0.0,0.0,0.0
2023-02-09,207.77999877929688,214.0,204.7700042724609,207.32000732421875,215431400,196.88999938964844,0,TSLA,0.029956849516678652,0.06448969589050768,0.19685951889625097,198.03199768066406,187.76199951171876,0.19237896405451593,0.01381368744726499,0.0,0.0,0.0,0.0,0.0,0.0,0.0,0.0
2023-02-10,202.22999572753903,206.1999969482422,192.88999938964844,196.88999938964844,204754100,194.63999938964844,0,TSLA,-0.05030873801899527,0.0004064927191054224,0.08533154409925392,199.41399841308595,189.66100006103517,-0.04956241290731067,0.029356492515764946,0.0,0.0,0.0,0.0,0.0,0.0,0.0,0.0
2023-02-13,194.4199981689453,196.3000030517578,187.6100006103516,194.63999938964844,172475500,209.25,1,TSLA,-0.011427700782035255,-0.03303688269804572,0.033834360081965054,199.38999938964844,192.45899963378906,-0.1576456832854629,0.028050148382658024,0.0,0.0,0.0,0.0,0.0,0.0,0.0,0.0
2023-02-14,191.94000244140625,209.82000732421875,189.44000244140625,209.25,216455700,214.2400054931641,1,TSLA,0.0750616556523096,0.009309244682607964,0.10143175442585628,201.87799987792968,196.06199951171874,0.2549938976840189,0.03867979285330076,0.0,0.0,0.0,0.0,0.0,0.0,0.0,0.0
2023-02-15,211.75999450683597,214.66000366210935,206.1100006103516,214.2400054931641,181006400,202.0399932861328,0,TSLA,0.02384709913101113,0.0881203014744274,0.10002059732880308,204.46800231933594,199.34499969482422,-0.16377161700985465,0.03862279090671831,0.0,0.0,0.0,0.0,0.0,0.0,0.0,0.0
2023-02-16,210.77999877929688,217.6499938964844,201.83999633789065,202.0399932861328,229586500,208.30999755859372,1,TSLA,-0.056945537220967624,0.03801887546079552,0.0265738315757158,203.41199951171876,200.7219985961914,0.26838885254886025,0.04720132790680769,0.0,0.0,0.0,0.0,0.0,0.0,0.0,0.0
2023-02-17,199.9900054931641,208.44000244140625,197.5,208.30999755859372,213738500,197.3699951171875,0,TSLA,0.031033480898909005,-0.004492245837067088,0.034875078278143734,205.6959991455078,202.55499877929688,-0.06902844897239169,0.047827971003146875,0.0,0.0,0.0,0.0,0.0,0.0,0.0,0.0
2023-02-21,204.9900054931641,209.7100067138672,197.22000122070312,197.3699951171875,180018600,200.8600006103516,1,TSLA,-0.05251789433835985,-0.07874351168514548,-0.04799349727723512,206.24199829101562,202.81599884033204,-0.15776240593061153,0.05096621066725737,0.0,0.0,0.0,0.0,0.0,0.0,0.0,0.0
2023-02-22,197.92999267578125,201.9900054931641,191.77999877929688,200.8600006103516,191828500,202.07000732421875,1,TSLA,0.017682553475729224,-0.005840391580839599,0.02016354935756004,204.56399841308593,203.22099914550782,0.06560377649865079,0.04744839891364746,0.0,0.0,0.0,0.0,0.0,0.0,0.0,0.0
2023-02-23,203.91000366210935,205.13999938964844,196.3300018310547,202.07000732421875,146360000,196.8800048828125,0,TSLA,0.006024129792842281,-0.02995530847058736,0.03817307828745031,202.12999877929687,203.29900054931642,-0.23702682343864445,0.04696983306706868,0.0,0.0,0.0,0.0,0.0,0.0,0.0,0.0
2023-02-24,196.3300018310547,197.6699981689453,192.8000030517578,196.8800048828125,142228100,207.6300048828125,1,TSLA,-0.025684180003413215,-0.0024825973881392738,-0.0591158667488052,201.0980010986328,202.25500030517577,-0.028231074063951866,0.03670675237711729,0.0,0.0,0.0,0.0,0.0,0.0,0.0,0.0
2023-02-27,202.02999877929688,209.4199981689453,201.25999450683597,207.6300048828125,161028300,205.7100067138672,0,TSLA,0.0546017865369246,0.033705089375131614,-0.030853250750885075,200.96200256347657,203.3290008544922,0.13218344335612997,0.042541866129565106,0.0,0.0,0.0,0.0,0.0,0.0,0.0,0.0
2023-02-28,210.58999633789065,211.22999572753903,203.75,205.7100067138672,153144900,202.7700042724609,0,TSLA,-0.009247209573726933,0.018013555984130347,0.018164786921848863,202.6300048828125,204.43600158691407,-0.04895661197441692,0.03588927937182746,0.0,0.0,0.0,0.0,0.0,0.0,0.0,0.0
2023-03-01,206.2100067138672,207.1999969482422,198.5200042724609,202.7700042724609,156852800,190.8999938964844,0,TSLA,-0.014291975817664948,0.02991669668615793,-0.026594946719129542,203.0120056152344,203.78800201416016,0.02421171060871119,0.03405743551031373,0.0,0.0,0.0,0.0,0.0,0.0,0.0,0.0
2023-03-02,186.7400054931641,193.75,186.00999450683597,190.8999938964844,181500700,197.7899932861328,1,TSLA,-0.05853928157947286,-0.0805760756773598,-0.032781078080594606,200.7780029296875,201.4540008544922,0.15714032519661747,0.035549679957868736,0.0,0.0,0.0,0.0,0.0,0.0,0.0,0.0
2023-03-03,194.8000030517578,200.47999572753903,192.8800048828125,197.7899932861328,154193300,193.80999755859372,0,TSLA,0.036092192823141245,-0.03850086611853909,-0.015284314024145984,200.96000061035156,201.02900085449218,-0.1504534142292564,0.03803323478630154,0.0,0.0,0.0,0.0,0.0,0.0,0.0,0.0
2023-03-06,198.5399932861328,198.6000061035156,192.3000030517578,193.80999755859372,128100100,187.7100067138672,0,TSLA,-0.020122331071529165,-0.04418802843160019,-0.040876970684580405,198.1959991455078,199.5790008544922,-0.16922395460762563,0.03844392011420839,0.0,0.0,0.0,0.0,0.0,0.0,0.0,0.0
2023-03-07,191.3800048828125,194.1999969482422,186.1000061035156,187.7100067138672,148125800,182.0,0,TSLA,-0.0314740773002814,-0.016710252931422254,-0.04657658442462709,194.59599914550782,198.61300201416014,0.1563285274562627,0.039013326714931094,0.0,0.0,0.0,0.0,0.0,0.0,0.0,0.0
2023-03-08,185.0399932861328,186.5,180.0,182.0,151897800,172.9199981689453,0,TSLA,-0.03041929843714275,-0.07983211396994294,-0.123440756538431,190.44199829101564,196.727001953125,0.025464841371320768,0.028866014965160735,0.0,0.0,0.0,0.0,0.0,0.0,0.0,0.0
2023-03-09,180.25,185.17999267578125,172.50999450683594,172.9199981689453,170023800,173.44000244140625,1,TSLA,-0.04989011995084991,-0.1077859741643763,-0.15939919048532825,186.84599914550782,193.81200103759767,0.11933023388093833,0.03076963812762346,0.0,0.0,0.0,0.0,0.0,0.0,0.0,0.0
2023-03-10,175.1300048828125,178.2899932861328,168.44000244140625,173.44000244140625,191488900,174.47999572753906,1,TSLA,0.0030071956856769777,-0.07602154260328375,-0.1446466499632959,181.9760009765625,191.46800079345704,0.1262476194509239,0.03234244502751546,0.0,0.0,0.0,0.0,0.0,0.0,0.0,0.0
2023-03-13,167.4600067138672,177.35000610351562,163.91000366210938,174.47999572753906,167790300,183.25999450683597,1,TSLA,0.005996271168666301,-0.041318704793741445,-0.08601361285453524,178.11000061035156,188.1529998779297,-0.12375965395383226,0.029100275640071185,0.0,0.0,0.0,0.0,0.0,0.0,0.0,0.0
2023-03-14,177.30999755859375,183.8000030517578,177.13999938964844,183.25999450683597,143717900,180.4499969482422,0,TSLA,0.050320947926932424,0.059796417114163614,-0.07346174868552136,177.21999816894532,185.90799865722656,-0.14346717301298106,0.03325281851434697,0.0,0.0,0.0,0.0,0.0,0.0,0.0,0.0
2023-03-15,180.8000030517578,182.33999633789065,176.02999877929688,180.4499969482422,145995600,184.1300048828125,1,TSLA,-0.015333393227232484,0.04041740318358311,-0.06893349558147777,176.90999755859374,183.67599792480468,0.015848408583760243,0.033067453586260044,0.0,0.0,0.0,0.0,0.0,0.0,0.0,0.0
2023-03-16,180.3699951171875,185.80999755859372,178.83999633789062,184.1300048828125,121136800,180.1300048828125,0,TSLA,0.020393505108375454,0.05530725235884626,-0.019071981796430326,179.1519989013672,182.9989990234375,-0.17027088487598252,0.033182156842487064,0.0,0.0,0.0,0.0,0.0,0.0,0.0,0.0
2023-03-17,184.5200042724609,186.22000122070312,177.3300018310547,180.1300048828125,133197100,183.25,1,TSLA,-0.02172378153438792,-0.017079502989435613,-0.010274698446085195,180.48999938964843,181.23300018310547,0.09955934117460585,0.03209798742303039,0.0,0.0,0.0,0.0,0.0,0.0,0.0,0.0
2023-03-20,178.0800018310547,186.44000244140625,176.35000610351562,183.25,129684400,197.5800018310547,1,TSLA,0.017320796272765726,0.015516780820788334,0.05973861867013275,182.24400024414064,180.1770004272461,-0.026372195791049546,0.02410452111948104,0.0,0.0,0.0,0.0,0.0,0.0,0.0,0.0
2023-03-21,188.27999877929688,198.0,188.0399932861328,197.5800018310547,153391400,191.1499938964844,0,TSLA,0.07819919143822474,0.07304619883544938,0.13918357385750002,185.10800170898438,181.16399993896485,0.18280533356363593,0.03534576346437785,0.0,0.0,0.0,0.0,0.0,0.0,0.0,0.0
2023-03-22,199.3000030517578,200.66000366210935,190.9499969482422,191.1499938964844,150376400,192.22000122070312,1,TSLA,-0.032543819591966616,0.061177975434138165,0.09554102806706011,187.24800109863284,182.0789993286133,-0.01965559998800459,0.04040492734264538,0.0,0.0,0.0,0.0,0.0,0.0,0.0,0.0
2023-03-23,195.25999450683597,199.30999755859372,188.6499938964844,192.22000122070312,144193900,190.41000366210935,0,TSLA,0.0055977366381616545,0.048949529171640416,0.04889232228768248,188.86600036621093,184.00899963378907,-0.04111349919269247,0.03706646247245802,0.0,0.0,0.0,0.0,0.0,0.0,0.0,0.0
2023-03-24,191.6499938964844,192.3600006103516,187.1499938964844,190.41000366210935,116312400,191.80999755859372,1,TSLA,-0.009416281069083876,-0.03628908848313617,0.055195383110612894,190.9220001220703,185.70599975585938,-0.19336116160253658,0.036524712806694414,0.0,0.0,0.0,0.0,0.0,0.0,0.0,0.0
2023-03-27,194.4199981689453,197.38999938964844,189.94000244140625,191.80999755859372,120851600,189.19000244140625,0,TSLA,0.007352522816861606,0.0034528050388886733,0.04170962076859275,192.63399963378905,187.43899993896486,0.03902593360639117,0.036133229169134445,0.0,0.0,0.0,0.0,0.0,0.0,0.0,0.0
2023-03-28,192.0,192.3500061035156,185.42999267578125,189.19000244140625,98654600,193.8800048828125,1,TSLA,-0.01365932511618495,-0.01576318156307721,0.050296992799661266,190.95599975585938,188.03200073242186,-0.18367154427413457,0.03520376773094639,0.0,0.0,0.0,0.0,0.0,0.0,0.0,0.0
2023-03-29,193.1300048828125,195.2899932861328,189.44000244140625,193.8800048828125,123660000,195.27999877929688,1,TSLA,0.024789906342217005,0.018223838842316376,0.058008212184515795,191.502001953125,189.3750015258789,0.2534641060832439,0.03565951503421313,0.0,0.0,0.0,0.0,0.0,0.0,0.0,0.0
2023-03-30,195.5800018310547,197.3300018310547,194.4199981689453,195.27999877929688,110252200,207.4600067138672,1,TSLA,0.007220929756684091,0.018090825634065943,-0.01164086967528466,192.11400146484374,190.49000091552733,-0.10842471292252953,0.01857503101750258,0.0,0.0,0.0,0.0,0.0,0.0,0.0,0.0
2023-03-31,197.52999877929688,207.7899932861328,197.1999969482422,207.4600067138672,170222100,194.7700042724609,0,TSLA,0.06237201971890638,0.09656960746707166,0.08532573025461532,195.5240020751953,193.2230010986328,0.5439338171936705,0.025506202496566776,0.0,0.0,0.0,0.0,0.0,0.0,0.0,0.0
2023-04-03,199.91000366210935,202.69000244140625,192.1999969482422,194.7700042724609,169545900,192.5800018310547,0,TSLA,-0.0611684277968263,0.004590465067227267,0.01326606511062245,196.11600341796876,194.3750015258789,-0.003972457160380416,0.03782442565231943,0.0,0.0,0.0,0.0,0.0,0.0,0.0,0.0
2023-04-04,197.32000732421875,198.7400054931641,190.32000732421875,192.5800018310547,126463800,185.5200042724609,0,TSLA,-0.011244043709844886,-0.013826285155264073,0.011396450434379979,196.79400329589845,193.8750015258789,-0.2541028712578718,0.03792655682014223,0.0,0.0,0.0,0.0,0.0,0.0,0.0,0.0
2023-04-05,190.5200042724609,190.67999267578125,183.75999450683597,185.5200042724609,133882500,185.05999755859372,0,TSLA,-0.036660076287606036,-0.10575533467357079,-0.032792833356933615,195.12200317382812,193.31200256347657,0.05866263705503072,0.04049832099886175,0.0,0.0,0.0,0.0,0.0,0.0,0.0,0.0
2023-04-06,183.0800018310547,186.38999938964844,179.74000549316406,185.05999755859372,123857900,184.50999450683597,0,TSLA,-0.002479553165553039,-0.04985370694084912,-0.021829931970594574,193.0780029296875,192.59600219726562,-0.07487610404645861,0.04027603242648177,0.0,0.0,0.0,0.0,0.0,0.0,0.0,0.0
2023-04-10,179.94000244140625,185.1000061035156,176.11000061035156,184.50999450683597,142154600,186.7899932861328,1,TSLA,-0.0029720256079848184,-0.04190470063084917,-0.04832891551472818,188.48800048828124,192.0060012817383,0.14772331841570052,0.03847284006714931,0.0,0.0,0.0,0.0,0.0,0.0,0.0,0.0
2023-04-11,186.69000244140625,189.19000244140625,185.6499938964844,186.7899932861328,115770900,180.5399932861328,0,TSLA,0.012357047570191959,0.006845563736656457,-0.04347606281357752,186.89199829101562,191.50400085449218,-0.18559863697692514,0.03882369897172108,0.0,0.0,0.0,0.0,0.0,0.0,0.0,0.0
2023-04-12,190.7400054931641,191.5800018310547,180.30999755859372,180.5399932861328,150256300,185.8999938964844,1,TSLA,-0.03346003653646468,-0.02442453437853198,-0.12976001425114658,184.48399658203124,190.63899993896484,0.2978762366017713,0.025401449134190016,0.0,0.0,0.0,0.0,0.0,0.0,0.0,0.0
2023-04-13,182.9600067138672,186.5,180.94000244140625,185.8999938964844,112933000,185.0,0,TSLA,0.029688716127604264,0.0075334639370818746,-0.04554094666224051,184.55999450683595,189.84099884033202,-0.2483975713497537,0.023638688634093512,0.0,0.0,0.0,0.0,0.0,0.0,0.0,0.0
2023-04-14,183.9499969482422,186.27999877929688,182.00999450683597,185.0,96438700,187.0399932861328,1,TSLA,-0.00484127986031857,-0.009582918520644856,-0.03936027499731998,184.5479949951172,188.81299896240233,-0.14605385494054002,0.023543502411212225,0.0,0.0,0.0,0.0,0.0,0.0,0.0,0.0
2023-04-17,186.32000732421875,189.69000244140625,182.69000244140625,187.0399932861328,116662200,184.30999755859372,0,TSLA,0.011026990735853115,0.03600310314456667,0.008193127310624604,185.05399475097656,186.7709976196289,0.20970315858674993,0.019584414002559374,0.0,0.0,0.0,0.0,0.0,0.0,0.0,0.0
2023-04-18,187.1499938964844,187.69000244140625,183.5800018310547,184.30999755859372,92067000,180.58999633789065,0,TSLA,-0.014595786064656058,-0.008552966057524758,-0.004052739705470598,184.55799560546876,185.7249969482422,-0.2108240715501679,0.020491770122929402,0.0,0.0,0.0,0.0,0.0,0.0,0.0,0.0
2023-04-19,179.10000610351562,183.5,177.64999389648438,180.58999633789065,125732700,162.99000549316406,0,TSLA,-0.020183393575926023,-0.023837857633023485,-0.02124545165925995,184.5679962158203,184.52599639892577,0.3656652220665384,0.021840109485375826,0.0,0.0,0.0,0.0,0.0,0.0,0.0,0.0
2023-04-20,166.1699981689453,169.6999969482422,160.55999755859375,162.99000549316406,210970800,165.0800018310547,1,TSLA,-0.09745828230593878,-0.12858206082256007,-0.12741575377922376,179.98599853515626,182.2729965209961,0.6779310394193396,0.04053153300685973,0.0,0.0,0.0,0.0,0.0,0.0,0.0,0.0
2023-04-21,164.8000030517578,166.0,161.32000732421875,165.0800018310547,123539000,162.5500030517578,0,TSLA,0.012822849668400638,-0.10433506582531238,-0.08563194876481472,176.0019989013672,180.27499694824218,-0.414426072233693,0.04145762161650303,0.0,0.0,0.0,0.0,0.0,0.0,0.0,0.0
2023-04-24,164.64999389648438,165.64999389648438,158.61000061035156,162.5500030517578,140006600,160.6699981689453,0,TSLA,-0.015325895028073244,-0.09989475415005455,-0.1256051189422237,171.1040008544922,178.07899780273436,0.13329879633152286,0.037197578520226114,0.0,0.0,0.0,0.0,0.0,0.0,0.0,0.0
2023-04-25,159.82000732421875,163.47000122070312,158.75,160.6699981689453,121999300,153.75,0,TSLA,-0.011565701922588656,-0.014234046542909384,-0.13151352341110645,166.3760009765625,175.4669982910156,-0.1286175080317642,0.036875554758531305,0.0,0.0,0.0,0.0,0.0,0.0,0.0,0.0
2023-04-26,160.2899932861328,160.6699981689453,153.13999938964844,153.75,153364100,160.19000244140625,1,TSLA,-0.04306963495243776,-0.06863340020222419,-0.1779832895695519,161.00800170898438,172.78799896240236,0.25708999969671953,0.035079136295469764,0.0,0.0,0.0,0.0,0.0,0.0,0.0,0.0
2023-04-27,152.63999938964844,160.47999572753906,152.3699951171875,160.19000244140625,127015200,164.30999755859375,1,TSLA,0.041886194740853755,-0.01451861314084446,-0.13086645020175602,160.4480010986328,170.21699981689454,-0.171806178890627,0.0438273858572877,0.0,0.0,0.0,0.0,0.0,0.0,0.0,0.0
2023-04-28,160.89999389648438,165.0,157.32000732421875,164.30999755859375,122515800,161.8300018310547,0,TSLA,0.025719427270091355,0.022655128095669497,-0.09014895126769051,160.29400024414062,168.14799957275392,-0.03542410672108531,0.0469415654800263,0.0,0.0,0.0,0.0,0.0,0.0,0.0,0.0
2023-05-01,163.1699981689453,163.27999877929688,158.8300018310547,161.8300018310547,109015000,160.30999755859375,0,TSLA,-0.015093395194377579,0.052552857437754064,-0.007117023271454692,160.15,165.6270004272461,-0.1101963991583127,0.028950425859929022,0.0,0.0,0.0,0.0,0.0,0.0,0.0,0.0
2023-05-02,161.8800048828125,165.49000549316406,158.92999267578125,160.30999755859375,128259700,160.61000061035156,1,TSLA,-0.00939259874721976,0.0007490799385647673,-0.028895106733416664,160.0779998779297,163.22700042724608,0.17653258725863408,0.02843909042423662,0.0,0.0,0.0,0.0,0.0,0.0,0.0,0.0
2023-05-03,160.00999450683594,165.0,159.91000366210938,160.61000061035156,119728000,161.1999969482422,1,TSLA,0.0018713932775662467,-0.022518392083371253,-0.011934804090951157,161.45,161.2290008544922,-0.06651894554563909,0.02802066862569783,0.0,0.0,0.0,0.0,0.0,0.0,0.0,0.0
2023-05-04,162.7100067138672,162.9499969482422,159.64999389648438,161.1999969482422,95108500,170.05999755859375,1,TSLA,0.003673471985857102,-0.0038930042370648454,0.003298679189250864,161.6519989013672,161.05,-0.2056285914740078,0.027687217043464277,0.0,0.0,0.0,0.0,0.0,0.0,0.0,0.0
2023-05-05,163.97000122070312,170.7899932861328,163.50999450683594,170.05999755859375,107607300,171.7899932861328,1,TSLA,0.05496278398315546,0.06081966283129869,0.1060812849339432,162.8019989013672,161.5479995727539,0.131416224627662,0.02657000299916786,0.0,0.0,0.0,0.0,0.0,0.0,0.0,0.0
2023-05-08,173.72000122070312,173.8000030517578,169.19000244140625,171.7899932861328,112249400,169.14999389648438,0,TSLA,0.010172855182730478,0.06960956748206804,0.07241395010883767,164.79399719238282,162.4719985961914,0.043139266573922086,0.02373502854571219,0.0,0.0,0.0,0.0,0.0,0.0,0.0,0.0
2023-05-09,168.9499969482422,169.82000732421875,166.55999755859375,169.14999389648438,88965000,168.5399932861328,0,TSLA,-0.015367597024416146,0.04931759986816098,0.029456493273725792,166.56199645996094,163.31999816894532,-0.2074345163537622,0.024351005116316868,0.0,0.0,0.0,0.0,0.0,0.0,0.0,0.0
2023-05-10,172.5500030517578,174.42999267578125,166.67999267578125,168.5399932861328,119840700,172.0800018310547,1,TSLA,-0.0036062703657255835,-0.008938047126204496,0.04146321064794356,168.1479949951172,164.7989974975586,0.3470544596189513,0.023176848011100714,0.0,0.0,0.0,0.0,0.0,0.0,0.0,0.0
2023-05-11,168.6999969482422,173.57000732421875,166.7899932861328,172.0800018310547,103889900,167.97999572753906,0,TSLA,0.021003967520705658,0.0016881573796840854,0.0734202760383611,170.3239959716797,165.98799743652344,-0.13310002361468187,0.022643852272194214,0.0,0.0,0.0,0.0,0.0,0.0,0.0,0.0
2023-05-12,176.07000732421875,177.3800048828125,167.22999572753906,167.97999572753906,157849600,166.35000610351562,0,TSLA,-0.023826162598143963,-0.006916927053874589,0.04588752312545896,169.90799560546876,166.35499725341796,0.5193931267620817,0.026077331228851586,0.0,0.0,0.0,0.0,0.0,0.0,0.0,0.0
2023-05-15,167.66000366210938,169.75999450683594,164.5500030517578,166.35000610351562,105592500,166.52000427246094,1,TSLA,-0.009703474612936969,-0.012993872492324199,0.03194794821818148,168.81999816894532,166.80699768066407,-0.33105627128608495,0.026817115676116682,0.0,0.0,0.0,0.0,0.0,0.0,0.0,0.0
2023-05-16,165.64999389648438,169.52000427246094,164.35000610351562,166.52000427246094,98288800,173.86000061035156,1,TSLA,0.001021930644472091,-0.032310538699624525,-0.020816143343252214,168.29400024414062,167.4279983520508,-0.06916873831001258,0.015263311588578493,0.0,0.0,0.0,0.0,0.0,0.0,0.0,0.0
2023-05-17,168.41000366210938,174.5,167.19000244140625,173.86000061035156,125473600,176.88999938964844,1,TSLA,0.04407876621166107,0.03500419712088676,0.012049638541931529,169.35800170898438,168.75299835205078,0.27658085153140544,0.02334428170050831,0.0,0.0,0.0,0.0,0.0,0.0,0.0,0.0
2023-05-18,174.22000122070312,177.05999755859375,172.4499969482422,176.88999938964844,109520300,180.13999938964844,1,TSLA,0.01742780840135616,0.06336034204635999,0.04575823690481928,170.32000122070312,170.3219985961914,-0.12714467425817066,0.0225691735913617,0.0,0.0,0.0,0.0,0.0,0.0,0.0,0.0
2023-05-19,177.1699981689453,181.9499969482422,176.30999755859375,180.13999938964844,136196700,188.8699951171875,1,TSLA,0.018373000232992265,0.08179194551846392,0.06882643031688107,172.752001953125,171.3299987792969,0.24357493542293063,0.02243655555618051,0.0,0.0,0.0,0.0,0.0,0.0,0.0,0.0
2023-05-22,180.6999969482422,189.32000732421875,180.11000061035156,188.8699951171875,132001400,185.7700042724609,0,TSLA,0.04846228354123516,0.086333799920292,0.09757085720290126,177.25599975585936,173.03799896240236,-0.030803242663001384,0.02671980416176007,0.0,0.0,0.0,0.0,0.0,0.0,0.0,0.0
2023-05-23,186.1999969482422,192.9600067138672,185.25999450683597,185.7700042724609,156952100,182.8999938964844,0,TSLA,-0.01641335799687582,0.05020071747104171,0.10590551849862506,181.1059997558594,174.7,0.18901844980432037,0.02508179474831396,0.0,0.0,0.0,0.0,0.0,0.0,0.0,0.0
2023-05-24,182.22999572753903,184.22000122070312,178.22000122070312,182.8999938964844,137605100,184.47000122070312,1,TSLA,-0.015449266889003166,0.01532138623397028,0.09948895212345299,182.91399841308595,176.13600006103516,-0.12326690754695224,0.026089207750001123,0.0,0.0,0.0,0.0,0.0,0.0,0.0,0.0
2023-05-25,186.5399932861328,186.77999877929688,180.5800018310547,184.47000122070312,96870700,193.1699981689453,1,TSLA,0.00858396597381672,-0.02329641557810347,0.10779483838393555,184.42999877929688,177.375,-0.296023911904428,0.025618002410864527,0.0,0.0,0.0,0.0,0.0,0.0,0.0,0.0
2023-05-26,184.6199951171875,198.6000061035156,184.52999877929688,193.1699981689453,162061500,201.16000366210935,1,TSLA,0.047162123329924865,0.039834169813718345,0.11106636081217203,187.03599853515624,179.8940002441406,0.6729671613810988,0.02622055804708553,0.0,0.0,0.0,0.0,0.0,0.0,0.0,0.0
2023-05-30,200.1000061035156,204.47999572753903,197.52999877929688,201.16000366210935,128818700,203.92999267578125,1,TSLA,0.04136255924264187,0.0998360326679919,0.13720393666235253,189.49400024414064,183.375,-0.20512459776072667,0.02802034866033479,0.0,0.0,0.0,0.0,0.0,0.0,0.0,0.0
2023-05-31,199.77999877929688,203.9499969482422,195.1199951171875,203.92999267578125,150711700,207.5200042724609,1,TSLA,0.013770078361723836,0.10549136079744392,0.13206391343809387,193.1259979248047,187.11599884033203,0.16995203336161602,0.02808784937750747,0.0,0.0,0.0,0.0,0.0,0.0,0.0,0.0
2023-06-01,202.58999633789065,209.8000030517578,199.3699951171875,207.5200042724609,148029900,213.97000122070312,1,TSLA,0.017604137329555236,0.07428692985214602,0.09874521966128968,198.05,190.48199920654298,-0.017794238934336182,0.02477489276346377,0.0,0.0,0.0,0.0,0.0,0.0,0.0,0.0
2023-06-02,210.1499938964844,217.25,209.75,213.97000122070312,164398400,217.6100006103516,1,TSLA,0.031081326211683136,0.06368063892119857,0.1518005937432314,203.95,194.18999938964845,0.11057563370643364,0.021393321258950687,0.0,0.0,0.0,0.0,0.0,0.0,0.0,0.0
2023-06-05,217.8000030517578,221.2899932861328,214.5200042724609,217.6100006103516,151143100,221.30999755859372,1,TSLA,0.017011727666879528,0.06708188312603691,0.18977587682978236,208.83800048828124,197.93699951171874,-0.08062913021051299,0.014774016539963375,0.0,0.0,0.0,0.0,0.0,0.0,0.0,0.0
2023-06-06,216.13999938964844,221.91000366210935,212.52999877929688,221.30999755859372,146911600,224.57000732421875,1,TSLA,0.017002881015874216,0.06645139264756095,0.19970724830111863,212.8679992675781,201.18099975585938,-0.027996646886295218,0.013479496527530797,0.0,0.0,0.0,0.0,0.0,0.0,0.0,0.0
2023-06-07,228.0,230.8300018310547,223.1999969482422,224.57000732421875,185710800,234.8600006103516,1,TSLA,0.01473051286244731,0.04953968333431025,0.1625511697101698,216.99600219726562,205.06100006103514,0.264098954745575,0.010382990923325886,0.0,0.0,0.0,0.0,0.0,0.0,0.0,0.0
2023-06-08,224.22000122070312,235.22999572753903,223.00999450683597,234.8600006103516,164489700,244.3999938964844,1,TSLA,0.04582087077762287,0.07927025390201403,0.16752831743256724,222.46400146484376,210.2570007324219,-0.11426960629107197,0.011820567195718458,0.0,0.0,0.0,0.0,0.0,0.0,0.0,0.0
2023-06-09,249.07000732421875,252.4199981689453,242.0200042724609,244.3999938964844,200242400,249.8300018310547,1,TSLA,0.0406199151040636,0.10433327275139215,0.1984504617966838,228.55,216.25,0.21735525081509666,0.012852739410179854,0.0,0.0,0.0,0.0,0.0,0.0,0.0,0.0
2023-06-12,247.94000244140625,250.97000122070312,244.58999633789065,249.8300018310547,150337900,258.7099914550781,1,TSLA,0.02221770896144193,0.11248160343321034,0.20388394702923862,234.99400024414064,221.91600036621094,-0.24922044482087713,0.012446319299048294,0.0,0.0,0.0,0.0,0.0,0.0,0.0,0.0
2023-06-13,253.50999450683597,259.67999267578125,251.33999633789065,258.7099914550781,162384300,256.7900085449219,0,TSLA,0.035544128242966044,0.10154982024502024,0.20909468607343307,242.4739990234375,227.6709991455078,0.08012882978942759,0.012803785912299638,0.0,0.0,0.0,0.0,0.0,0.0,0.0,0.0
2023-06-14,260.1700134277344,261.57000732421875,250.5,256.7900085449219,170575500,255.8999938964844,0,TSLA,-0.007421371317580694,0.050695642217099435,0.18004690880326435,248.91799926757812,232.95700073242188,0.050443300245159195,0.018307390320038863,0.0,0.0,0.0,0.0,0.0,0.0,0.0,0.0
2023-06-15,248.3999938964844,258.95001220703125,247.2899932861328,255.8999938964844,160171200,260.5400085449219,1,TSLA,-0.0034659239799891273,0.024296489696759904,0.15629658270965674,253.1259979248047,237.7949996948242,-0.06099527775090796,0.02105365041340909,0.0,0.0,0.0,0.0,0.0,0.0,0.0,0.0
2023-06-16,258.9200134277344,263.6000061035156,257.2099914550781,260.5400085449219,167915600,274.45001220703125,1,TSLA,0.01813214052015355,0.00707362355644281,0.1601727748477655,256.3540008544922,242.4520004272461,0.04835076468179045,0.02091963139992677,0.0,0.0,0.0,0.0,0.0,0.0,0.0,0.0
2023-06-20,261.5,274.75,261.1199951171875,274.45001220703125,165611200,259.4599914550781,0,TSLA,0.05338912722001776,0.06877216042079759,0.16856855783783353,261.2780029296875,248.13600158691406,-0.013723561122373384,0.022512833883004714,0.0,0.0,0.0,0.0,0.0,0.0,0.0,0.0
2023-06-21,275.1300048828125,276.989990234375,257.7799987792969,259.4599914550781,211797100,264.6099853515625,1,TSLA,-0.054618400747766804,0.013911675043000615,0.0616202861485029,261.4280029296875,251.9510009765625,0.27888150076806406,0.03513157281973899,0.0,0.0,0.0,0.0,0.0,0.0,0.0,0.0
2023-06-22,250.7700042724609,265.0,248.25,264.6099853515625,166875900,256.6000061035156,0,TSLA,0.019848894111198723,0.015621312171481216,0.05916016255926948,262.99199829101565,255.9549987792969,-0.21209544417746984,0.03499542748143244,0.0,0.0,0.0,0.0,0.0,0.0,0.0,0.0
2023-06-23,259.2900085449219,262.45001220703125,252.8000030517578,256.6000061035156,177460800,241.0500030517578,0,TSLA,-0.030270888067223778,-0.06503918859384306,-0.008155793828043434,263.1320007324219,258.1289993286133,0.0634297702664075,0.035442356897287315,0.0,0.0,0.0,0.0,0.0,0.0,0.0,0.0
2023-06-26,250.07000732421875,258.3699951171875,240.6999969482422,241.0500030517578,179990600,250.2100067138672,1,TSLA,-0.060600166336257755,-0.0709550181516434,-0.06129524112855256,259.23399963378904,257.79400024414065,0.014255542632513718,0.04219660079529997,0.0,0.0,0.0,0.0,0.0,0.0,0.0,0.0
2023-06-27,243.2400054931641,250.38999938964844,240.8500061035156,250.2100067138672,164968200,256.239990234375,1,TSLA,0.03800042956291749,-0.054419634310335696,-0.022235198586674887,254.38599853515626,257.8320007324219,-0.08346213635600974,0.0457382851488432,0.0,0.0,0.0,0.0,0.0,0.0,0.0,0.0
2023-06-28,249.6999969482422,259.8800048828125,248.88999938964844,256.239990234375,159770800,257.5,1,TSLA,0.0240996896954786,-0.0014030236187734246,-0.01650425335656447,253.74199829101562,257.5850006103516,-0.031505465901913166,0.04623555703364003,0.0,0.0,0.0,0.0,0.0,0.0,0.0,0.0
2023-06-29,258.0299987792969,260.739990234375,253.6100006103516,257.5,131283400,261.7699890136719,1,TSLA,0.004917303362650394,0.06824308956640035,-0.0617599251343629,252.32000122070312,257.6559997558594,-0.1783016671381754,0.03984116273983733,0.0,0.0,0.0,0.0,0.0,0.0,0.0,0.0
2023-06-30,260.6000061035156,264.45001220703125,259.8900146484375,261.7699890136719,112620800,279.82000732421875,1,TSLA,0.016582481606492783,0.046201119018490555,0.00890309733550465,253.35399780273437,258.2429992675781,-0.14215506301634484,0.03484267434206677,0.0,0.0,0.0,0.0,0.0,0.0,0.0,0.0
2023-07-03,276.489990234375,284.25,275.1099853515625,279.82000732421875,119685900,282.4800109863281,1,TSLA,0.06895373445427366,0.09202317354241152,0.057480907050609265,261.1079986572266,260.17099914550784,0.06273352702165136,0.043057666992298196,0.0,0.0,0.0,0.0,0.0,0.0,0.0,0.0
2023-07-05,278.82000732421875,283.8500061035156,277.6000061035156,282.4800109863281,131530900,276.5400085449219,0,TSLA,0.009506123909958086,0.097009751403216,0.10085738217937612,267.56199951171874,260.9739990234375,0.09896738045166553,0.039519555879167334,0.0,0.0,0.0,0.0,0.0,0.0,0.0,0.0
2023-07-06,278.0899963378906,279.9700012207031,272.8800048828125,276.5400085449219,120332100,274.42999267578125,0,TSLA,-0.021028045208104085,0.056423654930430445,0.14723088589027622,271.62200317382815,262.6820007324219,-0.08514197044192662,0.028194940659978348,0.0,0.0,0.0,0.0,0.0,0.0,0.0,0.0
2023-07-07,278.42999267578125,280.7799987792969,273.7699890136719,274.42999267578125,113879200,269.6099853515625,0,TSLA,-0.007630056425625198,-0.0192624348057866,0.09679863039854886,275.00800170898435,263.66400146484375,-0.05362575738310893,0.028650580757660568,0.0,0.0,0.0,0.0,0.0,0.0,0.0,0.0
2023-07-10,276.4700012207031,277.5199890136719,265.1000061035156,269.6099853515625,119425400,269.7900085449219,1,TSLA,-0.01756370459810941,-0.04556083664053856,0.052177628889848116,276.5760009765625,264.9649993896484,0.048702484738213814,0.030387733745333392,0.0,0.0,0.0,0.0,0.0,0.0,0.0,0.0
2023-07-11,268.6499938964844,270.8999938964844,266.3699951171875,269.7900085449219,91972400,271.989990234375,1,TSLA,0.000667717084456676,-0.024408764704668462,0.04772818852396843,274.57000122070315,267.83899993896483,-0.22987572158016634,0.03049431375349403,0.0,0.0,0.0,0.0,0.0,0.0,0.0,0.0
2023-07-12,276.3299865722656,276.5199890136719,271.4599914550781,271.989990234375,95672100,277.8999938964844,1,TSLA,0.008154422401772665,-0.008891165348274943,0.03904191331944218,272.4719970703125,270.0169982910156,0.040226198294270876,0.030221283964557075,0.0,0.0,0.0,0.0,0.0,0.0,0.0,0.0
2023-07-13,274.5899963378906,279.45001220703125,270.6000061035156,277.8999938964844,112681500,281.3800048828125,1,TSLA,0.02172875427149612,0.03074815101566797,-0.006861601663492589,272.743994140625,272.18299865722656,0.17778850887562836,0.015453675610175069,0.0,0.0,0.0,0.0,0.0,0.0,0.0,0.0
2023-07-14,277.010009765625,285.29998779296875,276.3099975585937,281.3800048828125,120062400,290.3800048828125,1,TSLA,0.012522529912772917,0.042959323810395356,-0.003894102452328463,274.1339965820313,274.5709991455078,0.06550232291902391,0.01582907182624045,0.0,0.0,0.0,0.0,0.0,0.0,0.0,0.0
2023-07-17,286.6300048828125,292.2300109863281,283.57000732421875,290.3800048828125,131569600,293.3399963378906,1,TSLA,0.03198521516746822,0.06761283616573799,0.050046994685191803,278.2880004882812,277.4320007324219,0.09584349471608089,0.016982507125009677,0.0,0.0,0.0,0.0,0.0,0.0,0.0,0.0
2023-07-18,290.1499938964844,295.260009765625,286.010009765625,293.3399963378906,112120300,291.260009765625,0,TSLA,0.010193509901870401,0.05555956380178095,0.0689064758473763,282.997998046875,278.78399963378905,-0.14782518150089385,0.015688669536804062,0.0,0.0,0.0,0.0,0.0,0.0,0.0,0.0
2023-07-19,296.0400085449219,299.2900085449219,289.5199890136719,291.260009765625,142355400,262.8999938964844,0,TSLA,-0.007090702250741598,0.03511267578137711,0.08030127068858972,286.852001953125,279.66199951171876,0.2696665991796312,0.012912449607632319,0.0,0.0,0.0,0.0,0.0,0.0,0.0,0.0
2023-07-20,279.5599975585937,280.92999267578125,261.20001220703125,262.8999938964844,175158300,260.0199890136719,0,TSLA,-0.09737009860008494,-0.09463465295214846,-0.025538435191124864,283.852001953125,278.297998046875,0.2304296148934286,0.043391981472441256,0.0,0.0,0.0,0.0,0.0,0.0,0.0,0.0
2023-07-21,268.0,268.0,255.8000030517578,260.0199890136719,161796100,269.0599975585937,1,TSLA,-0.010954754468143868,-0.11358835392442801,-0.04400897698620643,279.5799987792969,276.85699768066405,-0.07628642205365088,0.04318566558147546,0.0,0.0,0.0,0.0,0.0,0.0,0.0,0.0
2023-07-24,255.8500061035156,269.8500061035156,254.1199951171875,269.0599975585937,136508500,265.2799987792969,0,TSLA,0.03476659075024613,-0.07622059830628825,-0.03180999111926397,275.3159973144531,276.8019989013672,-0.15629301324321165,0.04480983643945321,0.0,0.0,0.0,0.0,0.0,0.0,0.0,0.0
2023-07-25,272.3800048828125,272.8999938964844,265.0,265.2799987792969,112757300,264.3500061035156,0,TSLA,-0.014048906614122947,0.009052890597439855,-0.05721801771316648,269.70399780273436,276.3509979248047,-0.17399063062007125,0.04432875816754868,0.0,0.0,0.0,0.0,0.0,0.0,0.0,0.0
2023-07-26,263.25,268.0400085449219,261.75,264.3500061035156,95856200,255.7100067138672,0,TSLA,-0.0035057022016762307,0.016652631616010494,-0.08964115414834328,264.3219970703125,275.5869995117188,-0.14988918677549035,0.04096129728839547,0.0,0.0,0.0,0.0,0.0,0.0,0.0,0.0
2023-07-27,268.3099975585937,269.1300048828125,255.3000030517578,255.7100067138672,103697300,266.44000244140625,1,TSLA,-0.032683938680391544,-0.04961715218115714,-0.12828114165747262,262.8839996337891,273.36800079345704,0.08180065556531546,0.04018804805077387,0.0,0.0,0.0,0.0,0.0,0.0,0.0,0.0
2023-07-28,259.8599853515625,267.25,258.2300109863281,266.44000244140625,111446000,267.42999267578125,1,TSLA,0.04196157931177735,0.004372752063658059,-0.08521598053983193,264.1680023193359,271.8740005493164,0.07472422136352641,0.046353028123251414,0.0,0.0,0.0,0.0,0.0,0.0,0.0,0.0
2023-07-31,267.4800109863281,269.0799865722656,263.7799987792969,267.42999267578125,84582200,261.07000732421875,0,TSLA,0.00371562162326855,0.01165116890922091,0.017230882025355054,263.8420013427734,269.5789993286133,-0.24104768228559126,0.026858468060624318,0.0,0.0,0.0,0.0,0.0,0.0,0.0,0.0
2023-08-01,266.260009765625,266.4700012207031,260.25,261.07000732421875,83166000,254.1100006103516,0,TSLA,-0.023781870118334214,0.020961246997069027,0.004038221501854178,263.0000030517578,266.3520004272461,-0.016743475577603806,0.028345724210099087,0.0,0.0,0.0,0.0,0.0,0.0,0.0,0.0
2023-08-02,255.57000732421875,259.5199890136719,250.4900054931641,254.1100006103516,101752900,259.32000732421875,1,TSLA,-0.02665954157355055,-0.0462768417582724,-0.05556380392438831,260.952001953125,262.6369995117187,0.22349157107471807,0.025483994506552105,0.0,0.0,0.0,0.0,0.0,0.0,0.0,0.0
2023-08-03,252.0399932861328,260.489990234375,252.0,259.32000732421875,97569100,253.8600006103516,0,TSLA,0.020502958173047592,-0.030325638760326457,-0.02246679539544405,261.6740020751953,262.2790008544922,-0.041117255626129556,0.027361899118622402,0.0,0.0,0.0,0.0,0.0,0.0,0.0,0.0
2023-08-04,260.9700012207031,264.7699890136719,253.1100006103516,253.8600006103516,99539900,251.4499969482422,0,TSLA,-0.021055092394165698,-0.02761713912587882,-0.03968225931894365,259.1580017089844,261.66300201416016,0.020199017926782137,0.028215030713087254,0.0,0.0,0.0,0.0,0.0,0.0,0.0,0.0
2023-08-07,251.4499969482422,253.6499938964844,242.75999450683597,251.4499969482422,111097900,249.6999969482422,0,TSLA,-0.00949343597382446,-0.010467921985440554,-0.016659534839369217,255.96200256347657,259.902001953125,0.11611424162571993,0.025733794965936918,0.0,0.0,0.0,0.0,0.0,0.0,0.0,0.0
2023-08-08,247.4499969482422,250.9199981689453,245.00999450683597,249.6999969482422,96642200,242.19000244140625,0,TSLA,-0.006959634206558429,-0.03709706194766915,-0.0628284241847108,253.68800048828126,258.34400177001953,-0.13011677088405815,0.01689245470193876,0.0,0.0,0.0,0.0,0.0,0.0,0.0,0.0
2023-08-09,250.8699951171875,251.1000061035156,241.8999938964844,242.19000244140625,101596300,245.33999633789065,1,TSLA,-0.03007606967809695,-0.04597021248281474,-0.09437980378279676,251.3040008544922,256.1280014038086,0.051262285005929,0.01743779786549081,0.0,0.0,0.0,0.0,0.0,0.0,0.0,0.0
2023-08-10,245.3999938964844,251.8000030517578,243.0,245.33999633789065,109498600,242.6499938964844,0,TSLA,0.013006292021680244,-0.024299068142797364,-0.0602520800744194,248.50799865722655,255.09100036621095,0.07778137589656309,0.019406872398862917,0.0,0.0,0.0,0.0,0.0,0.0,0.0,0.0
2023-08-11,241.7700042724609,243.7899932861328,238.0200042724609,242.6499938964844,99038600,239.75999450683597,0,TSLA,-0.01096438608281991,-0.02823389322355141,-0.0450986056681798,246.26599731445313,252.71199951171874,-0.09552633549652689,0.01782511948794168,0.0,0.0,0.0,0.0,0.0,0.0,0.0,0.0
2023-08-14,235.6999969482422,240.66000366210935,233.75,239.75999450683597,98595300,232.9600067138672,0,TSLA,-0.011910156448968756,-0.01003347747666905,-0.07542808986939287,243.92799682617186,249.94499969482422,-0.004476032577197198,0.013295977270130854,0.0,0.0,0.0,0.0,0.0,0.0,0.0,0.0
2023-08-15,238.72999572753903,240.5,232.6100006103516,232.9600067138672,88197600,225.6000061035156,0,TSLA,-0.028361644764614335,-0.050460543771156385,-0.08232881842840489,240.5799987792969,247.13399963378907,-0.10545837377643763,0.014447887785518783,0.0,0.0,0.0,0.0,0.0,0.0,0.0,0.0
2023-08-16,228.0200042724609,233.97000122070312,225.3800048828125,225.6000061035156,112484500,219.22000122070312,0,TSLA,-0.03159340830287449,-0.07026576642009896,-0.10280370315553233,237.26199951171876,244.28300018310546,0.2753691710432029,0.016101253126001854,0.0,0.0,0.0,0.0,0.0,0.0,0.0,0.0
2023-08-17,226.05999755859372,226.7400054931641,218.8300018310547,219.22000122070312,120718400,215.4900054931641,0,TSLA,-0.02828016272253575,-0.08566897629599013,-0.122066464157214,232.03800048828126,240.27299957275392,0.07320030759793572,0.016283709719086607,0.0,0.0,0.0,0.0,0.0,0.0,0.0,0.0
2023-08-18,214.1199951171875,217.5800018310547,212.3600006103516,215.4900054931641,136276600,231.27999877929688,1,TSLA,-0.017014851321818014,-0.07499141791389374,-0.11024400957550573,226.6060028076172,236.43600006103514,0.12888010444141074,0.015437276523995519,0.0,0.0,0.0,0.0,0.0,0.0,0.0,0.0
2023-08-21,221.5500030517578,232.1300048828125,220.5800018310547,231.27999877929688,135702700,233.19000244140625,1,TSLA,0.073274828918382,0.025177271817869773,-0.0573082162242714,224.91000366210938,234.41900024414062,-0.004211287924706042,0.03672711024266994,0.0,0.0,0.0,0.0,0.0,0.0,0.0,0.0
2023-08-22,240.25,240.82000732421875,229.5500030517578,233.19000244140625,130442800,236.8600006103516,1,TSLA,0.008258403978685713,0.06372594262801146,-0.03898615987237086,224.95600280761718,232.76800079345702,-0.03876046681458811,0.03717016424666538,0.0,0.0,0.0,0.0,0.0,0.0,0.0,0.0
2023-08-23,229.33999633789065,238.97999572753903,229.2899932861328,236.8600006103516,101077600,230.0399932861328,0,TSLA,0.01573823118710882,0.09916930981685557,-0.012095403582442543,227.20800170898437,232.23500061035156,-0.225119362663175,0.037788443573119966,0.0,0.0,0.0,0.0,0.0,0.0,0.0,0.0
2023-08-24,238.66000366210935,238.9199981689453,228.17999267578125,230.0399932861328,99777400,238.58999633789065,1,TSLA,-0.02879341090367593,-0.005361490399986346,-0.012534397937757902,229.37200012207032,230.7050003051758,-0.012863384172160819,0.037840598871249284,0.0,0.0,0.0,0.0,0.0,0.0,0.0,0.0
2023-08-25,231.30999755859372,239.0,230.3500061035156,238.58999633789065,106612200,238.82000732421875,1,TSLA,0.037167463490241914,0.023157055791194425,0.05757974238890151,233.99199829101562,230.29900054931642,0.06850048207309478,0.03756003073312187,0.0,0.0,0.0,0.0,0.0,0.0,0.0,0.0
2023-08-28,242.5800018310547,244.3800048828125,235.3500061035156,238.82000732421875,107673700,257.17999267578125,1,TSLA,0.0009640428763089126,0.008274958662570775,0.0894079280830904,235.5,230.2050018310547,0.00995664661267659,0.03425216434417698,0.0,0.0,0.0,0.0,0.0,0.0,0.0,0.0
2023-08-29,238.5800018310547,257.4800109863281,237.7700042724609,257.17999267578125,134047600,256.8999938964844,0,TSLA,0.07687791972402569,0.11797948261931412,0.19346598969732587,240.297998046875,232.6270004272461,0.24494282262056566,0.038723493034339695,0.0,0.0,0.0,0.0,0.0,0.0,0.0,0.0
2023-08-30,254.1999969482422,260.510009765625,250.58999633789065,256.8999938964844,121988400,258.0799865722656,1,TSLA,-0.0010887269121663268,0.07674251996996184,0.11077479787448397,244.30599670410157,235.75699920654296,-0.08996207317400684,0.033510088080159046,0.0,0.0,0.0,0.0,0.0,0.0,0.0,0.0
2023-08-31,255.97999572753903,261.17999267578125,255.0500030517578,258.0799865722656,108861700,245.00999450683597,0,TSLA,0.004593198535678855,0.08064642265042643,0.10673692641310173,249.91399536132812,239.64299774169922,-0.10760613304215816,0.03367196631537774,0.0,0.0,0.0,0.0,0.0,0.0,0.0,0.0
2023-09-01,257.260009765625,259.0799865722656,242.00999450683597,245.00999450683597,132541600,256.489990234375,1,TSLA,-0.050643183297632066,-0.04732093675843452,0.03440848549980191,251.1979949951172,242.5949966430664,0.21752278349502174,0.04181405592450677,0.0,0.0,0.0,0.0,0.0,0.0,0.0,0.0
2023-09-05,245.0,258.0,244.8600006103516,256.489990234375,129469600,251.9199981689453,0,TSLA,0.04685521401135628,-0.001595966025108475,0.11497999356721689,254.73199157714845,245.11599578857422,-0.023177628759574298,0.04122034068974627,0.0,0.0,0.0,0.0,0.0,0.0,0.0,0.0
2023-09-06,255.13999938964844,255.38999938964844,245.05999755859372,251.9199981689453,116959800,251.4900054931641,0,TSLA,-0.017817428513501543,-0.023868524193352947,0.05586991087495874,253.67999267578125,246.98899536132814,-0.09662345446344156,0.04183534122652082,0.0,0.0,0.0,0.0,0.0,0.0,0.0,0.0
2023-09-07,245.07000732421875,252.80999755859372,243.2700042724609,251.4900054931641,115312900,248.5,0,TSLA,-0.0017068620153484204,0.026447945519003424,0.05305249887102104,252.59799499511723,248.45199584960943,-0.014080906431098494,0.0419279717087065,0.0,0.0,0.0,0.0,0.0,0.0,0.0,0.0
2023-09-08,251.22000122070312,256.5199890136719,246.6699981689453,248.5,118367700,273.5799865722656,1,TSLA,-0.011889162304087542,-0.031151275053946215,-0.03375065293949142,250.6819976806641,250.29799652099615,0.026491398620622775,0.029156543333337965,0.0,0.0,0.0,0.0,0.0,0.0,0.0,0.0
2023-09-11,264.2699890136719,274.8500061035156,260.6099853515625,273.5799865722656,174667900,267.4800109863281,0,TSLA,0.10092549928477124,0.08597963067939718,0.0649279605763724,256.39599609375,253.7969955444336,0.47563820197570794,0.04953544756993794,0.0,0.0,0.0,0.0,0.0,0.0,0.0,0.0
2023-09-12,270.760009765625,278.3900146484375,266.6000061035156,267.4800109863281,135999900,271.29998779296875,1,TSLA,-0.022296863386701782,0.06358107735457774,0.036422911124998736,258.5940002441406,256.66299591064455,-0.22138011620910314,0.05104827515490089,0.0,0.0,0.0,0.0,0.0,0.0,0.0,0.0
2023-09-13,270.07000732421875,274.9800109863281,268.1000061035156,271.29998779296875,111673700,276.0400085449219,1,TSLA,0.014281354305895722,0.0917504538952465,0.10730171778930941,262.4699981689453,258.07499542236326,-0.1788692491685656,0.04447291979053768,0.0,0.0,0.0,0.0,0.0,0.0,0.0,0.0
2023-09-14,271.32000732421875,276.7099914550781,270.4200134277344,276.0400085449219,107709800,274.3900146484375,0,TSLA,0.017471511114000693,0.008991966128364615,0.07622136946819058,267.3799987792969,259.988996887207,-0.03549537626137578,0.042354049861795084,0.0,0.0,0.0,0.0,0.0,0.0,0.0,0.0
2023-09-15,277.54998779296875,278.9800109863281,271.0,274.3900146484375,133692300,265.2799987792969,0,TSLA,-0.005977372284481253,0.025833719823133094,0.08919504859801997,272.55800170898436,261.61999969482423,0.24122688928955394,0.04121952583168588,0.0,0.0,0.0,0.0,0.0,0.0,0.0,0.0
2023-09-18,271.1600036621094,271.44000244140625,263.760009765625,265.2799987792969,101543300,266.5,1,TSLA,-0.033200974462619715,-0.02218941866766977,0.05483316626873913,270.89800415039065,263.6470001220703,-0.24047009438838285,0.044663763011227445,0.0,0.0,0.0,0.0,0.0,0.0,0.0,0.0
2023-09-19,264.3500061035156,267.8500061035156,261.20001220703125,266.5,103704000,262.5899963378906,0,TSLA,0.004598918977371191,-0.03456023855096124,0.07243460764587528,270.702001953125,264.6480010986328,0.02127860725424524,0.04383805504849185,0.0,0.0,0.0,0.0,0.0,0.0,0.0,0.0
2023-09-20,267.0400085449219,273.92999267578125,262.4599914550781,262.5899963378906,122514600,255.6999969482422,0,TSLA,-0.014671683535119606,-0.04300454710666368,-0.04017103141231426,268.9600036621094,265.71500091552736,0.18138741032168482,0.01894978944074683,0.0,0.0,0.0,0.0,0.0,0.0,0.0,0.0
2023-09-21,257.8500061035156,260.8599853515625,254.2100067138672,255.6999969482422,119951500,244.8800048828125,0,TSLA,-0.026238620989897266,-0.03611279355826935,-0.044040726612232906,264.8920013427734,266.13600006103513,-0.020920771891676626,0.019573982266020938,0.0,0.0,0.0,0.0,0.0,0.0,0.0,0.0
2023-09-22,257.3999938964844,257.7900085449219,244.47999572753903,244.8800048828125,127524100,246.9900054931641,1,TSLA,-0.042315182614647506,-0.08112568524272978,-0.09738291227022666,258.98999938964846,265.7740005493164,0.06313051524991353,0.021294062235572946,0.0,0.0,0.0,0.0,0.0,0.0,0.0,0.0
2023-09-25,243.3800048828125,247.1000061035156,238.30999755859372,246.9900054931641,104636600,244.1199951171875,0,TSLA,0.00861646752809131,-0.0594081688650967,-0.10523837904834099,255.33200073242188,263.11500244140626,-0.17947587946121557,0.01925515465475909,0.0,0.0,0.0,0.0,0.0,0.0,0.0,0.0
2023-09-26,242.97999572753903,249.5500030517578,241.66000366210935,244.1199951171875,101993600,240.5,0,TSLA,-0.011619945391094122,-0.04528745392749722,-0.11031749668454038,250.8559997558594,260.7790008544922,-0.025258848242393217,0.01890009701927826,0.0,0.0,0.0,0.0,0.0,0.0,0.0,0.0
2023-09-27,244.25999450683597,245.3300018310547,234.5800018310547,240.5,136597200,246.3800048828125,1,TSLA,-0.014828753029631048,-0.017886331245822062,-0.09341073165456748,246.43800048828126,257.6990020751953,0.33927226806387845,0.01739454475061122,0.0,0.0,0.0,0.0,0.0,0.0,0.0,0.0
2023-09-28,240.0200042724609,247.5500030517578,238.6499938964844,246.3800048828125,117058900,250.22000122070312,1,TSLA,0.02444908475181906,-0.0024697380330577223,-0.07549716741909007,244.57400207519532,254.73300170898438,-0.14303587482027447,0.02191956014152167,0.0,0.0,0.0,0.0,0.0,0.0,0.0,0.0
2023-09-29,250.0,254.7700042724609,246.3500061035156,250.22000122070312,128522700,251.6000061035156,1,TSLA,0.015585665483353939,0.024987736463731203,-0.0471076403888222,245.64200134277343,252.31600036621094,0.09793189582338457,0.023951161986675573,0.0,0.0,0.0,0.0,0.0,0.0,0.0,0.0
2023-10-02,244.80999755859372,254.27999877929688,242.6199951171875,251.6000061035156,123810400,246.52999877929688,0,TSLA,0.005515166158101215,0.04615387153228934,-0.016034379717088876,246.56400146484376,250.9480010986328,-0.03666511830205865,0.022584581843724076,0.0,0.0,0.0,0.0,0.0,0.0,0.0,0.0
2023-10-03,248.6100006103516,250.0200042724609,244.4499969482422,246.52999877929688,101985300,261.1600036621094,1,TSLA,-0.020151062008054055,0.0006087908657836927,0.006737969060699678,247.04600219726564,248.9510009765625,-0.17627840633743208,0.016823260279157568,0.0,0.0,0.0,0.0,0.0,0.0,0.0,0.0
2023-10-04,248.13999938964844,261.8599853515625,247.6000061035156,261.1600036621094,129721600,260.04998779296875,0,TSLA,0.05934371052307452,0.04372153460169148,0.05737073506538093,251.1780029296875,248.80800170898436,0.27196370457311003,0.027893519392651934,0.0,0.0,0.0,0.0,0.0,0.0,0.0,0.0
2023-10-05,260.0,263.6000061035156,256.25,260.04998779296875,119159200,260.5299987792969,1,TSLA,-0.00425032873937603,0.033584982052729195,0.06525476402756025,253.91199951171876,249.24300079345704,-0.08142360254575953,0.02714415257961115,0.0,0.0,0.0,0.0,0.0,0.0,0.0,0.0
2023-10-06,253.97999572753903,261.6499938964844,250.6499938964844,260.5299987792969,118121800,259.6700134277344,0,TSLA,0.001845841218459432,0.05678822078173673,0.08328481820913458,255.9739990234375,250.80800018310546,-0.008706000040282214,0.02533703826276122,0.0,0.0,0.0,0.0,0.0,0.0,0.0,0.0
2023-10-09,255.30999755859372,261.3599853515625,252.0500030517578,259.6700134277344,101377900,263.6199951171875,1,TSLA,-0.003300907210654902,-0.005705277276311982,0.053941100257884456,257.58800048828124,252.0760009765625,-0.141751141618228,0.025191749855561454,0.0,0.0,0.0,0.0,0.0,0.0,0.0,0.0
2023-10-10,257.75,268.94000244140625,257.6499938964844,263.6199951171875,122656000,262.989990234375,0,TSLA,0.015211543440507347,0.013728158014992609,0.05355284881748967,261.00599975585936,254.0260009765625,0.20988894029172034,0.025172864639531403,0.0,0.0,0.0,0.0,0.0,0.0,0.0,0.0
2023-10-11,266.20001220703125,268.6000061035156,260.8999938964844,262.989990234375,103706300,258.8699951171875,0,TSLA,-0.002389822071472425,0.00944225796109599,0.045270206099173205,261.3719970703125,256.275,-0.15449468432037572,0.02546517827072775,0.0,0.0,0.0,0.0,0.0,0.0,0.0,0.0
2023-10-12,262.9200134277344,265.4100036621094,256.6300048828125,258.8699951171875,111508100,251.1199951171875,0,TSLA,-0.015665976919941982,-0.0030809037207891743,0.05005474546299693,261.13599853515626,257.5239990234375,0.07522975942638,0.02472513187248369,0.0,0.0,0.0,0.0,0.0,0.0,0.0,0.0
2023-10-13,258.8999938964844,259.6000061035156,250.22000122070312,251.1199951171875,102073800,253.9199981689453,1,TSLA,-0.02993780718577166,-0.04741673708947358,-0.03844389800940462,259.2539978027344,257.61399841308594,-0.08460640975857359,0.014139506081129485,0.0,0.0,0.0,0.0,0.0,0.0,0.0,0.0
2023-10-16,250.0500030517578,255.3999938964844,248.47999572753903,253.9199981689453,88917200,254.8500061035156,1,TSLA,0.01115006015531006,-0.03448797445616303,-0.02357235113159728,258.10399475097654,257.8459976196289,-0.12889301662130737,0.015498815645795014,0.0,0.0,0.0,0.0,0.0,0.0,0.0,0.0
2023-10-17,250.1000061035156,257.17999267578125,247.0800018310547,254.8500061035156,93562900,242.67999267578125,0,TSLA,0.0036626021631880334,-0.015528987868416722,-0.021801683884368983,256.34999694824216,258.67799835205074,0.05224748417628988,0.015614094252772633,0.0,0.0,0.0,0.0,0.0,0.0,0.0,0.0
2023-10-18,252.6999969482422,254.6300048828125,242.0800018310547,242.67999267578125,125147800,220.1100006103516,0,TSLA,-0.04775363208267336,-0.03360944013027578,-0.06542927513145991,252.28799743652343,256.82999725341796,0.33757931829817167,0.023021263544757944,0.0,0.0,0.0,0.0,0.0,0.0,0.0,0.0
2023-10-19,225.9499969482422,230.6100006103516,216.77999877929688,220.1100006103516,170772700,211.9900054931641,0,TSLA,-0.09300310180733773,-0.13315216525835938,-0.16504815762360636,244.53599853515624,252.83599853515625,0.3645681346376044,0.036270019976620056,0.0,0.0,0.0,0.0,0.0,0.0,0.0,0.0
2023-10-20,217.00999450683597,218.8600006103516,210.4199981689453,211.9900054931641,138010100,212.0800018310547,1,TSLA,-0.036890623300491754,-0.16817735759811014,-0.19392367251605303,236.71000061035156,247.981999206543,-0.19184916558677123,0.03503255858082983,0.0,0.0,0.0,0.0,0.0,0.0,0.0,0.0
2023-10-23,210.0,216.97999572753903,202.50999450683597,212.0800018310547,150683400,216.5200042724609,1,TSLA,0.0004245310418349302,-0.12609193904834148,-0.18074707060952167,228.34200134277344,243.222998046875,0.0918287864438907,0.03660533595992922,0.0,0.0,0.0,0.0,0.0,0.0,0.0,0.0
2023-10-24,216.5,222.0500030517578,214.1100006103516,216.5200042724609,118231100,212.4199981689453,0,TSLA,0.020935507370200668,-0.016310010121920127,-0.13778269957587475,220.6760009765625,238.51299896240235,-0.21536745255283596,0.04084079187260495,0.0,0.0,0.0,0.0,0.0,0.0,0.0,0.0
2023-10-25,215.8800048828125,220.1000061035156,212.1999969482422,212.4199981689453,107065100,205.75999450683597,0,TSLA,-0.018935922882932776,0.0020283629635318157,-0.1634373042661572,214.6240020751953,233.45599975585938,-0.0944421560824521,0.038506800427846655,0.0,0.0,0.0,0.0,0.0,0.0,0.0,0.0
2023-10-26,211.32000732421875,214.8000030517578,204.8800048828125,205.75999450683597,115112600,207.3000030517578,1,TSLA,-0.031352997455599274,-0.029800109721110357,-0.1926231525250195,211.75400085449218,228.1449996948242,0.0751645494189983,0.03645707702778297,0.0,0.0,0.0,0.0,0.0,0.0,0.0,0.0
2023-10-27,210.6000061035156,212.41000366210935,205.7700042724609,207.3000030517578,94881200,197.3600006103516,0,TSLA,0.007484489628865498,-0.042582676144329756,-0.1457886545731475,210.81600036621094,223.76300048828125,-0.17575313215060728,0.03780361213231546,0.0,0.0,0.0,0.0,0.0,0.0,0.0,0.0
2023-10-30,209.27999877929688,210.8800048828125,194.6699981689453,197.3600006103516,136448200,200.83999633789065,1,TSLA,-0.04794984223383947,-0.07089726809344932,-0.10335741191638559,207.87200012207032,218.10700073242188,0.43809521802000817,0.025437494606172378,0.0,0.0,0.0,0.0,0.0,0.0,0.0,0.0
2023-10-31,196.1199951171875,202.8000030517578,194.07000732421875,200.83999633789065,118068300,205.66000366210935,1,TSLA,0.017632730628176496,-0.023911344772036602,-0.0525968624291252,204.73599853515628,212.70599975585938,-0.1347023998850846,0.026023780776810702,0.0,0.0,0.0,0.0,0.0,0.0,0.0,0.0
2023-11-01,204.0399932861328,205.9900054931641,197.8500061035156,205.66000366210935,121661700,218.50999450683597,1,TSLA,0.023999240251476373,-0.00791123668839988,-0.030271586729141875,203.38399963378907,209.00400085449218,0.030434926224905512,0.028602032063235146,0.0,0.0,0.0,0.0,0.0,0.0,0.0,0.0
2023-11-02,212.97000122070312,219.1999969482422,211.4499969482422,218.50999450683597,125987600,219.9600067138672,1,TSLA,0.062481720392452145,0.10716454109787366,0.009190791590189207,205.93399963378906,208.84400024414063,0.03555679396227407,0.037554694316816246,0.0,0.0,0.0,0.0,0.0,0.0,0.0,0.0
2023-11-03,221.1499938964844,226.3699951171875,218.3999938964844,219.9600067138672,119534800,219.2700042724609,0,TSLA,0.006635907937775576,0.09520021272958634,0.035495756566785275,208.46600036621095,209.64100036621093,-0.05121773888858905,0.03641559298684336,0.0,0.0,0.0,0.0,0.0,0.0,0.0,0.0
2023-11-06,223.97999572753903,226.32000732421875,215.0,219.2700042724609,117335800,222.17999267578125,1,TSLA,-0.0031369449915678027,0.06617718743559009,0.06565906943186706,212.8480010986328,210.36000061035156,-0.018396316386525058,0.0330550403893272,0.0,0.0,0.0,0.0,0.0,0.0,0.0,0.0
2023-11-07,219.97999572753903,223.1199951171875,215.72000122070312,222.17999267578125,116900100,222.1100006103516,0,TSLA,0.013271256198382986,0.016795562039293666,0.07177997783390411,217.11600036621093,210.9259994506836,-0.003713274209576234,0.03306589438446863,0.0,0.0,0.0,0.0,0.0,0.0,0.0,0.0
2023-11-08,223.1499938964844,224.1499938964844,217.63999938964844,222.1100006103516,106584800,209.97999572753903,0,TSLA,-0.0003150241594066516,0.009774476408709987,0.12540535024046728,220.40599975585937,211.8949996948242,-0.08824030090650048,0.022151935666716124,0.0,0.0,0.0,0.0,0.0,0.0,0.0,0.0
2023-11-09,219.75,220.8000030517578,206.67999267578125,209.97999572753903,142110500,214.6499938964844,1,TSLA,-0.05461260118625755,-0.04236789512430661,0.04550886056715209,218.7,212.31699981689454,0.3333092523511796,0.03502135342175885,0.0,0.0,0.0,0.0,0.0,0.0,0.0,0.0
2023-11-10,210.02999877929688,215.3800048828125,205.69000244140625,214.6499938964844,130994000,223.7100067138672,1,TSLA,0.022240205086035747,-0.03389143499651237,0.04371287598120066,217.63799743652345,213.0519989013672,-0.07822433951045138,0.034884282173676895,0.0,0.0,0.0,0.0,0.0,0.0,0.0,0.0
2023-11-13,215.6000061035156,225.3999938964844,211.6100006103516,223.7100067138672,140447600,237.41000366210935,1,TSLA,0.04220830689495392,0.007203665297009776,0.023797594333235583,218.5259979248047,215.68699951171874,0.07216819090950732,0.029972374074989438,0.0,0.0,0.0,0.0,0.0,0.0,0.0,0.0
2023-11-14,235.02999877929688,238.13999938964844,230.72000122070312,237.41000366210935,149771600,242.83999633789065,1,TSLA,0.06123998273248876,0.13063152915843612,0.0793325896327226,221.5720001220703,219.34400024414063,0.06638774888285748,0.037104007036326186,0.0,0.0,0.0,0.0,0.0,0.0,0.0,0.0
2023-11-15,239.2899932861328,246.6999969482422,236.4499969482422,242.83999633789065,150354000,233.58999633789065,0,TSLA,0.02287179390936478,0.13133008731880502,0.10749300682341434,225.71799926757814,223.06199951171874,0.0038885876895218274,0.03668730160897248,0.0,0.0,0.0,0.0,0.0,0.0,0.0,0.0
2023-11-16,239.4900054931641,240.8800048828125,230.9600067138672,233.58999633789065,136816800,234.3000030517578,1,TSLA,-0.038090924639652135,0.04416427217160801,0.05135477557945367,230.43999938964845,224.56999969482422,-0.09003551618181094,0.04191753512288994,0.0,0.0,0.0,0.0,0.0,0.0,0.0,0.0
2023-11-17,232.0,237.38999938964844,226.5399932861328,234.3000030517578,142532800,235.6000061035156,1,TSLA,0.0030395424675639937,-0.013099703308112498,0.054882726612527355,234.37000122070313,226.00399932861328,0.04177849503862108,0.04182657976327008,0.0,0.0,0.0,0.0,0.0,0.0,0.0,0.0
2023-11-20,234.0399932861328,237.1000061035156,231.0200042724609,235.6000061035156,116320100,241.1999969482422,1,TSLA,0.005548455120893081,-0.029813829449664597,0.12201167205098895,236.7480010986328,227.63699951171876,-0.1839064411840643,0.0316638971174158,0.0,0.0,0.0,0.0,0.0,0.0,0.0,0.0
2023-11-21,235.0399932861328,243.6199951171875,233.33999633789065,241.1999969482422,122288000,234.2100067138672,0,TSLA,0.02376906069461704,0.03257845254359082,0.1236897451977641,237.50599975585936,229.53899993896485,0.05130583622263041,0.031711238141131484,0.0,0.0,0.0,0.0,0.0,0.0,0.0,0.0
2023-11-22,242.0399932861328,244.00999450683597,231.3999938964844,234.2100067138672,117950600,235.4499969482422,1,TSLA,-0.028980059381488954,-0.0003841072843295823,0.04693576364435881,235.78000183105468,230.7490005493164,-0.03546872955645686,0.03371601181799377,0.0,0.0,0.0,0.0,0.0,0.0,0.0,0.0
2023-11-24,233.75,238.75,232.3300018310547,235.4499969482422,65125200,236.0800018310547,1,TSLA,0.00529435207219775,-0.0006367111688762028,-0.008255788229786232,236.152001953125,233.2960006713867,-0.44786037544531354,0.023947091496503915,0.0,0.0,0.0,0.0,0.0,0.0,0.0,0.0
2023-11-27,236.88999938964844,238.3300018310547,232.1000061035156,236.0800018310547,112031800,246.72000122070312,1,TSLA,0.0026757481035388775,-0.021227177371342054,-0.027837236899929896,236.50800170898438,235.43900146484376,0.7202526825253512,0.021713162532568178,0.0,0.0,0.0,0.0,0.0,0.0,0.0,0.0
2023-11-28,236.67999267578125,247.0,234.00999450683597,246.72000122070312,148549900,244.13999938964844,0,TSLA,0.04506946504203557,0.05341357819147041,0.05620961979818584,238.73200073242188,237.74000091552733,0.32596191438502276,0.022570603729786618,0.0,0.0,0.0,0.0,0.0,0.0,0.0,0.0
2023-11-29,249.2100067138672,252.75,242.75999450683597,244.13999938964844,135401300,240.0800018310547,0,TSLA,-0.010457205813430348,0.03690805926540963,0.04199742300351961,239.32000122070312,238.41300048828126,-0.08851301818446189,0.02362286466795273,0.0,0.0,0.0,0.0,0.0,0.0,0.0,0.0
2023-11-30,245.13999938964844,245.22000122070312,236.91000366210935,240.0800018310547,132353200,238.8300018310547,0,TSLA,-0.016629792613843564,0.01694340888247914,0.01901526150882482,240.49400024414064,238.13700103759766,-0.0225116007010272,0.02515188119269231,0.0,0.0,0.0,0.0,0.0,0.0,0.0,0.0
2023-12-01,233.13999938964844,240.19000244140625,231.8999938964844,238.8300018310547,121331700,235.5800018310547,0,TSLA,-0.005206597761023168,-0.03197956935234625,-0.009825850527253821,241.1700012207031,238.66100158691407,-0.08327339270980982,0.02348622425885932,0.0,0.0,0.0,0.0,0.0,0.0,0.0,0.0
2023-12-04,235.75,239.3699951171875,233.2899932861328,235.5800018310547,104099800,238.72000122070312,1,TSLA,-0.01360800559009756,-0.03506183984596456,0.005849430331391403,241.07000122070312,238.78900146484375,-0.14202306569511514,0.021045021015010545,0.0,0.0,0.0,0.0,0.0,0.0,0.0,0.0
2023-12-05,233.8699951171875,246.66000366210935,233.6999969482422,238.72000122070312,137971100,239.3699951171875,1,TSLA,0.013328802806870987,-0.0056647809062772,0.013888317327860333,239.47000122070312,239.1010009765625,0.3253733436567601,0.02153050898084994,0.0,0.0,0.0,0.0,0.0,0.0,0.0,0.0
2023-12-06,242.9199981689453,246.57000732421875,239.1699981689453,239.3699951171875,126436200,242.63999938964844,1,TSLA,0.002722829646282676,0.00226099435578786,0.013935925366889812,238.51600036621093,238.91800079345703,-0.08360374020356443,0.021530701572464638,0.0,0.0,0.0,0.0,0.0,0.0,0.0,0.0
2023-12-07,241.5500030517578,244.0800018310547,236.97999572753903,242.63999938964844,107142300,243.83999633789065,1,TSLA,0.01366087788429815,0.029968577569062127,-0.01653697232031437,239.0279998779297,239.76100006103516,-0.15259791104129983,0.012466214660564714,0.0,0.0,0.0,0.0,0.0,0.0,0.0,0.0
2023-12-08,240.2700042724609,245.2700042724609,239.2700042724609,243.83999633789065,103126800,239.7400054931641,0,TSLA,0.0049455858525417895,0.021447700615810472,-0.0012288156488400315,240.02999877929688,240.6,-0.037478194886613414,0.012144253403709818,0.0,0.0,0.0,0.0,0.0,0.0,0.0,0.0
2023-12-11,242.7400054931641,243.44000244140625,237.4499969482422,239.7400054931641,97913900,237.00999450683597,0,TSLA,-0.01681426716823431,0.001545767571225598,-0.0014161793372937659,240.86199951171875,240.96600036621095,-0.05054845103309713,0.012186198596228713,0.0,0.0,0.0,0.0,0.0,0.0,0.0,0.0
2023-12-12,238.5500030517578,238.9900054931641,233.8699951171875,237.00999450683597,95328300,239.2899932861328,1,TSLA,-0.011387381846063915,-0.023203119423732876,-0.007620513797534367,240.5199981689453,239.99499969482423,-0.02640687379422124,0.012821938576413327,0.0,0.0,0.0,0.0,0.0,0.0,0.0,0.0
2023-12-13,234.19000244140625,240.3000030517578,228.1999969482422,239.2899932861328,146286300,251.0500030517578,1,TSLA,0.009619842336358042,-0.018659789698540208,0.01574832934137893,240.50399780273438,239.50999908447267,0.5345526984116993,0.01200112209866858,0.0,0.0,0.0,0.0,0.0,0.0,0.0,0.0
2023-12-14,241.22000122070312,253.8800048828125,240.7899932861328,251.0500030517578,160829200,253.5,1,TSLA,0.04914543063053567,0.047176096185232774,0.051650476575087145,242.18599853515624,240.60699920654298,0.09941395742458448,0.021424295241161122,0.0,0.0,0.0,0.0,0.0,0.0,0.0,0.0
2023-12-15,251.2100067138672,254.1300048828125,248.3000030517578,253.5,135932800,252.0800018310547,0,TSLA,0.009758999874367902,0.06957514820198196,0.059029975231001286,244.1179992675781,242.0739990234375,-0.1548002477162107,0.021332417409138684,0.0,0.0,0.0,0.0,0.0,0.0,0.0,0.0
2023-12-18,253.77999877929688,258.739990234375,251.3600006103516,252.0800018310547,116416500,257.2200012207031,1,TSLA,-0.005601570686174839,0.053449826168151304,0.03890538437665758,246.58599853515625,243.7239990234375,-0.14357314790837827,0.021781122530485586,0.0,0.0,0.0,0.0,0.0,0.0,0.0,0.0
2023-12-19,253.47999572753903,258.3399963378906,253.00999450683597,257.2200012207031,106737400,247.13999938964844,0,TSLA,0.0203903496997484,0.02457676994201541,0.054872068092847615,250.62799987792968,245.5739990234375,-0.08314199447672799,0.022467359849263534,0.0,0.0,0.0,0.0,0.0,0.0,0.0,0.0
2023-12-20,256.4100036621094,259.8399963378906,247.0,247.13999938964844,125097000,254.5,1,TSLA,-0.03918825045959673,-0.025088759804148153,0.030866746170552517,252.1980010986328,246.3509994506836,0.17200718773363421,0.027575601146628343,0.0,0.0,0.0,0.0,0.0,0.0,0.0,0.0
2023-12-21,251.8999938964844,254.8000030517578,248.5500030517578,254.5,109594200,252.5399932861328,0,TSLA,0.029780693649462897,0.009600119610310154,0.07379437955583579,252.88800048828125,247.53699951171876,-0.12392623324300345,0.027965802196439103,0.0,0.0,0.0,0.0,0.0,0.0,0.0,0.0
2023-12-22,256.760009765625,258.2200012207031,251.3699951171875,252.5399932861328,93370100,256.6099853515625,1,TSLA,-0.007701401626197146,-0.01819457239856992,0.05537214414209202,252.6959991455078,248.40699920654296,-0.1480379436138044,0.028816022392846495,0.0,0.0,0.0,0.0,0.0,0.0,0.0,0.0
2023-12-26,254.4900054931641,257.9700012207031,252.91000366210935,256.6099853515625,86892400,261.44000244140625,1,TSLA,0.01611622781987765,0.03831830535446179,0.022146911898895283,253.60199584960938,250.0939971923828,-0.06937659914683614,0.023111224575185857,0.0,0.0,0.0,0.0,0.0,0.0,0.0,0.0
2023-12-27,258.3500061035156,263.3399963378906,257.5199890136719,261.44000244140625,106494400,253.17999267578125,0,TSLA,0.018822405072142834,0.027269164799238688,0.03132150864460059,254.44599609375,252.53699798583983,0.225589349586385,0.023773532816741817,0.0,0.0,0.0,0.0,0.0,0.0,0.0,0.0
2023-12-28,263.6600036621094,265.1300048828125,252.7100067138672,253.17999267578125,113619900,248.47999572753903,0,TSLA,-0.03159428430420175,0.0025342496502060996,0.004363657714758995,255.65399475097655,253.92599792480468,0.06690962153878521,0.027397170410321935,0.0,0.0,0.0,0.0,0.0,0.0,0.0,0.0
2023-12-29,255.1000061035156,255.19000244140625,247.42999267578125,248.47999572753903,100891600,248.4199981689453,0,TSLA,-0.018563856087400077,-0.031682280846885846,-0.03397871647494821,254.4499938964844,253.66899719238282,-0.11202527022114961,0.026737761426033218,0.0,0.0,0.0,0.0,0.0,0.0,0.0,0.0
2024-01-02,250.0800018310547,251.25,244.41000366210935,248.4199981689453,104654200,238.4499969482422,0,TSLA,-0.00024145830499577858,-0.049801117468161626,0.00517924570064765,253.62599487304686,253.16099700927734,0.03729349123217385,0.021972837116163494,0.0,0.0,0.0,0.0,0.0,0.0,0.0,0.0
2024-01-03,244.97999572753903,245.67999267578125,236.32000732421875,238.4499969482422,121082600,237.92999267578125,0,TSLA,-0.04013364984377277,-0.05817993583087777,-0.06306484499708376,249.9939971923828,251.7979965209961,0.15697793304043217,0.022563134368920303,0.0,0.0,0.0,0.0,0.0,0.0,0.0,0.0
2024-01-04,239.25,242.6999969482422,237.72999572753903,237.92999267578125,102629300,237.4900054931641,0,TSLA,-0.0021807686270334248,-0.04245815853653656,-0.05785222538514179,245.2919952392578,249.8689956665039,-0.15240257477127184,0.022713794474119208,0.0,0.0,0.0,0.0,0.0,0.0,0.0,0.0
2024-01-05,236.8600006103516,240.1199951171875,234.8999938964844,237.4900054931641,92488900,240.4499969482422,1,TSLA,-0.0018492295892124089,-0.04399803862951468,-0.0745098825059497,242.15399780273438,248.90399627685548,-0.09880609143782526,0.020398190384806357,0.0,0.0,0.0,0.0,0.0,0.0,0.0,0.0
2024-01-08,236.13999938964844,241.25,235.3000030517578,240.4499969482422,85166600,234.9600067138672,0,TSLA,0.012463646412957274,0.008387502728440355,-0.0802861279725865,240.547998046875,247.49899597167968,-0.07916950034004078,0.018948154042442572,0.0,0.0,0.0,0.0,0.0,0.0,0.0,0.0
2024-01-09,238.1100006103516,238.9600067138672,232.0399932861328,234.9600067138672,96705700,233.94000244140625,0,TSLA,-0.02283214932024613,-0.012482604351445326,-0.0719645567935786,237.8559997558594,245.74099731445312,0.13548856006932297,0.01766290503009561,0.0,0.0,0.0,0.0,0.0,0.0,0.0,0.0
2024-01-10,235.1000061035156,235.5,231.2899932861328,233.94000244140625,91628500,227.22000122070312,0,TSLA,-0.004341182513256769,-0.01494801031473314,-0.05851574990397235,236.9540008544922,243.4739990234375,-0.05250155885330443,0.01739356339575138,0.0,0.0,0.0,0.0,0.0,0.0,0.0,0.0
2024-01-11,230.57000732421875,230.92999267578125,225.3699951171875,227.22000122070312,105873600,218.88999938964844,0,TSLA,-0.028725319101363445,-0.05502181699086017,-0.085339333002589,234.81200256347657,240.0519989013672,0.15546582122374586,0.018454027990103837,0.0,0.0,0.0,0.0,0.0,0.0,0.0,0.0
2024-01-12,220.0800018310547,225.33999633789065,217.1499938964844,218.88999938964844,123043800,219.91000366210935,1,TSLA,-0.036660513098772496,-0.06839464957876296,-0.08202976644549687,231.09200134277344,236.6229995727539,0.1621764065829443,0.01761530271965908,0.0,0.0,0.0,0.0,0.0,0.0,0.0,0.0
2024-01-16,215.1000061035156,223.4900054931641,212.17999267578125,219.91000366210935,115355000,215.5500030517578,0,TSLA,0.004659894354722027,-0.05997263671402642,-0.07573651733023468,226.98400268554687,233.76600036621093,-0.0624883171683579,0.01842321216702475,0.0,0.0,0.0,0.0,0.0,0.0,0.0,0.0
2024-01-17,214.8600006103516,215.6699981689453,212.00999450683597,215.5500030517578,103164400,211.8800048828125,0,TSLA,-0.019826295019532925,-0.05135990716596295,-0.0923828453153065,223.102001953125,230.4790008544922,-0.10567899094100819,0.01817977095922832,0.0,0.0,0.0,0.0,0.0,0.0,0.0,0.0
2024-01-18,216.8800048828125,217.4499969482422,208.7400054931641,211.8800048828125,108595400,212.19000244140625,1,TSLA,-0.017026203279914,-0.032025193139853636,-0.11881884977349155,218.69000244140625,227.8220016479492,0.05264412917634376,0.014087181191488303,0.0,0.0,0.0,0.0,0.0,0.0,0.0,0.0
2024-01-19,209.9900054931641,213.19000244140625,207.55999755859372,212.19000244140625,102260300,208.8000030517578,0,TSLA,0.0014630807600990448,-0.035105275304186945,-0.09691012777417096,215.6840026855469,225.2480026245117,-0.05833672512832033,0.015562597753441602,0.0,0.0,0.0,0.0,0.0,0.0,0.0,0.0
2024-01-22,212.25999450683597,217.8000030517578,206.2700042724609,208.8000030517578,117952500,209.13999938964844,1,TSLA,-0.015976244642273096,-0.03131523964014604,-0.10746344843672095,213.66600341796874,222.3790023803711,0.15345349074860914,0.014923549424377838,0.0,0.0,0.0,0.0,0.0,0.0,0.0,0.0
2024-01-23,211.3000030517578,215.6499938964844,207.75,209.13999938964844,106605900,207.8300018310547,0,TSLA,0.0016283349277841364,-0.01293187384378014,-0.07957046797783107,211.51200256347656,219.2480026245117,-0.09619635022572648,0.01502371565901095,0.0,0.0,0.0,0.0,0.0,0.0,0.0,0.0
2024-01-24,211.8800048828125,212.72999572753903,206.7700042724609,207.8300018310547,123369900,182.6300048828125,0,TSLA,-0.006263735117226887,-0.02054762505389729,-0.050527651283445496,209.96800231933594,216.53500213623047,0.15725208454691542,0.010225749167879088,0.0,0.0,0.0,0.0,0.0,0.0,0.0,0.0
2024-01-25,189.6999969482422,193.0,180.05999755859375,182.6300048828125,198076800,183.25,1,TSLA,-0.12125293136804816,-0.12533523844086458,-0.16952388776536687,204.11800231933594,211.40400238037108,0.605552083611967,0.043197392508475124,0.0,0.0,0.0,0.0,0.0,0.0,0.0,0.0
2024-01-26,185.5,186.77999877929688,182.1000061035156,183.25,107343200,190.92999267578125,1,TSLA,0.0033948152034783963,-0.12379267220620394,-0.1498492349545546,198.3300018310547,207.0070022583008,-0.45807282831709717,0.044559902668564896,0.0,0.0,0.0,0.0,0.0,0.0,0.0,0.0
2024-01-29,185.6300048828125,191.47999572753903,183.6699981689453,190.92999267578125,125013100,191.58999633789065,1,TSLA,0.04190991910385411,-0.08131650390404888,-0.09887677800752537,194.75599975585936,204.21100158691405,0.1646112655482601,0.05078975106575713,0.0,0.0,0.0,0.0,0.0,0.0,0.0,0.0
2024-01-30,195.3300018310547,196.3600006103516,190.6100006103516,191.58999633789065,109982300,187.2899932861328,0,TSLA,0.0034567835721344142,0.04906089479013853,-0.09708283079549918,191.24599914550782,201.37900085449218,-0.12023379949781265,0.05089368608520435,0.0,0.0,0.0,0.0,0.0,0.0,0.0,0.0
2024-01-31,187.0,193.97000122070312,185.8500061035156,187.2899932861328,103221400,188.8600006103516,1,TSLA,-0.02244377647032414,0.022046348082580103,-0.10301728664387544,187.13799743652345,198.5529998779297,-0.061472618775930354,0.051008935237814836,0.0,0.0,0.0,0.0,0.0,0.0,0.0,0.0
2024-02-01,188.5,189.8800048828125,184.27999877929688,188.8600006103516,91843300,187.91000366210935,0,TSLA,0.008382761388752824,-0.010841628580297025,-0.09696853226777158,188.38399658203127,196.2509994506836,-0.11023004919522505,0.051421016314415154,0.0,0.0,0.0,0.0,0.0,0.0,0.0,0.0
2024-02-02,185.0399932861328,188.69000244140625,182.0,187.91000366210935,110612700,181.05999755859372,0,TSLA,-0.0050301649114268265,-0.019207645211763658,-0.09584755806882173,189.3159973144531,193.8229995727539,0.20436330140576398,0.051451092050204164,0.0,0.0,0.0,0.0,0.0,0.0,0.0,0.0
2024-02-05,184.25999450683597,184.67999267578125,175.00999450683594,181.05999755859372,134294400,185.1000061035156,1,TSLA,-0.03645365318513305,-0.0332639006400155,-0.008596655983370338,187.3419982910156,191.0489990234375,0.2140956689421738,0.024837831643441263,0.0,0.0,0.0,0.0,0.0,0.0,0.0,0.0
2024-02-06,177.2100067138672,186.4900054931641,177.11000061035156,185.1000061035156,122676000,187.5800018310547,1,TSLA,0.0223130928940527,-0.01990889809745089,0.010095531260658097,186.04400024414062,188.6449996948242,-0.08651440417470868,0.02637357644780778,0.0,0.0,0.0,0.0,0.0,0.0,0.0,0.0
2024-02-07,188.17999267578125,189.7899932861328,182.67999267578125,187.5800018310547,111535200,189.55999755859372,1,TSLA,0.013398139631352501,-0.001756169573856492,-0.01754565009812359,186.102001953125,186.61999969482423,-0.09081482930646578,0.020733163802985764,0.0,0.0,0.0,0.0,0.0,0.0,0.0,0.0
2024-02-08,189.0,191.6199951171875,185.5800018310547,189.55999755859372,83034000,193.57000732421875,1,TSLA,0.010555473441792307,0.04694576446820764,-0.010595536395944127,186.24200134277342,187.31299896240233,-0.2555354722096701,0.021231540203522886,0.0,0.0,0.0,0.0,0.0,0.0,0.0,0.0
2024-02-09,190.17999267578125,194.1199951171875,189.47999572753903,193.57000732421875,84476300,188.1300048828125,0,TSLA,0.02115430374167171,0.04575905424857951,0.033530964083551495,187.3740020751953,188.3449996948242,0.0173699930149096,0.020381704738355037,0.0,0.0,0.0,0.0,0.0,0.0,0.0,0.0
2024-02-12,192.1100006103516,194.72999572753903,187.27999877929688,188.1300048828125,95498600,184.0200042724609,0,TSLA,-0.028103539988478476,0.002932098552025586,-0.0038652744105682757,188.78800354003906,188.06500091552732,0.13047801572748807,0.02373329854170799,0.0,0.0,0.0,0.0,0.0,0.0,0.0,0.0
2024-02-13,183.9900054931641,187.25999450683597,182.1100006103516,184.0200042724609,86759500,188.7100067138672,1,TSLA,-0.021846598116614824,-0.029225539974067516,-0.020701395954646706,188.57200317382814,187.30800170898436,-0.09151024203496172,0.025102391939947788,0.0,0.0,0.0,0.0,0.0,0.0,0.0,0.0
2024-02-14,185.3000030517578,188.88999938964844,183.3500061035156,188.7100067138672,81203000,200.4499969482422,1,TSLA,0.025486372853585237,-0.025107198566208355,0.04225123858624702,188.79800415039062,187.4500030517578,-0.06404485964073103,0.021944350149601808,0.0,0.0,0.0,0.0,0.0,0.0,0.0,0.0
2024-02-15,189.16000366210935,200.8800048828125,188.8600006103516,200.4499969482422,120831800,199.9499969482422,0,TSLA,0.06221180550417671,0.06548658770887661,0.08292809475188379,190.97600402832032,188.60900268554684,0.4880213785204981,0.03039914894777036,0.0,0.0,0.0,0.0,0.0,0.0,0.0,0.0
2024-02-16,202.05999755859372,203.1699981689453,197.3999938964844,199.9499969482422,111346700,193.75999450683597,0,TSLA,-0.0024943876658132247,0.08656663572399048,0.06594517004178635,192.252001953125,189.81300201416013,-0.07849837542766058,0.03085316154523753,0.0,0.0,0.0,0.0,0.0,0.0,0.0,0.0
2024-02-20,196.1300048828125,198.6000061035156,189.1300048828125,193.75999450683597,104545800,194.7700042724609,1,TSLA,-0.03095775211743823,0.02676057237720242,0.02215655730288768,193.37799987792968,191.08300170898434,-0.061078595054905094,0.03441541634640297,0.0,0.0,0.0,0.0,0.0,0.0,0.0,0.0
2024-02-21,193.3600006103516,199.44000244140625,191.9499969482422,194.7700042724609,103500300,197.41000366210935,1,TSLA,0.005212684735028228,-0.028336207344756947,0.006199291743747448,195.5279998779297,192.0500015258789,-0.010000401737802922,0.0335802696342241,0.0,0.0,0.0,0.0,0.0,0.0,0.0,0.0
2024-02-22,194.0,198.32000732421875,191.3600006103516,197.41000366210935,92739500,191.97000122070312,0,TSLA,0.013554445406056326,-0.012703142410101287,0.04932758485323707,197.2679992675781,193.0330017089844,-0.10396878076681904,0.03108760387774559,0.0,0.0,0.0,0.0,0.0,0.0,0.0,0.0
2024-02-23,195.30999755859372,197.57000732421875,191.5,191.97000122070312,78841900,199.3999938964844,1,TSLA,-0.027556873210526023,-0.009238198476877457,0.04320180830162035,195.5720001220703,193.2740020751953,-0.14985631796591525,0.032040501843843903,0.0,0.0,0.0,0.0,0.0,0.0,0.0,0.0
2024-02-26,192.2899932861328,201.77999877929688,192.0,199.3999938964844,111747100,199.72999572753903,1,TSLA,0.03870392576202164,0.023771574279716434,0.056647696477622356,195.46199951171874,193.85700073242188,0.41735676080865636,0.033693175387655525,0.0,0.0,0.0,0.0,0.0,0.0,0.0,0.0
2024-02-27,204.0399932861328,205.6000061035156,198.25999450683597,199.72999572753903,108645400,202.0399932861328,1,TSLA,0.001654974128163511,0.01175215046042255,-0.0035919243285849056,196.65599975585934,195.01699981689453,-0.02775642499894848,0.023927344923290492,0.0,0.0,0.0,0.0,0.0,0.0,0.0,0.0
2024-02-28,200.4199981689453,205.3000030517578,198.44000244140625,202.0399932861328,99806200,201.8800048828125,0,TSLA,0.01156560160219966,0.052456071268408566,0.010452594997696574,198.10999755859376,196.81899871826172,-0.08135825354778026,0.024296679868082566,0.0,0.0,0.0,0.0,0.0,0.0,0.0,0.0
2024-02-29,204.17999267578125,205.27999877929688,198.4499969482422,201.8800048828125,85907000,202.63999938964844,1,TSLA,-0.0007918650199801869,0.012437367413439038,0.04190756918962468,199.00399780273438,198.13599853515626,-0.1392618895419323,0.019787486852176937,0.0,0.0,0.0,0.0,0.0,0.0,0.0,0.0
2024-03-01,200.5200042724609,204.5200042724609,198.5,202.63999938964844,82243100,188.13999938964844,0,TSLA,0.003764585340074067,0.014569687700184408,0.04040660750912295,201.13799743652345,198.35499877929686,-0.04264960946139429,0.01980524900246307,0.0,0.0,0.0,0.0,0.0,0.0,0.0,0.0
2024-03-04,198.72999572753903,199.75,186.72000122070312,188.13999938964844,134334900,180.7400054931641,0,TSLA,-0.07155546804023882,-0.0687982298474884,-0.046958128263487664,198.88599853515626,197.1739990234375,0.6333880896999262,0.034760080004785046,0.0,0.0,0.0,0.0,0.0,0.0,0.0,0.0
2024-03-05,183.0500030517578,184.58999633789065,177.57000732421875,180.7400054931641,119660800,176.5399932861328,0,TSLA,-0.03933237971984116,-0.10471566712077196,-0.05849870113105948,195.08800048828124,195.87200012207032,-0.109235202467862,0.036213869753955644,0.0,0.0,0.0,0.0,0.0,0.0,0.0,0.0
2024-03-06,179.99000549316406,181.5800018310547,173.6999969482422,176.5399932861328,107920900,178.64999389648438,1,TSLA,-0.02323786698783814,-0.1287998725924241,-0.11464393836550979,189.98800048828124,194.0489990234375,-0.09810982376851907,0.029921162359173557,0.0,0.0,0.0,0.0,0.0,0.0,0.0,0.0
2024-03-07,174.35000610351562,180.0399932861328,173.6999969482422,178.64999389648438,102129000,175.33999633789062,0,TSLA,0.011951969472048907,-0.05044119019852733,-0.10554249377650249,185.3419982910156,192.172998046875,-0.05366801055217296,0.031207842289128193,0.0,0.0,0.0,0.0,0.0,0.0,0.0,0.0
2024-03-08,181.5,182.72999572753903,174.6999969482422,175.33999633789062,85544600,177.77000427246094,1,TSLA,-0.018527834714126334,-0.02987722137408977,-0.1321520383859306,179.88199768066406,190.50999755859374,-0.16238678534010909,0.02886248341803,0.0,0.0,0.0,0.0,0.0,0.0,0.0,0.0
2024-03-11,175.4499969482422,182.8699951171875,174.8000030517578,177.77000427246094,85391500,177.5399932861328,0,TSLA,0.013858834181150304,0.006967322040930091,-0.1194273827383101,177.80799865722656,188.3469985961914,-0.0017897096952934621,0.030918052479981167,0.0,0.0,0.0,0.0,0.0,0.0,0.0,0.0
2024-03-12,177.77000427246094,179.42999267578125,172.41000366210938,177.5399932861328,87391700,169.47999572753906,0,TSLA,-0.0012938683737420131,-0.006213269791628062,-0.1238650127275801,177.16799621582032,186.12799835205078,0.023423877083784683,0.03039057119709718,0.0,0.0,0.0,0.0,0.0,0.0,0.0,0.0
2024-03-13,173.0500030517578,176.0500030517578,169.14999389648438,169.47999572753906,106524500,162.5,0,TSLA,-0.04539820808488959,-0.03342078665873238,-0.09918148040100427,175.75599670410156,182.87199859619142,0.218931546130811,0.023601622010647798,0.0,0.0,0.0,0.0,0.0,0.0,0.0,0.0
2024-03-14,167.77000427246094,171.1699981689453,160.50999450683594,162.5,126325700,163.57000732421875,1,TSLA,-0.04118477639544138,-0.08589752998518929,-0.10091847371252827,172.5259979248047,178.93399810791016,0.18588399851677306,0.023933608449645382,0.0,0.0,0.0,0.0,0.0,0.0,0.0,0.0
2024-03-15,163.16000366210938,165.17999267578125,160.75999450683594,163.57000732421875,97146800,173.8000030517578,1,TSLA,0.006584660456730784,-0.07868641709025692,-0.07346769262017894,170.1720001220703,175.0269989013672,-0.23098150257627703,0.024825832427723054,0.0,0.0,0.0,0.0,0.0,0.0,0.0,0.0
2024-03-18,170.02000427246094,174.72000122070312,165.89999389648438,173.8000030517578,108214400,171.32000732421875,0,TSLA,0.06254200201423088,0.025489777160271565,-0.027148004536383108,169.37799987792968,173.59299926757814,0.11392655239287341,0.036902379548445746,0.0,0.0,0.0,0.0,0.0,0.0,0.0,0.0
2024-03-19,172.36000061035156,172.82000732421875,167.4199981689453,171.32000732421875,77271400,175.66000366210938,1,TSLA,-0.014269250195585559,0.054276968149038485,-0.022926822730879426,168.13400268554688,172.6509994506836,-0.2859416122068782,0.03664457390011159,0.0,0.0,0.0,0.0,0.0,0.0,0.0,0.0
2024-03-20,173.0,176.25,170.82000732421875,175.66000366210938,83846700,172.82000732421875,0,TSLA,0.025332688257929448,0.07391328358827143,-0.011869272428646882,169.37000427246093,172.56300048828126,0.08509357925442007,0.037750568834674106,0.0,0.0,0.0,0.0,0.0,0.0,0.0,0.0
2024-03-21,176.38999938964844,178.17999267578125,171.8000030517578,172.82000732421875,73178000,170.8300018310547,0,TSLA,-0.016167575308454918,-0.0056386404506979515,-0.026585480119440397,171.4340057373047,171.9800018310547,-0.12724054733221457,0.03817957425729422,0.0,0.0,0.0,0.0,0.0,0.0,0.0,0.0
2024-03-22,166.69000244140625,171.1999969482422,166.3000030517578,170.8300018310547,75580600,172.6300048828125,1,TSLA,-0.01151490226146512,-0.0028601766998336275,0.007965577870829854,172.88600463867186,171.52900238037108,0.032832271994315265,0.03384294700541941,0.0,0.0,0.0,0.0,0.0,0.0,0.0,0.0
2024-03-25,168.75999450683594,175.24000549316406,168.72999572753906,172.6300048828125,74228600,177.6699981689453,1,TSLA,0.010536808713131895,-0.017249224161040244,0.06233849158653837,172.65200500488282,171.01500244140624,-0.0178881882387808,0.028099300453619528,0.0,0.0,0.0,0.0,0.0,0.0,0.0,0.0
2024-03-26,178.5800018310547,184.25,177.3800048828125,177.6699981689453,113186200,179.8300018310547,1,TSLA,0.029195349264770964,0.028063827330059965,0.0862015663836122,173.92200317382813,171.0280029296875,0.5248327464077189,0.02905776028181119,0.0,0.0,0.0,0.0,0.0,0.0,0.0,0.0
2024-03-27,181.41000366210935,181.91000366210935,176.0,179.8300018310547,81804000,175.7899932861328,0,TSLA,0.012157391142962881,0.05268395424417727,0.034695044150840015,174.7560028076172,172.06300354003906,-0.2772617156508479,0.019029886263220164,0.0,0.0,0.0,0.0,0.0,0.0,0.0,0.0
2024-03-28,177.4499969482422,179.57000732421875,175.3000030517578,175.7899932861328,77654800,175.22000122070312,0,TSLA,-0.022465709302040393,0.018304977778720533,0.026091441576083563,175.35,173.39200286865236,-0.050721236125372826,0.02060306078778535,0.0,0.0,0.0,0.0,0.0,0.0,0.0,0.0
2024-04-01,176.1699981689453,176.75,170.2100067138672,175.22000122070312,81562100,166.6300048828125,0,TSLA,-0.003242460249155976,-0.013789592916596427,-0.0025048527395719056,176.22799987792968,174.55700225830077,0.05031627149899287,0.018348833409754788,0.0,0.0,0.0,0.0,0.0,0.0,0.0,0.0
2024-04-02,164.75,167.69000244140625,163.42999267578125,166.6300048828125,116650600,168.3800048828125,1,TSLA,-0.049024062767074494,-0.07340264034831756,-0.035817626311017925,175.0279998779297,173.84000244140626,0.4302059412398651,0.025799655850162438,0.0,0.0,0.0,0.0,0.0,0.0,0.0,0.0
2024-04-03,164.02000427246094,168.82000732421875,163.27999877929688,168.3800048828125,82950100,171.11000061035156,1,TSLA,0.01050231020055925,-0.04215250404645676,-0.014341725235507252,173.1700012207031,173.54600219726564,-0.28890121439581107,0.026198978467232042,0.0,0.0,0.0,0.0,0.0,0.0,0.0,0.0
2024-04-04,170.07000732421875,177.19000244140625,168.00999450683594,171.11000061035156,123162000,164.89999389648438,0,TSLA,0.016213301154368365,-0.023456229778098803,-0.008804983082128626,171.4260009765625,173.09100189208985,0.48477217025657593,0.026725695202953908,0.0,0.0,0.0,0.0,0.0,0.0,0.0,0.0
2024-04-05,169.0800018310547,170.86000061035156,160.50999450683594,164.89999389648438,143157600,172.97999572753906,1,TSLA,-0.036292482565110196,-0.010382349730739149,-0.0718748489000266,169.2480010986328,172.29900054931642,0.1623520241632972,0.025861814901344527,0.0,0.0,0.0,0.0,0.0,0.0,0.0,0.0
2024-04-08,169.33999633789062,174.5,167.7899932861328,172.97999572753906,104423300,176.8800048828125,1,TSLA,0.04899940648952894,0.027319103880107498,-0.03809156444290651,168.8,172.51399993896484,-0.27057103499918966,0.033743457345824714,0.0,0.0,0.0,0.0,0.0,0.0,0.0,0.0
2024-04-09,172.91000366210938,179.22000122070312,171.9199981689453,176.8800048828125,102951700,171.75999450683594,0,TSLA,0.02254601255405486,0.033721023037106335,0.0062006464435406805,170.85,172.93899993896486,-0.01409264024408341,0.0341565115824386,0.0,0.0,0.0,0.0,0.0,0.0,0.0,0.0
2024-04-10,173.0399932861328,174.92999267578125,170.00999450683594,171.75999450683594,84532400,174.60000610351562,1,TSLA,-0.028946236061948905,0.04160097552615993,-0.019746642448136065,171.5259979248047,172.3479995727539,-0.17891205293356016,0.036065316537745626,0.0,0.0,0.0,0.0,0.0,0.0,0.0,0.0
2024-04-11,172.5500030517578,175.8800048828125,168.50999450683594,174.60000610351562,94516000,171.0500030517578,0,TSLA,0.01653476762638495,0.009365304751933534,0.047830528639234426,172.2239990234375,171.825,0.11810382764478478,0.029888732938863228,0.0,0.0,0.0,0.0,0.0,0.0,0.0,0.0
2024-04-12,172.33999633789062,173.80999755859375,170.36000061035156,171.0500030517578,64722700,161.47999572753906,0,TSLA,-0.020332204625772565,-0.03296020844706116,0.01585697880697623,173.4540008544922,171.3510009765625,-0.3152196453510516,0.03152746227425304,0.0,0.0,0.0,0.0,0.0,0.0,0.0,0.0
2024-04-15,170.24000549316406,170.69000244140625,161.3800048828125,161.47999572753906,100245300,157.11000061035156,0,TSLA,-0.05594859487563397,-0.0598509496277827,-0.056279614566431824,171.15400085449218,169.97700042724608,0.5488429870818121,0.0375796259612075,0.0,0.0,0.0,0.0,0.0,0.0,0.0,0.0
2024-04-16,156.74000549316406,158.19000244140625,153.75,157.11000061035156,97000000,155.4499969482422,0,TSLA,-0.027062145360474688,-0.1001718492655419,-0.04724071300465282,167.2,169.025,-0.032373587589642594,0.03655440270185057,0.0,0.0,0.0,0.0,0.0,0.0,0.0,0.0
2024-04-17,157.63999938964844,158.3300018310547,153.77999877929688,155.4499969482422,82439700,149.92999267578125,0,TSLA,-0.010565868854054306,-0.09120143715399542,-0.10134119096007144,163.93800048828126,167.73199920654298,-0.15010618556701028,0.02729103697710514,0.0,0.0,0.0,0.0,0.0,0.0,0.0,0.0
2024-04-18,151.25,152.1999969482422,148.6999969482422,149.92999267578125,96098800,147.0500030517578,0,TSLA,-0.03550983840996058,-0.07152590634969935,-0.15236324888664676,159.00399780273438,165.61399841308594,0.16568594985183105,0.022429849410489568,0.0,0.0,0.0,0.0,0.0,0.0,0.0,0.0
2024-04-19,148.97000122070312,150.94000244140625,146.22000122070312,147.0500030517578,87074500,142.0500030517578,0,TSLA,-0.0192088959161848,-0.0640315544491884,-0.14386348535947746,154.20399780273436,163.8289993286133,-0.09390647958143072,0.022309818380809105,0.0,0.0,0.0,0.0,0.0,0.0,0.0,0.0
2024-04-22,140.55999755859375,144.44000244140625,138.8000030517578,142.0500030517578,107097600,144.67999267578125,1,TSLA,-0.03400203941675628,-0.08620131334544812,-0.1864261278001319,150.31799926757813,160.73600006103516,0.22995366037129128,0.014765807501241431,0.0,0.0,0.0,0.0,0.0,0.0,0.0,0.0
2024-04-23,143.3300018310547,147.25999450683594,141.11000061035156,144.67999267578125,124545100,162.1300048828125,1,TSLA,0.018514534090260826,-0.03501634266969489,-0.15416550660918316,147.83199768066407,157.51599884033203,0.1629121474244053,0.023348740739855017,0.0,0.0,0.0,0.0,0.0,0.0,0.0,0.0
2024-04-24,162.83999633789062,167.97000122070312,157.50999450683594,162.1300048828125,181178000,170.17999267578125,1,TSLA,0.12061109407252757,0.1025501633328556,0.004025323089370092,149.16799926757812,156.5529998779297,0.4547180097811958,0.0555226217869642,0.0,0.0,0.0,0.0,0.0,0.0,0.0,0.0
2024-04-25,158.9600067138672,170.8800048828125,158.36000061035156,170.17999267578125,126427500,168.2899932861328,0,TSLA,0.04965143743002587,0.19802878577745542,0.08319007074441154,153.21799926757814,156.11099853515626,-0.30219176721235474,0.05643391305498031,0.0,0.0,0.0,0.0,0.0,0.0,0.0,0.0
2024-04-26,168.85000610351562,172.1199951171875,166.3699951171875,168.2899932861328,109815700,194.0500030517578,1,TSLA,-0.011105884774887609,0.16318773711345202,0.08259888446421626,157.46599731445312,155.83499755859376,-0.13139388186905543,0.05647150932031088,0.0,0.0,0.0,0.0,0.0,0.0,0.0,0.0
2024-04-29,188.4199981689453,198.8699951171875,184.5399932861328,194.0500030517578,243869700,183.27999877929688,0,TSLA,0.1530691710339953,0.19687903045470878,0.29427074322203595,167.86599731445312,159.0919982910156,1.2207179847690268,0.07237690250674292,0.0,0.0,0.0,0.0,0.0,0.0,0.0,0.0
2024-04-30,186.97999572753903,190.9499969482422,182.83999633789065,183.27999877929688,127031800,179.99000549316406,0,TSLA,-0.05550118063944742,0.07697735731175603,0.24637874855933894,175.58599853515625,161.70899810791016,-0.47909969955267095,0.07834911060340631,0.0,0.0,0.0,0.0,0.0,0.0,0.0,0.0
2024-05-01,182.0,185.8600006103516,179.00999450683594,179.99000549316406,92829700,180.00999450683594,1,TSLA,-0.017950640048260635,0.06952292277496541,0.26708906459919124,179.15799865722656,164.16299896240236,-0.2692404579010925,0.07621727472642377,0.0,0.0,0.0,0.0,0.0,0.0,0.0,0.0
2024-05-02,182.8600006103516,184.6000061035156,176.02000427246094,180.00999450683594,89148000,181.19000244140625,1,TSLA,0.0001110562423569661,-0.07235252936933512,0.24419410851248102,181.1239990234375,167.1709991455078,-0.039660798214364634,0.07726160795810827,0.0,0.0,0.0,0.0,0.0,0.0,0.0,0.0
2024-05-03,182.1000061035156,184.77999877929688,178.4199981689453,181.19000244140625,75491500,184.75999450683597,1,TSLA,0.006555235656792835,-0.011403297423672298,0.11755996413107073,183.7040008544922,170.58499908447266,-0.1531890788351954,0.06737744451009517,0.0,0.0,0.0,0.0,0.0,0.0,0.0,0.0
2024-05-06,183.8000030517578,187.55999755859372,182.1999969482422,184.75999450683597,84390300,177.80999755859375,0,TSLA,0.01970303006416807,0.026501410456665875,0.08567400669026837,181.84599914550785,174.85599822998046,0.11787817171469639,0.06595612075753557,0.0,0.0,0.0,0.0,0.0,0.0,0.0,0.0
2024-05-07,182.3999938964844,183.25999450683597,177.39999389648438,177.80999755859375,75045900,174.72000122070312,0,TSLA,-0.03761635178001199,-0.012221526667279825,0.056569045411242413,180.7519989013672,178.16899871826172,-0.11072836570079736,0.0683266353579471,0.0,0.0,0.0,0.0,0.0,0.0,0.0,0.0
2024-05-08,171.58999633789062,176.05999755859375,170.14999389648438,174.72000122070312,79969500,171.97000122070312,0,TSLA,-0.017378079862311324,-0.035708378682733355,-0.09961350954423287,179.697998046875,179.4279983520508,0.0656078479970259,0.026020051315367644,0.0,0.0,0.0,0.0,0.0,0.0,0.0,0.0
2024-05-09,175.00999450683594,175.6199951171875,171.3699951171875,171.97000122070312,65950300,168.47000122070312,0,TSLA,-0.01573946875450305,-0.06922490618313815,-0.06170884784985775,178.08999938964843,179.60699920654298,-0.1753068357311225,0.01898857487810163,0.0,0.0,0.0,0.0,0.0,0.0,0.0,0.0
2024-05-10,173.0500030517578,173.05999755859375,167.75,168.47000122070312,72627200,171.88999938964844,1,TSLA,-0.02035238689978358,-0.05252795942934996,-0.0640035775369675,175.5459991455078,179.625,0.10124138934925231,0.019199845647300803,0.0,0.0,0.0,0.0,0.0,0.0,0.0,0.0
2024-05-13,170.0,175.39999389648438,169.0,171.88999938964844,67018900,177.5500030517578,1,TSLA,0.020300339194899042,-0.016197354689116983,-0.04510857932879464,172.9720001220703,177.40899963378905,-0.07722038024321465,0.022132093821228563,0.0,0.0,0.0,0.0,0.0,0.0,0.0,0.0
2024-05-14,174.5,179.49000549316406,174.07000732421875,177.5500030517578,86407400,173.99000549316406,0,TSLA,0.03292805679333921,0.03244753033346437,-0.020089405268513882,172.9200012207031,176.83600006103515,0.28929898879271376,0.02650918906691087,0.0,0.0,0.0,0.0,0.0,0.0,0.0,0.0
2024-05-15,179.89999389648438,180.0,173.11000061035156,173.99000549316406,79663000,174.83999633789062,1,TSLA,-0.02005067585133169,0.03276550265604561,-0.058291780330581355,172.7740020751953,176.23600006103516,-0.0780535000474496,0.02516038870185094,0.0,0.0,0.0,0.0,0.0,0.0,0.0,0.0
2024-05-16,174.10000610351562,175.7899932861328,171.42999267578125,174.83999633789062,59812200,177.4600067138672,1,TSLA,0.004885285464054867,0.0171621208838042,-0.016703229635467554,173.3480010986328,175.71900024414063,-0.24918469050876824,0.021803264289924244,0.0,0.0,0.0,0.0,0.0,0.0,0.0,0.0
2024-05-17,173.5500030517578,179.6300048828125,172.75,177.4600067138672,77445800,174.9499969482422,0,TSLA,0.014985188920464187,-0.000506878830435098,0.015682265762480885,175.14600219726563,175.34600067138672,0.29481610775059264,0.021477464195811886,0.0,0.0,0.0,0.0,0.0,0.0,0.0,0.0
2024-05-20,177.55999755859375,177.75,173.52000427246094,174.9499969482422,61727400,186.6000061035156,1,TSLA,-0.014144086952910362,0.0055175091946062516,0.01732857885902206,175.75800170898438,174.36500091552733,-0.20296000557809457,0.021259979723408557,0.0,0.0,0.0,0.0,0.0,0.0,0.0,0.0
2024-05-21,175.50999450683594,186.8800048828125,174.7100067138672,186.6000061035156,115266500,180.11000061035156,0,TSLA,0.0665905079079252,0.06726155348858454,0.1076156274199902,177.56800231933593,175.24400177001954,0.8673474016401144,0.029414536441526987,0.0,0.0,0.0,0.0,0.0,0.0,0.0,0.0
2024-05-22,182.8500061035156,183.8000030517578,178.1199951171875,180.11000061035156,88313500,173.74000549316406,0,TSLA,-0.03478030697149992,0.01493290767624722,0.047821288323293576,178.79200134277343,175.7830017089844,-0.2338320327241653,0.03467863879870071,0.0,0.0,0.0,0.0,0.0,0.0,0.0,0.0
2024-05-23,181.8000030517578,181.8999938964844,173.25999450683594,173.74000549316406,71975500,179.24000549316406,1,TSLA,-0.03536724832380789,-0.006916213067646337,-0.02145872989640607,178.57200317382814,175.96000213623046,-0.1850000283082428,0.03582279766770186,0.0,0.0,0.0,0.0,0.0,0.0,0.0,0.0
2024-05-24,174.83999633789062,180.0800018310547,173.72999572753906,179.24000549316406,65584500,176.75,0,TSLA,0.03165649721483632,-0.03944266007295094,0.03017414698688703,178.9280029296875,177.03700256347656,-0.08879410354912431,0.03692777486617844,0.0,0.0,0.0,0.0,0.0,0.0,0.0,0.0
2024-05-28,176.39999389648438,178.25,173.16000366210938,176.75,59736600,176.19000244140625,0,TSLA,-0.01389201861667555,-0.01865526955174779,0.010924294795900957,179.28800354003906,177.52300262451172,-0.08916588523202895,0.037599179151862956,0.0,0.0,0.0,0.0,0.0,0.0,0.0,0.0
2024-05-29,174.19000244140625,178.14999389648438,173.92999267578125,176.19000244140625,54782600,178.7899932861328,1,TSLA,-0.0031683030189180172,0.014101513012433786,-0.007156566124268626,177.20600280761718,177.38700256347656,-0.08293073258270478,0.037190155136976044,0.0,0.0,0.0,0.0,0.0,0.0,0.0,0.0
2024-05-30,178.5800018310547,182.6699981689453,175.3800048828125,178.7899932861328,77618400,178.0800018310547,0,TSLA,0.014756744473008343,-0.0025106683398780083,0.021949107772929244,176.94200134277344,177.86700134277345,0.416844034419688,0.03701951825824789,0.0,0.0,0.0,0.0,0.0,0.0,0.0,0.0
2024-05-31,178.5,180.32000732421875,173.82000732421875,178.0800018310547,67314600,176.2899932861328,0,TSLA,-0.003971091681523098,0.007524762834821397,-0.04565918539002867,177.81000061035155,178.19100189208984,-0.13274945116106496,0.024538818744838126,0.0,0.0,0.0,0.0,0.0,0.0,0.0,0.0
2024-06-03,178.1300048828125,182.63999938964844,174.49000549316406,176.2899932861328,68568900,174.77000427246094,0,TSLA,-0.0100517100545634,0.0005675171311709803,-0.02120930160054202,177.21999816894532,178.0740005493164,0.01863340196628971,0.021343285912353908,0.0,0.0,0.0,0.0,0.0,0.0,0.0,0.0
2024-06-04,174.77999877929688,177.75999450683594,174.0,174.77000427246094,60056300,175.0,1,TSLA,-0.008622094682395387,-0.02248441839380988,0.005928391543290168,176.8239990234375,178.05600128173828,-0.12414666124146656,0.01636887485254259,0.0,0.0,0.0,0.0,0.0,0.0,0.0,0.0
2024-06-05,175.35000610351562,176.14999389648438,172.1300048828125,175.0,57953800,177.94000244140625,1,TSLA,0.0013159908560766986,-0.01729560758864268,-0.023655463976906432,176.58599853515625,176.89600067138673,-0.035008816726971204,0.009432936394396985,0.0,0.0,0.0,0.0,0.0,0.0,0.0,0.0
2024-06-06,174.60000610351562,179.72999572753906,172.72999572753906,177.94000244140625,69887000,177.47999572753906,0,TSLA,0.01680001395089281,0.009359630257602447,0.0067326870800918925,176.41600036621094,176.6790008544922,0.20590884463141323,0.010768776677182344,0.0,0.0,0.0,0.0,0.0,0.0,0.0,0.0
2024-06-07,176.1300048828125,179.35000610351562,175.5800018310547,177.47999572753906,56244900,173.7899932861328,0,TSLA,-0.0025851787543875737,0.015506044451731649,0.007321603202552929,176.2959991455078,177.0529998779297,-0.19520225506889688,0.01073327820140379,0.0,0.0,0.0,0.0,0.0,0.0,0.0,0.0
2024-06-10,176.05999755859375,178.57000732421875,173.1699981689453,173.7899932861328,50774600,170.66000366210938,0,TSLA,-0.020791089307163446,-0.006914324079241085,-0.027965770947807278,175.7959991455078,176.50799865722655,-0.09725859589047181,0.011567405665564108,0.0,0.0,0.0,0.0,0.0,0.0,0.0,0.0
2024-06-11,173.9199981689453,174.75,167.41000366210938,170.66000366210938,64761900,177.2899932861328,1,TSLA,-0.018010183238054034,-0.04091265976965519,-0.0416666559560388,174.9739990234375,175.8989990234375,0.2754782903262656,0.012723583599697674,0.0,0.0,0.0,0.0,0.0,0.0,0.0,0.0
2024-06-12,171.1199951171875,180.5500030517578,169.8000030517578,177.2899932861328,90389400,182.47000122070312,1,TSLA,0.03884911216309472,-0.001070556941515477,0.005672471711862359,175.43199768066407,176.00899810791014,0.39571877909696895,0.020912405273262876,0.0,0.0,0.0,0.0,0.0,0.0,0.0,0.0
2024-06-13,188.38999938964844,191.0800018310547,181.22999572753903,182.47000122070312,118984100,178.00999450683594,0,TSLA,0.029217711832219218,0.049945383911024654,0.04405788613610229,176.33799743652344,176.3769989013672,0.31635014725177957,0.022816463761155165,0.0,0.0,0.0,0.0,0.0,0.0,0.0,0.0
2024-06-14,185.8000030517578,186.0,176.9199981689453,178.00999450683594,82038200,187.44000244140625,1,TSLA,-0.024442410719736185,0.04306803402675907,0.017199968610491112,176.44399719238282,176.3699981689453,-0.31051123637528044,0.025671454852699546,0.0,0.0,0.0,0.0,0.0,0.0,0.0,0.0
2024-06-17,177.9199981689453,188.80999755859372,177.0,187.44000244140625,109786100,184.8600006103516,0,TSLA,0.052974598199923895,0.057250885778376004,0.0533887820032386,179.1739990234375,177.48499908447266,0.3382314580280894,0.031870826256992627,0.0,0.0,0.0,0.0,0.0,0.0,0.0,0.0
2024-06-18,186.55999755859372,187.1999969482422,182.3699951171875,184.8600006103516,68982300,181.57000732421875,0,TSLA,-0.013764414198944364,0.013098040081436002,0.041582178614327114,182.01399841308594,178.4939987182617,-0.37166635849164875,0.03275101108666809,0.0,0.0,0.0,0.0,0.0,0.0,0.0,0.0
2024-06-20,184.67999267578125,185.2100067138672,179.66000366210938,181.57000732421875,55893100,183.00999450683597,1,TSLA,-0.017797215597047944,0.01999894908847999,0.044766754926313324,182.87000122070313,179.1509994506836,-0.18974722501279317,0.032355570380431915,0.0,0.0,0.0,0.0,0.0,0.0,0.0,0.0
2024-06-21,182.3000030517578,183.9499969482422,180.69000244140625,183.00999450683597,61937300,182.5800018310547,0,TSLA,0.007930754665036233,-0.02363427164356291,0.0723660528519523,182.97799987792968,179.65799865722656,0.10813857166627017,0.030482626945792263,0.0,0.0,0.0,0.0,0.0,0.0,0.0,0.0
2024-06-24,184.97000122070312,188.8000030517578,182.5500030517578,182.5800018310547,61992100,187.3500061035156,1,TSLA,-0.0023495584322593688,-0.012333651259163858,0.029838167664568704,183.89200134277343,180.16799926757812,0.0008847657227550876,0.027951880949595304,0.0,0.0,0.0,0.0,0.0,0.0,0.0,0.0
2024-06-25,184.3999938964844,187.97000122070312,182.00999450683597,187.3500061035156,62905700,196.3699951171875,1,TSLA,0.026125557150967094,0.03183344465573468,0.026744148902097864,183.8740020751953,181.5240005493164,0.014737361696087081,0.02751792592722461,0.0,0.0,0.0,0.0,0.0,0.0,0.0,0.0
2024-06-26,186.5399932861328,197.75999450683597,186.3600006103516,196.3699951171875,95737100,197.4199981689453,1,TSLA,0.0481451226037759,0.07300148085547598,0.10314027962989747,186.1760009765625,184.09499969482422,0.5219145482841778,0.028625409778629044,0.0,0.0,0.0,0.0,0.0,0.0,0.0,0.0
2024-06-27,195.1699981689453,198.72000122070312,194.0500030517578,197.4199981689453,72746500,197.8800048828125,1,TSLA,0.0053470646120412635,0.08127941827726781,0.053243681164903967,189.34599914550782,186.10800018310547,-0.2401430584381603,0.023067695659579925,0.0,0.0,0.0,0.0,0.0,0.0,0.0,0.0
2024-06-28,199.5500030517578,203.1999969482422,195.25999450683597,197.8800048828125,95438100,209.8600006103516,1,TSLA,0.002330091774560339,0.05620495562449479,0.07043170090594408,192.32000122070312,187.6490005493164,0.31192703429030955,0.021311302016646227,0.0,0.0,0.0,0.0,0.0,0.0,0.0,0.0
2024-07-01,201.0200042724609,213.22999572753903,200.8500061035156,209.8600006103516,135691400,231.25999450683597,1,TSLA,0.06054171938510833,0.06869687746905373,0.1558076342180077,197.7760009765625,190.83400115966796,0.4217739037135064,0.024617404798834945,0.0,0.0,0.0,0.0,0.0,0.0,0.0,0.0
2024-07-02,218.88999938964844,231.3000030517578,218.05999755859372,231.25999450683597,205047900,246.38999938964844,1,TSLA,0.10197271435359356,0.1714111875785327,0.26364680317061984,206.55799865722656,195.21600036621095,0.5111340880851698,0.03814378926627182,0.0,0.0,0.0,0.0,0.0,0.0,0.0,0.0
2024-07-03,234.55999755859372,248.3500061035156,234.25,246.38999938964844,166561500,251.5200042724609,1,TSLA,0.06542422054051045,0.2451485410846046,0.3494906173658523,216.56199951171874,201.36900024414064,-0.18769468012108392,0.03573061554443805,0.0,0.0,0.0,0.0,0.0,0.0,0.0,0.0
2024-07-05,249.80999755859372,252.3699951171875,242.4600067138672,251.5200042724609,154501200,252.94000244140625,1,TSLA,0.02082067005771493,0.19851331145023532,0.34251399027705265,227.3820007324219,208.36399993896484,-0.07240748912563832,0.03623231985196404,0.0,0.0,0.0,0.0,0.0,0.0,0.0,0.0
2024-07-08,247.7100067138672,259.44000244140625,244.57000732421875,252.94000244140625,157219600,262.3299865722656,1,TSLA,0.005645666924397386,0.09374733395113632,0.2880786715427657,238.3940002441406,215.35700073242188,0.017594685348722106,0.038796522953865986,0.0,0.0,0.0,0.0,0.0,0.0,0.0,0.0
2024-07-09,251.0,265.6099853515625,250.3000030517578,262.3299865722656,160210900,263.260009765625,1,TSLA,0.03712336538398886,0.0646941321567569,0.3287913534867555,248.88799743652345,223.33199920654297,0.01902625372409039,0.03618677890285808,0.0,0.0,0.0,0.0,0.0,0.0,0.0,0.0
2024-07-10,262.79998779296875,267.5899963378906,257.8599853515625,263.260009765625,128519400,241.02999877929688,0,TSLA,0.003545241645880992,0.046676229698400684,0.3304022805211244,255.28800048828126,230.9229995727539,-0.1978111351974179,0.03596712116412817,0.0,0.0,0.0,0.0,0.0,0.0,0.0,0.0
2024-07-11,263.29998779296875,271.0,239.6499938964844,241.02999877929688,221707300,248.22999572753903,1,TSLA,-0.08444127539962887,-0.04708627954120592,0.14852758066468708,254.21600036621095,235.38899993896484,0.7250881968014167,0.058376663509636814,0.0,0.0,0.0,0.0,0.0,0.0,0.0,0.0
2024-07-12,235.8000030517578,251.83999633789065,233.08999633789065,248.22999572753903,155955800,252.63999938964844,1,TSLA,0.029871787680814554,-0.053749062503162914,0.0733806175897036,253.55799865722656,240.46999969482422,-0.2965689447302817,0.0470640615949855,0.0,0.0,0.0,0.0,0.0,0.0,0.0,0.0
2024-07-15,255.97000122070312,265.6000061035156,251.72999572753903,252.63999938964844,146912900,256.5599975585937,1,TSLA,0.01776579679334911,-0.04034038586198996,0.02536628927911999,253.497998046875,245.9459991455078,-0.057983736417626,0.04095309646869108,0.0,0.0,0.0,0.0,0.0,0.0,0.0,0.0
2024-07-16,255.30999755859372,258.6199951171875,245.8000030517578,256.5599975585937,126332500,248.5,0,TSLA,0.015516142251486453,0.0644318087289919,0.02003814090537781,252.34400024414063,250.61599884033203,-0.14008572426247112,0.04064508321235846,0.0,0.0,0.0,0.0,0.0,0.0,0.0,0.0
2024-07-17,252.72999572753903,258.4700012207031,246.17999267578125,248.5,115584800,249.22999572753903,1,TSLA,-0.03141564404151875,0.00108771815295583,-0.017553579499291705,249.39199829101562,252.33999938964843,-0.08507470365899517,0.04269268556359575,0.0,0.0,0.0,0.0,0.0,0.0,0.0,0.0
2024-07-18,251.08999633789065,257.1400146484375,247.1999969482422,249.22999572753903,110869000,239.1999969482422,0,TSLA,0.002937608561525362,-0.013497481279083345,-0.04993706977954604,251.031997680664,252.6239990234375,-0.04079948228486796,0.039331876998059144,0.0,0.0,0.0,0.0,0.0,0.0,0.0,0.0
2024-07-19,247.7899932861328,249.44000244140625,236.8300018310547,239.1999969482422,87403900,251.50999450683597,1,TSLA,-0.0402439471622098,-0.06766448696425009,-0.09139258499155622,249.22599792480463,251.39199829101562,-0.2116470789851086,0.040899850148716894,0.0,0.0,0.0,0.0,0.0,0.0,0.0,0.0
2024-07-22,244.2100067138672,253.2100067138672,243.75,251.50999450683597,101225400,246.3800048828125,0,TSLA,0.05146320115237035,0.0121126539510501,0.0434800472165926,248.9999969482422,251.2489974975586,0.15813367595725136,0.03268893779449838,0.0,0.0,0.0,0.0,0.0,0.0,0.0,0.0
2024-07-23,253.6000061035156,255.75999450683597,245.6300048828125,246.3800048828125,111928200,215.9900054931641,0,TSLA,-0.020396762498772314,-0.011435183940869509,-0.00745272882636272,246.96399841308593,249.65399932861328,0.10573235571309181,0.0322316565033319,0.0,0.0,0.0,0.0,0.0,0.0,0.0,0.0
2024-07-24,225.4199981689453,225.9900054931641,214.7100067138672,215.9900054931641,167942900,220.25,1,TSLA,-0.12334604589403686,-0.09703173809028198,-0.14506805725548944,240.46199951171874,244.9269989013672,0.5004520755269897,0.054940752517415134,0.0,0.0,0.0,0.0,0.0,0.0,0.0,0.0
2024-07-25,216.8000030517578,226.0,216.22999572753903,220.25,100636500,219.8000030517578,0,TSLA,0.01972310939623889,-0.12428927354609098,-0.14152634044323742,234.66600036621094,242.8489990234375,-0.40076954726874436,0.05542489192863967,0.0,0.0,0.0,0.0,0.0,0.0,0.0,0.0
2024-07-26,221.19000244140625,222.27999877929688,215.3300018310547,219.8000030517578,94604100,232.1000061035156,1,TSLA,-0.0020431189477511102,-0.10788213858383977,-0.11549294546576327,230.78600158691407,240.00599975585936,-0.05994246620262034,0.05554446327263742,0.0,0.0,0.0,0.0,0.0,0.0,0.0,0.0
2024-07-29,224.8999938964844,234.2700042724609,224.6999969482422,232.1000061035156,129201800,222.6199951171875,0,TSLA,0.055959976710561854,0.07458678735420188,-0.06873165316244734,226.90400390625,237.9520004272461,0.36571036561840353,0.0618165032213564,0.0,0.0,0.0,0.0,0.0,0.0,0.0,0.0
2024-07-30,232.25,232.41000366210935,220.0,222.6199951171875,100560300,232.07000732421875,1,TSLA,-0.04084450985365362,0.010760477263053403,-0.06931438981013971,222.152001953125,234.55800018310546,-0.2216803481066053,0.06186844080265797,0.0,0.0,0.0,0.0,0.0,0.0,0.0,0.0
2024-07-31,227.8999938964844,234.67999267578125,226.7899932861328,232.07000732421875,67497000,216.8600006103516,0,TSLA,0.04244907202543402,0.055823494550050645,-0.07729310010417434,225.36800231933594,232.91500091552734,-0.3287907852303543,0.060490879869185096,0.0,0.0,0.0,0.0,0.0,0.0,0.0,0.0
2024-08-01,227.69000244140625,231.8699951171875,214.3300018310547,216.8600006103516,83861900,207.6699981689453,0,TSLA,-0.06554059651757438,-0.0656613748056819,-0.11981493500863316,224.69000244140625,229.6780014038086,0.24245373868468234,0.06410899061415208,0.0,0.0,0.0,0.0,0.0,0.0,0.0,0.0
2024-08-02,214.8800048828125,216.1300048828125,205.77999877929688,207.6699981689453,82880100,198.8800048828125,0,TSLA,-0.04237758192170549,-0.06715478068523217,-0.038520334796149136,222.26400146484374,226.5250015258789,-0.011707342666932186,0.046428819523881976,0.0,0.0,0.0,0.0,0.0,0.0,0.0,0.0
2024-08-05,185.22000122070312,203.8800048828125,182.0,198.8800048828125,100308800,200.63999938964844,1,TSLA,-0.04232673647438423,-0.14301719909474297,-0.09702608452752559,215.62000122070313,221.26200256347656,0.21028811499986122,0.04691673722549899,0.0,0.0,0.0,0.0,0.0,0.0,0.0,0.0
2024-08-06,200.75,202.8999938964844,192.6699981689453,200.63999938964844,73783900,191.75999450683597,0,TSLA,0.008849529684359148,-0.07479480390598559,-0.0871701701368841,211.2240020751953,216.68800201416016,-0.264432432647983,0.04753782411963536,0.0,0.0,0.0,0.0,0.0,0.0,0.0,0.0
2024-08-07,200.7700042724609,203.4900054931641,191.47999572753903,191.75999450683597,71159800,198.83999633789065,1,TSLA,-0.044258397676563255,-0.07661195070250892,-0.17380444005110518,203.16199951171876,214.26500091552734,-0.03556466925711432,0.037751688978870185,0.0,0.0,0.0,0.0,0.0,0.0,0.0,0.0
2024-08-08,195.6999969482422,200.6999969482422,192.0399932861328,198.83999633789065,65033900,200.0,1,TSLA,0.036921162045623124,-0.00020116926759639053,-0.10681879121764881,199.5579986572266,212.1240005493164,-0.08608652638146819,0.04372538527233939,0.0,0.0,0.0,0.0,0.0,0.0,0.0,0.0
2024-08-09,197.0500030517578,200.8800048828125,195.1100006103516,200.0,58648300,197.4900054931641,0,TSLA,0.005833854775063152,-0.003189789631156903,-0.13819109024034548,198.0239990234375,210.1440002441406,-0.0981887907691219,0.03741692313432394,0.0,0.0,0.0,0.0,0.0,0.0,0.0,0.0
2024-08-12,199.0200042724609,199.25999450683597,194.6699981689453,197.4900054931641,64044900,207.8300018310547,1,TSLA,-0.012549972534179554,0.029881159524771883,-0.08932027604293424,197.74599914550782,206.68300018310546,0.09201630737804845,0.03168716324545496,0.0,0.0,0.0,0.0,0.0,0.0,0.0,0.0
2024-08-13,198.47000122070312,208.4900054931641,197.05999755859372,207.8300018310547,76247400,201.3800048828125,0,TSLA,0.052357061371637315,0.04521225939819096,0.0007704707638087616,199.18399963378909,205.2040008544922,0.1905303935207956,0.036790656517943165,0.0,0.0,0.0,0.0,0.0,0.0,0.0,0.0
2024-08-14,207.38999938964844,208.44000244140625,198.75,201.3800048828125,70250000,214.13999938964844,1,TSLA,-0.0310349655555765,0.006900024414062456,0.012570393898939658,201.10800170898438,202.13500061035157,-0.07865710830795547,0.03478300514758432,0.0,0.0,0.0,0.0,0.0,0.0,0.0,0.0
2024-08-15,205.0200042724609,215.8800048828125,204.82000732421875,214.13999938964844,89848500,216.1199951171875,1,TSLA,0.06336276788880446,0.08430803298074063,0.06728468919989683,204.16800231933593,201.86300048828124,0.27898220640569393,0.04187301792802079,0.0,0.0,0.0,0.0,0.0,0.0,0.0,0.0
2024-08-16,211.1499938964844,219.8000030517578,210.8000030517578,216.1199951171875,88765100,222.72000122070312,1,TSLA,0.009246267550119258,0.039888337646610594,0.12703379906220813,207.39200134277343,202.70800018310547,-0.01205807553826721,0.03454001080151164,0.0,0.0,0.0,0.0,0.0,0.0,0.0,0.0
2024-08-19,217.07000732421875,222.97999572753903,214.08999633789065,222.72000122070312,76435200,221.1000061035156,0,TSLA,0.030538618603692225,0.10596879442082074,0.12009658681663304,212.43800048828126,205.09199981689454,-0.13890481732122195,0.03402955154136389,0.0,0.0,0.0,0.0,0.0,0.0,0.0,0.0
2024-08-20,224.8800048828125,228.22000122070312,219.55999755859372,221.1000061035156,74001200,223.2700042724609,1,TSLA,-0.007273684933138069,0.032502132874310696,0.10550003051757795,215.09200134277344,207.13800048828125,-0.0318439671774261,0.035079385316977935,0.0,0.0,0.0,0.0,0.0,0.0,0.0,0.0
2024-08-21,222.6699981689453,224.66000366210935,218.8600006103516,223.2700042724609,70146000,210.66000366210935,0,TSLA,0.009814554993405888,0.033083515254553,0.13053824528952762,219.47000122070312,210.28900146484375,-0.052096452489959644,0.03312118094838941,0.0,0.0,0.0,0.0,0.0,0.0,0.0,0.0
2024-08-22,223.82000732421875,224.8000030517578,210.32000732421875,210.66000366210935,79514500,220.32000732421875,1,TSLA,-0.056478704568676985,-0.05414869563799518,0.013616907116977162,218.7740020751953,211.47100219726562,0.13355715222535847,0.03934462447899077,0.0,0.0,0.0,0.0,0.0,0.0,0.0,0.0
2024-08-23,214.4600067138672,221.47999572753903,214.2100067138672,220.32000732421875,81525200,213.2100067138672,0,TSLA,0.0458558981020607,-0.003527809849682484,0.09405105761333088,219.61400451660157,213.5030029296875,0.025287211766407358,0.0391231184668285,0.0,0.0,0.0,0.0,0.0,0.0,0.0,0.0
2024-08-26,218.75,219.08999633789065,211.00999450683597,213.2100067138672,59301200,209.2100067138672,0,TSLA,-0.0322712435275504,-0.04505754183762767,-0.004342919017614411,217.71200561523438,215.07500305175782,-0.27260282710131345,0.03535846705420701,0.0,0.0,0.0,0.0,0.0,0.0,0.0,0.0
2024-08-27,213.25,215.66000366210935,206.94000244140625,209.2100067138672,62821400,205.75,0,TSLA,-0.018760845523390857,-0.006883114606643148,-0.03197292503904359,215.3340057373047,215.21300354003907,0.05936136199604736,0.035709939322922366,0.0,0.0,0.0,0.0,0.0,0.0,0.0,0.0
2024-08-28,209.72000122070312,211.83999633789065,202.58999633789065,205.75,64116400,206.27999877929688,1,TSLA,-0.01653843794670573,-0.0661311131075708,-0.076194329775918,211.8300048828125,215.6500030517578,0.02061399459419877,0.03238093125406784,0.0,0.0,0.0,0.0,0.0,0.0,0.0,0.0
2024-08-29,209.8000030517578,214.88999938964844,205.97000122070312,206.27999877929688,62308800,214.1100006103516,1,TSLA,0.002575935743848623,-0.032503202084086746,-0.06702852517009983,210.95400390625,214.86400299072267,-0.0281924749362098,0.0327717290868192,0.0,0.0,0.0,0.0,0.0,0.0,0.0,0.0
2024-08-30,208.6300048828125,214.57000732421875,207.02999877929688,214.1100006103516,63370600,210.6000061035156,0,TSLA,0.03795812428442069,0.02342141264392783,-0.04102657538775867,209.71200256347657,214.66300354003906,0.017040931618005795,0.03697833044655493,0.0,0.0,0.0,0.0,0.0,0.0,0.0,0.0
2024-09-03,215.25999450683597,219.8999938964844,209.63999938964844,210.6000061035156,76714200,219.41000366210935,1,TSLA,-0.01639341692041585,0.023572326141023447,-0.00028480754557469457,209.19000244140625,213.4510040283203,0.21056452045585816,0.030235309861066373,0.0,0.0,0.0,0.0,0.0,0.0,0.0,0.0
2024-09-04,210.58999633789065,222.22000122070312,210.57000732421875,219.41000366210935,80651800,230.1699981689453,1,TSLA,0.04183284569452206,0.06365137173023028,-0.004130372330508614,211.2300018310547,213.2820037841797,0.051328176530551106,0.029248201634428612,0.0,0.0,0.0,0.0,0.0,0.0,0.0,0.0
2024-09-05,223.4900054931641,235.0,222.25,230.1699981689453,119355000,210.72999572753903,0,TSLA,0.04904058305110981,0.07500816175242808,0.07954594494168754,216.11400146484374,213.9720031738281,0.47988017626389,0.030520145176065636,0.0,0.0,0.0,0.0,0.0,0.0,0.0,0.0
2024-09-06,232.6000061035156,233.6000061035156,210.50999450683597,210.72999572753903,112177000,216.2700042724609,1,TSLA,-0.08445932396079381,0.0006172346640842541,0.007265374336279828,217.00400085449218,213.9790023803711,-0.06013991872983959,0.04699290120719353,0.0,0.0,0.0,0.0,0.0,0.0,0.0,0.0
2024-09-09,216.1999969482422,219.8699951171875,213.6699981689453,216.2700042724609,67443500,226.1699981689453,1,TSLA,0.026289605928169646,-0.014311104039194222,0.05113003291597029,217.43600158691407,213.57400207519532,-0.3987760414345186,0.046964656573468384,0.0,0.0,0.0,0.0,0.0,0.0,0.0,0.0
2024-09-10,220.07000732421875,226.3999938964844,218.63999938964844,226.1699981689453,78891100,228.1300048828125,1,TSLA,0.04577608406578748,-0.017378459537823798,0.09642233618068397,220.55,214.87000122070313,0.16973614951774452,0.04891260324513765,0.0,0.0,0.0,0.0,0.0,0.0,0.0,0.0
2024-09-11,224.5500030517578,228.47000122070312,216.8000030517578,228.1300048828125,83548600,229.80999755859372,1,TSLA,0.008666077418469476,0.08257015853486083,0.06548038033018,222.29400024414062,216.76200103759766,0.05903707769317457,0.0477906048080982,0.0,0.0,0.0,0.0,0.0,0.0,0.0,0.0
2024-09-12,224.66000366210935,231.4499969482422,223.8300018310547,229.80999755859372,71894900,230.2899932861328,1,TSLA,0.007364189890953776,0.06260689424630006,0.091215531331162,222.2220001220703,219.16800079345703,-0.13948408471237095,0.0464188304476976,0.0,0.0,0.0,0.0,0.0,0.0,0.0,0.0
2024-09-13,228.0,232.6699981689453,226.32000732421875,230.2899932861328,59515100,226.77999877929688,0,TSLA,0.0020886633855723424,0.018216364462761092,0.04958748207660846,226.13399963378907,221.56900024414062,-0.1721930206454143,0.044777547372253604,0.0,0.0,0.0,0.0,0.0,0.0,0.0,0.0
2024-09-16,229.3000030517578,229.9600067138672,223.52999877929688,226.77999877929688,54323000,227.8699951171875,1,TSLA,-0.015241628421408637,-0.005917705144525387,-0.01472824180656318,228.23599853515626,222.83600006103515,-0.087240044963379,0.04137840695799799,0.0,0.0,0.0,0.0,0.0,0.0,0.0,0.0
2024-09-17,229.4499969482422,234.57000732421875,226.5500030517578,227.8699951171875,66761600,227.1999969482422,0,TSLA,0.004806404196833203,-0.008441766946677753,0.08133630587555007,228.57599792480468,224.56299896240233,0.22897483570494992,0.019438493214078086,0.0,0.0,0.0,0.0,0.0,0.0,0.0,0.0
2024-09-18,230.08999633789065,235.67999267578125,226.8800048828125,227.1999969482422,78010200,243.9199981689453,1,TSLA,-0.0029402649901351108,-0.013417848920822761,0.050538643639232994,228.38999633789064,225.3419982910156,0.16848907156209547,0.018835229780872,0.0,0.0,0.0,0.0,0.0,0.0,0.0,0.0
2024-09-19,234.0,244.2400054931641,232.1300048828125,243.9199981689453,102694600,238.25,0,TSLA,0.07359155565707187,0.07557985484570517,0.07848078942256986,231.21199645996094,226.7169982910156,0.3164252879751621,0.02868461011962521,0.0,0.0,0.0,0.0,0.0,0.0,0.0,0.0
2024-09-20,241.5200042724609,243.9900054931641,235.9199981689453,238.25,99879100,250.0,1,TSLA,-0.02324531900421767,0.04555231098975687,0.04436064919380511,232.8039978027344,229.46899871826173,-0.027416241944561826,0.03154581581254372,0.0,0.0,0.0,0.0,0.0,0.0,0.0,0.0
2024-09-23,242.6100006103516,250.0,241.9199981689453,250.0,86927200,254.2700042724609,1,TSLA,0.04931794333683115,0.10035212745602196,0.0878551962747336,237.447998046875,232.8419982910156,-0.1296757780156209,0.03545171379838375,0.0,0.0,0.0,0.0,0.0,0.0,0.0,0.0
2024-09-24,254.0800018310547,257.19000244140625,249.0500030517578,254.2700042724609,88491000,257.0199890136719,1,TSLA,0.017080017089843746,0.04243197024110712,0.10412962649459634,242.72799987792968,235.6519989013672,0.017989766149145492,0.035160728471217234,0.0,0.0,0.0,0.0,0.0,0.0,0.0,0.0
2024-09-25,252.5399932861328,257.04998779296875,252.27999877929688,257.0199890136719,65034300,254.22000122070312,0,TSLA,0.010815214909361659,0.07878274507312444,0.1333450498154587,248.69199829101564,238.54099731445314,-0.2650744143472218,0.032750999489610605,0.0,0.0,0.0,0.0,0.0,0.0,0.0,0.0
2024-09-26,260.6000061035156,261.75,251.52999877929688,254.22000122070312,67142200,260.4599914550781,1,TSLA,-0.01089404681602335,0.016880004882812605,0.11563613757030411,250.7519989013672,240.98199768066405,0.03241212713906361,0.034343156479050146,0.0,0.0,0.0,0.0,0.0,0.0,0.0,0.0
2024-09-27,257.3800048828125,260.70001220703125,254.1199951171875,260.4599914550781,70988100,261.6300048828125,1,TSLA,0.024545630573566513,0.024344150228527983,0.14639082285909022,255.19399719238282,243.9989974975586,0.05727992231413337,0.0333405064369496,0.0,0.0,0.0,0.0,0.0,0.0,0.0,0.0
2024-09-30,259.0400085449219,264.8599853515625,255.7700042724609,261.6300048828125,80705700,258.0199890136719,0,TSLA,0.004492104223754234,0.017936409875480175,0.07260580045429799,257.51999816894534,247.48399810791017,0.13689054926107325,0.02373387049717316,0.0,0.0,0.0,0.0,0.0,0.0,0.0,0.0
2024-10-01,262.6700134277344,263.9800109863281,248.52999877929688,258.0199890136719,87397600,249.0200042724609,0,TSLA,-0.013798172234708361,0.014947635019755046,0.0829800168464716,258.2699951171875,250.4989974975586,0.08291731562950333,0.021688830354752525,0.0,0.0,0.0,0.0,0.0,0.0,0.0,0.0
2024-10-02,247.5500030517578,251.16000366210935,241.5,249.0200042724609,93983900,240.66000366210935,0,TSLA,-0.03488095932262858,-0.04392224356112018,-0.003919982910156383,256.6699981689453,252.68099822998047,0.07536019295724361,0.020640244497553112,0.0,0.0,0.0,0.0,0.0,0.0,0.0,0.0
2024-10-03,244.47999572753903,249.7899932861328,237.80999755859372,240.66000366210935,80729200,250.0800018310547,1,TSLA,-0.03357160254966751,-0.08015136195902262,-0.053525781184035726,253.95799865722657,252.35499877929686,-0.14103160222123146,0.02231114239199767,0.0,0.0,0.0,0.0,0.0,0.0,0.0,0.0
2024-10-04,246.69000244140625,250.9600067138672,244.5800018310547,250.0800018310547,86573200,240.8300018310547,0,TSLA,0.03914235030998836,-0.030772759943790473,-0.027001741028975124,251.8820007324219,253.53799896240236,0.0723901636582549,0.028043301288284545,0.0,0.0,0.0,0.0,0.0,0.0,0.0,0.0
2024-10-07,249.0,249.8300018310547,240.6999969482422,240.8300018310547,68113300,244.5,1,TSLA,-0.03698816351676526,-0.032888933824148814,-0.05267091230175791,247.7220001220703,252.62099914550782,-0.2132288052191671,0.030780430151038433,0.0,0.0,0.0,0.0,0.0,0.0,0.0,0.0
2024-10-08,243.55999755859372,246.2100067138672,240.55999755859372,244.5,56303200,241.0500030517578,0,TSLA,0.015238957526229946,0.01595610520841717,-0.06127617284296338,245.01800231933595,251.6439987182617,-0.17338904443038294,0.029343385879123423,0.0,0.0,0.0,0.0,0.0,0.0,0.0,0.0
2024-10-09,243.82000732421875,247.42999267578125,239.50999450683597,241.0500030517578,66289500,238.7700042724609,0,TSLA,-0.014110416966225725,-0.036108440151872756,-0.07866070957829452,243.42400207519532,250.0470001220703,0.17736647295358,0.028794824355818347,0.0,0.0,0.0,0.0,0.0,0.0,0.0,0.0
2024-10-10,241.80999755859372,242.7899932861328,232.33999633789065,238.7700042724609,83087100,217.8000030517578,0,TSLA,-0.009458613360014523,-0.008553741406516657,-0.07460656368057961,243.04600219726564,248.5020004272461,0.25339759690448704,0.028778311828865054,0.0,0.0,0.0,0.0,0.0,0.0,0.0,0.0
2024-10-11,220.1300048828125,223.33999633789065,214.3800048828125,217.8000030517578,142628900,219.16000366210935,1,TSLA,-0.08782510719719294,-0.10920244150610303,-0.12537145885896084,236.59000244140626,244.23600158691406,0.7166190660162648,0.04069475416475484,0.0,0.0,0.0,0.0,0.0,0.0,0.0,0.0
2024-10-14,220.1300048828125,221.91000366210935,213.7400054931641,219.16000366210935,86291900,219.57000732421875,1,TSLA,0.006244263504570968,-0.0908110313732221,-0.08933765342323507,232.2560028076172,239.98900146484374,-0.39499007564385624,0.04097378330706841,0.0,0.0,0.0,0.0,0.0,0.0,0.0,0.0
2024-10-15,220.00999450683597,224.25999450683597,217.1199951171875,219.57000732421875,62988800,221.3300018310547,1,TSLA,0.0018707960177877236,-0.0804120978543561,-0.12200093683399538,227.27000427246094,236.14400329589844,-0.27004968021332243,0.03514613858627387,0.0,0.0,0.0,0.0,0.0,0.0,0.0,0.0
2024-10-16,221.3999938964844,222.82000732421875,218.92999267578125,221.3300018310547,49632800,220.88999938964844,0,TSLA,0.008015641700267029,0.01620752401210024,-0.08096997820761342,223.3260040283203,233.3750030517578,-0.21203769559032715,0.0351803458764659,0.0,0.0,0.0,0.0,0.0,0.0,0.0,0.0
2024-10-17,221.58999633789065,222.0800018310547,217.8999938964844,220.88999938964844,50791800,220.6999969482422,0,TSLA,-0.001987992760882462,0.007893756609925529,-0.09656441967423957,219.7500030517578,231.39800262451172,0.023351493367289367,0.03356931126901966,0.0,0.0,0.0,0.0,0.0,0.0,0.0,0.0
2024-10-18,220.7100067138672,222.27999877929688,219.22999572753903,220.6999969482422,49611900,218.8500061035156,0,TSLA,-0.0008601676940163117,0.005146375125610225,-0.08442234327267817,220.3300018310547,228.46000213623046,-0.02323012769777799,0.03392668498823873,0.0,0.0,0.0,0.0,0.0,0.0,0.0,0.0
2024-10-21,218.8999938964844,220.47999572753903,215.72999572753903,218.8500061035156,47329000,217.97000122070312,0,TSLA,-0.008382378207102748,-0.011204968630651901,-0.08342755711565242,220.26800231933595,226.26200256347656,-0.046015169747580686,0.033942557262326443,0.0,0.0,0.0,0.0,0.0,0.0,0.0,0.0
2024-10-22,217.30999755859372,218.22000122070312,215.25999450683597,217.97000122070312,43268700,213.6499938964844,0,TSLA,-0.004021041161845984,-0.01321924114723938,0.00078052418073149,219.9480010986328,223.60900268554687,-0.08578883982336416,0.005741019779573371,0.0,0.0,0.0,0.0,0.0,0.0,0.0,0.0
2024-10-23,217.1300048828125,218.72000122070312,212.1100006103516,213.6499938964844,80938900,260.4800109863281,1,TSLA,-0.019819274670942244,-0.03194382940300233,-0.025141493308788343,218.41199951171876,220.86900177001954,0.8706108572709603,0.008766139807209295,0.0,0.0,0.0,0.0,0.0,0.0,0.0,0.0
2024-10-24,244.67999267578125,262.1199951171875,242.6499938964844,260.4800109863281,204491900,269.19000244140625,1,TSLA,0.21919035070290405,0.19022162998305614,0.18631872431329555,226.3300018310547,223.04000244140624,1.5264971478485623,0.084969492014289,0.0,0.0,0.0,0.0,0.0,0.0,0.0,0.0
2024-10-25,256.010009765625,269.489990234375,255.32000732421875,269.19000244140625,161611900,262.510009765625,0,TSLA,0.03343823359841336,0.23498647031176034,0.2162381973271026,236.0280029296875,228.1790023803711,-0.20969045717703239,0.08454272126221905,0.0,0.0,0.0,0.0,0.0,0.0,0.0,0.0
2024-10-28,270.0,273.5400085449219,262.239990234375,262.510009765625,107653600,259.5199890136719,0,TSLA,-0.024815158866218545,0.22869186644027595,0.18841962284838054,244.76000366210937,232.51400299072264,-0.33387578513710936,0.08644955389640165,0.0,0.0,0.0,0.0,0.0,0.0,0.0,0.0
2024-10-29,264.510009765625,264.9800109863281,255.50999450683597,259.5199890136719,80521800,257.54998779296875,0,TSLA,-0.01139012091242797,-0.003685587884540764,0.17589484640787556,253.07000122070312,236.50900115966797,-0.25202872918323216,0.08712076426705308,0.0,0.0,0.0,0.0,0.0,0.0,0.0,0.0
2024-10-30,258.0400085449219,263.3500061035156,255.82000732421875,257.54998779296875,53993600,249.8500061035156,0,TSLA,-0.007590942139718337,-0.04324088763649814,0.17683335896800534,261.85,240.13099975585936,-0.32945363864195787,0.08706872933473034,0.0,0.0,0.0,0.0,0.0,0.0,0.0,0.0
2024-10-31,257.989990234375,259.75,249.25,249.8500061035156,66575300,248.97999572753903,0,TSLA,-0.029897037679701866,-0.04822674637592883,0.14625868103075668,259.7239990234375,243.0270004272461,0.23302206187399999,0.08910243715781481,0.0,0.0,0.0,0.0,0.0,0.0,0.0,0.0
2024-11-01,252.0399932861328,254.0,246.6300048828125,248.97999572753903,57544800,242.83999633789065,0,TSLA,-0.003482130697311736,-0.04061341604625912,0.1653639262361617,255.68199768066407,245.8550003051758,-0.1356433992787115,0.08800941590648033,0.0,0.0,0.0,0.0,0.0,0.0,0.0,0.0
2024-11-04,244.55999755859372,248.8999938964844,238.8800048828125,242.83999633789065,68802400,251.44000244140625,1,TSLA,-0.024660613282231014,-0.057115092806382495,-0.06772118360116064,251.74799499511718,248.25399932861328,0.19563192503927374,0.021474972418911994,0.0,0.0,0.0,0.0,0.0,0.0,0.0,0.0
2024-11-05,247.33999633789065,255.27999877929688,246.2100067138672,251.44000244140625,69282500,288.5299987792969,1,TSLA,0.03541429020427689,0.006363803478283359,-0.06593855581194397,250.13199768066406,251.6009994506836,0.0069779542574095466,0.0221403170378965,0.0,0.0,0.0,0.0,0.0,0.0,0.0,0.0
2024-11-06,284.6700134277344,289.5899963378906,275.6199951171875,288.5299987792969,165228700,296.9100036621094,1,TSLA,0.14751032444224466,0.15884811523186682,0.09911998798408916,256.3279998779297,259.08899993896483,1.3848547613033593,0.06206542137748115,0.0,0.0,0.0,0.0,0.0,0.0,0.0,0.0
2024-11-07,288.8900146484375,299.75,285.5199890136719,296.9100036621094,117309200,321.2200012207031,1,TSLA,0.02904379065700735,0.22265692694618977,0.14407373701941606,265.73999938964846,262.731999206543,-0.2900192278944276,0.06105938448205274,0.0,0.0,0.0,0.0,0.0,0.0,0.0,0.0
2024-11-08,299.1400146484375,328.7099914550781,297.6600036621094,321.2200012207031,204782800,350.0,1,TSLA,0.08187665372925301,0.277521468747034,0.2472141970315893,280.18800048828126,267.9349990844727,0.7456670065092934,0.06341852113313456,0.0,0.0,0.0,0.0,0.0,0.0,0.0,0.0
2024-11-11,346.29998779296875,358.6400146484375,336.0,350.0,210521600,328.489990234375,0,TSLA,0.08959591143118995,0.21304544234834633,0.4008404700818424,301.6200012207031,276.68399810791016,0.02802383793951435,0.059406315006298976,0.0,0.0,0.0,0.0,0.0,0.0,0.0,0.0
2024-11-12,342.739990234375,345.8399963378906,323.3099975585937,328.489990234375,155726000,330.239990234375,1,TSLA,-0.06145717075892854,0.10636215076203492,0.319342902527175,317.0299987792969,283.5809982299805,-0.2602849303824406,0.07111566598108876,0.0,0.0,0.0,0.0,0.0,0.0,0.0,0.0
2024-11-13,335.8500061035156,344.6000061035156,322.5,330.239990234375,125405600,311.17999267578125,0,TSLA,0.005327407385385952,0.028080409001288942,0.35990773848832913,325.3719970703125,290.8499984741211,-0.19470351771701577,0.06719241961652944,0.0,0.0,0.0,0.0,0.0,0.0,0.0,0.0
2024-11-14,327.69000244140625,329.9800109863281,310.3699951171875,311.17999267578125,120726100,320.7200012207031,1,TSLA,-0.05771559508909463,-0.11091430664062496,0.23759143196912902,328.2259948730469,296.98299713134764,-0.03731492054581298,0.07814099790243094,0.0,0.0,0.0,0.0,0.0,0.0,0.0,0.0
2024-11-15,310.57000732421875,324.67999267578125,309.2200012207031,320.7200012207031,114440300,338.739990234375,1,TSLA,0.030657525449785616,-0.023653655346173696,0.11156553071637143,328.12599487304686,304.15699768066406,-0.0520666202254525,0.060117281961125944,0.0,0.0,0.0,0.0,0.0,0.0,0.0,0.0
2024-11-18,340.7300109863281,348.54998779296875,330.010009765625,338.739990234375,126085600,346.0,1,TSLA,0.056186046847983784,0.025738857350278588,0.1408843961346251,325.8739929199219,313.7469970703125,0.10175873359297372,0.061890680441053836,0.0,0.0,0.0,0.0,0.0,0.0,0.0,0.0
2024-11-19,335.760009765625,347.3800048828125,332.75,346.0,88852500,342.0299987792969,0,TSLA,0.021432396454288627,0.11189667762637212,0.07714338672911936,329.37599487304686,323.2029968261719,-0.29530017702259415,0.05584405234209085,0.0,0.0,0.0,0.0,0.0,0.0,0.0,0.0
2024-11-20,345.0,346.6000061035156,334.29998779296875,342.0299987792969,66340700,339.6400146484375,0,TSLA,-0.011473991967350106,0.06644424257135517,-0.022771432059151775,331.73399658203124,328.55299682617186,-0.2533614698517206,0.044314621676585154,0.0,0.0,0.0,0.0,0.0,0.0,0.0,0.0
2024-11-21,343.8099975585937,347.989990234375,335.2799987792969,339.6400146484375,58011700,352.5599975585937,1,TSLA,-0.006987644766217049,0.002656977150645057,0.033943269948977894,337.4260009765625,332.8259979248047,-0.12554887120576053,0.036276603746763905,0.0,0.0,0.0,0.0,0.0,0.0,0.0,0.0
2024-11-22,341.0899963378906,361.5299987792969,337.70001220703125,352.5599975585937,89140700,338.5899963378906,0,TSLA,0.038040225983177356,0.018959530516166723,0.06758723347944007,343.79400024414065,335.9599975585937,0.5365986516513048,0.03832307770422703,0.0,0.0,0.0,0.0,0.0,0.0,0.0,0.0
2024-11-25,360.1400146484375,361.9299926757813,338.20001220703125,338.5899963378906,95890900,338.2300109863281,0,TSLA,-0.03962446482142756,-0.010057604460671832,0.08808408094111586,343.7640014648438,334.8189971923828,0.07572522988937713,0.033270761797835266,0.0,0.0,0.0,0.0,0.0,0.0,0.0,0.0
2024-11-26,341.0,346.9599914550781,335.6600036621094,338.2300109863281,62295900,332.8900146484375,0,TSLA,-0.001063189566898104,-0.004151465084492156,0.05459593944555863,342.2100036621094,335.7929992675781,-0.3503460703778982,0.032554568059668526,0.0,0.0,0.0,0.0,0.0,0.0,0.0,0.0
2024-11-27,341.79998779296875,342.54998779296875,326.5899963378906,332.8900146484375,57896400,345.1600036621094,1,TSLA,-0.015788061864523528,-0.055791873855136176,-0.017269810930471752,340.3820068359375,336.05800170898436,-0.07062262524500007,0.025407387870969064,0.0,0.0,0.0,0.0,0.0,0.0,0.0,0.0
2024-11-29,336.0799865722656,345.45001220703125,334.6499938964844,345.1600036621094,37167600,357.0899963378906,1,TSLA,0.03685898787510977,0.01940402077816361,-0.002427735080608784,341.4860046386719,339.4560028076172,-0.35803262379008016,0.028303753358736007,0.0,0.0,0.0,0.0,0.0,0.0,0.0,0.0
2024-12-02,352.3800048828125,360.0,351.1499938964844,357.0899963378906,77986500,351.4200134277344,0,TSLA,0.034563659025395044,0.05576082765856305,0.044031218350269796,342.3920043945312,343.09300231933594,1.0982387886223486,0.0304612586402324,0.0,0.0,0.0,0.0,0.0,0.0,0.0,0.0
2024-12-03,351.79998779296875,355.69000244140625,348.20001220703125,351.4200134277344,58267200,357.92999267578125,1,TSLA,-0.01587830229999254,0.05566402704769091,0.03468377773888154,344.9580078125,344.3610046386719,-0.2528553018791714,0.03129477699753653,0.0,0.0,0.0,0.0,0.0,0.0,0.0,0.0
2024-12-04,353.0,358.1000061035156,348.6000061035156,357.92999267578125,50810900,369.489990234375,1,TSLA,0.018524782309774723,0.036997302347270056,0.015231436221845085,348.89800415039065,345.55400390625,-0.12796736414311993,0.02864958620422209,0.0,0.0,0.0,0.0,0.0,0.0,0.0,0.0
2024-12-05,359.8699951171875,375.4299926757813,359.5,369.489990234375,81403600,389.2200012207031,1,TSLA,0.03229681165351517,0.034725122584366996,0.09126079987799818,356.21799926757814,348.3000030517578,0.6020893154815208,0.02344248222809561,0.0,0.0,0.0,0.0,0.0,0.0,0.0,0.0
2024-12-06,377.4200134277344,389.489990234375,370.7999877929688,389.2200012207031,81455800,389.7900085449219,1,TSLA,0.053397958017247005,0.1075635602658751,0.15075536935850464,365.0299987792969,353.25800170898435,0.000641249281358558,0.02686669824610969,0.0,0.0,0.0,0.0,0.0,0.0,0.0,0.0
2024-12-09,397.6099853515625,404.7999877929688,378.010009765625,389.7900085449219,96359200,400.989990234375,1,TSLA,0.0014644862094215227,0.08901186411053286,0.17092730749697016,371.57000122070315,356.9810028076172,0.18296303025690008,0.023564016280489986,0.0,0.0,0.0,0.0,0.0,0.0,0.0,0.0
2024-12-10,392.6799926757813,409.7300109863281,390.8500061035156,400.989990234375,97563600,424.7699890136719,1,TSLA,0.02873337295448497,0.0852526477916733,0.16175103134753632,381.48399658203124,363.22100219726565,0.01249906599473638,0.02296183494212432,0.0,0.0,0.0,0.0,0.0,0.0,0.0,0.0
2024-12-11,409.7000122070313,424.8800048828125,402.3800048828125,424.7699890136719,104287600,418.1000061035156,0,TSLA,0.05930322291934931,0.09133648754296808,0.18953203217639336,394.85199584960935,371.875,0.06891914607497052,0.026820598387470508,0.0,0.0,0.0,0.0,0.0,0.0,0.0,0.0
2024-12-12,424.8399963378906,429.2999877929688,415.0,418.1000061035156,87752200,436.2300109863281,1,TSLA,-0.015702575706076027,0.07262884357727484,0.1897444372202588,404.5739990234375,380.3959991455078,-0.15855576310126995,0.026775560807369186,0.0,0.0,0.0,0.0,0.0,0.0,0.0,0.0
2024-12-13,420.0,436.2999877929688,415.7099914550781,436.2300109863281,89000200,463.0199890136719,1,TSLA,0.04336284290396253,0.08788254472725288,0.21875791331483163,413.9760009765625,389.5029998779297,0.014221865662627176,0.02734745212120613,0.0,0.0,0.0,0.0,0.0,0.0,0.0,0.0
2024-12-16,441.0899963378906,463.1900024414063,436.1499938964844,463.0199890136719,114083800,479.8599853515625,1,TSLA,0.06141250567967771,0.09004873458413942,0.25313269980593756,428.6219970703125,400.0959991455078,0.28183756890433953,0.03001969886270887,0.0,0.0,0.0,0.0,0.0,0.0,0.0,0.0
2024-12-17,475.8999938964844,483.989990234375,457.510009765625,479.8599853515625,131223000,440.1300048828125,0,TSLA,0.036369912179738284,0.14771580566003628,0.23287596692509882,444.39599609375,412.93999633789065,0.15023342490344826,0.028768268132545165,0.0,0.0,0.0,0.0,0.0,0.0,0.0,0.0
2024-12-18,466.5,488.5400085449219,427.010009765625,440.1300048828125,149340800,436.1700134277344,0,TSLA,-0.0827949436951747,0.008940223731206398,0.12914645125412227,447.46799926757814,421.1599975585938,0.13806878367359388,0.05160569123784687,0.0,0.0,0.0,0.0,0.0,0.0,0.0,0.0
2024-12-19,451.8800048828125,456.3599853515625,420.0199890136719,436.1700134277344,118566100,421.05999755859375,0,TSLA,-0.008997322180141931,-0.05798880442102183,0.08773292114548048,451.0820007324219,427.8279998779297,-0.2060702768433007,0.05234446836561514,0.0,0.0,0.0,0.0,0.0,0.0,0.0,0.0
2024-12-20,425.510009765625,447.0799865722656,417.6400146484375,421.05999755859375,132216200,430.6000061035156,1,TSLA,-0.034642491239586515,-0.12253571789256357,-0.008734118584255102,448.047998046875,431.0119995117187,0.11512649905833117,0.050591648685869905,0.0,0.0,0.0,0.0,0.0,0.0,0.0,0.0
2024-12-23,431.0,434.510009765625,415.4100036621094,430.6000061035156,72698100,462.2799987792969,1,TSLA,0.022657123925894362,-0.021652690508647043,0.029897153354513817,441.5640014648437,435.09299926757814,-0.45015739372331076,0.050702609068219454,0.0,0.0,0.0,0.0,0.0,0.0,0.0,0.0
2024-12-24,435.8999938964844,462.7799987792969,435.1400146484375,462.2799987792969,59551800,454.1300048828125,0,TSLA,0.07357174228224572,0.059861944993356175,0.059716175267421345,438.0480041503906,441.2220001220703,-0.18083416210327363,0.05553392361030356,0.0,0.0,0.0,0.0,0.0,0.0,0.0,0.0
2024-12-26,465.1600036621094,465.3299865722656,451.0199890136719,454.1300048828125,76366400,431.6600036621094,0,TSLA,-0.017629994630971146,0.07853989340228607,-0.01920000073819028,440.84800415039064,444.1580017089844,0.2823525065573165,0.051115896477437604,0.0,0.0,0.0,0.0,0.0,0.0,0.0,0.0
2024-12-27,449.5199890136719,450.0,426.5,431.6600036621094,82666800,417.4100036621094,0,TSLA,-0.04947922616674816,0.0024616756701552056,-0.10044592831415211,439.9460021972656,445.5140014648438,0.08250225229944053,0.0507745402555322,0.0,0.0,0.0,0.0,0.0,0.0,0.0,0.0
2024-12-30,419.3999938964844,427.0,415.75,417.4100036621094,64941000,403.8399963378906,0,TSLA,-0.03301209257078741,-0.09706237612631274,-0.05162111414501824,439.21600341796875,443.6320007324219,-0.21442465415378364,0.042295094124455514,0.0,0.0,0.0,0.0,0.0,0.0,0.0,0.0
2024-12-31,423.7900085449219,427.9299926757813,402.5400085449219,403.8399963378906,76825100,379.2799987792969,0,TSLA,-0.03251001941775111,-0.11073923326845392,-0.07412251208140486,433.86400146484374,437.71400146484376,0.1829984139449654,0.04341832126761115,0.0,0.0,0.0,0.0,0.0,0.0,0.0,0.0
2025-01-02,390.1000061035156,392.7300109863281,373.0400085449219,379.2799987792969,109710700,410.4400024414063,1,TSLA,-0.06081615932376483,-0.12134551368769853,-0.09922576122535331,417.2640014648438,427.6560028076172,0.42805801749688577,0.04686906080968071,0.0,0.0,0.0,0.0,0.0,0.0,0.0,0.0
2025-01-03,381.4800109863281,411.8800048828125,379.4500122070313,410.4400024414063,95423300,411.0499877929688,1,TSLA,0.08215567328200035,-0.01669821317062936,-0.04681840078112509,408.5260009765625,424.68700256347654,-0.1302279540646446,0.058542596403130774,0.0,0.0,0.0,0.0,0.0,0.0,0.0,0.0
2025-01-06,423.2000122070313,426.4299926757813,401.7000122070313,411.0499877929688,85516500,394.3599853515625,0,TSLA,0.0014861742226248698,0.01785358439099638,-0.11082030613828575,404.40399780273435,422.175,-0.10381950739494439,0.047668316241621066,0.0,0.0,0.0,0.0,0.0,0.0,0.0,0.0
2025-01-07,405.8299865722656,414.3299865722656,390.0,394.3599853515625,75699500,394.9400024414063,1,TSLA,-0.040603340073111616,0.039759509124657644,-0.13161433705899606,399.793994140625,419.5049987792969,-0.11479655972823954,0.04860604329197721,0.0,0.0,0.0,0.0,0.0,0.0,0.0,0.0
2025-01-08,392.9500122070313,402.5,387.3999938964844,394.9400024414063,73038800,394.739990234375,0,TSLA,0.0014707807875760093,-0.037764350228539856,-0.08506695294717737,398.0139953613281,415.9389984130859,-0.03514818459831304,0.047066077160958494,0.0,0.0,0.0,0.0,0.0,0.0,0.0,0.0
2025-01-10,391.3999938964844,399.2799987792969,377.2900085449219,394.739990234375,62287300,403.30999755859375,1,TSLA,-0.0005064369418009695,-0.03967886642246676,-0.054311140674255576,401.1059936523437,409.18499755859375,-0.14720258273684672,0.04620746574669331,0.0,0.0,0.0,0.0,0.0,0.0,0.0,0.0
2025-01-13,383.2099914550781,403.7900085449219,380.0700073242188,403.30999755859375,67580500,396.3599853515625,0,TSLA,0.021710512074366584,0.022695031289882373,-0.0013123979400332386,399.67999267578125,404.1029968261719,0.08498040531536932,0.04576996786194611,0.0,0.0,0.0,0.0,0.0,0.0,0.0,0.0
2025-01-14,414.3399963378906,422.6400146484375,394.5400085449219,396.3599853515625,84565000,428.2200012207031,1,TSLA,-0.017232432245921525,0.0035954395639292702,0.04503265826628655,396.7419921875,400.5729949951172,0.25132249687409836,0.03837391865063691,0.0,0.0,0.0,0.0,0.0,0.0,0.0,0.0
2025-01-15,409.8999938964844,429.7999877929688,405.6600036621094,428.2200012207031,81375500,413.8200073242188,0,TSLA,0.08038151439752794,0.0848153514075165,0.04331936135254044,403.5139953613281,401.65399475097655,-0.0377165493998699,0.03779573266096947,0.0,0.0,0.0,0.0,0.0,0.0,0.0,0.0
2025-01-16,423.489990234375,424.0,409.1300048828125,413.8200073242188,68335200,426.5,1,TSLA,-0.03362756026209668,0.026059383177324147,0.006738887272866645,407.28999633789067,402.65199584960936,-0.16024847773592787,0.04080881202248466,0.0,0.0,0.0,0.0,0.0,0.0,0.0,0.0
2025-01-17,421.5,439.739990234375,419.75,426.5,94991400,424.0700073242188,0,TSLA,0.030641323404759113,0.07604202180425457,0.08149917801570417,413.6419982910156,407.3739959716797,0.3900800758613423,0.03724091897318294,0.0,0.0,0.0,0.0,0.0,0.0,0.0,0.0
2025-01-21,432.6400146484375,433.2000122070313,406.30999755859375,424.0700073242188,87320900,415.1099853515625,0,TSLA,-0.0056975209279747085,-0.009691265902232904,0.07375805110330469,417.79400024414065,408.73699645996095,-0.08074941521021906,0.03766946802460676,0.0,0.0,0.0,0.0,0.0,0.0,0.0,0.0
2025-01-22,416.80999755859375,428.0,414.5899963378906,415.1099853515625,60963300,412.3800048828125,0,TSLA,-0.02112863871036752,0.003117244223363569,0.051603576078250724,421.54400024414065,409.1429962158203,-0.3018475531058429,0.03946557716572192,0.0,0.0,0.0,0.0,0.0,0.0,0.0,0.0
2025-01-23,416.05999755859375,420.7300109863281,408.9500122070313,412.3800048828125,50690600,406.5799865722656,0,TSLA,-0.006576523247056931,-0.03310667084920871,0.02248892261318436,418.3760009765625,410.9449981689453,-0.16850629805145068,0.0392591368659253,0.0,0.0,0.0,0.0,0.0,0.0,0.0,0.0
2025-01-24,414.4500122070313,418.8800048828125,405.7799987792969,406.5799865722656,56427100,397.1499938964844,0,TSLA,-0.014064741844588391,-0.04124323920550543,0.02578464425877458,416.92799682617186,412.10899658203124,0.113166938248906,0.038993346308436455,0.0,0.0,0.0,0.0,0.0,0.0,0.0,0.0
2025-01-27,394.7999877929688,406.6900024414063,389.0,397.1499938964844,58125500,398.0899963378906,1,TSLA,-0.023193450212053546,-0.04326562137470036,-0.07255617961713412,411.05799560546876,412.34999694824216,0.030099012708432626,0.02062662495450361,0.0,0.0,0.0,0.0,0.0,0.0,0.0,0.0
2025-01-28,396.9100036621094,400.5899963378906,386.5,398.0899963378906,48910700,389.1000061035156,0,TSLA,0.0023668700890153715,-0.03465252528182772,-0.038011721782229,405.86199340820315,411.8279968261719,-0.15853282982511974,0.018256713771328086,0.0,0.0,0.0,0.0,0.0,0.0,0.0,0.0
2025-01-29,395.2099914550781,398.5899963378906,384.4800109863281,389.1000061035156,68033600,400.2799987792969,1,TSLA,-0.02258280870425211,-0.04299272233273854,-0.08769048979246041,400.6599975585938,411.1019989013672,0.3909757987516025,0.009947117463951737,0.0,0.0,0.0,0.0,0.0,0.0,0.0,0.0
2025-01-30,410.7799987792969,412.5,384.4100036621094,400.2799987792969,98092900,404.6000061035156,1,TSLA,0.028732954254456988,0.007881165632419362,-0.05609924808177602,398.2399963378906,408.30799865722656,0.4418302133063663,0.018759092182823497,0.0,0.0,0.0,0.0,0.0,0.0,0.0,0.0
2025-01-31,401.5299987792969,419.989990234375,401.3399963378906,404.6000061035156,83283600,383.6799926757813,0,TSLA,0.010792463618949588,0.016353110667215676,-0.02531854115517318,397.8440002441406,407.38599853515626,-0.15097219064784506,0.018932873812325567,0.0,0.0,0.0,0.0,0.0,0.0,0.0,0.0
2025-02-03,386.6799926757813,389.1700134277344,374.3599853515625,383.6799926757813,93732100,392.2099914550781,1,TSLA,-0.05170542044525328,-0.013929615375776638,-0.06959603246327861,395.15,403.1039978027344,0.12545687266160455,0.026374700944496496,0.0,0.0,0.0,0.0,0.0,0.0,0.0,0.0
2025-02-04,382.6300048828125,394.0,381.3999938964844,392.2099914550781,57072200,378.1700134277344,0,TSLA,0.02223206563315605,-0.0201609057380564,-0.03534358697371198,393.9739990234375,399.9179962158203,-0.3911136099585948,0.02888003316104951,0.0,0.0,0.0,0.0,0.0,0.0,0.0,0.0
2025-02-05,387.510009765625,388.3900146484375,375.5299987792969,378.1700134277344,57223300,374.3200073242188,0,TSLA,-0.035797094243459227,-0.06532375748165264,-0.04779045892091105,391.7880004882812,396.2239990234375,0.0026475236630092436,0.03056419335493646,0.0,0.0,0.0,0.0,0.0,0.0,0.0,0.0
2025-02-06,373.0299987792969,375.3999938964844,363.1799926757813,374.3200073242188,77918200,361.6199951171875,0,TSLA,-0.010180622383618165,-0.024395291728104063,-0.05971008875464512,386.59600219726565,392.4179992675781,0.3616516349109542,0.030319963572115135,0.0,0.0,0.0,0.0,0.0,0.0,0.0,0.0
2025-02-07,370.1900024414063,380.5499877929688,360.3399963378906,361.6199951171875,70298300,350.7300109863281,0,TSLA,-0.03392822173149601,-0.0779939241843467,-0.07062454524613238,378.0,387.9220001220703,-0.09779358352734024,0.031487817429535526,0.0,0.0,0.0,0.0,0.0,0.0,0.0,0.0
2025-02-10,356.2099914550781,362.7000122070313,350.510009765625,350.7300109863281,77514900,328.5,0,TSLA,-0.030114441341470455,-0.07255996368588291,-0.12378831803756751,371.4100036621094,383.2800018310547,0.10265682100420626,0.026959800910820838,0.0,0.0,0.0,0.0,0.0,0.0,0.0,0.0
2025-02-11,345.79998779296875,349.3699951171875,325.1000061035156,328.5,118543400,336.510009765625,1,TSLA,-0.06338211812502892,-0.12240865149516744,-0.18808701175364217,358.6680053710937,376.3210021972656,0.5292982381451825,0.028131498729373556,0.0,0.0,0.0,0.0,0.0,0.0,0.0,0.0
2025-02-12,329.94000244140625,346.3999938964844,329.1199951171875,336.510009765625,105382700,355.94000244140625,1,TSLA,0.0243835913717656,-0.06943749153977308,-0.12294095029869345,350.33600463867185,371.06200256347654,-0.11102009896797294,0.03228204683994522,0.0,0.0,0.0,0.0,0.0,0.0,0.0,0.0
2025-02-13,345.0,358.69000244140625,342.8500061035156,355.94000244140625,89441500,355.8399963378906,0,TSLA,0.05773971683431944,0.01485470673133027,-0.09247594350952704,346.6600036621094,366.6280029296875,-0.15126961066664646,0.041228101453001625,0.0,0.0,0.0,0.0,0.0,0.0,0.0,0.0
2025-02-14,360.6199951171875,362.0,347.5,355.8399963378906,68277300,354.1099853515625,0,TSLA,-0.0002809633725618932,0.08322677728429406,-0.059047561406163296,345.50400390625,361.752001953125,-0.23662617465046987,0.0401315299689199,0.0,0.0,0.0,0.0,0.0,0.0,0.0,0.0
2025-02-18,355.010009765625,359.1000061035156,350.0199890136719,354.1099853515625,51631700,360.55999755859375,1,TSLA,-0.004861766535893763,0.05230149200671819,-0.05399129508765832,346.17999877929685,358.7950012207031,-0.24379405746858762,0.04013296659616005,0.0,0.0,0.0,0.0,0.0,0.0,0.0,0.0
2025-02-19,354.0,367.3399963378906,353.6700134277344,360.55999755859375,67094400,354.3999938964844,0,TSLA,0.018214714280444966,0.01297970187531261,-0.0029312470906102117,352.5919982910156,355.6300018310547,0.2994807453560506,0.03917415430309179,0.0,0.0,0.0,0.0,0.0,0.0,0.0,0.0
2025-02-20,361.510009765625,362.2999877929688,348.0,354.3999938964844,45965400,337.79998779296875,0,TSLA,-0.01708454543992588,-0.004046769492541458,0.010463840547421333,356.1699951171875,353.2529998779297,-0.3149145085133782,0.03777589661595805,0.0,0.0,0.0,0.0,0.0,0.0,0.0,0.0
2025-02-21,353.44000244140625,354.9800109863281,334.4200134277344,337.79998779296875,74058600,330.5299987792969,0,TSLA,-0.046839747148427646,-0.04605912917818766,0.028310465123192463,352.5419921875,349.6009979248047,0.6111814538761764,0.033241723464182193,0.0,0.0,0.0,0.0,0.0,0.0,0.0,0.0
2025-02-24,338.1400146484375,342.3999938964844,324.70001220703125,330.5299987792969,76052300,302.79998779296875,0,TSLA,-0.021521578674915554,-0.08328710612002033,-0.017770677878179986,347.47999267578126,346.49199829101565,0.026920573707847506,0.03318582591972964,0.0,0.0,0.0,0.0,0.0,0.0,0.0,0.0
2025-02-25,327.0199890136719,328.8900146484375,297.25,302.79998779296875,134228800,290.79998779296875,0,TSLA,-0.0838955952220366,-0.1455982138605435,-0.14929486510071388,337.2179931640625,341.69899597167966,0.7649538541240699,0.03379938701863577,0.0,0.0,0.0,0.0,0.0,0.0,0.0,0.0
2025-02-26,303.7099914550781,309.0,288.0400085449219,290.79998779296875,100118300,281.95001220703125,0,TSLA,-0.039630120487999076,-0.13913558821324,-0.1827788028728582,323.2659912109375,337.9289947509766,-0.25412206620337807,0.03277902611633408,0.0,0.0,0.0,0.0,0.0,0.0,0.0,0.0
2025-02-27,291.1600036621094,297.2300109863281,280.8800048828125,281.95001220703125,101748200,292.9800109863281,1,TSLA,-0.030433204805490277,-0.14697602865603643,-0.2037784195011908,308.7759948730469,332.4729949951172,0.016279741066318465,0.031162750630417207,0.0,0.0,0.0,0.0,0.0,0.0,0.0,0.0
2025-02-28,279.5,293.8800048828125,273.6000061035156,292.9800109863281,115697000,284.6499938964844,0,TSLA,0.03912040539724382,-0.03243057200304367,-0.1874306274402594,299.81199951171874,326.1769958496094,0.13709136869251748,0.03715749690369703,0.0,0.0,0.0,0.0,0.0,0.0,0.0,0.0
2025-03-03,300.3399963378906,303.94000244140625,277.29998779296875,284.6499938964844,115551400,272.0400085449219,0,TSLA,-0.02843203214376444,-0.021148535607445673,-0.19681151580485934,290.63599853515626,319.05799560546876,-0.0012584595970509538,0.03681673378382405,0.0,0.0,0.0,0.0,0.0,0.0,0.0,0.0
2025-03-04,270.92999267578125,284.3500061035156,261.8399963378906,272.0400085449219,126706600,279.1000061035156,1,TSLA,-0.04429996705409467,-0.03514808736675146,-0.1946713487993076,284.4840026855469,310.8509979248047,0.09653885630117842,0.036637881048393994,0.0,0.0,0.0,0.0,0.0,0.0,0.0,0.0
2025-03-05,272.9200134277344,279.54998779296875,267.7099914550781,279.1000061035156,94042900,263.45001220703125,0,TSLA,0.025952056083059283,-0.047375262346686875,-0.15559856250785375,282.1440063476563,302.7049987792969,-0.2577900440861013,0.04238410953854592,0.0,0.0,0.0,0.0,0.0,0.0,0.0,0.0
2025-03-06,272.0599975585937,272.6499938964844,260.0199890136719,263.45001220703125,98451600,262.6700134277344,0,TSLA,-0.056073068986891905,-0.07447736569129415,-0.1299536894725437,278.4440063476562,293.61000061035156,0.04687966874692284,0.036647788517652866,0.0,0.0,0.0,0.0,0.0,0.0,0.0,0.0
2025-03-07,259.32000732421875,266.25,250.72999572753903,262.6700134277344,102369600,222.1499938964844,0,TSLA,-0.0029607088371812473,-0.034443445165677655,-0.09673306583926389,272.3820068359375,286.0970031738281,0.039796204429384696,0.035838215446638844,0.0,0.0,0.0,0.0,0.0,0.0,0.0,0.0
2025-03-10,252.5399932861328,253.3699951171875,220.0,222.1499938964844,189076900,230.5800018310547,1,TSLA,-0.1542620682219511,-0.2040487673293313,-0.21209439872851177,259.88200683593755,275.2590026855469,0.8470024304090278,0.064485210990229,0.0,0.0,0.0,0.0,0.0,0.0,0.0,0.0
2025-03-11,225.30999755859372,237.05999755859372,217.0200042724609,230.5800018310547,174896400,248.08999633789065,1,TSLA,0.037947369642955975,-0.12476754166990045,-0.21298384468346998,251.59000549316406,268.0370040893555,-0.0749985852317232,0.06427207910392105,0.0,0.0,0.0,0.0,0.0,0.0,0.0,0.0
2025-03-12,247.22000122070312,251.83999633789065,241.1000061035156,248.08999633789065,142215700,240.67999267578125,0,TSLA,0.07593891216839133,-0.055506972035294644,-0.1284384273406628,245.38800354003905,263.76600494384763,-0.18685747676910447,0.076170295374974,0.0,0.0,0.0,0.0,0.0,0.0,0.0,0.0
2025-03-13,248.1300048828125,248.2899932861328,232.6000061035156,240.67999267578125,114813500,249.97999572753903,1,TSLA,-0.02986820819658209,0.08341210573218061,-0.11527721983570716,240.83399963378906,259.63900299072264,-0.19268055495982506,0.07549493241627166,0.0,0.0,0.0,0.0,0.0,0.0,0.0,0.0
2025-03-14,247.30999755859372,251.5800018310547,240.72999572753903,249.97999572753903,100242300,238.00999450683597,0,TSLA,0.038640532386444715,0.08413563076774833,-0.10433539856382612,238.29599609375,255.33900146484376,-0.12691190495891158,0.07677681438455335,0.0,0.0,0.0,0.0,0.0,0.0,0.0,0.0
2025-03-17,245.05999755859372,245.3999938964844,232.8000030517578,238.00999450683597,111900600,225.30999755859372,0,TSLA,-0.04788383640805216,-0.040630424361512985,-0.09656487576931039,241.4679962158203,250.6750015258789,0.1163012021871006,0.07606930924028132,0.0,0.0,0.0,0.0,0.0,0.0,0.0,0.0
2025-03-18,228.16000366210935,230.1000061035156,222.27999877929688,225.30999755859372,111477600,235.8600006103516,1,TSLA,-0.05335909096824709,-0.06386070959330781,-0.14223175071112226,240.41399536132812,246.0020004272461,-0.0037801405890585116,0.07746783821128357,0.0,0.0,0.0,0.0,0.0,0.0,0.0,0.0
2025-03-19,231.6100006103516,241.41000366210935,229.1999969482422,235.8600006103516,111993800,236.25999450683597,1,TSLA,0.04682438935722,-0.05648450019407658,0.06171508931148417,237.9679962158203,241.6779998779297,0.004630526670828861,0.05205646905871156,0.0,0.0,0.0,0.0,0.0,0.0,0.0,0.0
2025-03-20,233.3500061035156,238.0,230.0500030517578,236.25999450683597,99028300,248.7100067138672,1,TSLA,0.0016958954271570903,-0.007352632412038207,0.024633500870309577,237.08399658203126,238.95899810791016,-0.11576980154258543,0.05056545496693896,0.0,0.0,0.0,0.0,0.0,0.0,0.0,0.0
2025-03-21,234.9900054931641,249.5200042724609,234.5500030517578,248.7100067138672,132728700,278.3900146484375,1,TSLA,0.052696235065183616,0.10385695001922013,0.002499134931390312,236.8299987792969,237.56299743652343,0.3403108000440278,0.04561911218278775,0.0,0.0,0.0,0.0,0.0,0.0,0.0,0.0
2025-03-24,258.0799865722656,278.6400146484375,256.3299865722656,278.3900146484375,169079900,288.1400146484375,1,TSLA,0.11933580126800525,0.18031889225823794,0.15668116636290264,244.9060028076172,243.18699951171874,0.2738759590050983,0.06094047051658353,0.0,0.0,0.0,0.0,0.0,0.0,0.0,0.0
2025-03-25,283.6000061035156,288.20001220703125,271.2799987792969,288.1400146484375,150361500,272.0599975585937,0,TSLA,0.03502280788451673,0.2195886792001953,0.15265229047563578,257.4720062255859,248.94300079345703,-0.11070742294027858,0.0607965801773602,0.0,0.0,0.0,0.0,0.0,0.0,0.0,0.0
2025-03-26,282.6600036621094,284.8999938964844,266.510009765625,272.0599975585937,153629800,273.1300048828125,1,TSLA,-0.05580626179068948,0.09388440438421886,0.1430612320390594,264.7120056152344,251.34000091552736,0.021736282226500814,0.06236878800317898,0.0,0.0,0.0,0.0,0.0,0.0,0.0,0.0
2025-03-27,272.4800109863281,291.8500061035156,271.82000732421875,273.1300048828125,162572100,263.54998779296875,0,TSLA,0.003932982922226103,-0.018894390922273407,0.2122409473276159,272.0860076904297,254.58500213623046,0.05820680623160346,0.054224767953807845,0.0,0.0,0.0,0.0,0.0,0.0,0.0,0.0
2025-03-28,275.5799865722656,276.1000061035156,260.57000732421875,263.54998779296875,123809400,259.1600036621094,0,TSLA,-0.03507493471452938,-0.0853405483631674,0.11740009798593154,275.05400390625,255.94200134277344,-0.23843390101991668,0.05843522073604068,0.0,0.0,0.0,0.0,0.0,0.0,0.0,0.0
2025-03-31,249.30999755859372,260.5599975585937,243.3600006103516,259.1600036621094,134008900,268.4599914550781,1,TSLA,-0.016657121359109794,-0.04741598916505918,0.09692715520066941,271.2080017089844,258.05700225830077,0.08238065930373617,0.05965625555833281,0.0,0.0,0.0,0.0,0.0,0.0,0.0,0.0
2025-04-01,263.79998779296875,277.45001220703125,259.25,268.4599914550781,146486900,282.760009765625,1,TSLA,0.035885119854736525,-0.01709813401767435,0.07940969083697813,267.2719970703125,262.3720016479492,0.09311321859966015,0.05819589677196336,0.0,0.0,0.0,0.0,0.0,0.0,0.0,0.0
2025-04-02,254.6000061035156,284.989990234375,251.2700042724609,282.760009765625,212787800,267.2799987792969,0,TSLA,0.05326685079977622,0.07288948154968855,0.015697384558516214,269.41199951171876,267.06200256347654,0.4526063422736095,0.04067917381961478,0.0,0.0,0.0,0.0,0.0,0.0,0.0,0.0
2025-04-03,265.2900085449219,276.29998779296875,261.510009765625,267.2799987792969,136174300,239.42999267578125,0,TSLA,-0.05474611137253549,0.03133197639468421,-0.07239541475900924,268.24199829101565,270.1640029907227,-0.3600464876275802,0.042964467522174934,0.0,0.0,0.0,0.0,0.0,0.0,0.0,0.0
2025-04-04,255.3800048828125,261.0,236.0,239.42999267578125,181229400,233.2899932861328,0,TSLA,-0.10419786826814681,-0.10813528906840675,-0.1199367976756116,263.4179992675781,269.2360015869141,0.3308634595514719,0.05404817357974523,0.0,0.0,0.0,0.0,0.0,0.0,0.0,0.0
2025-04-07,223.77999877929688,252.0,214.25,233.2899932861328,183453800,221.8600006103516,0,TSLA,-0.025644236634809525,-0.17495407685300712,-0.14586464644839447,258.24399719238284,264.7259994506836,0.012273946721668816,0.05330837422530168,0.0,0.0,0.0,0.0,0.0,0.0,0.0,0.0
2025-04-08,245.0,250.44000244140625,217.8000030517578,221.8600006103516,171603500,272.20001220703125,1,TSLA,-0.048994783337158454,-0.1699341453770743,-0.1581862611026439,248.9239990234375,258.097998046875,-0.06459555484814161,0.054172488431709256,0.0,0.0,0.0,0.0,0.0,0.0,0.0,0.0
2025-04-09,224.69000244140625,274.69000244140625,223.8800048828125,272.20001220703125,219433400,252.3999938964844,0,TSLA,0.22689989839624514,0.13686681089960517,0.050316439113511136,246.81199951171874,258.11199951171875,0.278723336062493,0.10920128468949597,0.0,0.0,0.0,0.0,0.0,0.0,0.0,0.0
2025-04-10,260.0,262.489990234375,239.3300018310547,252.3999938964844,181722600,252.30999755859372,0,TSLA,-0.07274069589492616,0.08191521779896038,-0.05982268520365752,243.8359985351563,256.03899841308595,-0.17185533287093036,0.11286189009889643,0.0,0.0,0.0,0.0,0.0,0.0,0.0,0.0
2025-04-11,251.83999633789065,257.739990234375,241.3600006103516,252.30999755859372,128948100,252.3500061035156,1,TSLA,-0.0003565623615965352,0.1372487012732,-0.10768853853227256,246.41199951171876,254.91499938964844,-0.2904124198090936,0.11013482324406564,0.0,0.0,0.0,0.0,0.0,0.0,0.0,0.0
2025-04-14,258.3599853515625,261.79998779296875,245.92999267578125,252.3500061035156,100135200,254.1100006103516,1,TSLA,0.00015856900364230597,-0.07292433950523869,-0.05585899709655995,250.2240020751953,254.23399963378907,-0.22344571187943052,0.10847567816107063,0.0,0.0,0.0,0.0,0.0,0.0,0.0,0.0
2025-04-15,249.91000366210935,258.75,247.5399932861328,254.1100006103516,79594300,241.5500030517578,0,TSLA,0.006974418324816822,0.006774987144288591,0.06131231835457207,256.6740020751953,252.79900054931642,-0.2051316619929855,0.09900994152413718,0.0,0.0,0.0,0.0,0.0,0.0,0.0,0.0
2025-04-16,247.6100006103516,251.97000122070312,233.88999938964844,241.5500030517578,112378700,241.3699951171875,0,TSLA,-0.049427403598542696,-0.0426459300501445,0.03540661838630177,250.54400024414062,248.6779998779297,0.41189381651701185,0.10091981040614022,0.0,0.0,0.0,0.0,0.0,0.0,0.0,0.0
2025-04-17,243.47000122070312,244.33999633789065,237.67999267578125,241.3699951171875,83404800,227.5,0,TSLA,-0.0007452201709629014,-0.04351103911534693,0.08793831449185352,248.33800048828124,246.08699951171874,-0.25782376909503313,0.09790689147543458,0.0,0.0,0.0,0.0,0.0,0.0,0.0,0.0
2025-04-21,230.25999450683597,232.2100067138672,222.7899932861328,227.5,97768000,237.97000122070312,1,TSLA,-0.05746362595919796,-0.10471843117719304,-0.16421752462315498,243.3760009765625,244.8940002441406,0.17221071209330874,0.03361643867330097,0.0,0.0,0.0,0.0,0.0,0.0,0.0,0.0
2025-04-22,230.9600067138672,242.7899932861328,229.8500061035156,237.97000122070312,120858500,250.7400054931641,1,TSLA,0.04602198338770602,-0.014820955437071959,-0.057171129258027586,240.5,245.36200103759765,0.2361764585549464,0.03531503746771299,0.0,0.0,0.0,0.0,0.0,0.0,0.0,0.0
2025-04-23,254.8600006103516,259.45001220703125,244.42999267578125,250.7400054931641,150381900,259.510009765625,1,TSLA,0.05366224400956132,0.03882011254724249,-0.006222472674968116,239.8260009765625,248.2500015258789,0.24428070843176108,0.042410539372036794,0.0,0.0,0.0,0.0,0.0,0.0,0.0,0.0
2025-04-24,250.5,259.5400085449219,249.1999969482422,259.510009765625,94464200,284.95001220703125,1,TSLA,0.0349764859229853,0.14070333962912085,0.028373304889766082,243.41800231933593,246.9810012817383,-0.37183796720217,0.04444137778693724,0.0,0.0,0.0,0.0,0.0,0.0,0.0,0.0
2025-04-25,261.69000244140625,286.8500061035156,259.6300048828125,284.95001220703125,167560700,285.8800048828125,1,TSLA,0.09803091011549903,0.19741988799149923,0.12136480863643473,252.13400573730468,250.23600311279296,0.7738010801975774,0.056778288475255484,0.0,0.0,0.0,0.0,0.0,0.0,0.0,0.0
2025-04-28,288.9800109863281,294.8599853515625,272.4200134277344,285.8800048828125,151731800,292.0299987792969,1,TSLA,0.0032637046356942534,0.14014516479144934,0.18352308536943363,263.8100067138672,253.59300384521484,-0.09446666193206399,0.04938108111128922,0.0,0.0,0.0,0.0,0.0,0.0,0.0,0.0
2025-04-29,285.5,293.32000732421875,279.4700012207031,292.0299987792969,108906600,282.1600036621094,0,TSLA,0.021512501019458785,0.12531304300378276,0.20988525784869583,274.62200622558595,257.56100311279295,-0.2822427467412896,0.04811800628550161,0.0,0.0,0.0,0.0,0.0,0.0,0.0,0.0
2025-04-30,279.8999938964844,284.45001220703125,270.7799987792969,282.1600036621094,128961100,280.5199890136719,0,TSLA,-0.03379788089732105,-0.009791221005089112,0.24026375236092035,280.906005859375,260.3660034179687,0.18414402800197593,0.041432509915659374,0.0,0.0,0.0,0.0,0.0,0.0,0.0,0.0
2025-05-01,280.010009765625,290.8699951171875,279.8099975585937,280.5199890136719,99659000,287.2099914550781,1,TSLA,-0.005812356915055328,-0.018749180696767453,0.1788039987170742,285.1080017089844,264.2630020141602,-0.22721657926304906,0.04309748479672644,0.0,0.0,0.0,0.0,0.0,0.0,0.0,0.0
2025-05-02,284.8999938964844,294.7799987792969,279.8099975585937,287.2099914550781,114454700,280.260009765625,0,TSLA,0.023848576584252656,-0.01650517872946844,0.14544941039697123,285.55999755859375,268.84700164794924,0.14846325971563035,0.041170836303216406,0.0,0.0,0.0,0.0,0.0,0.0,0.0,0.0
2025-05-05,284.57000732421875,284.8500061035156,274.3999938964844,280.260009765625,94618900,275.3500061035156,0,TSLA,-0.024198258752220814,-0.006733746356055614,0.07995838009770884,284.4359985351563,274.12300262451174,-0.17330699394607652,0.043652733465157925,0.0,0.0,0.0,0.0,0.0,0.0,0.0,0.0
2025-05-06,273.1099853515625,277.7300109863281,271.3500061035156,275.3500061035156,76715800,276.2200012207031,1,TSLA,-0.017519458684867262,-0.018429998262634584,-0.03369014105021595,281.1,277.86100311279296,-0.18921272599871697,0.022203513677494464,0.0,0.0,0.0,0.0,0.0,0.0,0.0,0.0
2025-05-07,276.8800048828125,277.9200134277344,271.0,276.2200012207031,71592600,284.82000732421875,1,TSLA,0.003159597232260225,-0.03826465151402614,-0.033790413799905994,279.91199951171876,280.40900268554685,-0.06678154956345372,0.022197346317245303,0.0,0.0,0.0,0.0,0.0,0.0,0.0,0.0
2025-05-08,279.6300048828125,289.79998779296875,279.4100036621094,284.82000732421875,97539400,298.260009765625,1,TSLA,0.031134624811778533,0.0162705965878156,-0.024689215098504746,280.7720031738281,282.94000244140625,0.3624229319790033,0.024289493124919563,0.0,0.0,0.0,0.0,0.0,0.0,0.0,0.0
2025-05-09,290.2099914550781,307.0400085449219,290.0,298.260009765625,132387800,318.3800048828125,1,TSLA,0.04718770485146129,0.08320320738796916,0.05705984510404116,282.9820068359375,284.2710021972656,0.3572751113908841,0.026532315891307796,0.0,0.0,0.0,0.0,0.0,0.0,0.0,0.0
2025-05-12,321.989990234375,322.2099914550781,311.5,318.3800048828125,112826700,334.07000732421875,1,TSLA,0.06745790403815088,0.15263197261527428,0.13496370081240605,290.606005859375,287.5210021972656,-0.1477560621144849,0.033574841812420084,0.0,0.0,0.0,0.0,0.0,0.0,0.0,0.0
2025-05-13,320.0,337.5899963378906,316.79998779296875,334.07000732421875,136992600,347.67999267578125,1,TSLA,0.049280740626853614,0.17291622334640744,0.1631559390804478,302.3500061035156,291.7250030517578,0.21418600384483466,0.035540245499044554,0.0,0.0,0.0,0.0,0.0,0.0,0.0,0.0
2025-05-14,342.5,350.0,337.0,347.67999267578125,136997300,342.82000732421875,0,TSLA,0.04073991993646375,0.1656942979013205,0.2405622656137707,316.6420043945312,298.277001953125,3.430842249874111e-05,0.029287934249763073,0.0,0.0,0.0,0.0,0.0,0.0,0.0,0.0
2025-05-15,340.3399963378906,346.1400146484375,334.7200012207031,342.82000732421875,97882600,349.9800109863281,1,TSLA,-0.013978329078298546,0.0767636222959478,0.24503359260990298,328.24200439453125,304.5070037841797,-0.28551438604994406,0.028311735432652325,0.0,0.0,0.0,0.0,0.0,0.0,0.0,0.0
2025-05-16,346.239990234375,351.6199951171875,342.3299865722656,349.9800109863281,95895700,342.0899963378906,0,TSLA,0.0208856061756566,0.04762475922200493,0.26703355817701935,338.58600463867185,310.7840057373047,-0.020298806938107483,0.025984692678026042,0.0,0.0,0.0,0.0,0.0,0.0,0.0,0.0
2025-05-19,336.29998779296875,343.0,333.3699951171875,342.0899963378906,88869900,343.82000732421875,1,TSLA,-0.022544186527114873,-0.016077992566870036,0.20107431901186557,343.3280029296875,316.9670043945313,-0.07326501605390023,0.03391370861084793,0.0,0.0,0.0,0.0,0.0,0.0,0.0,0.0
2025-05-20,347.8699951171875,354.989990234375,341.6300048828125,343.82000732421875,131715500,334.6199951171875,0,TSLA,0.005057180873010214,0.002916982610802643,0.1527526187449506,345.2780029296875,323.8140045166016,0.4821159920287972,0.033470301184232276,0.0,0.0,0.0,0.0,0.0,0.0,0.0,0.0
2025-05-21,344.42999267578125,347.3500061035156,332.20001220703125,334.6199951171875,102354800,341.0400085449219,1,TSLA,-0.026758222357769146,-0.04388826614940777,0.05100819770498011,342.66600341796874,329.65400390625,-0.22290998401858553,0.03047747030430895,0.0,0.0,0.0,0.0,0.0,0.0,0.0,0.0
2025-05-22,331.8999938964844,347.2699890136719,331.3900146484375,341.0400085449219,97113400,339.3399963378906,0,TSLA,0.019185982671137136,-0.0030693320594258333,0.020863893997938865,342.31000366210935,335.2760040283203,-0.05120815047266958,0.025286278187809343,0.0,0.0,0.0,0.0,0.0,0.0,0.0,0.0
2025-05-23,337.9200134277344,343.17999267578125,333.2099914550781,339.3399963378906,84654800,362.8900146484375,1,TSLA,-0.004984788190348977,-0.013030105552012006,-0.02398756475374131,340.1820007324219,339.3840026855469,-0.1282891959297069,0.019139389472748607,0.0,0.0,0.0,0.0,0.0,0.0,0.0,0.0
2025-05-27,347.3500061035156,363.7900085449219,347.32000732421875,362.8900146484375,120146400,356.8999938964844,0,TSLA,0.06939947711644767,0.08448395177744694,0.0585438623634289,344.3420043945313,343.8350036621094,0.41925088713221226,0.03260070961754391,0.0,0.0,0.0,0.0,0.0,0.0,0.0,0.0
2025-05-28,364.8399963378906,365.0,355.9100036621094,356.8999938964844,91404300,358.42999267578125,1,TSLA,-0.016506435862546853,0.04650476470262399,0.019772508980310244,346.9580017089844,346.1180023193359,-0.23922564471344954,0.033308996109710616,0.0,0.0,0.0,0.0,0.0,0.0,0.0,0.0
2025-05-29,365.2900085449219,367.7099914550781,356.0,358.42999267578125,88087800,346.4599914550781,0,TSLA,0.004286911755287504,0.05625625197120043,0.04776519779242894,351.7200012207031,347.19300231933596,-0.03628385097856446,0.03132907990455348,0.0,0.0,0.0,0.0,0.0,0.0,0.0,0.0
2025-05-30,355.5199890136719,363.6799926757813,345.2900085449219,346.4599914550781,123474900,342.69000244140625,0,TSLA,-0.03339564619395741,-0.04527548990091812,0.007678390072192398,352.8039978027344,347.5570007324219,0.4017253240516847,0.0349126093630693,0.0,0.0,0.0,0.0,0.0,0.0,0.0,0.0
2025-06-02,343.5,348.0199890136719,333.3299865722656,342.69000244140625,81873800,344.2699890136719,1,TSLA,-0.01088145559849063,-0.039815050989324474,0.024116930972378325,353.4739990234375,346.8279998779297,-0.3369194872804109,0.033238546208806966,0.0,0.0,0.0,0.0,0.0,0.0,0.0,0.0
2025-06-03,346.6000061035156,355.3999938964844,343.0400085449219,344.2699890136719,99324500,332.04998779296875,0,TSLA,0.004610541775392996,-0.03950563276360031,0.009470972284251866,349.7499938964844,347.04599914550784,0.21314144451582795,0.03256911682680627,0.0,0.0,0.0,0.0,0.0,0.0,0.0,0.0
2025-06-04,345.1000061035156,345.6000061035156,327.3299865722656,332.04998779296875,98912100,284.70001220703125,0,TSLA,-0.03549540073392177,-0.04159211458035772,-0.02148290394175345,344.7799926757813,345.86899719238284,-0.004152047078011978,0.035533528912325626,0.0,0.0,0.0,0.0,0.0,0.0,0.0,0.0
2025-06-05,322.489990234375,324.54998779296875,273.2099914550781,284.70001220703125,287499800,295.1400146484375,1,TSLA,-0.14259893789082123,-0.16921996504491033,-0.21546473941190025,330.03399658203125,340.8769989013672,1.9066191092899656,0.050964524503842853,0.0,0.0,0.0,0.0,0.0,0.0,0.0,0.0
2025-06-06,298.8299865722656,305.5,291.1400146484375,295.1400146484375,164747700,308.5799865722656,1,TSLA,0.036670186138995975,-0.1427076885382632,-0.17304561587064582,319.77000122070314,336.28699951171876,-0.42696412310547693,0.057368310400984474,0.0,0.0,0.0,0.0,0.0,0.0,0.0,0.0
2025-06-09,285.9599914550781,309.8299865722656,281.8500061035156,308.5799865722656,140908900,326.0899963378906,1,TSLA,0.04553761352840424,-0.07068213246053945,-0.13907878001885732,312.947998046875,333.21099853515625,-0.14469883342832712,0.06277305786920666,0.0,0.0,0.0,0.0,0.0,0.0,0.0,0.0
2025-06-10,314.94000244140625,327.8299865722656,310.6700134277344,326.0899963378906,151256500,326.42999267578125,1,TSLA,0.05674382827003055,0.14538104094200377,-0.05879465340755996,309.31199951171874,329.53099670410154,0.07343468013730847,0.06840766817625155,0.0,0.0,0.0,0.0,0.0,0.0,0.0,0.0
2025-06-11,334.3999938964844,335.5,322.5,326.42999267578125,122611400,319.1099853515625,0,TSLA,0.0010426457165473302,0.10601740351817601,-0.04744815912277789,308.18800048828126,326.48399658203124,-0.1893809522235408,0.06842848145352148,0.0,0.0,0.0,0.0,0.0,0.0,0.0,0.0
2025-06-12,323.0799865722656,332.5599975585937,316.8599853515625,319.1099853515625,105127500,325.3099975585937,1,TSLA,-0.022424432461661592,0.03412404963868543,-0.07308218684466916,315.0699951171875,322.5519958496094,-0.14259603919374542,0.0685726443121293,0.0,0.0,0.0,0.0,0.0,0.0,0.0,0.0
2025-06-13,313.9700012207031,332.989990234375,313.29998779296875,325.3099975585937,128964300,329.1300048828125,1,TSLA,0.019429076154419578,-0.0023919739582832777,-0.020298119205405363,321.10399169921874,320.43699645996094,0.22674181351216371,0.06812934656509544,0.0,0.0,0.0,0.0,0.0,0.0,0.0,0.0
2025-06-16,331.2900085449219,332.04998779296875,326.4100036621094,329.1300048828125,83925900,316.3500061035156,0,TSLA,0.011742668079331775,0.008271336175021737,0.15605897706626082,325.2139953613281,319.08099670410155,-0.3492315315168616,0.0273769382525392,0.0,0.0,0.0,0.0,0.0,0.0,0.0,0.0
2025-06-17,326.0899963378906,327.260009765625,314.739990234375,316.3500061035156,88282700,322.04998779296875,1,TSLA,-0.03882963749794621,-0.008648990551035962,0.07186416752178748,323.2659973144531,316.28899841308595,0.051912460873222654,0.03428863283872685,0.0,0.0,0.0,0.0,0.0,0.0,0.0,0.0
2025-06-18,317.3099975585937,329.32000732421875,315.45001220703125,322.04998779296875,95137700,322.1600036621094,1,TSLA,0.0180179597897272,-0.010021240632291817,0.04365157108965212,322.38999633789064,315.28899841308595,0.07764828216626807,0.03101861471497332,0.0,0.0,0.0,0.0,0.0,0.0,0.0,0.0
2025-06-20,327.95001220703125,332.3599853515625,317.7799987792969,322.1600036621094,108688000,348.67999267578125,1,TSLA,0.0003416111576173275,-0.02117704590070668,-0.01205186519033552,323.0,319.0349975585938,0.14242829078272856,0.021739100315539488,0.0,0.0,0.0,0.0,0.0,0.0,0.0,0.0
2025-06-23,327.5400085449219,357.5400085449219,327.4800109863281,348.67999267578125,190716800,340.4700012207031,0,TSLA,0.0823193093872907,0.1021968893583225,0.06816162883077737,327.6739990234375,324.3889953613281,0.7547180921536876,0.03854699623543619,0.0,0.0,0.0,0.0,0.0,0.0,0.0,0.0
2025-06-24,356.1700134277344,356.260009765625,340.44000244140625,340.4700012207031,114736200,327.54998779296875,0,TSLA,-0.023545920693855638,0.057196131426577645,0.0669362190142948,329.94199829101564,327.5779968261719,-0.39839489756539537,0.038706635869427256,0.0,0.0,0.0,0.0,0.0,0.0,0.0,0.0
2025-06-25,342.70001220703125,343.0,320.3999938964844,327.54998779296875,119845100,325.7799987792969,0,TSLA,-0.037947582404945,0.01673076753659508,0.0068857097881585005,332.18199462890624,327.7239959716797,0.04452735928155205,0.042269733960340436,0.0,0.0,0.0,0.0,0.0,0.0,0.0,0.0
2025-06-26,324.6099853515625,331.04998779296875,323.6099853515625,325.7799987792969,80440900,323.6300048828125,0,TSLA,-0.0054037218123500486,-0.0656762486449225,-0.010178367374036323,332.92799682617186,327.65899658203125,-0.32879274997475905,0.042089116402436386,0.0,0.0,0.0,0.0,0.0,0.0,0.0,0.0
2025-06-27,324.510009765625,329.3399963378906,317.5,323.6300048828125,89067000,317.6600036621094,0,TSLA,-0.006599526995335614,-0.049461028218384606,0.02301248186767757,333.2219970703125,328.1109985351562,0.10723524972992604,0.03886485782447843,0.0,0.0,0.0,0.0,0.0,0.0,0.0,0.0
2025-06-30,319.8999938964844,325.5799865722656,316.6000061035156,317.6600036621094,76695100,300.7099914550781,0,TSLA,-0.018446995428822777,-0.03019381620954431,-0.01363137493326505,327.01799926757815,327.3459991455078,-0.13890554301817737,0.03909763477389527,0.0,0.0,0.0,0.0,0.0,0.0,0.0,0.0
2025-07-01,298.4599914550781,305.8900146484375,293.2099914550781,300.7099914550781,145085700,315.6499938964844,1,TSLA,-0.05335897504131726,-0.0769537952549465,-0.06658185983114351,319.0659973144531,324.5039978027344,0.8917205923194571,0.04371197860310139,0.0,0.0,0.0,0.0,0.0,0.0,0.0,0.0
2025-07-02,312.6300048828125,316.8299865722656,303.82000732421875,315.6499938964844,119483700,315.3500061035156,0,TSLA,0.04968242780731846,-0.024657821790095458,-0.0947286895523417,316.6859985351563,324.4339965820312,-0.17646122257396835,0.03270275625662963,0.0,0.0,0.0,0.0,0.0,0.0,0.0,0.0
2025-07-03,317.989990234375,318.45001220703125,312.760009765625,315.3500061035156,58042300,293.94000244140625,0,TSLA,-0.0009503811144286889,-0.007271918189143078,-0.0737803478342397,314.6,323.7639984130859,-0.5142241159254359,0.03267947768625868,0.0,0.0,0.0,0.0,0.0,0.0,0.0,0.0
2025-07-07,291.3699951171875,296.1499938964844,288.7699890136719,293.94000244140625,131177900,297.8099975585937,1,TSLA,-0.06789282780315342,-0.022513349093966517,-0.10261024760839266,308.66199951171876,320.94199829101564,1.2600396607301918,0.038349750187324866,0.0,0.0,0.0,0.0,0.0,0.0,0.0,0.0
2025-07-08,297.0,304.04998779296875,294.3500061035156,297.8099975585937,103246700,295.8800048828125,0,TSLA,0.013165935514200422,-0.05651828507160117,-0.08585548936554499,304.69199829101564,315.85499877929686,-0.21292611026704955,0.03971863388615414,0.0,0.0,0.0,0.0,0.0,0.0,0.0,0.0
2025-07-09,297.54998779296875,300.1499938964844,293.54998779296875,295.8800048828125,75586800,309.8699951171875,1,TSLA,-0.0064806174796112614,-0.06174092546017573,-0.08574606674695806,303.7260009765625,311.3959991455078,-0.2679010564018026,0.039721382408840024,0.0,0.0,0.0,0.0,0.0,0.0,0.0,0.0
2025-07-10,300.04998779296875,310.4800109863281,300.0,309.8699951171875,104365300,313.510009765625,1,TSLA,0.0472826483827995,0.05419470825158168,-0.024523101602705988,302.57000122070315,309.6279998779297,0.3807344668645849,0.045327852465094534,0.0,0.0,0.0,0.0,0.0,0.0,0.0,0.0
2025-07-11,307.8900146484375,314.0899963378906,305.6499938964844,313.510009765625,79236400,316.8999938964844,1,TSLA,0.01174690904506881,0.05271821743977001,0.04256598940597223,302.202001953125,308.4010009765625,-0.2407783046663977,0.03949272071746742,0.0,0.0,0.0,0.0,0.0,0.0,0.0,0.0
2025-07-14,317.7300109863281,322.6000061035156,312.6700134277344,316.8999938964844,78043400,310.7799987792969,0,TSLA,0.010813001260769006,0.07104227614839043,0.003960082446286872,306.79400024414065,307.7279998779297,-0.015056211539141051,0.03489938623139268,0.0,0.0,0.0,0.0,0.0,0.0,0.0,0.0
2025-07-15,319.67999267578125,321.20001220703125,310.5,310.7799987792969,77556300,321.6700134277344,1,TSLA,-0.01931207079538977,0.002936727261267258,-0.01449185741483261,309.38800048828125,307.0399993896484,-0.006241399016444715,0.03575846419745034,0.0,0.0,0.0,0.0,0.0,0.0,0.0,0.0
2025-07-16,312.79998779296875,323.5,312.6199951171875,321.6700134277344,97284800,319.4100036621094,0,TSLA,0.03504091219258654,0.026027888768877405,0.09433901733689964,314.54600219726564,309.13600158691406,0.25437649810524743,0.022696627068989166,0.0,0.0,0.0,0.0,0.0,0.0,0.0,0.0
2025-07-17,323.1499938964844,324.3399963378906,317.0599975585937,319.4100036621094,73922900,329.6499938964844,1,TSLA,-0.007025863995037018,0.00792051061523491,0.07252948618444521,316.45400390625,309.5120025634766,-0.24013926122066342,0.023947285791758924,0.0,0.0,0.0,0.0,0.0,0.0,0.0,0.0
2025-07-18,321.6600036621094,330.8999938964844,321.4200134277344,329.6499938964844,94255000,328.489990234375,0,TSLA,0.03205907804067243,0.06071817746092534,0.11413406940778903,319.6820007324219,310.94200134277344,0.2750446749248203,0.023877823575664394,0.0,0.0,0.0,0.0,0.0,0.0,0.0,0.0
2025-07-21,334.3999938964844,338.0,326.8800048828125,328.489990234375,75768800,332.1099853515625,1,TSLA,-0.0035188948387289143,0.021201779842536572,0.060089700231046095,322.0,314.3970001220703,-0.19612964829452018,0.020142604174046435,0.0,0.0,0.0,0.0,0.0,0.0,0.0,0.0
2025-07-22,329.739990234375,335.4100036621094,321.54998779296875,332.1099853515625,77370400,332.5599975585937,1,TSLA,0.0110201078413521,0.03976075120955791,0.05932817137112312,326.2659973144531,317.8269989013672,0.021137988195669033,0.020125203993776767,0.0,0.0,0.0,0.0,0.0,0.0,0.0,0.0
2025-07-23,330.8999938964844,336.20001220703125,328.6700134277344,332.5599975585937,92553800,305.29998779296875,0,TSLA,0.0013550095657461902,0.008827555637762607,0.04941623213544366,328.44399414062497,321.4949981689453,0.19624300766184488,0.02025635621315546,0.0,0.0,0.0,0.0,0.0,0.0,0.0,0.0
2025-07-24,310.0,310.1499938964844,300.4100036621094,305.29998779296875,156966000,316.0599975585937,1,TSLA,-0.08197020076301276,-0.07059576587055316,-0.017633087740050457,325.6219909667969,321.0379974365234,0.69594333241855,0.039020287315656134,0.0,0.0,0.0,0.0,0.0,0.0,0.0,0.0
2025-07-25,308.739990234375,323.6300048828125,308.010009765625,316.0599975585937,148227000,325.5899963378906,1,TSLA,0.0352440556693423,-0.048327326791992475,-0.01744028238554174,322.90399169921875,321.2929962158203,-0.05567447727533348,0.039052370428587044,0.0,0.0,0.0,0.0,0.0,0.0,0.0,0.0
2025-07-28,318.45001220703125,330.489990234375,315.69000244140625,325.5899963378906,112673800,321.20001220703125,0,TSLA,0.030152499060024818,-0.020958627832185495,0.019348150042034495,322.32399291992186,322.16199645996096,-0.23985643641171983,0.040721065887849,0.0,0.0,0.0,0.0,0.0,0.0,0.0,0.0
2025-07-29,325.54998779296875,326.25,318.25,321.20001220703125,87358900,319.0400085449219,0,TSLA,-0.013483166498468035,0.05208000343860042,-0.02563319231277328,320.1419982910156,323.20399780273436,-0.22467423660158792,0.03899503902711342,0.0,0.0,0.0,0.0,0.0,0.0,0.0,0.0
2025-07-30,322.17999267578125,324.45001220703125,311.6199951171875,319.0400085449219,83931900,308.2699890136719,0,TSLA,-0.006724793213012448,0.009428624341413894,-0.028767944139517443,317.43800048828126,322.9409973144531,-0.03922897380804935,0.03902057417886074,0.0,0.0,0.0,0.0,0.0,0.0,0.0,0.0
2025-07-31,319.6099853515625,321.3699951171875,306.1000061035156,308.2699890136719,85270900,302.6300048828125,0,TSLA,-0.03375758288237862,-0.053195760063354025,-0.07178343738341464,318.03200073242186,321.8269958496094,0.015953409847745625,0.03990630878801326,0.0,0.0,0.0,0.0,0.0,0.0,0.0,0.0
2025-08-01,306.2099914550781,309.3099975585937,297.82000732421875,302.6300048828125,89121400,309.260009765625,1,TSLA,-0.01829559909125389,-0.057814466433610656,-0.0899987758464782,315.34600219726565,319.1249969482422,0.045156084901179616,0.03967446329797041,0.0,0.0,0.0,0.0,0.0,0.0,0.0,0.0
2025-08-04,309.0799865722656,312.1199951171875,303.0,309.260009765625,78683900,308.7200012207031,0,TSLA,0.021907956170373222,-0.030654458742969237,0.012970920835220001,312.0800048828125,317.2019989013672,-0.11711553005226583,0.026771465468539292,0.0,0.0,0.0,0.0,0.0,0.0,0.0,0.0
2025-08-05,308.95001220703125,312.45001220703125,305.5,308.7200012207031,57961300,319.9100036621094,1,TSLA,-0.0017461311772288823,0.0014597989524411936,-0.023223427180245504,309.58400268554686,314.8630004882813,-0.26336518652481633,0.02245251921998667,0.0,0.0,0.0,0.0,0.0,0.0,0.0,0.0
2025-08-06,307.8900146484375,320.4700012207031,306.92999267578125,319.9100036621094,78523600,322.2699890136719,1,TSLA,0.03624644466558724,0.05709942338991869,-0.017445230933590072,309.75800170898435,313.59800109863284,0.35475912376016416,0.024021630195068495,0.0,0.0,0.0,0.0,0.0,0.0,0.0,0.0
2025-08-07,319.7900085449219,322.3999938964844,316.1600036621094,322.2699890136719,66658700,329.6499938964844,1,TSLA,0.007377028928595486,0.042068094280623525,0.0033311854482462877,312.55800170898436,315.2950012207031,-0.15109979674900287,0.02368957969956391,0.0,0.0,0.0,0.0,0.0,0.0,0.0,0.0
2025-08-08,321.42999267578125,335.1499938964844,320.9800109863281,329.6499938964844,91200300,339.0299987792969,1,TSLA,0.02290006868278205,0.06779603716319782,0.033255971249350536,317.9619995117188,316.6540008544922,0.3681679960755311,0.024760883595002767,0.0,0.0,0.0,0.0,0.0,0.0,0.0,0.0
2025-08-11,335.0,346.6400146484375,334.1499938964844,339.0299987792969,105320200,340.8399963378906,1,TSLA,0.02845443669493286,0.05976679346789715,0.09978269329441858,323.91599731445314,317.9980010986328,0.15482295562624238,0.019062184685137297,0.0,0.0,0.0,0.0,0.0,0.0,0.0,0.0
2025-08-12,345.0,345.260009765625,332.94000244140625,340.8399963378906,80522100,339.3800048828125,0,TSLA,0.005338753399730889,0.057622515149652775,0.12625975890881724,330.3399963378906,319.9619995117188,-0.23545435728378794,0.01378537854980345,0.0,0.0,0.0,0.0,0.0,0.0,0.0,0.0
2025-08-13,341.5,348.9800109863281,338.20001220703125,339.3800048828125,67838900,335.5799865722656,0,TSLA,-0.004283509772223915,0.029516187369879043,0.0973937598333976,334.23399658203124,321.9959991455078,-0.15751203706808437,0.01571721558148242,0.0,0.0,0.0,0.0,0.0,0.0,0.0,0.0
2025-08-14,335.760009765625,340.4700012207031,330.3999938964844,335.5799865722656,75000700,330.5599975585937,0,TSLA,-0.011196942235471519,-0.010176126653845596,0.0870043574933792,336.89599609375,324.7269989013672,0.1055706976380808,0.01754206867917261,0.0,0.0,0.0,0.0,0.0,0.0,0.0,0.0
2025-08-15,337.6600036621094,339.29998779296875,327.0199890136719,330.5599975585937,74319800,335.1600036621094,1,TSLA,-0.0149591430196655,-0.03016077599386513,0.03329059352496189,337.0779968261719,327.5199981689453,-0.009078581933235297,0.016446438844330884,0.0,0.0,0.0,0.0,0.0,0.0,0.0,0.0
2025-08-18,329.6199951171875,336.2699890136719,329.5899963378906,335.1600036621094,56956600,329.3099975585937,0,TSLA,0.013915797850586165,-0.012434442689575276,0.03999756442692104,336.3039978027344,330.10999755859376,-0.2336281852211658,0.016798826978980684,0.0,0.0,0.0,0.0,0.0,0.0,0.0,0.0
2025-08-19,335.7900085449219,340.54998779296875,327.8500061035156,329.3099975585937,75956000,323.8999938964844,0,TSLA,-0.017454368181154867,-0.018684037381715868,-0.0010313858461573622,333.997998046875,332.1689971923828,0.33357679355860426,0.016852065636039856,0.0,0.0,0.0,0.0,0.0,0.0,0.0,0.0
2025-08-20,329.2200012207031,331.3699951171875,314.6000061035156,323.8999938964844,77481800,320.1099853515625,0,TSLA,-0.016428300696053832,-0.020147639494487835,-0.04462733367928862,330.90199584960936,332.5679962158203,0.020087945652746297,0.012069484390847693,0.0,0.0,0.0,0.0,0.0,0.0,0.0,0.0
2025-08-21,322.0799865722656,324.8999938964844,318.67999267578125,320.1099853515625,55744400,340.010009765625,1,TSLA,-0.011701168929731831,-0.044903980624488526,-0.06082035913935846,327.80799560546876,332.35199584960935,-0.28054846428451585,0.0109662783016925,0.0,0.0,0.0,0.0,0.0,0.0,0.0,0.0
2025-08-22,321.6600036621094,340.25,319.69000244140625,340.010009765625,94016300,346.6000061035156,1,TSLA,0.062166209505171155,0.03249221792948287,0.0018563406027118923,329.697998046875,333.38799743652345,0.6865604437396402,0.029201034544763957,0.0,0.0,0.0,0.0,0.0,0.0,0.0,0.0
2025-08-25,338.8999938964844,349.5299987792969,335.0299987792969,346.6000061035156,86670000,351.6700134277344,1,TSLA,0.019381771561470362,0.07008339806973263,0.032838726897311155,331.9859985351562,334.14499816894534,-0.0781385780976277,0.02942495701624571,0.0,0.0,0.0,0.0,0.0,0.0,0.0,0.0
2025-08-26,344.92999267578125,351.8999938964844,343.7200012207031,351.6700134277344,76651600,349.6000061035156,0,TSLA,0.01462783391499567,0.09859120152565981,0.06386137471276698,336.4580017089844,335.2279998779297,-0.11559247721241495,0.028180697574859404,0.0,0.0,0.0,0.0,0.0,0.0,0.0,0.0
2025-08-27,351.94000244140625,355.3900146484375,349.1600036621094,349.6000061035156,65519000,345.9800109863281,0,TSLA,-0.0058862207330171445,0.02820504121187839,0.04308390704030396,341.59800415039064,336.25,-0.14523636819061836,0.02862067500968675,0.0,0.0,0.0,0.0,0.0,0.0,0.0,0.0
2025-08-28,350.9100036621094,353.54998779296875,340.260009765625,345.9800109863281,67903200,333.8699951171875,0,TSLA,-0.010354676927882056,-0.0017887914202815436,0.05062103656530614,346.7720092773437,337.2900024414063,0.03638944428333768,0.027747483113795487,0.0,0.0,0.0,0.0,0.0,0.0,0.0,0.0
2025-08-29,347.2300109863281,348.75,331.70001220703125,333.8699951171875,81145700,329.3599853515625,0,TSLA,-0.03500206799409333,-0.050615684109798664,0.030781109628206682,345.54400634765625,337.6210021972656,0.19502026414071794,0.03109241529541578,0.0,0.0,0.0,0.0,0.0,0.0,0.0,0.0
2025-09-02,328.2300109863281,333.3299865722656,325.6000061035156,329.3599853515625,58392000,334.0899963378906,1,TSLA,-0.01350828116207925,-0.05789479519047869,0.028896318213382566,342.09600219726565,337.04100036621094,-0.28040549283572636,0.03125880575781586,0.0,0.0,0.0,0.0,0.0,0.0,0.0,0.0
2025-09-03,335.20001220703125,343.3299865722656,328.510009765625,334.0899963378906,88733300,338.5299987792969,1,TSLA,0.014361219324440011,-0.034366189579973616,-0.017411291602312362,338.5799987792969,337.5190002441406,0.5196139882175641,0.01960877946203639,0.0,0.0,0.0,0.0,0.0,0.0,0.0,0.0
2025-09-04,336.1499938964844,338.8900146484375,331.4800109863281,338.5299987792969,60711000,350.8399963378906,1,TSLA,0.01328983953448204,0.013957539552105436,-0.023283344437704856,336.3659973144531,338.98200073242185,-0.31580364981354236,0.018592917644667573,0.0,0.0,0.0,0.0,0.0,0.0,0.0,0.0
2025-09-05,348.0,355.8699951171875,344.67999267578125,350.8399963378906,108989800,346.3999938964844,0,TSLA,0.036363092201525005,0.06521742756151783,-0.0023602157083385533,337.33799438476564,342.0550018310547,0.7952232709064255,0.02329000739470544,0.0,0.0,0.0,0.0,0.0,0.0,0.0,0.0
2025-09-08,354.6400146484375,358.44000244140625,344.8399963378906,346.3999938964844,75208300,346.9700012207031,1,TSLA,-0.01265534855703887,0.036846351861860915,-0.009153352835136186,339.843994140625,342.6940002441406,-0.3099510229397613,0.02370683965626819,0.0,0.0,0.0,0.0,0.0,0.0,0.0,0.0
2025-09-09,348.44000244140625,350.7699890136719,343.82000732421875,346.9700012207031,53816000,347.7900085449219,1,TSLA,0.001645517708609212,0.024931328011815745,0.002861408760444606,343.3659973144531,342.7309997558594,-0.28444068008451195,0.02335500595305714,0.0,0.0,0.0,0.0,0.0,0.0,0.0,0.0
2025-09-10,350.54998779296875,356.3299865722656,346.07000732421875,347.7900085449219,72121700,368.80999755859375,1,TSLA,0.0023633378140295314,-0.008693386799694669,0.04169291530030561,346.1059997558594,342.34299926757814,0.34015348595213313,0.01734814199297914,0.0,0.0,0.0,0.0,0.0,0.0,0.0,0.0
2025-09-11,350.1700134277344,368.989990234375,347.6000061035156,368.80999755859375,103756000,395.9400024414063,1,TSLA,0.06043873744853956,0.06469400709287032,0.11977779317946546,352.16199951171876,344.2639984130859,0.43862388157794396,0.024530784719031234,0.0,0.0,0.0,0.0,0.0,0.0,0.0,0.0
2025-09-12,370.9400024414063,396.6900024414063,370.239990234375,395.9400024414063,168156400,410.0400085449219,1,TSLA,0.0735609258490948,0.141136124300135,0.1851297757534831,361.1820007324219,349.25999755859374,0.6206908516134007,0.03254763417267512,0.0,0.0,0.0,0.0,0.0,0.0,0.0,0.0
2025-09-15,423.1300048828125,425.7000122070313,402.4299926757813,410.0400085449219,163823700,421.6199951171875,1,TSLA,0.03561147147692445,0.1789873155368682,0.21123684761611217,373.9100036621094,356.8769989013672,-0.025765894131891454,0.032301569033729674,0.0,0.0,0.0,0.0,0.0,0.0,0.0,0.0
2025-09-16,414.5,423.25,411.4299926757813,421.6199951171875,104285700,425.8599853515625,1,TSLA,0.028241113869250656,0.14319025489596093,0.2017443835312589,388.8400024414062,366.1029998779297,-0.36342726968076045,0.03210431513029486,0.0,0.0,0.0,0.0,0.0,0.0,0.0,0.0
2025-09-17,415.75,428.30999755859375,409.6700134277344,425.8599853515625,106133500,416.8500061035156,0,TSLA,0.01005642588937583,0.07556696147311848,0.22938797013611767,404.45399780273436,375.2799987792969,0.017718632564196257,0.028353823749912688,0.0,0.0,0.0,0.0,0.0,0.0,0.0,0.0
2025-09-18,428.8699951171875,432.2200012207031,416.55999755859375,416.8500061035156,90454500,426.0700073242188,1,TSLA,-0.021157139806429193,0.016608129491460843,0.20140071083079802,414.06199951171874,383.11199951171875,-0.14772903937022708,0.0331031842356975,0.0,0.0,0.0,0.0,0.0,0.0,0.0,0.0
2025-09-19,421.8200073242188,429.4700012207031,421.7200012207031,426.0700073242188,93131000,434.2099914550781,1,TSLA,0.022118270566640286,0.010554556848743513,0.2250783428391272,420.08800048828124,390.63500061035154,0.029589462105257258,0.03145205762753914,0.0,0.0,0.0,0.0,0.0,0.0,0.0,0.0
2025-09-22,431.1099853515625,444.9800109863281,429.1300048828125,434.2099914550781,97108800,425.8500061035156,0,TSLA,0.01910480435358397,0.019607397714585417,0.1773270636083939,424.9219970703125,399.41600036621094,0.04271187896618733,0.028490238956430474,0.0,0.0,0.0,0.0,0.0,0.0,0.0,0.0
2025-09-23,439.8800048828125,440.9700012207031,423.7200012207031,425.8500061035156,83422700,442.7900085449219,1,TSLA,-0.019253323313789705,0.0215904998637928,0.0755417575331645,425.76799926757815,407.3040008544922,-0.14093573393966352,0.022515839988105565,0.0,0.0,0.0,0.0,0.0,0.0,0.0,0.0
2025-09-24,429.8299865722656,444.2099914550781,429.0299987792969,442.7900085449219,93133600,423.3900146484375,0,TSLA,0.03977927016229388,0.0392423802034485,0.07987025489590027,429.15400390625,416.8040008544922,0.11640596624180222,0.023325707380890646,0.0,0.0,0.0,0.0,0.0,0.0,0.0,0.0
2025-09-25,435.239990234375,435.3500061035156,419.0799865722656,423.3900146484375,96746400,440.3999938964844,1,TSLA,-0.04381307961359793,-0.024918765158723932,0.004198139442504356,430.4620056152344,422.2620025634766,0.038791585421373176,0.029633764841795536,0.0,0.0,0.0,0.0,0.0,0.0,0.0,0.0
2025-09-26,428.2999877929688,440.4700012207031,421.0199890136719,440.3999938964844,101628200,443.2099914550781,1,TSLA,0.0401756741055197,0.03416693104245705,0.034142697236319464,433.3280029296875,426.7080017089844,0.05045975870936803,0.033149904624427594,0.0,0.0,0.0,0.0,0.0,0.0,0.0,0.0
2025-09-29,444.3500061035156,450.9800109863281,439.5,443.2099914550781,79491500,444.7200012207031,1,TSLA,0.00638055766924972,0.0009484922921734196,0.06323614001583233,435.1280029296875,430.025,-0.2178204474742247,0.031057734604870928,0.0,0.0,0.0,0.0,0.0,0.0,0.0,0.0
2025-09-30,441.5199890136719,445.0,433.1199951171875,444.7200012207031,74358000,459.4599914550781,1,TSLA,0.0034069849388267404,0.050379049657033104,0.043772135038579574,438.902001953125,432.3350006103516,-0.0645792317417585,0.03056318951821799,0.0,0.0,0.0,0.0,0.0,0.0,0.0,0.0
2025-10-01,443.7999877929688,462.2900085449219,440.75,459.4599914550781,98122300,436.0,0,TSLA,0.033144428390707636,0.043278832476718376,0.05815158678266452,442.2359985351562,435.69500122070315,0.3195930498399635,0.03195416075934182,0.0,0.0,0.0,0.0,0.0,0.0,0.0,0.0
2025-10-02,470.5400085449219,470.75,435.5700073242188,436.0,137009000,429.8299865722656,0,TSLA,-0.051059922281332826,-0.016267664524907022,0.02383466889986874,444.75799560546875,437.61000061035156,0.39630848441180033,0.03821417187890647,0.0,0.0,0.0,0.0,0.0,0.0,0.0,0.0
2025-10-03,443.2900085449219,446.7699890136719,416.5799865722656,429.8299865722656,133188200,453.25,1,TSLA,-0.014151406944344913,-0.033481774167040346,-0.02926900273844235,442.643994140625,437.9859985351562,-0.02788721908779712,0.035109274228343874,0.0,0.0,0.0,0.0,0.0,0.0,0.0,0.0
2025-10-06,440.75,453.5499877929688,436.6900024414063,453.25,85324900,433.0899963378906,0,TSLA,0.054486690457546505,-0.013515848105536965,0.07052595554563745,444.65199584960936,439.88999938964844,-0.35936591980370636,0.03603855119243152,0.0,0.0,0.0,0.0,0.0,0.0,0.0,0.0
2025-10-07,447.8200073242188,452.6799926757813,432.4500122070313,433.0899963378906,102296100,438.6900024414063,1,TSLA,-0.044478772558432134,-0.006674320325938954,-0.01659854146208717,442.32599487304685,440.61399841308594,0.1989009070037,0.038479211305749564,0.0,0.0,0.0,0.0,0.0,0.0,0.0,0.0
2025-10-08,437.5700073242188,441.3299865722656,425.2300109863281,438.6900024414063,71192100,435.5400085449219,0,TSLA,0.012930352007361146,0.020612837972976195,-0.010198301258580567,438.1719970703125,440.20399780273436,-0.30405851249461124,0.038788349974376746,0.0,0.0,0.0,0.0,0.0,0.0,0.0,0.0
2025-10-09,431.80999755859375,436.3500061035156,426.1799926757813,435.5400085449219,69339900,413.489990234375,0,TSLA,-0.007180455170972766,-0.03907334022080111,-0.020642185308920813,438.0799987792969,441.4189971923828,-0.026016931653933484,0.038802591534376096,0.0,0.0,0.0,0.0,0.0,0.0,0.0,0.0
2025-10-10,436.5400085449219,443.1300048828125,411.4500122070313,413.489990234375,112107900,435.8999938964844,1,TSLA,-0.05062684914805626,-0.04525619679338888,-0.10005223975023225,434.81199951171874,438.7279968261719,0.6167877369306849,0.038956174021201294,0.0,0.0,0.0,0.0,0.0,0.0,0.0,0.0
2025-10-13,423.5299987792969,436.8900146484375,419.7000122070313,435.8999938964844,79552800,429.239990234375,0,TSLA,0.054197209585187034,-0.006359863524117104,-0.00022937179705417865,431.3419982910156,437.9969970703125,-0.29039077531556656,0.042549506198335155,0.0,0.0,0.0,0.0,0.0,0.0,0.0,0.0
2025-10-14,426.7900085449219,434.2000122070313,417.8599853515625,429.239990234375,72669400,435.1499938964844,1,TSLA,-0.015278742269702716,-0.014464844071602867,-0.0013726272161596054,430.5719970703125,436.44899597167966,-0.08652618135376755,0.04261734070681226,0.0,0.0,0.0,0.0,0.0,0.0,0.0,0.0
2025-10-15,434.8999938964844,440.510009765625,426.3299865722656,435.1499938964844,71558200,428.75,0,TSLA,0.013768529951932784,0.05238338091287775,-0.03993382482849561,429.86399536132814,434.0179962158203,-0.01529116794689378,0.03635119628530052,0.0,0.0,0.0,0.0,0.0,0.0,0.0,0.0
2025-10-16,434.7300109863281,439.3500061035156,421.30999755859375,428.75,77189900,439.30999755859375,1,TSLA,-0.01470755828163206,-0.016402830916722455,-0.01002100342789869,428.50599365234376,433.2929962158203,0.0787009734733406,0.032536380783188164,0.0,0.0,0.0,0.0,0.0,0.0,0.0,0.0
2025-10-17,425.5,441.4599914550781,423.6000061035156,439.30999755859375,89331600,447.4299926757813,1,TSLA,0.02462973191508744,0.02346008655605525,0.0014132875464154537,433.6699951171875,434.2409973144531,0.15729648568012133,0.033651717826851134,0.0,0.0,0.0,0.0,0.0,0.0,0.0,0.0
2025-10-20,443.8699951171875,449.7999877929688,440.6099853515625,447.4299926757813,63719000,442.6000061035156,0,TSLA,0.018483519979771268,0.028220151560471196,0.027299407396767617,435.9759948730469,433.65899658203125,-0.28671377205826387,0.03404753755314311,0.0,0.0,0.0,0.0,0.0,0.0,0.0,0.0
2025-10-21,445.760009765625,449.2999877929688,442.0499877929688,442.6000061035156,54412200,438.9700012207031,0,TSLA,-0.010794954856246375,0.03230322123268947,0.0704007752464344,438.647998046875,434.60999755859376,-0.14606004488457136,0.025610837715381113,0.0,0.0,0.0,0.0,0.0,0.0,0.0,0.0
2025-10-22,443.4500122070313,445.5400085449219,429.0,438.9700012207031,84023500,448.9800109863281,1,TSLA,-0.008201547294971134,-0.0007739326211105846,0.007042916648784869,439.41199951171876,434.63799743652345,0.5442033220490994,0.01713899975787753,0.0,0.0,0.0,0.0,0.0,0.0,0.0,0.0
2025-10-23,420.0,449.3999938964844,413.8999938964844,448.9800109863281,126709800,433.7200012207031,0,TSLA,0.022803402824313368,0.00346427002194738,0.045988307709108334,443.4580017089844,435.98199768066405,0.5080281111831808,0.01710702983035301,0.0,0.0,0.0,0.0,0.0,0.0,0.0,0.0
2025-10-24,446.8299865722656,451.6799926757813,430.1700134277344,433.7200012207031,94727800,452.4200134277344,1,TSLA,-0.03398817183887881,-0.020063273294975148,-0.00328620635605803,442.3400024414062,438.0049987792969,-0.2524035236422124,0.02244665352608723,0.0,0.0,0.0,0.0,0.0,0.0,0.0,0.0
2025-10-27,439.9800109863281,460.1600036621094,438.6900024414063,452.4200134277344,105867500,460.5499877929688,1,TSLA,0.043115401997602554,0.03063993477829685,0.055207028402878944,443.3380065917969,439.65700073242186,0.11759694619742045,0.02651235901677064,0.0,0.0,0.0,0.0,0.0,0.0,0.0,0.0
2025-10-28,454.7799987792969,467.0,451.6000061035156,460.5499877929688,80185700,461.510009765625,1,TSLA,0.017969970655449474,0.02576946973925076,0.048348524623644806,446.9280029296875,442.7880004882812,-0.24258436252863247,0.025929511868494837,0.0,0.0,0.0,0.0,0.0,0.0,0.0,0.0
2025-10-29,462.5,465.7000122070313,452.6499938964844,461.510009765625,67983500,440.1000061035156,0,TSLA,0.0020845119924044475,0.0640736153894379,0.03146864832560836,451.4360046386719,445.4240020751953,-0.15217426548624002,0.025461494687216698,0.0,0.0,0.0,0.0,0.0,0.0,0.0,0.0
2025-10-30,451.0499877929688,455.05999755859375,439.6099853515625,440.1000061035156,72447900,456.55999755859375,1,TSLA,-0.04639120107705208,-0.027231349097218138,-0.005648440952382816,449.6600036621094,446.5590026855469,0.06566887553597556,0.03183245579879767,0.0,0.0,0.0,0.0,0.0,0.0,0.0,0.0
2025-10-31,446.75,458.0,443.6900024414063,456.55999755859375,83135800,468.3699951171875,1,TSLA,0.03740057084027071,-0.008663533471134688,0.040071067018192075,454.2280029296875,448.28400268554685,0.14752532509568939,0.03451633684762107,0.0,0.0,0.0,0.0,0.0,0.0,0.0,0.0
2025-11-03,455.989990234375,474.0700073242188,453.7999877929688,468.3699951171875,84595200,444.260009765625,0,TSLA,0.02586735066967427,0.014864217907313293,0.04318674251947896,457.4179992675781,450.3780029296875,0.017554410975777035,0.03478124646847171,0.0,0.0,0.0,0.0,0.0,0.0,0.0,0.0
2025-11-04,454.4599914550781,460.2200012207031,443.6000061035156,444.260009765625,87756600,462.0700073242188,1,TSLA,-0.05147636612701911,0.009452405372452732,0.02430141223659743,454.1600036621094,450.54400329589845,0.03737091466182485,0.038599388805739494,0.0,0.0,0.0,0.0,0.0,0.0,0.0,0.0
2025-11-05,452.0499877929688,466.3299865722656,440.7099914550781,462.0700073242188,85573000,445.9100036621094,0,TSLA,0.040089130615176716,0.012068533807362058,0.021329723730327155,454.2720031738281,452.85400390625,-0.02488245898314201,0.03810308888942721,0.0,0.0,0.0,0.0,0.0,0.0,0.0,0.0
2025-11-06,461.9599914550781,467.4500122070313,435.0899963378906,445.9100036621094,109622900,429.5199890136719,0,TSLA,-0.03497306340156048,-0.0479535232598719,-0.03178804585581829,455.4340026855469,452.5470031738281,0.28104542320591785,0.03999424326001104,0.0,0.0,0.0,0.0,0.0,0.0,0.0,0.0
2025-11-07,437.9200134277344,439.3599853515625,421.8800048828125,429.5199890136719,103471500,445.2300109863281,1,TSLA,-0.03675632866235745,-0.033178815171163833,-0.0693159846483049,450.0260009765625,452.127001953125,-0.056114187820245576,0.041682021885958695,0.0,0.0,0.0,0.0,0.0,0.0,0.0,0.0
2025-11-10,439.6000061035156,449.6700134277344,433.3599853515625,445.2300109863281,76515900,439.6199951171875,0,TSLA,0.03657576451501576,-0.036444686023680006,0.011656452650913751,445.39800415039065,451.4080017089844,-0.2605123149852858,0.041224660828661164,0.0,0.0,0.0,0.0,0.0,0.0,0.0,0.0
2025-11-11,439.3999938964844,442.489990234375,432.3599853515625,439.6199951171875,60533200,430.6000061035156,0,TSLA,-0.01260026442672324,-0.014106004559808372,-0.03710356258102132,444.4700012207031,449.31500244140625,-0.20888076857228366,0.03838100030650135,0.0,0.0,0.0,0.0,0.0,0.0,0.0,0.0
2025-11-12,442.1499938964844,442.3299865722656,426.55999755859375,430.6000061035156,58513500,401.989990234375,0,TSLA,-0.02051769508633805,0.0025144745703775673,-0.08064135065744704,438.1760009765625,446.2240020751953,-0.03336516159727221,0.03615273744063186,0.0,0.0,0.0,0.0,0.0,0.0,0.0,0.0
2025-11-13,423.1300048828125,424.5,396.3399963378906,401.989990234375,118948000,404.3500061035156,1,TSLA,-0.06644220962287406,-0.09711838754122282,-0.09514702787124618,429.3919982910156,442.4130004882812,1.0328300306766813,0.03923064128649724,0.0,0.0,0.0,0.0,0.0,0.0,0.0,0.0
2025-11-14,386.2999877929688,412.1900024414063,382.7799987792969,404.3500061035156,105506700,408.9200134277344,1,TSLA,0.005870832424868633,-0.08022835495521563,-0.12491613890923459,424.3580017089844,437.19200134277344,-0.1130014796381612,0.0330887806515085,0.0,0.0,0.0,0.0,0.0,0.0,0.0,0.0
2025-11-17,398.739990234375,423.9599914550781,398.739990234375,408.9200134277344,102214300,401.25,0,TSLA,0.011302107716671506,-0.05034833341495448,-0.08295393673743268,417.09600219726565,431.24700317382815,-0.03120560116087412,0.03384131643251645,0.0,0.0,0.0,0.0,0.0,0.0,0.0,0.0
2025-11-18,405.3800048828125,408.8999938964844,393.7099914550781,401.25,80688600,403.989990234375,1,TSLA,-0.018756757252943457,-0.0018408175635009627,-0.06581763302469268,409.4220031738281,426.9460021972656,-0.2105938210211291,0.03227624817371652,0.0,0.0,0.0,0.0,0.0,0.0,0.0,0.0
2025-11-19,406.1799926757813,411.7799987792969,398.5,403.989990234375,72047700,395.2300109863281,0,TSLA,0.006828636098130891,-0.0008903570266014516,-0.0926263273686182,404.1,421.13800048828125,-0.10708947732393426,0.026721373766555635,0.0,0.0,0.0,0.0,0.0,0.0,0.0,0.0
2025-11-20,414.6300048828125,428.9400024414063,394.739990234375,395.2300109863281,113548800,391.0899963378906,0,TSLA,-0.02168365419886953,-0.033478435859989,-0.10097353310562351,402.7480041503906,416.07000122070315,0.5760225517261481,0.02689190066500645,0.0,0.0,0.0,0.0,0.0,0.0,0.0,0.0
2025-11-21,402.3200073242188,402.7999877929688,383.760009765625,391.0899963378906,100460600,417.7799987792969,1,TSLA,-0.010474950113494086,-0.025320881400895612,-0.09175571111377745,400.09600219726565,412.227001953125,-0.1152649785818961,0.026801972430918235,0.0,0.0,0.0,0.0,0.0,0.0,0.0,0.0
2025-11-24,402.1700134277344,421.7200012207031,401.0899963378906,417.7799987792969,96806400,419.3999938964844,1,TSLA,0.0682451678419993,0.03413453025636004,0.03927960628003624,401.8679992675781,409.48200073242185,-0.03637445924073712,0.030424547228890233,0.0,0.0,0.0,0.0,0.0,0.0,0.0,0.0
2025-11-25,414.4200134277344,420.4800109863281,405.9500122070313,419.3999938964844,71915600,426.5799865722656,1,TSLA,0.0038776272725380423,0.06115421966524792,0.037220199247668395,405.497998046875,407.4600006103516,-0.25711936400899116,0.03043424032440841,0.0,0.0,0.0,0.0,0.0,0.0,0.0,0.0
2025-11-26,423.9500122070313,426.9400024414063,416.8900146484375,426.5799865722656,63463000,430.1700134277344,1,TSLA,0.017119677587676296,0.09074635139404763,0.04318686433686181,410.0159973144531,407.05799865722656,-0.11753499936036127,0.030693599486444147,0.0,0.0,0.0,0.0,0.0,0.0,0.0,0.0
2025-11-28,426.5899963378906,432.9299926757813,426.2000122070313,430.1700134277344,36252900,430.1400146484375,0,TSLA,0.008415835173881447,0.029656792294125323,0.07207479981989873,417.0039978027344,409.8760009765625,-0.4287553377558577,0.028622668854776375,0.0,0.0,0.0,0.0,0.0,0.0,0.0,0.0
2025-12-01,425.3200073242188,433.6600036621094,425.2900085449219,430.1400146484375,57463600,429.239990234375,0,TSLA,-6.973703038437584e-05,0.025608061297692775,0.0647293869803347,424.8140014648437,412.4550018310547,0.5850759525444862,0.028881008582541695,0.0,0.0,0.0,0.0,0.0,0.0,0.0,0.0
2025-12-02,430.80999755859375,436.7999877929688,422.1199951171875,429.239990234375,69336600,446.739990234375,1,TSLA,-0.0020923987153301793,0.006235650395799208,0.08605110518599601,427.1059997558594,414.48699951171875,0.20661775454374598,0.026197321210459736,0.0,0.0,0.0,0.0,0.0,0.0,0.0,0.0
2025-12-03,432.1000061035156,447.9200134277344,431.1099853515625,446.739990234375,87483000,454.5299987792969,1,TSLA,0.04076973347810542,0.03851959990099196,0.14229459821929158,432.5739990234375,419.03599853515624,0.2617145922932478,0.02598164283236522,0.0,0.0,0.0,0.0,0.0,0.0,0.0,0.0
2025-12-04,449.9400024414063,454.6300048828125,445.3900146484375,454.5299987792969,71906500,455.0,1,TSLA,0.017437455153354264,0.05670243013962284,0.08796495789022707,438.16400146484375,424.0899993896484,-0.1780517357658059,0.01475502315803569,0.0,0.0,0.0,0.0,0.0,0.0,0.0,0.0
2025-12-05,453.0299987792969,458.8699951171875,451.6600036621094,455.0,56427500,439.5799865722656,0,TSLA,0.0010340378456106247,0.06001307043073845,0.08488318221650326,443.1299987792969,430.06699829101564,-0.21526565748576276,0.01505862548777003,0.0,0.0,0.0,0.0,0.0,0.0,0.0,0.0
2025-12-08,447.4500122070313,449.75,435.25,439.5799865722656,69165800,445.1700134277344,1,TSLA,-0.033890139401614006,-0.01602722795949607,0.030474941181512172,445.0179931640625,434.91599731445314,0.22574631163882852,0.02254019159636431,0.0,0.0,0.0,0.0,0.0,0.0,0.0,0.0
2025-12-09,437.5400085449219,452.3900146484375,435.7000122070313,445.1700134277344,62367400,451.4500122070313,1,TSLA,0.01271674558948499,-0.020592667979451362,0.03486993405345751,448.20399780273436,437.6549987792969,-0.09829135208441164,0.02272213037993418,0.0,0.0,0.0,0.0,0.0,0.0,0.0,0.0
2025-12-10,446.0700073242188,456.8800048828125,443.6099853515625,451.4500122070313,63257500,446.8900146484375,0,TSLA,0.01410696720325344,-0.007802170973557621,0.04954200221528082,449.1460021972656,440.86000061035156,0.0142718792189509,0.02281310325598997,0.0,0.0,0.0,0.0,0.0,0.0,0.0,0.0
2025-12-11,448.9500122070313,449.2699890136719,440.3299865722656,446.8900146484375,55979500,458.9599914550781,1,TSLA,-0.010100780674035303,0.0166295743652336,0.04111924521390753,447.6180053710938,442.89100341796876,-0.11505355096233649,0.023543242810810428,0.0,0.0,0.0,0.0,0.0,0.0,0.0,0.0
2025-12-12,448.0899963378906,463.010009765625,441.6700134277344,458.9599914550781,95656700,475.30999755859375,1,TSLA,0.027008830833098685,0.030976879869250906,0.02735372137670522,448.4100036621094,445.77000122070314,0.7087808930054753,0.020540129592336788,0.0,0.0,0.0,0.0,0.0,0.0,0.0,0.0
2025-12-15,469.4400024414063,481.7699890136719,467.6600036621094,475.30999755859375,114542200,489.8800048828125,1,TSLA,0.035624033484225714,0.05285188770937599,0.045717551833992065,455.556005859375,450.28699951171876,0.19742997615431013,0.02345925047271691,0.0,0.0,0.0,0.0,0.0,0.0,0.0,0.0
2025-12-16,472.2099914550781,491.5,465.8299865722656,489.8800048828125,107608100,467.260009765625,0,TSLA,0.030653694218629735,0.09619814456627473,0.07665935139079672,464.4980041503906,456.3510009765625,-0.06053751368491267,0.024905657374515073,0.0,0.0,0.0,0.0,0.0,0.0,0.0,0.0
2025-12-17,488.2200012207031,495.2799987792969,466.2000122070313,467.260009765625,106490400,483.3699951171875,1,TSLA,-0.04617456293730249,0.018084404882945604,0.06296925255674446,467.6600036621094,458.4030029296875,-0.010386764565120998,0.028725446220504387,0.0,0.0,0.0,0.0,0.0,0.0,0.0,0.0
2025-12-18,478.1600036621094,490.8599853515625,473.1199951171875,483.3699951171875,95168400,481.2000122070313,0,TSLA,0.034477560704677446,0.016957349098469576,0.08580987159337106,474.95599975585935,461.28700256347656,-0.10631944287935813,0.030313255691411464,0.0,0.0,0.0,0.0,0.0,0.0,0.0,0.0
2025-12-19,488.1199951171875,490.489990234375,474.7200012207031,481.2000122070313,103305400,488.7300109863281,1,TSLA,-0.004489279293453219,-0.017718609841725574,0.06589876884609969,479.40400390625,463.90700378417966,0.0855010696827938,0.030929741497329116,0.0,0.0,0.0,0.0,0.0,0.0,0.0,0.0
2025-12-22,489.8800048828125,498.8299865722656,485.3299865722656,488.7300109863281,86916100,485.55999755859375,0,TSLA,0.015648376118613028,0.045948723990894,0.0936248181128092,482.0880065917969,468.82200622558594,-0.1586490154435296,0.029707220289746136,0.0,0.0,0.0,0.0,0.0,0.0,0.0,0.0
2025-12-23,489.3999938964844,491.9700012207031,482.8399963378906,485.55999755859375,58223600,485.3999938964844,0,TSLA,-0.00648622625268469,0.004530695871752144,0.05795713482385145,481.2240051269531,472.8610046386719,-0.3301172049827362,0.029819009076903207,0.0,0.0,0.0,0.0,0.0,0.0,0.0,0.0
2025-12-24,488.4800109863281,490.8999938964844,476.7999877929688,485.3999938964844,41285400,475.1900024414063,0,TSLA,-0.00032952397832164415,0.008728141277864365,0.021228243440527983,484.852001953125,476.25600280761716,-0.2909163981615702,0.02735595752757433,0.0,0.0,0.0,0.0,0.0,0.0,0.0,0.0
2025-12-26,485.2300109863281,489.0899963378906,473.8200073242188,475.1900024414063,58780700,459.6400146484375,0,TSLA,-0.021034181259704465,-0.027704475355618374,-0.029986940260850803,483.21600341796875,479.08600158691405,0.4237648175868467,0.025675247721119718,0.0,0.0,0.0,0.0,0.0,0.0,0.0,0.0
2025-12-29,469.0,469.3999938964844,459.0,459.6400146484375,66263000,454.4299926757813,0,TSLA,-0.032723726747357684,-0.053381627482664284,-0.016307826387731428,478.90400390625,479.15400390625,0.12729178114585227,0.02227596933640427,0.0,0.0,0.0,0.0,0.0,0.0,0.0,0.0
2025-12-30,461.0899963378906,463.1199951171875,453.8299865722656,454.4299926757813,59238500,449.7200012207031,0,TSLA,-0.01133500523587172,-0.0638030523488381,-0.05987132576234899,472.04400024414065,477.0660034179688,-0.10600938683729988,0.01539345502371558,0.0,0.0,0.0,0.0,0.0,0.0,0.0,0.0
2025-12-31,456.1000061035156,456.5499877929688,449.2999877929688,449.7200012207031,49078000,438.0700073242188,0,TSLA,-0.010364613980130888,-0.05359961507995692,-0.0654198050451924,464.8760009765625,473.0500030517578,-0.17151852258244216,0.01528677357698871,0.0,0.0,0.0,0.0,0.0,0.0,0.0,0.0
2026-01-02,457.7999877929688,458.3399963378906,435.2999877929688,438.0700073242188,85535400,451.6700134277344,1,TSLA,-0.02590499391813128,-0.04692804507178694,-0.10365642077078518,455.4100036621095,470.13100280761716,0.7428460817474225,0.011479284730368466,0.0,0.0,0.0,0.0,0.0,0.0,0.0,0.0
2026-01-05,447.989990234375,457.5499877929688,444.5700073242188,451.6700134277344,67940800,432.9599914550781,0,TSLA,0.031045280151877908,-0.006073497111833581,-0.06979566747932064,450.706005859375,466.96100463867185,-0.205699628457925,0.021099677322241824,0.0,0.0,0.0,0.0,0.0,0.0,0.0,0.0
2026-01-06,446.3800048828125,448.25,428.7799987792969,432.9599914550781,89093800,431.4100036621094,0,TSLA,-0.041424095947095174,-0.037267654807729866,-0.10803461701853567,445.3700012207031,462.1370025634766,0.31134458234227447,0.02350988499457569,0.0,0.0,0.0,0.0,0.0,0.0,0.0,0.0
2026-01-07,435.8999938964844,438.3699951171875,431.2900085449219,431.4100036621094,59828800,435.7999877929688,1,TSLA,-0.0035799792672750463,-0.015203057846369106,-0.09213156538303913,440.76600341796876,456.4050018310547,-0.3284740352302854,0.023806129632658487,0.0,0.0,0.0,0.0,0.0,0.0,0.0,0.0
2026-01-08,427.8900146484375,436.8900146484375,424.3699951171875,435.7999877929688,57041100,445.010009765625,1,TSLA,0.01017589785492734,-0.0351363277679817,-0.0518667350441695,437.98200073242185,451.4290008544922,-0.04659461663947795,0.02354381415619743,0.0,0.0,0.0,0.0,0.0,0.0,0.0,0.0
2026-01-09,435.9500122070313,449.0499877929688,430.3900146484375,445.010009765625,67331500,448.9599914550781,1,TSLA,0.02113359850994656,0.027831713202990382,-0.020729227960261665,439.3700012207031,447.39000244140624,0.18040325309294536,0.025723274369081933,0.0,0.0,0.0,0.0,0.0,0.0,0.0,0.0
2026-01-12,441.2300109863281,454.2999877929688,438.0,448.9599914550781,61649600,447.2000122070313,0,TSLA,0.00887616368794375,0.04068053045592879,-0.0016899621176778012,438.8279968261719,444.7670013427734,-0.0843869511298575,0.0257959928122012,0.0,0.0,0.0,0.0,0.0,0.0,0.0,0.0
2026-01-13,450.2000122070313,451.80999755859375,443.9500122070313,447.2000122070313,53719200,439.2000122070313,0,TSLA,-0.003920124914344236,0.026158845189041546,0.020841428835951525,441.6760009765625,443.5230010986328,-0.1286366821520334,0.023330339908995343,0.0,0.0,0.0,0.0,0.0,0.0,0.0,0.0
2026-01-14,442.80999755859375,443.9100036621094,434.2200012207031,439.2000122070313,57259500,438.5700073242188,0,TSLA,-0.017889087168218576,-0.013055880611884785,-0.027608654216532802,443.2340026855469,442.0000030517578,0.0659038109279364,0.0207839396510059,0.0,0.0,0.0,0.0,0.0,0.0,0.0,0.0
2026-01-15,441.1300048828125,445.3599853515625,437.6499938964844,438.5700073242188,49465800,437.5,0,TSLA,-0.0014344373071545347,-0.023142338579403066,0.012957353981569275,443.78800659179694,440.88500366210945,-0.13611191156052704,0.01260766021739519,0.0,0.0,0.0,0.0,0.0,0.0,0.0,0.0
2026-01-16,439.5,447.25,435.260009765625,437.5,60220600,419.25,0,TSLA,-0.0024397640202235005,-0.021690545488045943,0.0141164930951867,442.28600463867195,440.8280029296875,0.21741890356569593,0.012532065673968924,0.0,0.0,0.0,0.0,0.0,0.0,0.0,0.0
2026-01-20,429.3599853515625,430.7300109863281,417.4400024414063,419.25,63187300,431.4400024414063,1,TSLA,-0.041714285714285704,-0.0454235237990549,-0.03797610889523717,436.3440063476563,437.58600158691405,0.049263873159682836,0.020038295848174882,0.0,0.0,0.0,0.0,0.0,0.0,0.0,0.0
2026-01-21,421.6600036621094,438.2000122070313,419.6199951171875,431.4400024414063,68124000,449.3599853515625,1,TSLA,0.02907573629435012,-0.016257392807852322,-0.030493712560231256,433.19200439453124,437.4340026855469,0.07812804155265374,0.021923344563126976,0.0,0.0,0.0,0.0,0.0,0.0,0.0,0.0
2026-01-22,435.1600036621094,449.5,432.6300048828125,449.3599853515625,71546700,449.05999755859375,0,TSLA,0.041535283721378935,0.027108537946428646,0.00089093439080834,435.2239990234375,439.2290008544922,0.05024220539017077,0.027846548810258234,0.0,0.0,0.0,0.0,0.0,0.0,0.0,0.0
2026-01-23,447.4299926757813,452.4299926757813,444.0400085449219,449.05999755859375,56771400,435.2000122070313,0,TSLA,-0.0006675890216037983,0.07110315458221517,0.004159180010713692,437.3219970703125,440.5550018310547,-0.20651266934743318,0.02778837457526049,0.0,0.0,0.0,0.0,0.0,0.0,0.0,0.0
2026-01-26,445.0,445.0400085449219,434.2799987792969,435.2000122070313,49397400,430.8999938964844,0,TSLA,-0.030864440001146964,0.008715023512766651,-0.009107467870730579,436.86199951171875,439.5740020751953,-0.12988934569166866,0.029624527831367542,0.0,0.0,0.0,0.0,0.0,0.0,0.0,0.0
2026-01-27,437.4100036621094,437.5199890136719,430.6900024414063,430.8999938964844,37733100,431.4599914550781,1,TSLA,-0.009880556502607218,-0.041080630356162495,-0.01748868663986014,439.19199829101564,437.76800231933595,-0.23613186119107488,0.029819859507545787,0.0,0.0,0.0,0.0,0.0,0.0,0.0,0.0
2026-01-28,431.9100036621094,438.260009765625,430.1000061035156,431.4599914550781,54857400,416.55999755859375,0,TSLA,0.0012995998294869082,-0.03919299469826221,-0.01380573381696426,439.19599609375,436.1940002441406,0.45382701129777314,0.029847002958251604,0.0,0.0,0.0,0.0,0.0,0.0,0.0,0.0
2026-01-29,437.7999877929688,440.2300109863281,414.6199951171875,416.55999755859375,81686100,430.4100036621094,1,TSLA,-0.03453389466363932,-0.04283091481066004,-0.006416225262745989,432.63599853515626,433.92999877929685,0.489062551269291,0.028323179325046608,0.0,0.0,0.0,0.0,0.0,0.0,0.0,0.0
2026-01-30,425.3500061035156,439.8800048828125,422.7000122070313,430.4100036621094,82626100,421.80999755859375,0,TSLA,0.033248526466028494,-0.0011371321450812655,-0.0023873511344993936,428.9059997558594,433.11399841308594,0.011507465774470704,0.029084947986548364,0.0,0.0,0.0,0.0,0.0,0.0,0.0,0.0
2026-02-02,421.2900085449219,427.1499938964844,414.5,421.80999755859375,58739500,421.9599914550781,1,TSLA,-0.019980962408733927,-0.02236590666017546,-0.06130939267192348,426.2279968261719,431.5449981689453,-0.28909267168606534,0.023135340987106106,0.0,0.0,0.0,0.0,0.0,0.0,0.0,0.0
2026-02-03,424.2699890136719,428.55999755859375,413.6900024414063,421.9599914550781,56886500,406.010009765625,0,TSLA,0.0003555958781265023,0.012963304033351886,-0.0603482970000675,424.43999633789065,431.8159973144531,-0.03154606355178369,0.023198199537026367,0.0,0.0,0.0,0.0,0.0,0.0,0.0,0.0
2026-02-04,420.4599914550781,423.8999938964844,399.1799926757813,406.010009765625,74606900,397.2099914550781,0,TSLA,-0.03779974882085746,-0.056690118001159306,-0.06707261402263054,419.35,429.272998046875,0.31150448700482536,0.024422251536619474,0.0,0.0,0.0,0.0,0.0,0.0,0.0,0.0
2026-02-05,397.0199890136719,402.1000061035156,387.5299987792969,397.2099914550781,72819800,411.1099853515625,1,TSLA,-0.02167438757390938,-0.058320111533388785,-0.07818520055374989,415.47999877929686,424.05799865722656,-0.023953548532374302,0.024846903177680506,0.0,0.0,0.0,0.0,0.0,0.0,0.0,0.0
2026-02-06,400.8699951171875,414.5499877929688,397.75,411.1099853515625,62677100,417.3200073242188,1,TSLA,0.03499406912088299,-0.02571335274252118,-0.04716545335961786,411.6199951171875,420.26299743652345,-0.13928491976083424,0.030348730154064644,0.0,0.0,0.0,0.0,0.0,0.0,0.0,0.0
2026-02-09,409.9100036621094,421.25,407.2900085449219,417.3200073242188,54484300,425.2099914550781,1,TSLA,0.015105500216312517,0.02785645005432902,0.001824490517763122,410.7219970703125,418.47499694824216,-0.1307144076544703,0.02844178929157633,0.0,0.0,0.0,0.0,0.0,0.0,0.0,0.0
2026-02-10,418.0799865722656,427.25,417.0,425.2099914550781,64450200,428.2699890136719,1,TSLA,0.018906316477488083,0.07049168098070524,-0.012081531941143031,411.3719970703125,417.90599670410154,0.18291324289749533,0.026120301058220684,0.0,0.0,0.0,0.0,0.0,0.0,0.0,0.0
2026-02-11,427.9599914550781,436.3500061035156,420.0299987792969,428.2699890136719,57362000,417.0700073242188,0,TSLA,0.00719643851293883,0.04174066374825447,0.015314932060567887,415.82399291992186,417.5869964599609,-0.10997948803882684,0.02489655735722326,0.0,0.0,0.0,0.0,0.0,0.0,0.0,0.0
2026-02-12,430.2999877929688,436.2300109863281,414.0,417.0700073242188,61933400,417.4400024414063,1,TSLA,-0.02615168463063966,-0.0005990606623510475,-0.011588738813831156,419.79599609375,417.63799743652345,0.07969387399323602,0.027177880698751444,0.0,0.0,0.0,0.0,0.0,0.0,0.0,0.0
2026-02-13,414.30999755859375,424.05999755859375,410.8800048828125,417.4400024414063,51434100,410.6300048828125,0,TSLA,0.0008871295242764976,-0.0182732982992303,0.028151997243563986,421.06199951171874,416.34099731445315,-0.1695256517484911,0.021962620338320613,0.0,0.0,0.0,0.0,0.0,0.0,0.0,0.0
2026-02-17,412.3599853515625,413.7200012207031,400.510009765625,410.6300048828125,59678800,411.3200073242188,1,TSLA,-0.016313715788533467,-0.041188933577823605,0.03378568947516536,419.7239990234375,415.222998046875,0.1602963792503418,0.02098242417645022,0.0,0.0,0.0,0.0,0.0,0.0,0.0,0.0
2026-02-18,411.1099853515625,416.8999938964844,409.5799865722656,411.3200073242188,45921400,411.7099914550781,1,TSLA,0.0016803507615164026,-0.013786654276316979,0.0005108656567334169,416.9460021972656,414.15899963378905,-0.23052407219984317,0.016283053018165388,0.0,0.0,0.0,0.0,0.0,0.0,0.0,0.0
2026-02-19,407.25,415.25,404.1099853515625,411.7099914550781,51019600,411.8200073242188,1,TSLA,0.0009481282794783219,-0.01372654981031074,-0.013442959289469703,413.6340026855469,414.7289978027344,0.11102013440356773,0.014945550818967635,0.0,0.0,0.0,0.0,0.0,0.0,0.0,0.0
2026-02-20,408.2999877929688,414.7000122070313,405.5,411.8200073242188,57912200,399.8299865722656,0,TSLA,0.0002672169037041261,0.0028979919325329284,-0.0314902857410253,412.58400268554686,416.18999938964845,0.13509709993806296,0.012005501053754144,0.0,0.0,0.0,0.0,0.0,0.0,0.0,0.0
2026-02-23,407.2900085449219,407.7000122070313,394.0400085449219,399.8299865722656,69680000,409.3800048828125,1,TSLA,-0.029114711618451472,-0.027934504880275157,-0.06640671345406446,409.0619995117188,415.06199951171874,0.20320070727756856,0.013818203136176467,0.0,0.0,0.0,0.0,0.0,0.0,0.0,0.0
2026-02-24,399.5,410.8200073242188,397.6400146484375,409.3800048828125,58579500,417.3999938964844,1,TSLA,0.023885197787236967,-0.005659290813008755,-0.018438157398904753,408.81199951171874,414.26799926757815,-0.159306831228473,0.016552067597079775,0.0,0.0,0.0,0.0,0.0,0.0,0.0,0.0
2026-02-25,412.1499938964844,420.3399963378906,412.1499938964844,417.3999938964844,54809700,408.5799865722656,0,TSLA,0.019590573349979934,0.013549576205685865,-9.584262334216831e-05,410.0279968261719,413.48699951171875,-0.06435357078841575,0.018582087600246287,0.0,0.0,0.0,0.0,0.0,0.0,0.0,0.0
2026-02-26,414.4200134277344,416.80999755859375,403.6600036621094,408.5799865722656,53602500,402.510009765625,0,TSLA,-0.021130827631028026,0.02188430156280563,-0.004992373392518901,409.40199584960936,411.51799926757815,-0.022025298441699204,0.019365439211552902,0.0,0.0,0.0,0.0,0.0,0.0,0.0,0.0
2026-02-27,402.9400024414063,407.1199951171875,398.1099853515625,402.510009765625,56890100,403.3200073242188,1,TSLA,-0.014856275407819197,-0.01678146229724653,-0.02141884032314878,407.5399963378906,410.06199951171874,0.061332960216407884,0.020044271902766243,0.0,0.0,0.0,0.0,0.0,0.0,0.0,0.0
2026-03-02,390.6000061035156,404.5400085449219,388.25,403.3200073242188,55088300,392.4299926757813,0,TSLA,0.00201236624914114,-0.033732598893514654,-0.02037838358308275,408.2380004882813,408.65,-0.031671591366511875,0.02008246385553245,0.0,0.0,0.0,0.0,0.0,0.0,0.0,0.0
2026-03-03,395.0899963378906,396.3399963378906,385.3900146484375,392.4299926757813,62617300,405.9400024414063,1,TSLA,-0.027000928420799375,-0.03952712914788803,-0.04708371206737427,404.847998046875,406.8299987792969,0.1366714892272951,0.02195397787433944,0.0,0.0,0.0,0.0,0.0,0.0,0.0,0.0
2026-03-04,397.8500061035156,408.3299865722656,394.5799865722656,405.9400024414063,68305500,405.5499877929688,0,TSLA,0.03442654745501761,0.008521509012356043,0.01528153483814898,402.55599975585943,406.2919982910156,0.09084071015518069,0.0241483979049156,0.0,0.0,0.0,0.0,0.0,0.0,0.0,0.0
2026-03-05,401.5700073242188,408.6199951171875,399.4200134277344,405.5499877929688,51925900,396.7300109863281,0,TSLA,-0.0009607691927178141,0.00552905987368324,-0.009355652557921257,401.95000000000005,405.6759979248047,-0.23979913769755,0.02221584269180518,0.0,0.0,0.0,0.0,0.0,0.0,0.0,0.0
2026-03-06,398.0899963378906,402.3500061035156,394.2099914550781,396.7300109863281,64054600,398.6799926757813,1,TSLA,-0.021748186591348695,0.010957415056956243,-0.04952080309632789,400.79400024414065,404.1669982910156,0.23357707810553108,0.02126339527560188,0.0,0.0,0.0,0.0,0.0,0.0,0.0,0.0
2026-03-09,390.0499877929688,401.5899963378906,381.3999938964844,398.6799926757813,67018900,399.239990234375,1,TSLA,0.004915135319874642,-0.017884440365477206,-0.024230246761568486,399.8659973144532,404.05199890136726,0.046277706831359566,0.020656271724797514,0.0,0.0,0.0,0.0,0.0,0.0,0.0,0.0
2026-03-10,402.2200012207031,406.5899963378906,398.1900024414063,399.239990234375,59258700,407.8200073242188,1,TSLA,0.0014046291985589932,-0.015559111696521688,-0.008124070089968849,401.2279968261719,403.0379974365235,-0.11579121710442875,0.02004753686841735,0.0,0.0,0.0,0.0,0.0,0.0,0.0,0.0
2026-03-11,402.2799987792969,416.3800048828125,402.1499938964844,407.8200073242188,62559900,395.010009765625,0,TSLA,0.02149087591352483,0.027953510021385464,0.011157393430231144,401.6039978027344,402.07999877929694,0.05570827574685233,0.02180869184682822,0.0,0.0,0.0,0.0,0.0,0.0,0.0,0.0
2026-03-12,405.1799926757813,406.5,394.6499938964844,395.010009765625,60973800,391.2000122070313,0,TSLA,-0.03141091003024232,-0.009205335049609187,0.006574464587306039,399.4960021972656,400.72300109863284,-0.025353301395942163,0.02281927340995546,0.0,0.0,0.0,0.0,0.0,0.0,0.0,0.0
2026-03-13,399.1700134277344,400.2000122070313,389.9500122070313,391.2000122070313,58504100,395.55999755859375,1,TSLA,-0.009645319015723963,-0.02013820815551015,-0.03631076056985194,398.3900024414063,399.5920013427735,-0.040504282167094674,0.017592128079738263,0.0,0.0,0.0,0.0,0.0,0.0,0.0,0.0
2026-03-16,396.2200012207031,403.7300109863281,394.4200134277344,395.55999755859375,58068300,399.2699890136719,1,TSLA,0.011145156481373153,-0.030062305785498844,-0.024633190815123163,397.7660034179688,398.816000366211,-0.007449050579361072,0.018635154599895298,0.0,0.0,0.0,0.0,0.0,0.0,0.0,0.0
2026-03-17,395.6900024414063,400.1199951171875,393.0,399.2699890136719,46890500,392.7799987792969,0,TSLA,0.00937908655570907,0.01078448429844725,0.006402283560623445,397.7720031738282,399.50000000000006,-0.1924940113624818,0.017186623237888148,0.0,0.0,0.0,0.0,0.0,0.0,0.0,0.0
2026-03-18,399.0,403.0700073242188,392.30999755859375,392.7799987792969,50853100,380.2999877929688,0,TSLA,-0.016254640751756533,0.004038820355223738,-0.014798821121887795,394.7640014648438,398.1839996337891,0.084507522845779,0.01822240892439746,0.0,0.0,0.0,0.0,0.0,0.0,0.0,0.0
2026-03-19,387.2699890136719,387.2699890136719,378.7300109863281,380.2999877929688,67078300,367.9599914550781,0,TSLA,-0.03177353995904608,-0.03857824314847336,-0.047440143534437595,391.8219970703125,395.65899963378905,0.31906019495369997,0.021256315020426648,0.0,0.0,0.0,0.0,0.0,0.0,0.0,0.0
2026-03-20,379.8500061035156,379.8900146484375,364.4599914550781,367.9599914550781,78628600,380.8500061035156,1,TSLA,-0.032448058727281515,-0.0784181090994085,-0.09773923582285604,387.1739929199219,392.78199768066406,0.1721913047885828,0.018977986551415308,0.0,0.0,0.0,0.0,0.0,0.0,0.0,0.0
2026-03-23,373.0899963378906,385.3299865722656,372.7300109863281,380.8500061035156,74606000,383.0299987792969,1,TSLA,0.035031022251806876,-0.03037321837379181,-0.03584720212662729,384.23199462890625,390.9989990234375,-0.05115950175890194,0.024793629477122967,0.0,0.0,0.0,0.0,0.0,0.0,0.0,0.0
2026-03-24,376.55999755859375,387.4800109863281,376.30999755859375,383.0299987792969,60004900,385.9500122070313,1,TSLA,0.005724019012326664,0.007178572374328507,-0.020884491750502998,380.98399658203124,389.3779998779297,-0.19570946036511805,0.024987064115666067,0.0,0.0,0.0,0.0,0.0,0.0,0.0,0.0
2026-03-25,389.989990234375,396.2300109863281,385.010009765625,385.9500122070313,55157300,372.1099853515625,0,TSLA,0.007623458833617258,0.04889124135700906,-0.024294633964191292,379.6179992675781,387.1910003662109,-0.0807867357499138,0.024694584838434407,0.0,0.0,0.0,0.0,0.0,0.0,0.0,0.0
2026-03-26,381.6000061035156,384.4400024414063,371.8699951171875,372.1099853515625,55522900,361.8299865722656,0,TSLA,-0.03585963575004303,-0.022948721575122066,-0.06802415510668236,377.97999877929686,384.9009979248047,0.006628315744244162,0.026679804066045736,0.0,0.0,0.0,0.0,0.0,0.0,0.0,0.0
2026-03-27,369.6900024414063,369.8599853515625,359.4700012207031,361.8299865722656,62065700,355.2799987792969,0,TSLA,-0.027626237359861583,-0.05534817709995288,-0.07879732242787152,376.7539978027344,381.9639953613281,0.11783966615576635,0.02747907874374511,0.0,0.0,0.0,0.0,0.0,0.0,0.0,0.0
2026-03-30,365.8599853515625,367.2900085449219,352.1400146484375,355.2799987792969,67954400,371.75,1,TSLA,-0.018102390725044493,-0.0794662843831766,-0.06579013888186747,371.63999633789064,377.9359954833984,0.09487849166286688,0.026242140474363046,0.0,0.0,0.0,0.0,0.0,0.0,0.0,0.0
2026-03-31,361.510009765625,373.3299865722656,361.0,371.75,75534900,381.260009765625,1,TSLA,0.04635780589195071,-0.0009674165320299188,0.010300056073853314,369.3839965820313,375.1839965820312,0.11155274713631491,0.031142744910026526,0.0,0.0,0.0,0.0,0.0,0.0,0.0,0.0
2026-04-01,378.6300048828125,383.1400146484375,374.0799865722656,381.260009765625,58683800,360.5899963378906,0,TSLA,0.025581734406523227,0.05369931712245957,0.0010765489183106602,368.44599609375,374.03199768066406,-0.22309025364434187,0.029634488465636565,0.0,0.0,0.0,0.0,0.0,0.0,0.0,0.0
2026-04-02,364.2000122070313,370.2799987792969,359.0299987792969,360.5899963378906,83031200,352.82000732421875,0,TSLA,-0.05421500524128142,0.01494595129711307,-0.05858549594789375,366.1419982910156,372.0609985351563,0.41489133287210445,0.0358836584692215,0.0,0.0,0.0,0.0,0.0,0.0,0.0,0.0
2026-04-06,362.5899963378906,367.7200012207031,346.6400146484375,352.82000732421875,77697600,346.6499938964844,0,TSLA,-0.021547988276388597,-0.050921298388113656,-0.08584014466889289,364.3400024414062,370.5470001220703,-0.06423609438379785,0.035453507103083905,0.0,0.0,0.0,0.0,0.0,0.0,0.0,0.0
2026-04-07,346.44000244140625,348.0199890136719,337.239990234375,346.6499938964844,74515400,343.25,0,TSLA,-0.017487708462248674,-0.09077798610564147,-0.06842060803884098,362.61400146484374,367.1269989013672,-0.04095622001194377,0.034063009634219266,0.0,0.0,0.0,0.0,0.0,0.0,0.0,0.0
2026-04-08,363.7900085449219,364.5,339.6700134277344,343.25,78838600,345.6199951171875,1,TSLA,-0.009808146419583275,-0.048087846346248075,-0.05135004632501561,356.91400146484375,363.1489990234375,0.058017537314434264,0.033142770259383066,0.0,0.0,0.0,0.0,0.0,0.0,0.0,0.0
2026-04-09,343.1499938964844,348.8800048828125,337.25,345.6199951171875,62164000,348.95001220703125,1,TSLA,0.006904574267115882,-0.020407040580368574,-0.027189832513229262,349.78599853515624,359.1159973144531,-0.2115029947259337,0.03309829291066065,0.0,0.0,0.0,0.0,0.0,0.0,0.0,0.0
2026-04-10,346.2900085449219,350.3599853515625,342.739990234375,348.95001220703125,51336000,352.4200134277344,1,TSLA,0.009634908676839249,0.006634987310092599,-0.06133150717678215,347.4580017089844,356.8,-0.17418441541728336,0.026044983647638763,0.0,0.0,0.0,0.0,0.0,0.0,0.0,0.0
2026-04-13,350.07000732421875,356.3500061035156,348.57000732421875,352.4200134277344,53617500,364.2000122070313,1,TSLA,0.009944121218842028,0.026715261260697343,-0.07564390599375914,347.3780029296875,355.8590026855469,0.0444424964936887,0.02312037804703183,0.0,0.0,0.0,0.0,0.0,0.0,0.0,0.0
2026-04-14,357.6700134277344,367.6300048828125,354.7699890136719,364.2000122070313,59979600,391.9500122070313,1,TSLA,0.033426021027357145,0.053758513258308493,0.010011414364800908,350.88800659179685,356.7510040283203,0.11865715484683181,0.019172599570604368,0.0,0.0,0.0,0.0,0.0,0.0,0.0,0.0
2026-04-15,366.8299865722656,394.6499938964844,362.5,391.9500122070313,113810400,388.8999938964844,0,TSLA,0.07619439612820589,0.12322681901638188,0.1109064227382508,360.62800903320317,358.77100524902346,0.8974851449492827,0.031286253632559796,0.0,0.0,0.0,0.0,0.0,0.0,0.0,0.0
2026-04-16,393.80999755859375,394.05999755859375,381.7999877929688,388.8999938964844,63515100,400.6199951171875,1,TSLA,-0.007781651270713286,0.10351279461667251,0.12188086180268787,369.28400878906257,359.5350036621094,-0.44192182788216194,0.02975598415722916,0.0,0.0,0.0,0.0,0.0,0.0,0.0,0.0
2026-04-17,395.9200134277344,409.2799987792969,391.6499938964844,400.6199951171875,90640000,392.5,0,TSLA,0.03013628543234881,0.09999994972392545,0.16713764054533864,379.6180053710938,363.5380035400391,0.4270622261477979,0.027519702190249202,0.0,0.0,0.0,0.0,0.0,0.0,0.0,0.0
2026-04-20,402.5799865722656,406.7999877929688,388.3299865722656,392.5,64603900,386.4200134277344,0,TSLA,-0.02026857175416885,0.001403209021149765,0.13564031463780668,387.63400268554693,367.50600280761716,-0.2872473521624007,0.03170672222985941,0.0,0.0,0.0,0.0,0.0,0.0,0.0,0.0
2026-04-21,393.0,393.9500122070313,385.2200012207031,386.4200134277344,50530600,387.510009765625,1,TSLA,-0.015490411649084379,-0.006376910536568747,0.10737928044109735,392.0780029296875,371.4830047607422,-0.21783978985788788,0.034232757496305055,0.0,0.0,0.0,0.0,0.0,0.0,0.0,0.0
2026-04-22,387.5700073242188,393.010009765625,385.2999877929688,387.510009765625,62362800,373.7200012207031,0,TSLA,0.0028207553957204645,-0.03272424120450512,0.09956868225670745,391.19000244140625,375.9090057373047,0.23415910359267444,0.03451853263048096,0.0,0.0,0.0,0.0,0.0,0.0,0.0,0.0
2026-04-23,375.2799987792969,386.0,368.3900146484375,373.7200012207031,93969500,376.2999877929688,1,TSLA,-0.03558619957523779,-0.047847130647890146,0.026139452758338066,388.15400390625,378.71900634765626,0.506819770760774,0.03779474283842425,0.0,0.0,0.0,0.0,0.0,0.0,0.0,0.0
2026-04-24,373.5,382.760009765625,370.7300109863281,376.2999877929688,62893300,378.6700134277344,1,TSLA,0.0069035282132037246,-0.026189186075006865,-0.039928623361787374,383.2900024414063,381.45400390625,-0.3307051756154923,0.021296509164441386,0.0,0.0,0.0,0.0,0.0,0.0,0.0,0.0
2026-04-27,372.0899963378906,380.7799987792969,364.0199890136719,378.6700134277344,66735800,376.0199890136719,0,TSLA,0.0062982346841571335,-0.022812304495662628,-0.026304912906409017,380.5240051269531,384.07900390625,0.06109553799848322,0.021717897073169193,0.0,0.0,0.0,0.0,0.0,0.0,0.0,0.0
2026-04-28,374.6799926757813,382.2900085449219,372.5400085449219,376.0199890136719,50864400,372.7999877929688,0,TSLA,-0.006998242057971282,0.006154307464026898,-0.0614048385086714,378.4440002441406,385.26100158691406,-0.2378243761219615,0.015845934108251403,0.0,0.0,0.0,0.0,0.0,0.0,0.0,0.0
2026-04-29,375.3999938964844,376.3999938964844,370.0400085449219,372.7999877929688,45384800,381.6300048828125,1,TSLA,-0.008563377785179349,-0.00930108985792899,-0.05019111390326414,375.5019958496094,383.34599914550785,-0.10772957117355164,0.015043977176985765,0.0,0.0,0.0,0.0,0.0,0.0,0.0,0.0
2026-04-30,372.75,384.75,368.1700134277344,381.6300048828125,51076000,390.8200073242188,1,TSLA,0.023685668935019777,0.007816809755502474,-0.01239586040700158,377.08399658203126,382.6190002441407,0.12539881193703617,0.018376993953731054,0.0,0.0,0.0,0.0,0.0,0.0,0.0,0.0
2026-05-01,382.489990234375,397.8200073242188,378.7999877929688,390.8200073242188,65338300,392.510009765625,1,TSLA,0.024080922159745555,0.039359658377120965,0.00854170853701497,379.9880004882813,381.6390014648438,0.27923682355705215,0.020829206502119526,0.0,0.0,0.0,0.0,0.0,0.0,0.0,0.0
2026-05-04,390.2300109863281,394.6400146484375,384.7999877929688,392.510009765625,48765100,389.3699951171875,0,TSLA,0.004324247504565948,0.05287023234454069,0.05027830590695448,382.75599975585936,381.6400024414063,-0.253652145831771,0.013012327858362007,0.0,0.0,0.0,0.0,0.0,0.0,0.0,0.0
2026-05-05,395.1900024414063,402.1199951171875,389.0,389.3699951171875,47780600,398.7300109863281,1,TSLA,-0.007999833304410453,0.020281398567577824,0.03473294644752811,385.4260009765625,381.9350006103516,-0.02018861849970577,0.014214384258790019,0.0,0.0002614706754684,0.5,0.5,0.0,4.0,29.0,12.0
2026-05-06,386.25,401.6799926757813,384.0199890136719,398.7300109863281,53465400,411.7900085449219,1,TSLA,0.024038873016714035,0.020239505434396232,0.05297487745863472,390.61200561523435,383.0570007324219,0.11897715809345222,0.015963488959808186,0.0,0.0002614706754684,0.5,0.5,0.0,4.0,30.0,13.0
2026-05-07,407.4800109863281,415.8299865722656,402.1199951171875,411.7900085449219,64294200,428.3500061035156,1,TSLA,0.03275398690529352,0.04911976331714274,0.09512797344917057,396.6440063476563,386.8640014648438,0.20253846412820264,0.016980571820775392,0.0,0.0002614706754684,0.5,0.5,0.0,4.0,31.0,14.0
2026-05-08,416.4800109863281,431.2000122070313,416.3900146484375,428.3500061035156,65050000,445.0,1,TSLA,0.040214665764012114,0.10011046427600667,0.1490075647250182,404.15000610351564,392.0690032958984,0.011755337184380599,0.016570027941849554,0.0,0.0002614706754684,0.5,0.5,0.0,4.0,32.0,15.0
2026-05-11,422.1600036621094,449.1600036621094,416.7999877929688,445.0,78376100,433.4500122070313,0,TSLA,0.038870068073398656,0.1160434071647003,0.16605087206559288,414.64800415039065,398.702001953125,0.20485933897002306,0.01803786021252225,0.0,0.0002614706754684,0.5,0.5,0.0,4.0,35.0,13.0
2026-05-12,441.4100036621094,447.7999877929688,422.260009765625,433.4500122070313,60569300,445.2699890136719,1,TSLA,-0.02595502874824429,0.05259963382464283,0.10907835853819847,423.46400756835936,404.44500427246095,-0.2271968112728242,0.025568603997457365,0.0,0.0002614706754684,0.5,0.5,0.0,4.0,29.0,14.0
2026-05-13,436.6700134277344,453.3999938964844,430.2099914550781,445.2699890136719,68283200,443.2999877929688,0,TSLA,0.027269526989873283,0.039500368084662396,0.13441690131558892,432.7720031738281,411.69200439453124,0.12735659814460454,0.025415557768486734,0.0,0.0002614706754684,0.5,0.5,0.0,4.0,30.0,15.0
2026-05-14,446.489990234375,451.9800109863281,441.1600036621094,443.2999877929688,46070400,422.239990234375,0,TSLA,-0.004424284747029272,-0.0038202521506318643,0.13850577433309974,439.0739990234375,417.8590026855469,-0.32530402793073554,0.024824293028425554,0.0,0.0002614706754684,0.5,0.5,0.0,4.0,31.0,16.0
2026-05-15,433.9800109863281,434.6600036621094,422.0,422.239990234375,52688700,409.989990234375,0,TSLA,-0.04750732717915007,-0.025862317815097846,0.05896215133114979,437.85199584960935,421.0010009765625,0.14365623046468023,0.03502212516123152,0.0,0.0002614706754684,0.5,0.5,0.0,4.0,32.0,12.0
2026-05-18,419.2699890136719,421.1300048828125,405.3299865722656,409.989990234375,52474200,404.1099853515625,0,TSLA,-0.029011937010514632,-0.07923282424096545,-0.004371204432344844,430.84999389648436,422.7489990234375,-0.004071081655079745,0.035738780870394615,0.0,0.0002614706754684,0.5,0.5,0.0,4.0,35.0,15.0
2026-05-19,403.1600036621094,405.6300048828125,393.6300048828125,404.1099853515625,46500600,417.260009765625,1,TSLA,-0.014341825466156255,-0.08840515118558712,-0.056589285412768864,424.98198852539065,424.222998046875,-0.11383880078209863,0.031140395131424102,0.0,0.0002614706754684,0.5,0.5,0.0,4.0,29.0,16.0
2026-05-20,407.6000061035156,417.4599914550781,406.3900146484375,417.260009765625,45294700,417.8500061035156,1,TSLA,0.0325407064678751,-0.011794194259017843,-0.062337056706460725,419.37999267578124,426.0759979248047,-0.025932998713995126,0.029611354714306974,0.0,0.0002614706754684,0.5,0.5,0.0,4.0,30.0,12.0
2026-05-21,422.1799926757813,426.9500122070313,412.8999938964844,417.8500061035156,42636900,426.010009765625,1,TSLA,0.0014139776735901943,0.01917123846035218,-0.03599032336874075,414.2899963378906,426.68199768066404,-0.0586779468679558,0.02875959938732372,0.0,0.0002614706754684,0.5,0.5,0.0,4.0,31.0,13.0
2026-05-22,422.6700134277344,431.510009765625,420.510009765625,426.010009765625,46104700,433.5899963378906,1,TSLA,0.019528547428303344,0.054193227606118555,-0.04325460894121813,415.04400024414065,426.447998046875,0.08133330518869797,0.02743638292028636,0.0,0.0002614706754684,0.5,0.5,0.0,4.0,32.0,14.0
2026-05-26,430.260009765625,435.2000122070313,426.1199951171875,433.5899963378906,45658900,440.3599853515625,1,TSLA,0.017792977626126305,0.03913623685490064,-0.021903883876516095,419.7640014648438,425.30699768066404,-0.009669296188891785,0.028891701077849257,0.0,0.0002614706754684,0.5,0.5,0.0,4.0,29.0,13.0
2026-05-27,442.8900146484375,445.6000061035156,435.5199890136719,440.3599853515625,44656500,442.1000061035156,1,TSLA,0.015613803526030035,0.05387095589145541,0.04291397199760616,427.0140014648438,425.9979949951172,-0.021954098762782315,0.021522276366773292,0.0,0.0002614706754684,0.5,0.5,0.0,4.0,30.0,14.0
2026-05-28,437.6199951171875,443.9599914550781,436.2999877929688,442.1000061035156,32435000,435.7900085449219,0,TSLA,0.003951359818862743,0.03776905699174238,0.07831902396149859,431.98200073242185,425.6809967041016,-0.2736779640141973,0.015209193358852385,0.0,0.0002614706754684,0.5,0.5,0.0,4.0,31.0,15.0
2026-05-29,439.8500061035156,441.0700073242188,428.1400146484375,435.7900085449219,45176800,415.8800048828125,0,TSLA,-0.014272783242432974,0.0050739459526571995,0.07839455678334395,435.57000122070315,424.92999877929685,0.3928410667488824,0.015190084604534476,0.0,0.0002614706754684,0.5,0.5,0.0,4.0,32.0,16.0
2026-06-01,427.489990234375,429.6000061035156,415.4299926757813,415.8800048828125,44937900,423.739990234375,1,TSLA,-0.045687150397476395,-0.05559083768523232,-0.0033073020431256817,433.54400024414065,424.29400024414065,-0.005288112482513152,0.023273706188108177,0.0,0.0002614706754684,0.5,0.5,0.0,4.0,35.0,14.0
2026-06-02,418.2200012207031,424.4200134277344,413.6499938964844,423.739990234375,37596000,423.7000122070313,0,TSLA,0.018899647156100485,-0.0415291011437845,0.01409592926845682,431.5739990234375,425.66900024414065,-0.16337879607191252,0.02439194161832253,0.0,0.0002614706754684,0.5,0.5,0.0,4.0,29.0,15.0
2026-06-03,418.7000122070313,433.6000061035156,416.0,423.7000122070313,44500700,418.4500122070313,0,TSLA,-9.434565598021027e-05,-0.02774271117013072,-0.005422402069530152,428.24200439453125,427.6280029296875,0.183655176082562,0.02317386719673974,0.0,0.0002614706754684,0.5,0.5,0.0,4.0,30.0,16.0
2026-06-04,419.8399963378906,426.3500061035156,417.1600036621094,418.4500122070313,35323300,391.0,0,TSLA,-0.012390842220308285,0.006179684750516001,-0.03491774316458385,423.5120056152344,427.74700317382815,-0.20623046379045717,0.021970506914393412,0.0,0.0002614706754684,0.5,0.5,0.0,4.0,31.0,12.0
2026-06-05,420.5,424.6799926757813,388.5899963378906,391.0,63420200,408.9500122070313,1,TSLA,-0.06559926253138737,-0.07726433895527818,-0.11209007855733266,414.55400390625,425.06200256347654,0.7954211526103168,0.029509880272485002,0.0,0.0002614706754684,0.5,0.5,0.0,4.0,32.0,13.0
2026-06-08,396.3299865722656,412.9400024414063,394.7200012207031,408.9500122070313,50328800,396.6799926757813,0,TSLA,0.045907959608775695,-0.034812366238008874,-0.07498302067139628,413.1680053710937,423.3560028076172,-0.20642319008770071,0.03751963567413956,0.0,0.0002614706754684,0.5,0.5,0.0,4.0,35.0,16.0
2026-06-09,411.0299987792969,418.5,384.239990234375,396.6799926757813,59940200,381.5899963378906,0,TSLA,-0.03000371479396924,-0.052025376738378815,-0.08974509534930986,407.756005859375,419.6650024414063,0.19097216702961317,0.038249903460275195,0.0,0.0002614706754684,0.5,0.5,0.0,4.0,29.0,12.0
2026-06-10,391.5400085449219,397.0899963378906,380.1499938964844,381.5899963378906,49695600,399.1499938964844,1,TSLA,-0.038040729596927725,-0.024066505529691473,-0.08245168832914718,399.3340026855469,413.7880035400391,-0.17091367729837403,0.03724720696584922,0.0,0.0002614706754684,0.5,0.5,0.0,4.0,30.0,13.0
2026-06-11,388.2799987792969,399.5400085449219,380.6600036621094,399.1499938964844,45324300,406.4299926757813,1,TSLA,0.046017971453959916,-0.02396385381591737,-0.05803086068012986,395.4739990234375,409.4930023193359,-0.08796150967087635,0.04205078442512879,0.0,0.0002614706754684,0.5,0.5,0.0,4.0,31.0,14.0
2026-06-12,399.489990234375,406.6799926757813,386.760009765625,406.4299926757813,63514500,411.1499938964844,1,TSLA,0.018238754580026217,0.024579006201527642,-0.0407600166006401,398.55999755859375,406.5570007324219,0.40133438354260287,0.04316278512109952,0.0,0.0002614706754684,0.5,0.5,0.0,4.0,32.0,15.0
2026-06-15,412.3699951171875,416.0,407.1000061035156,411.1499938964844,45620500,404.6600036621094,0,TSLA,0.011613319158924273,0.0774653367286362,-0.017445377219717173,398.9999938964844,406.0839996337891,-0.2817309433279015,0.04344188743176112,0.0,0.0002614706754684,0.5,0.5,0.0,4.0,35.0,13.0
2026-06-16,404.1099853515625,412.4200134277344,400.5400085449219,404.6600036621094,40255500,396.3800048828125,0,TSLA,-0.015784969793794956,0.013804358887335999,0.034936070747082715,400.59599609375,404.17600097656253,-0.11760064006312954,0.034359552652696,0.0,0.0002614706754684,0.5,0.5,0.0,4.0,29.0,14.0
2026-06-17,401.5299987792969,405.9400024414063,393.760009765625,396.3800048828125,43534300,400.489990234375,1,TSLA,-0.02046161890071707,-0.024727475762316375,-0.03073727093534162,403.5539978027344,401.4440002441407,0.0814497397871099,0.030235037496702147,0.0,0.0002614706754684,0.5,0.5,0.0,4.0,30.0,15.0
2026-06-18,398.1000061035156,402.5199890136719,384.7000122070313,400.489990234375,58384700,405.0499877929688,1,TSLA,0.010368800900483421,-0.025927286441340125,0.009604713191844194,403.8219970703125,399.64799804687505,0.3411195310364472,0.028246597828280547,0.0,0.0002614706754684,0.5,0.5,0.0,4.0,31.0,16.0
2026-06-22,394.8500061035156,414.75,394.3999938964844,405.0499877929688,47819500,381.6099853515625,0,TSLA,0.011386046267786165,0.0009637328308460535,0.06147957671905213,403.54599609375,401.0529968261719,-0.18095836751751748,0.022181024482476084,0.0,0.0002614706754684,0.5,0.5,0.0,4.0,35.0,15.0
2026-06-23,392.6099853515625,392.8699951171875,379.05999755859375,381.6099853515625,50420200,375.5299987792969,0,TSLA,-0.05786940661108497,-0.037262271934268454,-0.04394340176157108,397.63799438476565,398.318994140625,0.054385763130103904,0.02727404400408091,0.0,0.0002614706754684,0.5,0.5,0.0,4.0,29.0,16.0
2026-06-24,380.0799865722656,384.5799865722656,373.0499877929688,375.5299987792969,37081400,375.1199951171875,0,TSLA,-0.0159324619523894,-0.06232363370797611,-0.07602783862738716,391.81199340820314,396.20399475097656,-0.26455269911662394,0.02517471266292156,0.0,0.0002614706754684,0.5,0.5,0.0,4.0,30.0,12.0
2026-06-25,375.2699890136719,379.1199951171875,371.2200012207031,375.1199951171875,30138800,379.7099914550781,1,TSLA,-0.00109180002514353,-0.07389209622956283,-0.08763224933518587,387.55999145507815,395.55699462890624,-0.1872259407681479,0.023690742624107773,0.0,0.0002614706754684,0.5,0.5,0.0,4.0,31.0,13.0
2026-06-26,370.1499938964844,387.7999877929688,368.6000061035156,379.7099914550781,53434100,411.8399963378906,1,TSLA,0.01223607484974698,-0.004978889361959449,-0.06165672905955011,383.40399169921875,393.6129943847656,0.7729338925239226,0.02540182501950238,0.0,0.0002614706754684,0.5,0.5,0.0,4.0,32.0,14.0
2026-06-29,381.7900085449219,413.2699890136719,379.2999877929688,411.8399963378906,57645800,420.6000061035156,1,TSLA,0.08461722263269356,0.09669000526355687,0.039002954903461395,384.7619934082031,394.15399475097655,0.07882045360546908,0.042579063589885176,0.0,0.0002614706754684,0.5,0.5,0.0,4.0,35.0,12.0
2026-06-30,406.0,424.5400085449219,406.0,420.6000061035156,43385600,425.2999877929688,1,TSLA,0.02127042017171621,0.12124123368075912,0.050213529325344286,392.55999755859375,395.0989959716797,-0.24737621821537736,0.0429527670551478,0.0,0.0002614706754684,0.5,0.5,0.0,4.0,29.0,13.0
2026-07-01,421.4599914550781,432.8599853515625,418.0899963378906,425.2999877929688,40127900,393.4500122070313,0,TSLA,0.011174468904540324,0.12006530605946475,0.04999382942914754,402.51399536132817,397.1629943847656,-0.07508712568225406,0.04294989925617265,0.0,0.0002614706754684,0.5,0.5,0.0,4.0,30.0,14.0
2026-07-02,428.010009765625,432.3500061035156,389.2999877929688,393.4500122070313,73717700,419.7699890136719,1,TSLA,-0.07488825887632455,-0.044653225268027175,0.031026512172004805,406.17999877929685,396.8699951171875,0.8370684735558054,0.04752317399219108,0.0,0.0002614706754684,0.5,0.5,0.0,4.0,31.0,15.0
2026-07-06,397.5,420.0,390.5,419.7699890136719,54727900,402.8999938964844,0,TSLA,0.06689535135353131,-0.0019734119776485537,0.11780680738737814,414.19199829101564,398.79799499511716,-0.2576016343429054,0.0514895752441411,0.0,0.0002614706754684,0.5,0.5,0.0,4.0,35.0,14.0
2026-07-07,416.9599914550781,419.55999755859375,401.8800048828125,402.8999938964844,38149900,394.05999755859375,0,TSLA,-0.04018866417017264,-0.05266869160454457,0.07405629969316463,412.40399780273435,398.58299560546874,-0.30291679381083503,0.055745668057736,0.0,0.0002614706754684,0.5,0.5,0.0,4.0,29.0,15.0
2026-07-08,399.3800048828125,399.6300048828125,390.510009765625,394.05999755859375,33844900,406.5499877929688,1,TSLA,-0.021940919513048773,0.0015503503180511746,0.03779201608186633,407.09599609375,399.8279968261719,-0.11284433248842063,0.057158237644509245,0.0,0.0002614706754684,0.5,0.5,0.0,4.0,30.0,16.0
2026-07-09,393.989990234375,407.8599853515625,390.8599853515625,406.5499877929688,37835000,407.760009765625,1,TSLA,0.03169565627507742,-0.03149344061438486,-0.012844814957170159,403.34599609375,402.92999572753905,0.11789368560698943,0.047882798285056344,0.0,0.0002614706754684,0.5,0.5,0.0,4.0,31.0,12.0
2026-07-10,410.489990234375,413.1600036621094,402.80999755859375,407.760009765625,33410000,394.760009765625,0,TSLA,0.002976317818197405,0.012062586107631779,-0.030527808253836608,406.20799560546874,406.1939971923828,-0.11695520021144445,0.04696439143026267,0.0,0.0002614706754684,0.5,0.5,0.0,4.0,32.0,13.0
2026-07-13,404.6099853515625,405.5700073242188,391.3699951171875,394.760009765625,32809200,396.1799926757813,1,TSLA,-0.03188149815738972,0.001776410220190261,-0.0718080858309601,401.20599975585935,407.6989990234375,-0.01798263992816518,0.04754299433743771,0.0,0.0002614706754684,0.5,0.5,0.0,4.0,35.0,16.0
2026-07-14,399.0499877929688,402.2200012207031,394.760009765625,396.1799926757813,23385000,394.4599914550781,0,TSLA,0.0035970789214423426,-0.025507306428621312,0.006938570044607184,399.86199951171875,406.13299865722655,-0.2872426026846129,0.03785188626347686,0.0,0.0002614706754684,0.5,0.5,0.0,4.0,29.0,12.0
2026-07-15,399.3999938964844,406.5899963378906,390.6600036621094,394.4599914550781,31549800,391.05999755859375,0,TSLA,-0.004341464113536864,-0.03261726994315006,-0.06029491917243612,399.94199829101564,403.5189971923828,0.34914688903143043,0.02463907792448614,0.0,0.0002614706754684,0.5,0.5,0.0,4.0,30.0,13.0
2026-07-16,392.3500061035156,395.30999755859375,385.3200073242188,391.05999755859375,29269100,380.8399963378906,0,TSLA,-0.00861936310433542,-0.00937281415416924,-0.029386936007084308,396.8440002441406,400.0949981689453,-0.07228888931150124,0.02041746136106391,0.0,0.0002614706754684,0.5,0.5,0.0,4.0,31.0,14.0
2026-07-17,381.7799987792969,385.6900024414063,377.2200012207031,380.8399963378906,31394600,369.5700073242188,0,TSLA,-0.02613410035418373,-0.03871976531244059,-0.033548193936476456,391.4599975585937,398.83399658203126,0.07261924691910582,0.021079809945435013,0.0,0.0002614706754684,0.5,0.5,0.0,4.0,32.0,15.0
2026-07-20,386.0499877929688,386.6099853515625,369.4299926757813,369.5700073242188,33901500,378.9299926757813,1,TSLA,-0.029592451218471316,-0.06309888117942075,-0.09096047615079905,386.42199707031256,393.8139984130859,0.07985131200907158,0.015426757826274175,0.0,0.0002614706754684,0.5,0.5,0.0,4.0,35.0,13.0
2026-07-21,371.1700134277344,384.0700073242188,369.9800109863281,378.9299926757813,32735300,374.010009765625,0,TSLA,0.025326690927467865,-0.031018270747559584,-0.07070339513287438,382.9719970703125,391.4169982910156,-0.0343996578322493,0.020774052360887686,0.0,0.0002614706754684,0.5,0.5,0.0,4.0,29.0,14.0
2026-07-22,375.5299987792969,380.1700134277344,372.8999938964844,374.010009765625,30646100,319.69000244140625,0,TSLA,-0.012983883580748756,-0.017934005456207158,-0.05256358163614294,378.8820007324219,389.41199951171876,-0.06382101279047392,0.0186070615903163,0.0,0.0002614706754684,0.5,0.5,0.0,4.0,30.0,15.0
2026-07-23,341.0,342.1099853515625,315.739990234375,319.69000244140625,115606400,313.0299987792969,0,TSLA,-0.14523677416617442,-0.13496767566166024,-0.19306878602769717,364.6080017089844,380.7260009765625,2.7723038167988747,0.05439145708187462,0.0,0.0002614706754684,0.5,0.5,0.0,4.0,31.0,16.0
2026-07-24,320.7200012207031,322.9599914550781,306.510009765625,313.0299987792969,62760000,309.2200012207031,0,TSLA,-0.020832692956452514,-0.17391073594132078,-0.20643409836167037,351.04600219726564,371.2529998779297,-0.4571234810529521,0.05350557292117034,0.0,0.0002614706754684,0.5,0.5,0.0,4.0,32.0,12.0
2026-07-27,313.239990234375,317.0,304.2799987792969,309.2200012207031,44919400,307.44000244140625,0,TSLA,-0.012171349626078465,-0.17323068060537417,-0.20927734068639503,338.9760009765625,362.6989990234375,-0.28426704907584444,0.05327258877769169,0.0,0.0002614706754684,0.5,0.5,0.0,4.0,35.0,15.0
2026-07-28,305.92999267578125,311.1600036621094,300.69000244140625,307.44000244140625,39802400,298.32000732421875,0,TSLA,-0.005756415407379811,-0.03831837062920107,-0.19273184172431845,324.6780029296875,353.825,-0.11391514579446738,0.0541740675021627,0.0,0.0002614706754684,0.5,0.5,0.0,4.0,29.0,16.0
2026-07-29,307.1400146484375,309.0599975585937,297.3800048828125,298.32000732421875,39478000,308.8500061035156,1,TSLA,-0.029664308628561287,-0.04699227394320593,-0.19279161887586127,309.5400024414063,344.21100158691405,-0.008150262295741006,0.05417426064882703,0.0,0.0002614706754684,0.5,0.5,0.0,4.0,30.0,12.0
2026-07-30,302.70001220703125,310.8699951171875,301.3299865722656,308.8500061035156,38005400,311.2099914550781,1,TSLA,0.03529766197629747,-0.0011965432886840155,-0.18494177797170908,307.37200317382815,335.99000244140626,-0.037301788337808395,0.05593584199839495,0.0,0.0002614706754684,0.5,0.5,0.0,4.0,31.0,13.0
2026-07-31,309.69000244140625,315.5,301.9700012207031,311.2099914550781,36630600,322.0799865722656,1,TSLA,0.007641202217659959,0.012262519463095423,-0.1679099935049888,307.00800170898435,329.027001953125,-0.03617380688007499,0.057343317516887815,0.0,0.0002614706754684,0.5,0.5,0.0,4.0,32.0,14.0
2026-08-03,310.9599914550781,324.6499938964844,310.42999267578125,322.0799865722656,38281400,327.3500061035156,1,TSLA,0.03492816881091865,0.07964594618095511,0.007475942671361535,309.5799987792969,324.2779998779297,0.04506614688266097,0.025841838277334772,0.0,0.0002614706754684,0.5,0.5,0.0,4.0,35.0,12.0
2026-08-04,324.0,329.57000732421875,320.7900085449219,327.3500061035156,33318300,321.54998779296875,0,TSLA,0.01636245575931672,0.05989962646722269,0.04574643765792907,313.56199951171874,319.1200012207031,-0.12964781852283358,0.02429865535123715,0.0,0.0002614706754684,0.5,0.5,0.0,4.0,29.0,13.0
2026-08-05,323.4200134277344,327.1400146484375,320.2799987792969,321.54998779296875,27820800,319.5299987792969,0,TSLA,-0.01771809440172356,0.033225142578313216,0.03987447941139233,318.20799560546874,313.8739990234375,-0.16499941473604596,0.025092668489578248,0.0,0.0002614706754684,0.5,0.5,0.0,4.0,30.0,14.0
2026-08-06,317.04998779296875,323.0,315.5199890136719,319.5299987792969,26033800,328.5799865722656,1,TSLA,-0.006282037289245479,-0.007917250059859327,0.03932473406805537,320.343994140625,313.8579986572266,-0.06423251667816887,0.025134011415318114,0.0,0.0002614706754684,0.5,0.5,0.0,4.0,31.0,15.0
2026-08-07,322.3399963378906,333.7300109863281,321.25,328.5799865722656,39492300,330.8800048828125,1,TSLA,0.02832281108985857,0.003757386423756559,0.10143462893911726,323.8179931640625,315.4129974365234,0.5169625640513487,0.020656282631088232,0.0,0.0002614706754684,0.5,0.5,0.0,4.0,32.0,16.0
2026-08-10,326.6000061035156,332.04998779296875,326.1499938964844,330.8800048828125,25003800,332.8099975585937,1,TSLA,0.006999873408422008,0.029015759427896137,0.07132911880828385,325.5779968261719,317.57899780273436,-0.3668689845868688,0.018464257308578487,0.0,0.0002614706754684,0.5,0.5,0.0,4.0,35.0,14.0
2026-08-11,332.79998779296875,336.20001220703125,329.5299987792969,332.8099975585937,23345200,327.510009765625,0,TSLA,0.005832908145854132,0.041561039120052934,0.06940653159149446,326.6699951171875,320.1159973144531,-0.06633391724457882,0.018515929220531555,0.0,0.0002614706754684,0.5,0.5,0.0,4.0,29.0,15.0
2026-08-12,335.0,335.5,323.6400146484375,327.510009765625,28698900,339.9599914550781,1,TSLA,-0.015924965691680004,-0.0032563663350363425,0.016859238138787758,327.86199951171875,323.0349975585938,0.22932765622055062,0.016910135207018576,0.0,0.0002614706754684,0.5,0.5,0.0,4.0,30.0,16.0
2026-08-13,327.20001220703125,341.6400146484375,325.239990234375,339.9599914550781,34708300,342.2699890136719,1,TSLA,0.0380140493976433,0.027441931933848585,0.038521414743994065,331.947998046875,326.14599609375,0.20939478516598187,0.021280863215496004,0.0,0.0002614706754684,0.5,0.5,0.0,4.0,31.0,12.0
2026-08-14,342.3299865722656,351.260009765625,335.3299865722656,342.2699890136719,45437100,339.29998779296875,0,TSLA,0.006794910038403712,0.02842460119730239,0.0644378852660501,334.6859985351563,329.2519958496094,0.3091133821016876,0.018658296123037994,0.0,0.0002614706754684,0.5,0.5,0.0,4.0,32.0,13.0
2026-08-17,340.69000244140625,345.45001220703125,337.4800109863281,339.29998779296875,26037100,336.8699951171875,0,TSLA,-0.008677363823985429,0.03599883263348502,0.06187209053672382,336.3699951171875,330.9739959716797,-0.42696386873281966,0.019006312146437384,0.0,0.0002614706754684,0.5,0.5,0.0,4.0,35.0,16.0
2026-08-18,333.2200012207031,340.5299987792969,331.1199951171875,336.8699951171875,27994500,351.1199951171875,1,TSLA,-0.00716178238492593,-0.009089294080356303,0.02522980365116867,337.18199462890624,331.9259948730469,0.0751773430988858,0.017601077498240036,0.0,0.0002614706754684,0.5,0.5,0.0,4.0,29.0,12.0
2026-08-19,338.8900146484375,351.6199951171875,335.70001220703125,351.1199951171875,36735400,345.1300048828125,0,TSLA,0.04230118504630487,0.025856798397717817,0.06117018234916727,341.90399169921875,334.88299560546875,0.3122363321366697,0.02294976196630759,0.0,0.0002614706754684,0.5,0.5,0.0,4.0,30.0,13.0
2026-08-20,346.20001220703125,347.5,338.9599914550781,345.1300048828125,30766400,362.8599853515625,1,TSLA,-0.01705966711572726,0.017182485409934722,0.0370181407247232,342.9379943847656,337.4429962158203,-0.16248632109627226,0.024974810691694934,0.0,0.0002614706754684,0.5,0.5,0.0,4.0,31.0,14.0
2026-08-21,349.8800048828125,366.5,346.8999938964844,362.8599853515625,59224000,348.95001220703125,0,TSLA,0.05137188948486271,0.07715139552673378,0.10793555779023323,347.0559936523438,340.87099609375,0.9249570960528368,0.028121091846858997,0.0,0.0002614706754684,0.5,0.5,0.0,4.0,32.0,15.0
2026-08-24,361.4100036621094,363.239990234375,348.260009765625,348.95001220703125,39190500,350.25,1,TSLA,-0.03833427136104406,-0.006180174699056962,0.02644434927026129,348.9859985351562,342.67799682617186,-0.3382665811157639,0.032248181880816705,0.0,0.0002614706754684,0.5,0.5,0.0,4.0,35.0,13.0
2026-08-25,349.5799865722656,357.0,349.20001220703125,350.25,29816700,345.82000732421875,0,TSLA,0.003725426988085312,0.014834975356390556,0.023314959658965018,351.66199951171876,344.4219970703125,-0.23918551689822787,0.03222750459948298,0.0,0.0002614706754684,0.5,0.5,0.0,4.0,29.0,14.0
2026-08-26,345.2699890136719,351.92999267578125,342.5299987792969,345.82000732421875,28573000,354.8099975585937,1,TSLA,-0.012648087582530332,-0.04696020149709901,0.019216091263841495,350.602001953125,346.25299682617185,-0.04171152407878809,0.032516103405015595,0.0,0.0002614706754684,0.5,0.5,0.0,4.0,30.0,15.0
2026-08-27,346.1600036621094,355.739990234375,345.45001220703125,354.8099975585937,30136200,348.75,0,TSLA,0.025996154195747634,0.016793194287340274,0.05325497284246228,352.5380004882812,347.7379974365234,0.054708991005494756,0.033168662175058296,0.0,0.0002614706754684,0.5,0.5,0.0,4.0,31.0,16.0
2026-08-28,357.1000061035156,358.79998779296875,345.20001220703125,348.75,32972200,367.9500122070313,1,TSLA,-0.017079556946793528,-0.004282655246252709,-0.006749815305723383,349.71600341796875,348.38599853515626,0.09410609167711925,0.030382741539568568,0.0,0.0002614706754684,0.5,0.5,0.0,4.0,32.0,12.0
2026-08-31,347.2099914550781,368.9200134277344,347.1499938964844,367.9500122070313,61732300,356.0899963378906,0,TSLA,0.05505379844310054,0.06399284140337458,0.06612003303499292,353.51600341796876,351.2510009765625,0.8722529888815427,0.03563388269792709,0.0,0.0002614706754684,0.5,0.5,0.0,4.0,35.0,15.0
2026-09-01,360.8999938964844,362.7000122070313,352.9599914550781,356.0899963378906,36115700,352.19000244140625,0,TSLA,-0.03223268236356924,0.0036075611964274668,-0.018657303882963716,354.6840026855469,353.1730010986328,-0.4149626694615298,0.033282479194400263,0.0,0.0002614706754684,0.5,0.5,0.0,4.0,29.0,16.0
